Mission name,Organisation,Nation,Type (U/mass),Launch date,Status,Mission description,Photo
Mission name,Organisation,Nation,Type (U/mass),Launch date,Status,Mission description,Photo
TUBSAT-N,Technical University of Berlin,Germany,8.5 kg,1998-07-07,"Reentered, Was operational",Store and forward communication.,
TUBSAT-N1,Technical University of Berlin,Germany,3 kg,1998-07-07,"Reentered, Was operational",Store and forward communication.,
"Artemis JAK (MASat, Picosat 5)",Santa Clara University,US,0.2 kg,2000-01-27,No signal,Simple beacon transmitter.,
"Artemis Louise (Lightning, Picosat 8)",Santa Clara University,US,0.895 kg,2000-01-27,No signal,Research the effects of lightning on the outer ionosphere.,
"Artemis Thelma (Thunder, Picosat 7)",Santa Clara University,US,0.6 kg,2000-01-27,No signal,Research the effects of lightning on the outer ionosphere.,
ASUSat 1 (Arizona State University Satellite),Arizona State University,US,6 kg,2000-01-27,Was operational,Educational space systems engineering and Earth imaging.,
"MEMS 1A (Pico 21, PICOSAT-1, OPAL PICOSATS)",DARPA,US,0.275 kg,2000-01-27,Was operational,Demonstrate the basic functional elements of a low-power LEO “swarm” or formation PICOSAT array.,
"MEMS 1B (Pico 23, Picosat 1, OPAL PICOSATS)",DARPA,US,0.275 kg,2000-01-27,Was operational,Demonstrate the basic functional elements of a low-power LEO “swarm” or formation PICOSAT array.,
StenSat (Picosat 6),Stensat Group,US,0.2 kg,2000-01-27,No signal,Voice repeater for amateur radio operators.,
SNAP-1 (Surrey Nanosatellite Applications Platform),Surrey Satellite Technology,UK,6.5 kg,2000-06-28,Was operational,"SNAP-1 nanosatellite, weighing 6.3kg, had a number of firsts, including what we believe to be the first nanosat with propulsion.",
"MEMS 2A (Pico 20, PICOSAT 7, OPAL, MIGHTYSAT II.1 PICOSATS)",DARPA,US,0.275 kg,2000-07-19,"Reentered, Was operational",Demonstrate the basic functional elements of a low-power LEO “swarm” or formation PICOSAT array.,
"MEMS 2B (Pico 22, PICOSAT 8, OPAL, MIGHTYSAT II.1 PICOSATS)",DARPA,US,0.275 kg,2000-07-19,"Reentered, Was operational",Demonstrate the basic functional elements of a low-power LEO “swarm” or formation PICOSAT array.,
Munin,Swedish Institute of Space Physics,Sweden,6 kg,2000-11-21,Was operational,Collect data on auroral activity to predict space weather.,
MEPSI 1A (MEMS-based PicoSat Inspector),DARPA,US,0.8 kg,2002-11-23,"Reentered, Was semi-operational",Demonstrate technologies for miniature autonomous inspector.,
MEPSI 1B (MEMS-based PicoSat Inspector),DARPA,US,0.8 kg,2002-11-23,"Reentered, Was semi-operational",Demonstrate technologies for miniature autonomous inspector.,
"AAUSAT 1 (AAU-CubeSat, AAU CubeSat)",Aalborg University,Denmark,1U,2003-03-30,Was operational,Educational space systems engineering with ADCS and imaging.,
CanX-1,Space Flight Laboratory,Canada,1U,2003-03-30,No signal,Demonstrate novel technologies for ADCS.,
CUTE-I (Cubical Tokyo Tech Engineering Satellite-I),Tokyo Institute of Technology,Japan,1U,2003-03-30,Operational,Communication and solar panel deployment.,
DTUSat-1,Technical University of Denmark,Denmark,1U,2003-03-30,No signal,Tether deployment to test deorbiting method.,
QuakeSat,Stanford University,US,3U,2003-03-30,Was operational,Detecting earthquake ELF emission data. First 3U CubeSat.,
XI-IV,University of Tokyo,Japan,1U,2003-03-30,Operational,Demonstrate CubeSat platform technologies and COTS camera.,
UNOSAT 1 (Undergraduate Orbital Student Satellite),Universidade Norte do Paraná,Brazil,8.83 kg,2003-08-22,Launch failure,Simple beacon transmitter of telemetry packets.,
"TNS-0 (TEKh-42, Technologicesky Nanosputnik)",Moscow Russian Scientific Research Institute,Russia,4.5 kg,2005-02-28,"Reentered, Was operational",Testing Globalstar constellation to operate satellite.,
nCube-2,Norwegian University of Science and Technology (NTNU),Norway,1U,2005-10-27,"Deployment failure, On spacecraft",Educational space systems engineering and AIS receiver.,
UWE-1,University of Würzburg,Germany,1U,2005-10-27,Was operational,Demonstrate CubeSat platform technologies and solar cells.,
"XI-V (Cubesat-OSCAR-58, Cubesat XI-V)",University of Tokyo,Japan,1U,2005-10-27,Was operational,Demonstrate CubeSat platform technologies and COTS camera.,
CUTE-1.7+APD,Tokyo Institute of Technology,Japan,2U,2006-02-21,"Reentered, Was operational",Demonstration of PDA (Personal Digital Assistant) as an onboard computer and other experiments.,
AeroCube-1,Aerospace Corporation,US,1U,2006-07-26,Launch failure,Demonstrate CubeSat platform technologies and CMOS camera.,
CP1,California Polytechnic State University (Cal Poly),US,1U,2006-07-26,Launch failure,Demonstrate CubeSat platform technologies with focus on sun sensor and magnetorquers.,
CP2,California Polytechnic State University (Cal Poly),US,1U,2006-07-26,Launch failure,Demonstrate CubeSat platform technologies and energy dissipation experiment.,
"HAUSat-1 (Hannuri-1, Hankuk Aviation University SATellite-1)",Korea Aerospace University,South Korea,1U,2006-07-26,Launch failure,Demonstrate CubeSat platform technologies with focus on ADCS.,
ICECube 1 (Ionospheric sCintillation Experimental CubeSat),Cornell University,US,1U,2006-07-26,Launch failure,Educational space systems engineering and GPS scintillation experiment.,
ICECube 2 (Ionospheric sCintillation Experimental CubeSat),Cornell University,US,1U,2006-07-26,Launch failure,Educational space systems engineering and GPS scintillation experiment.,
ION,University of Illinois Urbana-Champaign,US,2U,2006-07-26,Launch failure,Measuring oxygen airglow emissions and testing thruster module.,
KUTESat,University of Kansas,US,1U,2006-07-26,Launch failure,Educational space systems engineering and taking photos.,
"Mea Huaka'i (Mea Huaka, Voyager)",University of Hawai’i at Mānoa,US,1U,2006-07-26,Launch failure,Demonstrate CubeSat bus and test active antenna for high speed communication.,
MEROPE (Montana Earth-Orbiting Pico-Explorer),Montana State University,US,1U,2006-07-26,Launch failure,Measure the radiation of the Van Allen radiation belts.,
nCube-1,Norwegian University of Science and Technology (NTNU),Norway,1U,2006-07-26,Launch failure,Educational space systems engineering and AIS receiver.,
PicPoT (Small Satellite of Politecnico di Torino),Politecnico di Torino,Italy,2.5 kg,2006-07-26,Launch failure,Educational space systems engineering and taking photos.,
RinCon 1,University of Arizona,US,1U,2006-07-26,Launch failure,Independent low-power beacon system in analog form.,
SACRED (AlcatelSat),University of Arizona,US,1U,2006-07-26,Launch failure,Measure the total amount of radiation and test radiation effect on four commercial integrated circuits.,
SEEDS,Nihon University,Japan,1U,2006-07-26,Launch failure,Educational space systems engineering.,
HIT-Sat,Hokkaido Institute of Technology,Japan,2.7 kg,2006-09-22,"Reentered, Was operational",Demonstrate CubeSat platform technologies.,
RAFT1,US Naval Academy Satellite Lab,US,4 kg,2006-10-12,"Reentered, Operational",Calibrating of and tracking by Navy Space Surveillance (NSSS) radar fence.,
MARScom,US Naval Academy Satellite Lab,US,3 kg,2006-12-09,"Reentered, No signal",Educational space systems engineering with communications focus.,
MEPSI 2A (MEMS-based PicoSat Inspector),DARPA,US,1.1 kg,2006-12-09,"Reentered, Was operational",Demonstrate technologies for miniature autonomous inspector.,
MEPSI 2B (MEMS-based PicoSat Inspector),DARPA,US,1.4 kg,2006-12-09,"Reentered, Was operational",Demonstrate technologies for miniature autonomous inspector.,
GeneSat-1,NASA Ames Research Center,US,3U,2006-12-16,"Reentered, Operational","Perform experiment on E. Coli bacteria in space, first cubesat to carry a biological experiment.",
PehuenSat 1,National University of Comahue,Argentina,6 kg,2007-01-10,"Reentered, Was operational",Educational space systems engineering.,
AeroCube-2,Aerospace Corporation,US,1U,2007-04-17,Was operational,Demonstrate CubeSat platform technologies and CMOS camera.,
CAPE-1 (CAPE1),University of Louisiana at Lafayette,US,1U,2007-04-17,Was operational,Educational space systems engineering.,
CP3,California Polytechnic State University (Cal Poly),US,1U,2007-04-17,"Was operational, ?",Educational space systems engineering with focus on ADCS.,
CP4,California Polytechnic State University (Cal Poly),US,1U,2007-04-17,Was operational,Demonstrate CubeSat platform technologies and energy dissipation experiment. Backup model of CP2.,
CSTB-1 (CubeSat TestBed 1),Boeing,US,1U,2007-04-17,Was operational,Demonstrate CubeSat platform technologies.,
Libertad-1,Sergio Arboleda University,Colombia,1U,2007-04-17,Was operational,Educational space systems engineering and transmission of Colombian national anthem.,
MAST (Multi-Application Survivable Tether),Tethers Unlimited,US,3U,2007-04-17,Was semi-operational,3 tethered CubeSats with 1 km tether and middle one will crawl.,
"MEMS-Pico (ZDPS-1, Zheda Pixing, MEMS)",Zhejiang University,China,1 kg,2007-05-25,No signal,Educational space systems engineering.,
"AAUSAT2 (AAUSat-2, AAUSAT-II)",Aalborg University,Denmark,1U,2008-04-28,Operational,Education space systems engineering with focus on ADCS and gamma-ray experiment.,
CanX-2 (Canadian Advanced Nanospace eXperiments),Space Flight Laboratory,Canada,3U,2008-04-28,"Operational, ?, Unknown","ADCS technology demonstrations including propulsion module. Radio occultation experiment, atmospheric spectrometer and space materials experiment.",
"CanX-6 (NTS, Nanosatellite Tracking Ships)",Space Flight Laboratory,Canada,6.5 kg,2008-04-28,Was operational,AIS receiver to detect maritime vessels.,
Compass-1,Aachen University of Applied Sciences,Germany,1U,2008-04-28,Was operational,Demonstrate CubeSat platform technologies for educational purposes and GPS receiver. Camera to take photos.,
CUTE-1.7+APD-2 (CUTE1.7+APD-II),Tokyo Institute of Technology,Japan,3 kg,2008-04-28,Operational,Follow-on satellite to the Cute-1.7 + APD plus many improvements and camera.,
Delfi-C3,Delft University of Technology,Netherlands,3U,2008-04-28,"Reentered, Operational","Educational space systems engineering, transponder for radio amateurs and demonstrate thin-film solar cells and sun sensors.",
"SEEDS-2 (SEEDS-II, Space Engineering EDucation Satellite-2)",Nihon University,Japan,1U,2008-04-28,Operational,Demonstrate the reception of spacecraft parameter data.,
NanoSail-D,NASA Marshall Space Flight Center,US,3U,2008-08-03,Launch failure,Deploy solar sail for deorbiting.,
PreSat (PharmaSat Risk Evaluation Satellite),NASA Ames Research Center,US,3U,2008-08-03,Launch failure,Demonstrate CubeSat platform for space science laboratory experiments.,
"PSSC (PSSCT, PSSCT-1, Pico Satellite Solar Cell Testbed)",Aerospace Corporation,US,6.5 kg,2008-11-29,"Reentered, Was operational",Monitor accelerated radiation degradation of triple-junction solar cells in a high radiation environment.,
"KKS-1 (Kouku Kosen Satellite-1, KISEKI)",Tokyo Metropolitan College of Industrial Technology,Japan,3.17 kg,2009-01-23,Operational,Educational space systems engineering and demonstrate laser ignition thruster and reaction wheels.,
"PRISM (Picosatellite for Remote¿sensing and Innovative Space Missions, HITOMI)",University of Tokyo,Japan,8.5 kg,2009-01-23,"Reentered, Operational",Deployable telescope demonstration and COTS components.,
"STARS-1 Daughter (KUKAI, KAI, Space Tethered Autonomous Robotic Satellite 1)",Kagawa University,Japan,3.8 kg,2009-01-23,"Reentered, Was operational",Two satellite system connected with 5 meter tether.,
"STARS-1 Mother (STARS-C, KUKAI, KU, Space Tethered autonomous Robotic Satellite 1)",Kagawa University,Japan,4.2 kg,2009-01-23,"Reentered, Was operational",Two satellite system connected with 5 meter tether.,
AeroCube-3,Aerospace Corporation,US,1U,2009-05-19,"Reentered, Was semi-operational, Was operational",Tethered to the upper stage to image the launcher and ADCS sensor experiment.,
CP6 (Polysat),California Polytechnic State University (Cal Poly),US,1U,2009-05-19,"Reentered, Operational",Backup to CP3 with focus on ADCS and deployment of spring steel tapes.,
HawkSat I,Hawk Institute of Space Sciences,US,1U,2009-05-19,"Reentered, No signal",Demonstrate CubeSat platform technologies and materials experiment.,
PharmaSat 1 (GeneSat-2),NASA Ames Research Center,US,3U,2009-05-19,"Reentered, Was operational",Controlled environment micro-laboratory packed with sensors and optical systems.,
"AggieSat2 (Dragonsat 2, AggiSat-2)",Texas A&M University,US,3.2 kg,2009-07-15,"Reentered, Operational",Educational space systems engineering and GPS receiver testing.,
BEVO 1 (DragonSat 1),University of Texas at Austin,US,3.5 kg,2009-07-15,"Reentered, No signal, Deployment failure",Educational space systems engineering and GPS receiver testing.,
BEESAT-1,Technical University of Berlin,Germany,1U,2009-09-23,Operational,Demonstrate CubeSat platform technologies and verification of reaction wheels.,
ITUpSAT-1,ITU (Istanbul Technical University),Turkey,1U,2009-09-23,Operational,Educational space systems engineering and CMOS camera.,
SwissCube,Swiss Federal Institute of Technology in Lausanne (EFPL),Switzerland,1U,2009-09-23,Operational,Educational space systems engineering and camera to image nightglow phenomena.,
UWE-2,University of Würzburg,Germany,1U,2009-09-23,Was operational,Demonstrate CubeSat platform technologies with focus on ADCS.,
"KSat (Hayato, Kagoshima Satellite, K-Sat)",Kagoshima University,Japan,1U,2010-05-20,"Reentered, Was operational",Demonstrate atmospheric water vapour measurements and Ku-band transmitter.,
Negai (Negai-Star),Soka University,Japan,1U,2010-05-20,"Reentered, Operational",Commercial FPGA and camera.,
Waseda-SAT2,Waseda University,Japan,1U,2010-05-20,"Reentered, No signal",Demonstrate CubeSat platform technologies and paddles for attitude control.,
AISSat-1,Norwegian Space Centre,Norway,7 kg,2010-07-12,Was operational,Demonstrate space-based AIS detection.,
StudSat-1 (Student Satellite-1),Nitte Meenakshi Institute of Technology,India,1U,2010-07-12,Was semi-operational,Educational space systems engineering and CMOS camera.,
TISAT-1 (Ticino Satellite-1),University of Applied Sciences of Southern Switzerland (SUPSI),Switzerland,1U,2010-07-12,Operational,Materials experiment to monitor atomic oxygen effects.,
"ZDPS 1A 01 (Zheda Pixing, Pixing 1)",Zhejiang University,China,3.5 kg,2010-09-22,Was operational,"Demonstrate platform technologies with focus on camera, COTS components and ADCS.",
"ZDPS 1A 02 (Zheda Pixing, Pixing 1)",Zhejiang University,China,3.5 kg,2010-09-22,Was operational,"Demonstrate platform technologies with focus on camera, COTS components and ADCS.",
NanoSail-D2,NASA Marshall Space Flight Center,US,3U,2010-11-20,Was operational,Deploy solar sail for deorbiting.,
O/OREOS,NASA Ames Research Center,US,3U,2010-11-20,"Operational, ?",Demonstrate technologies for astrobiology experiments.,
RAX (Radio Aurora eXplorer),University of Michigan,US,3U,2010-11-20,Was operational,Investigate causes of upper atmospheric/ionospheric plasma turbulence by studying large plasma formations.,
Caerus-Mayflower (Mayflower-Caerus),Northrop Grumman,US,3U,2010-12-08,"Reentered, Operational",Demonstrate CubeSat platform technologies for educational purposes.,
Perseus 000,Los Alamos National Laboratory (LANL),US,1.5U,2010-12-08,"Reentered, Operational",Demonstrate CubeSat platform technologies and development methodologies.,
Perseus 001,Los Alamos National Laboratory (LANL),US,1.5U,2010-12-08,"Reentered, Operational",Demonstrate CubeSat platform technologies and development methodologies.,
Perseus 002,Los Alamos National Laboratory (LANL),US,1.5U,2010-12-08,"Reentered, Operational",Demonstrate CubeSat platform technologies and development methodologies.,
Perseus 003,Los Alamos National Laboratory (LANL),US,1.5U,2010-12-08,"Reentered, Operational",Demonstrate CubeSat platform technologies and development methodologies.,
QbX-1,US Naval Research Laboratory,US,3U,2010-12-08,"Reentered, Operational",Communications payload and experiments.,
QbX-2,US Naval Research Laboratory,US,3U,2010-12-08,"Reentered, Operational",Communications payload and experiments.,
SMDC-ONE 1 (Space & Missile Defense Command-Operational Nanosatellite Effect),US Army Space and Missile Defense Command,US,3U,2010-12-08,"Reentered, Operational",Demonstrate the ability to rapidly design and develop militarily relevant low cost spacecraft and communications relay.,
"E1P (HRBE, Explorer-1 Prime, Hiscock Radiation Belt Explorer)",Montana State University,US,1U,2011-03-04,Launch failure,Detect the Van Allen radiation belts in honor of the 50th anniversary of Explorer-1.,
Hermes 1,University of Colorado Boulder,US,1U,2011-03-04,Launch failure,Demonstrate CubeSat platform technologies and high data-rate communication system.,
KySat-1 (KatySat 1),Kentucky universities,US,1U,2011-03-04,Launch failure,Educational outreach using mobile ground stations taken to schools.,
"PSSC-2 (Pico Satellite Solar Cell Testbed-2, PSSC Testbed-2, PSSCT-2, PSSC2)",Aerospace Corporation,US,3.7 kg,2011-07-20,"Reentered, Operational",Risk reduction for SENSE and CTECS sensors and characterizing solar cells.,
Jugnu,"Indian Institute of Technology, Kanpur",India,3U,2011-10-12,"Was operational, ?",Educational space systems engineering with camera and GPS.,
SRMSat (Sri Ramaswamy Memorial),SRM University,India,10 kg,2011-10-12,"Semi-operational, ?, Was operational",Monitor greenhouse gases with grating spectrometer.,
"AubieSat-1 (OSCAR-71, AO 71, AubieSat-OSCAR 71)",Auburn University,US,1U,2011-10-28,"Reentered, Was operational",Measure average density of ionospheric electronics using Faraday rotation effect.,
"DICE-1 (Dynamic Ionosphere CubeSat Experiment, DICE-E, Farkle)",Utah State University,US,1.5U,2011-10-28,"Reentered, Was operational",Mapping geomagnetic Storm Enhanced Density (SED) plasma bulge and plume formations in Earth’s ionosphere.,
"DICE-2 (Dynamic Ionosphere CubeSat Experiment, DICE-Y, Yahtzee)",Utah State University,US,1.5U,2011-10-28,"Reentered, Was operational",Mapping geomagnetic Storm Enhanced Density (SED) plasma bulge and plume formations in Earth’s ionosphere.,
"E1P U2 (HRBE , Explorer-1' U2, William A. Hiscock Radiation Belt Explorer)",Montana State University,US,1U,2011-10-28,"Reentered, Operational, ?",Detect the Van Allen radiation belts in honor of the 50th anniversary of Explorer-1.,
"M-Cubed (COVE, MCUBED, M3)",University of Michigan,US,1U,2011-10-28,"Reentered, Was semi-operational",Demonstrate CubeSat platform and image Earth.,
RAX-2 (Radio Aurora Explorer-2),University of Michigan,US,3U,2011-10-28,"Reentered, Was operational",Investigate causes of upper atmospheric/ionospheric plasma turbulence by studying large plasma formations.,
e-st@r (e-star-i),Politecnico di Torino,Italy,1U,2012-02-13,"Reentered, Was operational",Demonstrate CubeSat platform technologies for educational purposes with focus on ADCS.,
Goliat,University of Bucharest,Romania,1U,2012-02-13,"Reentered, Was semi-operational",Educational space systems engineering and camera.,
"MaSat-1 (MO 72, MaSat-OSCAR 72)",Budapest University of Technology and Economics,Hungary,1U,2012-02-13,"Reentered, Operational",Educational space systems engineering and camera.,
PW-Sat,Warsaw University of Technology,Poland,1U,2012-02-13,"Reentered, Was operational",Demonstrate deorbiting method with Shape Memory Alloy based sail.,
ROBUSTA-1A (Radiation on Bipolar University Satellite Test Application),University of Montpellier,France,1U,2012-02-13,"Reentered, No signal",Measure the radiation induced degradation of electronic devices.,
UNICubeSat-GG (Gravity Gradient),Sapienza University of Rome,Italy,1U,2012-02-13,"Reentered, Was semi-operational",Demonstrate passive attitude control technique based on gravity gradient stabilization with deployable boom.,
Xatcobeo (Dieste),University of Vigo,Spain,1U,2012-02-13,"Reentered, Operational",Educational space systems engineering with SDR radio and radiation sensor payloads.,
HORYU-2,Kyushu Institute of Technology,Japan,7.1 kg,2012-05-17,"Semi-operational, ?",Demonstration of solar array discharge suppression technologies at 300V and taking photos of Earth.,
F-1 (F1),FPT University,Vietnam,1U,2012-07-21,"Reentered, No signal",Educational space systems engineering with camera.,
FITSat-1 (NIWAKA),Fukuoka Institute of Technology,Japan,1U,2012-07-21,"Reentered, Operational",Demonstrated high-speed transmitter for photos and LED-based optical communication.,
RAIKO,Tohoku University,Japan,2U,2012-07-21,"Reentered, Was operational",Demonstrate technologies for larger satellites including CMOS and CCD sensors.,
TechEdSat (Technological and Educational Nanosatellite),NASA Ames Research Center,US,1U,2012-07-21,"Reentered, Operational",Demonstrate plug-and-play architecture and communication systems plus camera.,
We Wish (We-Wish),Meisei Electric,Japan,1U,2012-07-21,"Reentered, Operational",Educational project with infrared camera and SSTV transmitter.,
"TT 1 (TianTuo 1, Tiantuo Yihao Weixing)",National University of Defense Technology,China,9.3 kg,2012-09-08,"Reentered, Operational",Demonstrate CubeSat platform technologies and AIS and camera.,
AENEAS,University of Southern California,US,3U,2012-09-13,Semi-operational,Tracking cargo containers over the ocean with deployable parabolic antenna.,
AeroCube-4A (AeroCube 4.5A),Aerospace Corporation,US,1U,2012-09-13,Was operational,Attitude control with movable solar panels and launch vehicle environment data logger.,
AeroCube-4B (AeroCube 4.5B),Aerospace Corporation,US,1U,2012-09-13,"Reentered, Was operational, ?",Attitude control with movable solar panels for formation flying.,
AeroCube-4C,Aerospace Corporation,US,1U,2012-09-13,"Reentered, Was operational, ?",Attitude control with movable solar panels for formation flying.,
"CINEMA (CubeSat for Ions, Neutrals, Electrons, & MAgnetic fields)",University of California,US,3U,2012-09-13,"Was operational, ?",Space weather measurements measuring electron and ions in the range of 2-200 keV.,
CP5,California Polytechnic State University (Cal Poly),US,1U,2012-09-13,Was operational,De-orbiting experiment using a thin-film deployable mechanism.,
CSSWE (Colorado Student Space Weather Experiment),University of Colorado Boulder,US,3U,2012-09-13,Was operational,Measure the directional differential flux of Solar Energetic Protons (SEPs) and Earth’s radiation belt electrons.,
CXBN (Cosmic X-ray Background Nanosatellite),Morehead State University,US,2U,2012-09-13,Was semi-operational,Measure cosmic x-ray background in the 30-50 keV range.,
"Re (STARE A, Space-based Telescopes for the Actionable Refinement of Ephemeris)",LLNL (Lawrene Livermore National Laboratory),US,3U,2012-09-13,Was semi-operational,Observe objects in space for space situational awareness and orbital parameters refinement.,
SMDC-ONE 2.1 (Able),US Army Space and Missile Defense Command,US,3U,2012-09-13,Was operational,Demonstrate the ability to rapidly design and develop militarily relevant low cost spacecraft and communications relay.,
SMDC-ONE 2.2 (Baker),US Army Space and Missile Defense Command,US,3U,2012-09-13,Was operational,Demonstrate the ability to rapidly design and develop militarily relevant low cost spacecraft and communications relay.,
AAUSAT3 (AAUSAT-3),Aalborg University,Denmark,1U,2013-02-25,Was operational,Educational space systems engineering and testing AIS receivers.,
"STRaND-1 (Surrey Training, Research and Nanosatellite Demonstrator)",SSTL,UK,3U,2013-02-25,Was operational,Demonstrate CubeSat platforms technologies including Android smartphone and propulsion systems.,
"TUGSat 1 (Technische Universität Graz Satellite), BRITE-Austria, CanX 3B)",Graz University of Technology,Austria,7 kg,2013-02-25,"Operational, ?","Investigation of the brightness oscillations of massive luminous stars, BRITE constellation.",
"UniBRITE-1 (BRITE-U, CanX 3A)",University of Vienna,Austria,7 kg,2013-02-25,"Semi-operational, ?","Investigation of the brightness oscillations of massive luminous stars, BRITE constellation.",
BEESAT-2,Technical University of Berlin,Germany,1U,2013-04-19,"Reentered, Operational",Educational and technology demonstrations of reaction wheels and camera.,
BEESAT-3,Technical University of Berlin,Germany,1U,2013-04-19,"Reentered, Operational",Educational training and S-band transmitter demonstration.,
Dove-2 (Dove 0405),Planet Labs,US,3U,2013-04-19,"Was operational, Retired",Constellation for optical Earth observation with 3-5m resolution.,
OSSI-1 (Open Source Satellite Initiative),Open Source Satellite Initiative,South Korea,1U,2013-04-19,"Reentered, No signal",Simple beacon transmitter and LED array for Morse code messages.,
SOMP (Students Oxygen Measurement Project),Dresden University of Technology,Germany,1U,2013-04-19,"Reentered, Operational",Educational training in space systems engineering and measuring atomic oxygen.,
Dove-1 (Dove 0601),Planet Labs,US,3U,2013-04-21,"Reentered, Operational",Constellation for optical Earth observation with 3-5m resolution.,
PhoneSat 1.0a (Graham),NASA Ames Research Center,US,1U,2013-04-21,"Reentered, Operational",Off-the-shelf commercial smartphone as the control system for the satellite and other technology demonstrations.,
"PhoneSat 1.0b (Bell, TechEdSat-2)",NASA Ames Research Center,US,1U,2013-04-21,"Reentered, Operational",Off-the-shelf commercial smartphone as the control system for the satellite and other technology demonstrations.,
PhoneSat 2.0a (Alexander),NASA Ames Research Center,US,1U,2013-04-21,"Reentered, Operational",Off-the-shelf commercial smartphone as the control system for the satellite and other technology demonstrations.,
CubeBug-1 (Capitán Beto),Satellogic,Argentina,2U,2013-04-26,Was operational,Demonstrate CubeSat platform technologies including reaction wheels and star tracker.,
NEE-01 Pegaso,EXA (Ecuador Space Agency),Ecuador,1U,2013-04-26,Was semi-operational,Transmit live video feed from orbit with SSTV.,
TURKSAT-3USAT,ITU (Istanbul Technical University),Turkey,3U,2013-04-26,Was operational,Main payload is linear transponder operating in VHF/UHF.,
ESTCube-1,University of Tartu,Estonia,1U,2013-05-07,Was operational,"Educational training, testing deployment of 10 m tether for deorbiting and camera.",
ArduSat,Spire,US,1U,2013-08-03,"Reentered, Operational",Platform for students and space enthusiasts to run space-based Arduino experiments.,
ArduSat-X,Spire,US,1U,2013-08-03,"Reentered, Operational",Platform for students and space enthusiasts to run space-based Arduino experiments.,
Pico Dragon (Picodragon),Vietnam National Satellite Center,Vietnam,1U,2013-08-03,"Reentered, Operational",Educational training and taking pictures of Earth.,
TechEdSat-3p,NASA Ames Research Center,US,3U,2013-08-03,"Reentered, Operational",Demonstrate drag device deorbiting system and Iridium modem.,
POPACS (Polar Orbiting Passive Atmospheric Calibration Sphere),Utah State University,US,3U,2013-09-29,Passive,3 passive spheres to assess changes in the density of the upper atmosphere.,
Black Knight 1 (BK 1),West Point Military Academy,US,1U,2013-11-20,"Reentered, No signal",Educational training for space systems engineering and camera payload.,
"CAPE-2 (CAPE2, OSCAR 75, LO-75)",University of Louisiana at Lafayette,US,1U,2013-11-20,"Reentered, Semi-operational",Demonstrate CubeSat platform technologies plus voice repeater payload.,
ChargerSat-1 (ChargerSat 1.2),University of Alabama,US,1U,2013-11-20,"Reentered, No signal",Educational training and demonstration of CubeSat platform technologies.,
COPPER (Close Orbiting Propellant Plume and Elemental Recognition),Saint Louis University,US,1U,2013-11-20,"Reentered, No signal",Demonstrate microbolometer array for infrared imaging and radiation measurements.,
"DragonSat 1 (DRAGONSat-1, USNA-8)",Drexel University,US,1U,2013-11-20,"Reentered, No signal",Educational training for space systems engineering and taking photos of aurora.,
Firefly,NASA Goddard Space Flight Center,US,3U,2013-11-20,"Reentered, Operational",Investigate Terrestrial Gamma-ray Flashes (TGFs).,
Ho‘oponopono 2 (H2),University of Hawai’i at Mānoa,US,3U,2013-11-20,"Reentered, No signal",Radar calibration service.,
"Horus (STARE B, Space-Based Telescopes for Actionable Refinement of Ephemeris))",LLNL (Lawrene Livermore National Laboratory),US,3U,2013-11-20,"Reentered, Was operational",Observe objects in space for space situational awareness and orbital parameters refinement.,
KYSAT II (KySat-2),Kentucky universities,US,1U,2013-11-20,"Reentered, Was operational",Demonstrate CubeSat platform technologies including stellar gyroscope and camera.,
NPS-SCAT (Naval Postgraduate School Solar Cell Array Tester),Naval Postgraduate School (NPS),US,1U,2013-11-20,"Reentered, Was operational",Experiment to measure solar cells degradation.,
"ORS Tech 1 (MBD, Multimission Bus Demonstration)",Johns Hopkins APL,US,3U,2013-11-20,"Reentered, Operational",Demonstrate CubeSat platform technologies.,
"ORS Tech 2 (MBD, Multimission Bus Demonstration)",Johns Hopkins APL,US,3U,2013-11-20,"Reentered, Operational",Demonstrate CubeSat platform technologies.,
"ORSES (ORS 1, ORS Enabler Satellite)",US Army Space and Missile Defense Command,US,3U,2013-11-20,"Reentered, Was operational",Provide communications and data capabilities for underserved tactical users based on SMDC-ONE.,
PhoneSat 2.4a,NASA Ames Research Center,US,1U,2013-11-20,"Reentered, Operational",Off-the-shelf commercial smartphone as the control system for the satellite and other technology demonstrations.,
Prometheus 1-1,USSOCOM (US Special Operations Command),US,1.5U,2013-11-20,"Reentered, Operational",Demonstrate CubeSat platform methodologies and communications for remote field units.,
Prometheus 1-2,USSOCOM (US Special Operations Command),US,1.5U,2013-11-20,"Reentered, Operational",Demonstrate CubeSat platform methodologies and communications for remote field units.,
Prometheus 1-3,USSOCOM (US Special Operations Command),US,1.5U,2013-11-20,"Reentered, Operational",Demonstrate CubeSat platform methodologies and communications for remote field units.,
Prometheus 1-4,USSOCOM (US Special Operations Command),US,1.5U,2013-11-20,"Reentered, Operational",Demonstrate CubeSat platform methodologies and communications for remote field units.,
Prometheus 1-5,USSOCOM (US Special Operations Command),US,1.5U,2013-11-20,"Reentered, Operational",Demonstrate CubeSat platform methodologies and communications for remote field units.,
Prometheus 1-6,USSOCOM (US Special Operations Command),US,1.5U,2013-11-20,"Reentered, Operational",Demonstrate CubeSat platform methodologies and communications for remote field units.,
Prometheus 1-7,USSOCOM (US Special Operations Command),US,1.5U,2013-11-20,"Reentered, Operational",Demonstrate CubeSat platform methodologies and communications for remote field units.,
Prometheus 1-8,USSOCOM (US Special Operations Command),US,1.5U,2013-11-20,"Reentered, Operational",Demonstrate CubeSat platform methodologies and communications for remote field units.,
"SENSE SV1 (Space Environmental NanoSat Experiment, SV-1)",US Air Force Space Command,US,3U,2013-11-20,"Reentered, Was operational",Demonstrate CubeSat platform technologies. and radio occultation measurements of total electron content and L-band scintillation.,
"SENSE SV2 (Space Environmental NanoSat Experiment, SV-2)",US Air Force Space Command,US,3U,2013-11-20,"Reentered, Was semi-operational",Demonstrate CubeSat platform technologies. and radio occultation measurements of total electron content and L-band scintillation.,
SwampSat,University of Florida,US,1U,2013-11-20,"Reentered, No signal",Demonstrate on orbit precision three axis attitude control using a pyramidal configuration of control moment gyroscopes.,
TJ3sat,Thomas Jefferson High School for Science and Technology,US,1U,2013-11-20,"Reentered, No signal",Educational space systems engineering.,
Trailblazer (SPA-1 Trailblazer),University of New Mexico,US,1U,2013-11-20,"Reentered, No signal",Proof-of-concept flight for Space Plug-and-play Architecture.,
Vermont Lunar CubeSat,Vermont Technical College,US,1U,2013-11-20,"Reentered, Operational",Demonstrate CubeSat platform technologies for Moon mission.,
"$50Sat (50-Dollarsat, Eagle 2, Morehead-OSCAR-76)",Morehead State University,US,PocketQube 1.5p,2013-11-21,"Reentered, Was operational",Demonstrate very low cost satellites with PocketQube.,
"BRITE-PL-1 Lem (BRITE-Lem, CanX 3C)",The Space Research Centre of the Polish Academy of Sciences,Poland,6 kg,2013-11-21,"Semi-operational, ?","Investigation of the brightness oscillations of massive luminous stars, BRITE constellation.",
"CINEMA 2 (TRIO 2, KHUSAT 1)",Kyung Hee University,South Korea,3U,2013-11-21,Was semi-operational,Space weather measurements measuring electron and ions in the range of 2-200 keV.,
"CINEMA 3 (TRIO 3, KHUSAT 2)",Kyung Hee University,South Korea,3U,2013-11-21,No signal,Space weather measurements measuring electron and ions in the range of 2-200 keV.,
CubeBug-2 (Manolito),Satellogic,Argentina,2U,2013-11-21,Operational,Demonstrate CubeSat platform technologies including reaction wheels and star tracker.,
Delfi-n3Xt,Delft University of Technology,Netherlands,3U,2013-11-21,"Semi-operational, ?, Was operational","Education, technology demonstration, CubeSat bus advancement and cold gas miccropropulsion.",
Dove-3 (Dove 0711),Planet Labs,US,3U,2013-11-21,"Retired, Was operational",Constellation for optical Earth observation with 3-5m resolution.,
Dove-4 (Dove 4),Planet Labs,US,3U,2013-11-21,"Deployment failure, On spacecraft",Constellation for optical Earth observation with 3-5m resolution.,
FUNcube-1 (AO-73),AMSAT-UK,UK,1U,2013-11-21,Operational,Educational and amateur radio mission linear transponder.,
"GOMX-1 (GATOSS, Global Air Traffic Awareness and Optimizing through Spaceborne Surveillance)",GomSpace,Denmark,2U,2013-11-21,Operational,Demonstrate receiving ADS-B signals emitted by aircraft and camera.,
HiNCube,Narvik University College,Norway,1U,2013-11-21,No signal,Educational training and demonstrate CubeSat platform technologies plus camera.,
HumSat-D,University of Vigo,Spain,1U,2013-11-21,Was operational,Educational training and demonstrate IoT solution.,
ICUBE-1,Islamabad Institute of Science and Technology,Pakistan,1U,2013-11-21,"Was operational, ?",Educational space systems engineering and imaging payload.,
"MOVE (First-MOVE, Munich Orbital Verification Experiment)",Technical University of Munich (TUM),Germany,1U,2013-11-21,Was operational,Educational training and CubeSat platform development and testing solar cells.,
NEE-02 Krysaor,EXA (Ecuador Space Agency),Ecuador,1U,2013-11-21,Was operational,Educational training and demonstration of CubeSat platform technologies.,
OPTOS (Optical Nanosatellite),National Institute of Aerospace Technology (INTA),Spain,3U,2013-11-21,"Was operational, ?",Demonstrate CubeSat platform technologies.,
Pocket-PUCP (PUCP-Pocket),Pontifical Catholic University of Peru,Peru,0.127 kg,2013-11-21,"Unknown, ?",Transmit temperature measurements.,
PUCPSat-1,Pontifical Catholic University of Peru,Peru,1U,2013-11-21,"Was operational, ?",Deploy PUCP-Pocket and test ADCS system with custom micro wheels and research thermal design for future satellites.,
QubeScout 1 (QBscout),Maryland State University,US,PocketQube 2.5p,2013-11-21,"Reentered, Was operational, ?",Test a micro sun-sensor that can be used to find and point instruments toward the sun.,
"T-LogoQube (BeakerSat 1, MagPocketQube, Eagle-1)",Sonoma State University,US,PocketQube 2.5p,2013-11-21,"Reentered, Was operational, ?",Simple attitude determination experiments based on magnetic field.,
Triton-1,ISISpace,Netherlands,3U,2013-11-21,"Operational, ?",Demonstrate AIS payload for ocean traffic monitoring.,
UWE-3,University of Würzburg,Germany,1U,2013-11-21,"Operational, ?",Demonstrate modular CubeSat platform technologies and real-time attitude control.,
"VELOX-P2 (VELOX-PII, VELOX-P)",Nanyang Technological University,Singapore,1U,2013-11-21,"Was operational, ?",Educational training and demonstrate CubeSat platform technologies.,
WNISAT 1 (Weather News Inc. Satellite 1),Weather News Inc.,Japan,10 kg,2013-11-21,"Operational, ?",Observation of sea ice in the Arctic waters.,
Wren,STADOKO UG,Germany,PocketQube 1p,2013-11-21,"Reentered, Was operational",Advanced PocketQube with cameras and reaction wheels.,
ZACUBE-1 (TshepisoSat),Cape Peninsula University of Technology,South Africa,1U,2013-11-21,Operational,Educational training and demonstration of multiple payloads for Earth imaging and S-band transmitter.,
AeroCube-5A (AeroCube 5A),Aerospace Corporation,US,1.5U,2013-12-06,"Reentered, Operational, ?",Demonstrate new technologies for pointing and tracking between two identical CubeSats and to demonstrate a deorbit device.,
AeroCube-5B,Aerospace Corporation,US,1.5U,2013-12-06,"Reentered, Operational, ?",Demonstrate new technologies for pointing and tracking between two identical CubeSats and to demonstrate a deorbit device.,
ALICE (AFIT LEO iMESA CNT Experiment),Air Force Institute of Technology (AFIT),US,3U,2013-12-06,Was operational,Demonstration of new small satellite propulsion based on carbon nanotube array.,
CUNYSAT 1,City University of New York (CUNY),US,1U,2013-12-06,No signal,Educational training and demonstrate CubeSat platform technologies.,
"FIREBIRD A (FU1, Focused Investigations of Relativistic Electron Burst, Intensity, Range, and Dynamics)",Montana State University,US,1.5U,2013-12-06,"Reentered, Was operational",Space weather mission to study electron microbursts in Van Allen belts.,
"FIREBIRD B (FU2, Focused Investigations of Relativistic Electron Burst, Intensity, Range, and Dynamics)",Montana State University,US,1.5U,2013-12-06,Was operational,Space weather mission to study electron microbursts in Van Allen belts.,
"IPEX (CP8, Intelligent Payload Experiment)",California Polytechnic State University (Cal Poly),US,1U,2013-12-06,Was operational,Validate onboard instrument processing and autonomous payload operations for the NASA HyspIRI mission.,
M-Cubed 2 (MCUBED-2),University of Michigan,US,1U,2013-12-06,Operational,Flight evaluation of a NASA JPL image processing FPGA called COVE.,
"SMDC-ONE 2.3 (Charlie, SMDC-ONE 3.1)",US Army Space and Missile Defense Command,US,3U,2013-12-06,"Was operational, Retired",Demonstrate the ability to rapidly design and develop militarily relevant low cost spacecraft and communications relay.,
"SMDC-ONE 2.4 (David, SMDC-ONE 3.2)",US Army Space and Missile Defense Command,US,3U,2013-12-06,"Was operational, Retired",Demonstrate the ability to rapidly design and develop militarily relevant low cost spacecraft and communications relay.,
"SNaP-1 (SNAP, SNAP-3)",US Army Space and Missile Defense Command,US,3U,2013-12-06,Was semi-operational,Related to the SMDC NAnosatellite Program (SNaP) - Joint Capabilities Technology Demonstrations.,
TacSat-6,Space & Missile Defense Command,US,3U,2013-12-06,"Operational, ?, Unknown",The mission will demonstrate nanosatellite communication capabilities.,
ArduSat 2,Spire,US,2U,2014-01-09,"Reentered, No signal",Platform for students and space enthusiasts to run space-based Arduino experiments.,
Flock-1 Dove-1,Planet Labs,US,3U,2014-01-09,"Reentered, Operational",Constellation for optical Earth observation with 3-5m resolution.,
Flock-1 Dove-2,Planet Labs,US,3U,2014-01-09,"Reentered, Operational",Constellation for optical Earth observation with 3-5m resolution.,
Flock-1 Dove-3,Planet Labs,US,3U,2014-01-09,"Reentered, Operational",Constellation for optical Earth observation with 3-5m resolution.,
Flock-1 Dove-4,Planet Labs,US,3U,2014-01-09,"Reentered, Operational",Constellation for optical Earth observation with 3-5m resolution.,
Flock-1 Dove-5,Planet Labs,US,3U,2014-01-09,"Reentered, Operational",Constellation for optical Earth observation with 3-5m resolution.,
Flock-1 Dove-6,Planet Labs,US,3U,2014-01-09,"Reentered, Operational",Constellation for optical Earth observation with 3-5m resolution.,
Flock-1 Dove-7,Planet Labs,US,3U,2014-01-09,"Reentered, Operational",Constellation for optical Earth observation with 3-5m resolution.,
Flock-1 Dove-8,Planet Labs,US,3U,2014-01-09,"Reentered, Operational",Constellation for optical Earth observation with 3-5m resolution.,
Flock-1 Dove-9,Planet Labs,US,3U,2014-01-09,"Reentered, Operational",Constellation for optical Earth observation with 3-5m resolution.,
Flock-1 Dove-10,Planet Labs,US,3U,2014-01-09,"Reentered, Operational",Constellation for optical Earth observation with 3-5m resolution.,
Flock-1 Dove-11,Planet Labs,US,3U,2014-01-09,"Reentered, Operational",Constellation for optical Earth observation with 3-5m resolution.,
Flock-1 Dove-12,Planet Labs,US,3U,2014-01-09,"Reentered, Operational",Constellation for optical Earth observation with 3-5m resolution.,
Flock-1 Dove-13,Planet Labs,US,3U,2014-01-09,"Reentered, Operational",Constellation for optical Earth observation with 3-5m resolution.,
Flock-1 Dove-14,Planet Labs,US,3U,2014-01-09,"Reentered, Operational",Constellation for optical Earth observation with 3-5m resolution.,
Flock-1 Dove-15,Planet Labs,US,3U,2014-01-09,"Reentered, Operational",Constellation for optical Earth observation with 3-5m resolution.,
Flock-1 Dove-16,Planet Labs,US,3U,2014-01-09,"Reentered, Operational",Constellation for optical Earth observation with 3-5m resolution.,
Flock-1 Dove-17,Planet Labs,US,3U,2014-01-09,"Reentered, Operational",Constellation for optical Earth observation with 3-5m resolution.,
Flock-1 Dove-18,Planet Labs,US,3U,2014-01-09,"Reentered, Operational",Constellation for optical Earth observation with 3-5m resolution.,
Flock-1 Dove-19,Planet Labs,US,3U,2014-01-09,"Reentered, Operational",Constellation for optical Earth observation with 3-5m resolution.,
Flock-1 Dove-20,Planet Labs,US,3U,2014-01-09,"Reentered, Operational",Constellation for optical Earth observation with 3-5m resolution.,
Flock-1 Dove-21,Planet Labs,US,3U,2014-01-09,"Reentered, Operational",Constellation for optical Earth observation with 3-5m resolution.,
Flock-1 Dove-22,Planet Labs,US,3U,2014-01-09,"Reentered, Operational",Constellation for optical Earth observation with 3-5m resolution.,
Flock-1 Dove-23,Planet Labs,US,3U,2014-01-09,"Reentered, Operational",Constellation for optical Earth observation with 3-5m resolution.,
Flock-1 Dove-24,Planet Labs,US,3U,2014-01-09,"Reentered, Operational",Constellation for optical Earth observation with 3-5m resolution.,
Flock-1 Dove-25,Planet Labs,US,3U,2014-01-09,"Reentered, Operational",Constellation for optical Earth observation with 3-5m resolution.,
Flock-1 Dove-26,Planet Labs,US,3U,2014-01-09,"Reentered, Operational",Constellation for optical Earth observation with 3-5m resolution.,
Flock-1 Dove-27,Planet Labs,US,3U,2014-01-09,"Reentered, Operational",Constellation for optical Earth observation with 3-5m resolution.,
Flock-1 Dove-28,Planet Labs,US,3U,2014-01-09,"Reentered, Operational",Constellation for optical Earth observation with 3-5m resolution.,
LitSat-1,Kaunas University of Technology,Lithuania,1U,2014-01-09,"Reentered, Operational",Scientific platform for the future scientific experiments with piezo motors in space.,
LituanicaSAT-1 (LO-78),Kaunas University of Technology,Lithuania,1U,2014-01-09,"Reentered, Operational",Educational training and demonstrate CubeSat platform technologies.,
SkyCube,Southern Stars,US,1U,2014-01-09,"Reentered, Was semi-operational",Crowdfunded on Kickstarter. Payloads are camera and tweets names from space.,
UAPSAT-1,Alas Peruanas University,Peru,1U,2014-01-09,"Reentered, Was operational",Educational training and CubeSat platform technologies to study meteorological phenomena from space.,
Chasqui-I,National University of Engineering,Peru,1U,2014-02-05,"Reentered, No signal",Educational training and CubeSat platform technologies including camera.,
ARTSAT1: Invader (INteractiVe satellite for Art and Design Experimental Research),Tama Art University,Japan,1U,2014-02-27,"Reentered, Operational",Artistic use of satellite telemetry.,
"ITF-1 (YUI, Imagine The Future-1, IFT)",University of Tsukuba,Japan,1U,2014-02-27,"Reentered, No signal",Demonstrate networking technologies with CubeSats.,
"KSAT2 (Hayato, KSAT-2)",Kagoshima University,Japan,1U,2014-02-27,"Reentered, Operational",Measuring atmospheric water vapour and Ku-band transmitter.,
Opusat (CosMoz),Osaka Prefecture University,Japan,1U,2014-02-27,"Reentered, Operational",Demonstrating performance of lithium ion capacitors and MPPT-based power storage.,
"STARS-II (Gennai, Daughter)",Kagawa University,Japan,4 kg,2014-02-27,"Reentered, Operational",Electrodynamic tether deployment experiment.,
"STARS-II (Gennai, Mother)",Kagawa University,Japan,5 kg,2014-02-27,"Reentered, Operational",Electrodynamic tether deployment experiment.,
ALL-STAR/THEIA (Agile Low-cost Laboratory for Space Technology Acceleration and Research),University of Colorado Boulder,US,3U,2014-04-18,"Reentered, Semi-operational",Demonstrate modular CubeSat platform and camera payload.,
KickSat,Cornell University,US,3U,2014-04-18,"Reentered, Semi-operational",Carry and deploy 104 Sprite chipsats.,
PhoneSat-2.5,NASA Ames Research Center,US,1U,2014-04-18,"Reentered, Operational",Off-the-shelf commercial smartphone as the control system for the satellite and other technology demonstrations.,
SporeSat,NASA Ames Research Center,US,3U,2014-04-18,"Reentered, Operational","""Lab-on-a-chip"" experiments to gain a deeper knowledge of the mechanism of plant cell gravity sensing.",
"TSAT (TSat3, Testsat-Lite, Taylor Satellite)",Taylor University,US,2U,2014-04-18,"Reentered, Operational",Characterizing Globalstar link coverage and Langmuir probe.,
SPROUT,Nihon University,Japan,6.7 kg,2014-05-24,"Was operational, Semi-operational, ?",Demonstration of inflatable membrane structure.,
AeroCube-6A (AC6-A),Aerospace Corporation,US,0.5U,2014-06-19,Was operational,Demonstrate upgrades CubeSat platform technologies and radiation measurements.,
AeroCube-6B (AC-6B),Aerospace Corporation,US,0.5U,2014-06-19,Was operational,Demonstrate upgrades CubeSat platform technologies and radiation measurements.,
Antelsat,University of the Republic,Uruguay,2U,2014-06-19,Was operational,Educational open-source satellite and CubeSat platform technologies plus camera.,
"BRITE-CA 1 (BRITE-Toronto, CanX 3E)",Canadian Space Agency (CSA),Canada,10 kg,2014-06-19,"Operational, ?","Investigation of the brightness oscillations of massive luminous stars, BRITE constellation.",
"BRITE-CA 2 (BRITE-Montreak, CanX-3F)",Canadian Space Agency (CSA),Canada,10 kg,2014-06-19,"Deployment failure, On spacecraft","Investigation of the brightness oscillations of massive luminous stars, BRITE constellation.",
DTUSat-2,Technical University of Denmark,Denmark,1U,2014-06-19,Was semi-operational,Satellite-based radio-tracking system capable of locating small birds with intercontinental migrations.,
Duchifat-1,Herzliya Science Center,Israel,1U,2014-06-19,Operational,Transmit real-time information via radio amateur packets APRS protocol to receive with handheld radios.,
Flock-1c Dove-1,Planet Labs,US,3U,2014-06-19,"Reentered, Retired, Was operational",Constellation for optical Earth observation with 3-5m resolution.,
Flock-1c Dove-2,Planet Labs,US,3U,2014-06-19,"Reentered, Retired, Was operational",Constellation for optical Earth observation with 3-5m resolution.,
Flock-1c Dove-3,Planet Labs,US,3U,2014-06-19,"Reentered, Retired, Was operational",Constellation for optical Earth observation with 3-5m resolution.,
Flock-1c Dove-4,Planet Labs,US,3U,2014-06-19,"Retired, Was operational",Constellation for optical Earth observation with 3-5m resolution.,
Flock-1c Dove-5,Planet Labs,US,3U,2014-06-19,"Reentered, Retired, Was operational",Constellation for optical Earth observation with 3-5m resolution.,
Flock-1c Dove-6,Planet Labs,US,3U,2014-06-19,"Reentered, Retired, Was operational",Constellation for optical Earth observation with 3-5m resolution.,
Flock-1c Dove-7,Planet Labs,US,3U,2014-06-19,"Reentered, Retired, Was operational",Constellation for optical Earth observation with 3-5m resolution.,
Flock-1c Dove-8,Planet Labs,US,3U,2014-06-19,"Retired, Was operational",Constellation for optical Earth observation with 3-5m resolution.,
Flock-1c Dove-9,Planet Labs,US,3U,2014-06-19,"Reentered, Retired, Was operational",Constellation for optical Earth observation with 3-5m resolution.,
Flock-1c Dove-10,Planet Labs,US,3U,2014-06-19,"Retired, Was operational",Constellation for optical Earth observation with 3-5m resolution.,
Flock-1c Dove-11,Planet Labs,US,3U,2014-06-19,"Reentered, Retired, Was operational",Constellation for optical Earth observation with 3-5m resolution.,
"Lemur-1 (FM1, Low Earth Multi-Use Receiver)",Spire,US,3U,2014-06-19,"Operational, ?",Technology demonstration of two Earth-observation payloads.,
NANOSATC-BR1 (NCBR-1),National Institute of Space Research,Brazil,1U,2014-06-19,"Was operational, Semi-operational",Monitor real time the space weather and atmosphere anomalies over the Brazilian territory.,
PACE (Platform for Attitude Control Experiments),National Cheng Kung University,Taiwan,2U,2014-06-19,No signal,Conduct attitude control experiment to validate technologies.,
Perseus-M 1,Canopus System,Russia,6U,2014-06-19,"Was operational, ?",Demonstrate technologies for future constellation and AIS receiver.,
Perseus-M 2,Canopus System,Russia,6U,2014-06-19,"Was operational, ?",Demonstrate technologies for future constellation and AIS receiver.,
PolyITAN-1,National Technical University of Ukraine,Ukraine,1U,2014-06-19,Operational,Educational training and demonstrate CubeSat platform.,
POPSAT-HIP1,Microspace,Singapore,3U,2014-06-19,Was operational,Demonstrate high resolution optical payload and attitude control with propulsion.,
"QB50P1 (EO-79, FUNcube-3)",VKI (von Karman Institute),Belgium,2U,2014-06-19,"Was operational, Semi-operational",Test key subsystems of QB50.,
QB50P2 (EO-80),VKI (von Karman Institute),Belgium,2U,2014-06-19,"Was operational, Semi-operational",Test key subsystems of QB50.,
Tigrisat,Sapienza University of Rome,Italy,3U,2014-06-19,"Semi-operational, ?",Detect dust storms over Iraq with camera.,
CanX-4,Space Flight Laboratory,Canada,7 kg,2014-06-30,"Was operational, ?",Demonstration of on-orbit formation flying.,
CanX-5,Space Flight Laboratory,Canada,7 kg,2014-06-30,"Was operational, ?",Demonstration of on-orbit formation flying.,
"VELOX-I (N-Sat, VELOX 1)",Nanyang Technological University,Singapore,3U,2014-06-30,"Was operational, Semi-operational, ?",Educational training and first Singapore nanosatellite with camera.,
"VELOX-PIII (VELOX 1, N-Sat)",Nanyang Technological University,Singapore,0.193 kg,2014-06-30,"Deployment failure, On spacecraft",Picosatellite for intersatellite communication experiment.,
AISSat-2,Norwegian Space Centre,Norway,6 kg,2014-07-08,Was operational,Operational mission for space-based AIS detection.,
UKube-1 (United Kingdom Universal Bus Experiment 1),UK Space Agency,UK,3U,2014-07-08,"Semi-operational, Was operational, Retired",Demonstrate various CubeSat platform technologies.,
Flock-1b Dove-1,Planet Labs,US,3U,2014-07-13,"Reentered, Operational",Constellation for optical Earth observation with 3-5m resolution.,
Flock-1b Dove-2,Planet Labs,US,3U,2014-07-13,"Reentered, Operational",Constellation for optical Earth observation with 3-5m resolution.,
Flock-1b Dove-3,Planet Labs,US,3U,2014-07-13,Returned to Earth,Constellation for optical Earth observation with 3-5m resolution.,
Flock-1b Dove-4,Planet Labs,US,3U,2014-07-13,Returned to Earth,Constellation for optical Earth observation with 3-5m resolution.,
Flock-1b Dove-5,Planet Labs,US,3U,2014-07-13,"Reentered, Operational",Constellation for optical Earth observation with 3-5m resolution.,
Flock-1b Dove-6,Planet Labs,US,3U,2014-07-13,"Reentered, Operational",Constellation for optical Earth observation with 3-5m resolution.,
Flock-1b Dove-7,Planet Labs,US,3U,2014-07-13,"Reentered, Operational",Constellation for optical Earth observation with 3-5m resolution.,
Flock-1b Dove-8,Planet Labs,US,3U,2014-07-13,"Reentered, Operational",Constellation for optical Earth observation with 3-5m resolution.,
Flock-1b Dove-9,Planet Labs,US,3U,2014-07-13,"Reentered, Operational",Constellation for optical Earth observation with 3-5m resolution.,
Flock-1b Dove-10,Planet Labs,US,3U,2014-07-13,"Reentered, Operational",Constellation for optical Earth observation with 3-5m resolution.,
Flock-1b Dove-11,Planet Labs,US,3U,2014-07-13,"Reentered, Operational",Constellation for optical Earth observation with 3-5m resolution.,
Flock-1b Dove-12,Planet Labs,US,3U,2014-07-13,"Reentered, Operational",Constellation for optical Earth observation with 3-5m resolution.,
Flock-1b Dove-13,Planet Labs,US,3U,2014-07-13,Returned to Earth,Constellation for optical Earth observation with 3-5m resolution.,
Flock-1b Dove-14,Planet Labs,US,3U,2014-07-13,Returned to Earth,Constellation for optical Earth observation with 3-5m resolution.,
Flock-1b Dove-15,Planet Labs,US,3U,2014-07-13,"Reentered, Operational",Constellation for optical Earth observation with 3-5m resolution.,
Flock-1b Dove-16,Planet Labs,US,3U,2014-07-13,"Reentered, Operational",Constellation for optical Earth observation with 3-5m resolution.,
Flock-1b Dove-17,Planet Labs,US,3U,2014-07-13,"Reentered, Operational",Constellation for optical Earth observation with 3-5m resolution.,
Flock-1b Dove-18,Planet Labs,US,3U,2014-07-13,"Reentered, Operational",Constellation for optical Earth observation with 3-5m resolution.,
Flock-1b Dove-19,Planet Labs,US,3U,2014-07-13,Returned to Earth,Constellation for optical Earth observation with 3-5m resolution.,
Flock-1b Dove-20,Planet Labs,US,3U,2014-07-13,Returned to Earth,Constellation for optical Earth observation with 3-5m resolution.,
Flock-1b Dove-21,Planet Labs,US,3U,2014-07-13,"Reentered, Operational",Constellation for optical Earth observation with 3-5m resolution.,
Flock-1b Dove-22,Planet Labs,US,3U,2014-07-13,"Reentered, Operational",Constellation for optical Earth observation with 3-5m resolution.,
Flock-1b Dove-23,Planet Labs,US,3U,2014-07-13,"Reentered, Operational",Constellation for optical Earth observation with 3-5m resolution.,
Flock-1b Dove-24,Planet Labs,US,3U,2014-07-13,"Reentered, Operational",Constellation for optical Earth observation with 3-5m resolution.,
Flock-1b Dove-25,Planet Labs,US,3U,2014-07-13,"Reentered, Operational",Constellation for optical Earth observation with 3-5m resolution.,
Flock-1b Dove-26,Planet Labs,US,3U,2014-07-13,"Reentered, Operational",Constellation for optical Earth observation with 3-5m resolution.,
Flock-1b Dove-27,Planet Labs,US,3U,2014-07-13,"Reentered, Operational",Constellation for optical Earth observation with 3-5m resolution.,
Flock-1b Dove-28 (Dove 081B),Planet Labs,US,3U,2014-07-13,"Reentered, Operational",Constellation for optical Earth observation with 3-5m resolution.,
"GEARRS-1 (GEARRSAT, Globalstar Experiment And Risk Reduction Satellite)",NearSpace Launch,US,3U,2014-07-13,"Reentered, Operational",Demonstrate satellite operations through Globalstar network.,
"Lambdasat (Λ-sat, Lambda-Sat, NanoRacks-Λ-Sat Hellenic Satellite)",San Jose State University,US,3U,2014-07-13,"Reentered, No signal","Radiation experiment, AIS reicever and communication through Iridium.",
MicroMAS-1,MIT (Massachusetts Institute of Technology),US,3U,2014-07-13,"Reentered, Was operational",Microwave spectrometer to observe weather events.,
TechEdSat-4 (TES-4),NASA Ames Research Center,US,3U,2014-07-13,"Reentered, Operational",Demonstrate technologies for re-entry and drag device for deorbiting.,
"BRITE-PL-2 Heweliusz (BRITE-Heweliusz, CanX 3D)",The Space Research Centre of the Polish Academy of Sciences,Poland,6 kg,2014-08-19,Operational,"Investigation of the brightness oscillations of massive luminous stars, BRITE constellation.",
Arkyd 3,Planetary Resources,US,3U,2014-10-28,Launch failure,Demonstrate CubeSat platform technologies for future constellation.,
Flock-1d Dove-1,Planet Labs,US,3U,2014-10-28,Launch failure,Constellation for optical Earth observation with 3-5m resolution.,
Flock-1d Dove-2,Planet Labs,US,3U,2014-10-28,Launch failure,Constellation for optical Earth observation with 3-5m resolution.,
Flock-1d Dove-3,Planet Labs,US,3U,2014-10-28,Launch failure,Constellation for optical Earth observation with 3-5m resolution.,
Flock-1d Dove-4,Planet Labs,US,3U,2014-10-28,Launch failure,Constellation for optical Earth observation with 3-5m resolution.,
Flock-1d Dove-5,Planet Labs,US,3U,2014-10-28,Launch failure,Constellation for optical Earth observation with 3-5m resolution.,
Flock-1d Dove-6,Planet Labs,US,3U,2014-10-28,Launch failure,Constellation for optical Earth observation with 3-5m resolution.,
Flock-1d Dove-7,Planet Labs,US,3U,2014-10-28,Launch failure,Constellation for optical Earth observation with 3-5m resolution.,
Flock-1d Dove-8,Planet Labs,US,3U,2014-10-28,Launch failure,Constellation for optical Earth observation with 3-5m resolution.,
Flock-1d Dove-9,Planet Labs,US,3U,2014-10-28,Launch failure,Constellation for optical Earth observation with 3-5m resolution.,
Flock-1d Dove-10,Planet Labs,US,3U,2014-10-28,Launch failure,Constellation for optical Earth observation with 3-5m resolution.,
Flock-1d Dove-11,Planet Labs,US,3U,2014-10-28,Launch failure,Constellation for optical Earth observation with 3-5m resolution.,
Flock-1d Dove-12,Planet Labs,US,3U,2014-10-28,Launch failure,Constellation for optical Earth observation with 3-5m resolution.,
Flock-1d Dove-13,Planet Labs,US,3U,2014-10-28,Launch failure,Constellation for optical Earth observation with 3-5m resolution.,
Flock-1d Dove-14,Planet Labs,US,3U,2014-10-28,Launch failure,Constellation for optical Earth observation with 3-5m resolution.,
Flock-1d Dove-15,Planet Labs,US,3U,2014-10-28,Launch failure,Constellation for optical Earth observation with 3-5m resolution.,
Flock-1d Dove-16,Planet Labs,US,3U,2014-10-28,Launch failure,Constellation for optical Earth observation with 3-5m resolution.,
Flock-1d Dove-17,Planet Labs,US,3U,2014-10-28,Launch failure,Constellation for optical Earth observation with 3-5m resolution.,
Flock-1d Dove-18,Planet Labs,US,3U,2014-10-28,Launch failure,Constellation for optical Earth observation with 3-5m resolution.,
Flock-1d Dove-19,Planet Labs,US,3U,2014-10-28,Launch failure,Constellation for optical Earth observation with 3-5m resolution.,
Flock-1d Dove-20,Planet Labs,US,3U,2014-10-28,Launch failure,Constellation for optical Earth observation with 3-5m resolution.,
Flock-1d Dove-21,Planet Labs,US,3U,2014-10-28,Launch failure,Constellation for optical Earth observation with 3-5m resolution.,
Flock-1d Dove-22,Planet Labs,US,3U,2014-10-28,Launch failure,Constellation for optical Earth observation with 3-5m resolution.,
Flock-1d Dove-23,Planet Labs,US,3U,2014-10-28,Launch failure,Constellation for optical Earth observation with 3-5m resolution.,
Flock-1d Dove-24,Planet Labs,US,3U,2014-10-28,Launch failure,Constellation for optical Earth observation with 3-5m resolution.,
Flock-1d Dove-25,Planet Labs,US,3U,2014-10-28,Launch failure,Constellation for optical Earth observation with 3-5m resolution.,
Flock-1d Dove-26,Planet Labs,US,3U,2014-10-28,Launch failure,Constellation for optical Earth observation with 3-5m resolution.,
GOMX-2,GomSpace,Denmark,2U,2014-10-28,Launch failure,Test a de-orbit system and optical communications experiment.,
"RACE (CHARM, Radiometer Atmospheric CubeSat Experiment, CubeSat Hydrometric Atmospheric Radiometer Mission)",University of Texas at Austin,US,3U,2014-10-28,Launch failure,Spaceborne validation of a 183 GHz radiometer.,
AESP-14,Technological Institute of Aeronautics,Brazil,1U,2015-01-10,"Reentered, No signal",Demonstrate CubeSat platform for and Langmuir probe.,
Flock-1d' 1,Planet Labs,US,3U,2015-01-10,"Reentered, Operational",Constellation for optical Earth observation with 3-5m resolution.,
Flock-1d' 2,Planet Labs,US,3U,2015-01-10,"Reentered, Operational",Constellation for optical Earth observation with 3-5m resolution.,
CP10 (ExoCube),California Polytechnic State University (Cal Poly),US,3U,2015-01-31,"Reentered, Was semi-operational",Measure neutral and ionized species in the exosphere and thermosphere.,
"FIREBIRD-2 C (FU3, FIREBIRD-3, FIREBIRD 3, Focused Investigations of Relativistic Electron Burst, Intensity, Range, and Dynamics)",Montana State University,US,1.5U,2015-01-31,"Reentered, Operational",Space weather mission to study electron microbursts in Van Allen belts.,
"FIREBIRD-2 D (FU4, FIREBIRD-4, FIREBIRD 4, Focused Investigations of Relativistic Electron Burst, Intensity, Range, and Dynamics)",Montana State University,US,1.5U,2015-01-31,"Reentered, Operational",Space weather mission to study electron microbursts in Van Allen belts.,
GRIFEX (GEO-CAPE ROIC In-Flight Performance Experiment),University of Michigan,US,3U,2015-01-31,"Reentered, Operational",Validate technology for the Panchromatic Fourier Transform Spectrometer (PanFTS).,
Arkyd 3 Reflight,Planetary Resources,US,3U,2015-04-14,"Reentered, Operational",Demonstrate CubeSat platform technologies for future constellation.,
Centennial-1,Booz Allen Hamilton,US,1U,2015-04-14,"Reentered, No signal, ?",Demonstrate small optical sensor package.,
Flock-1e 1,Planet Labs,US,3U,2015-04-14,"Reentered, Operational",Constellation for optical Earth observation with 3-5m resolution.,
Flock-1e 2,Planet Labs,US,3U,2015-04-14,"Reentered, Operational",Constellation for optical Earth observation with 3-5m resolution.,
Flock-1e 3,Planet Labs,US,3U,2015-04-14,"Reentered, Operational",Constellation for optical Earth observation with 3-5m resolution.,
Flock-1e 4,Planet Labs,US,3U,2015-04-14,"Reentered, Operational",Constellation for optical Earth observation with 3-5m resolution.,
Flock-1e 5,Planet Labs,US,3U,2015-04-14,"Reentered, Operational",Constellation for optical Earth observation with 3-5m resolution.,
Flock-1e 6,Planet Labs,US,3U,2015-04-14,"Reentered, Operational",Constellation for optical Earth observation with 3-5m resolution.,
Flock-1e 7,Planet Labs,US,3U,2015-04-14,"Reentered, Operational",Constellation for optical Earth observation with 3-5m resolution.,
Flock-1e 8,Planet Labs,US,3U,2015-04-14,"Reentered, Operational",Constellation for optical Earth observation with 3-5m resolution.,
Flock-1e 9,Planet Labs,US,3U,2015-04-14,"Reentered, Operational",Constellation for optical Earth observation with 3-5m resolution.,
Flock-1e 10,Planet Labs,US,3U,2015-04-14,"Reentered, Operational",Constellation for optical Earth observation with 3-5m resolution.,
Flock-1e 11,Planet Labs,US,3U,2015-04-14,"Reentered, Operational",Constellation for optical Earth observation with 3-5m resolution.,
Flock-1e 12,Planet Labs,US,3U,2015-04-14,"Reentered, Operational",Constellation for optical Earth observation with 3-5m resolution.,
Flock-1e 13,Planet Labs,US,3U,2015-04-14,"Reentered, Operational",Constellation for optical Earth observation with 3-5m resolution.,
Flock-1e 14,Planet Labs,US,3U,2015-04-14,"Reentered, Operational",Constellation for optical Earth observation with 3-5m resolution.,
AeroCube-8A (IMPACT),Aerospace Corporation,US,1.5U,2015-05-20,"Reentered, Operational, ?",Demonstrate electrospray propulsion system and materials experiments.,
AeroCube-8B (IMPACT),Aerospace Corporation,US,1.5U,2015-05-20,"Reentered, Operational, ?",Demonstrate electrospray propulsion system and materials experiments.,
"BRICSat-P (Ballistic Reinforced Communication Satellite, previously PSat B, ParkinsonSat B, Oscar 83, BRICkSat-1, USNA-11)",US Naval Academy Satellite Lab,US,1.5U,2015-05-20,Was semi-operational,Demonstrate propusion system and maneuvers in space plus APRS transponder.,
"GEARRS 2 (GEARRSAT 2, Globalstar Experiment And Risk Reduction Satellite)",NearSpace Launch,US,3U,2015-05-20,"Was operational, ?",Demonstrate satellite operations through Globalstar network.,
LightSail-A (LightSail 1),The Planetary Society,US,3U,2015-05-20,"Reentered, Was operational",Demonstrate deployment of a solar sail.,
"OptiCube 1 (O/C, Optical CubeSat)",California Polytechnic State University (Cal Poly),US,3U,2015-05-20,Passive,Passive on-orbit target for calibration and orbital debris studies.,
"OptiCube 2 (O/C, Optical CubeSat)",California Polytechnic State University (Cal Poly),US,3U,2015-05-20,Passive,Passive on-orbit target for calibration and orbital debris studies.,
"OptiCube 3 (O/C, Optical CubeSat)",California Polytechnic State University (Cal Poly),US,3U,2015-05-20,Passive,Passive on-orbit target for calibration and orbital debris studies.,
"PSat A (PSat, ParkinsonSat A, UltraSat1?, NO-84, PSAT-1, USNA-7)",US Naval Academy Satellite Lab,US,1.5U,2015-05-20,"Reentered, Operational",Communications transponder for IoT demonstration.,
"USS Langley (Unix Space Server, USNA-10)",US Naval Academy Satellite Lab,US,3U,2015-05-20,No signal,Unix server in space and transponder experiments.,
Flock-1f 1,Planet Labs,US,3U,2015-06-28,Launch failure,Constellation for optical Earth observation with 3-5m resolution.,
Flock-1f 2,Planet Labs,US,3U,2015-06-28,Launch failure,Constellation for optical Earth observation with 3-5m resolution.,
Flock-1f 3,Planet Labs,US,3U,2015-06-28,Launch failure,Constellation for optical Earth observation with 3-5m resolution.,
Flock-1f 4,Planet Labs,US,3U,2015-06-28,Launch failure,Constellation for optical Earth observation with 3-5m resolution.,
Flock-1f 5,Planet Labs,US,3U,2015-06-28,Launch failure,Constellation for optical Earth observation with 3-5m resolution.,
Flock-1f 6,Planet Labs,US,3U,2015-06-28,Launch failure,Constellation for optical Earth observation with 3-5m resolution.,
Flock-1f 7,Planet Labs,US,3U,2015-06-28,Launch failure,Constellation for optical Earth observation with 3-5m resolution.,
Flock-1f 8,Planet Labs,US,3U,2015-06-28,Launch failure,Constellation for optical Earth observation with 3-5m resolution.,
Deorbitsail,EU FP7 consortium,UK,3U,2015-07-10,"Was operational, Semi-operational, ?",Deploy a 5-metre solar sail to demonstrate deorbiting.,
AAUSAT5 (AAUSAT 5),Aalborg University,Denmark,1U,2015-08-19,"Reentered, Operational",Educational training and monitoring ship traffic using a new and improved AIS receiver.,
Flock-2b 1,Planet Labs,US,3U,2015-08-19,"Reentered, Operational",Constellation for optical Earth observation with 3-5m resolution.,
Flock-2b 2,Planet Labs,US,3U,2015-08-19,"Reentered, Operational",Constellation for optical Earth observation with 3-5m resolution.,
Flock-2b 3,Planet Labs,US,3U,2015-08-19,"Reentered, Operational",Constellation for optical Earth observation with 3-5m resolution.,
Flock-2b 4,Planet Labs,US,3U,2015-08-19,"Reentered, Operational",Constellation for optical Earth observation with 3-5m resolution.,
Flock-2b 5,Planet Labs,US,3U,2015-08-19,"Reentered, Operational",Constellation for optical Earth observation with 3-5m resolution.,
Flock-2b 6,Planet Labs,US,3U,2015-08-19,"Reentered, Operational",Constellation for optical Earth observation with 3-5m resolution.,
Flock-2b 7,Planet Labs,US,3U,2015-08-19,"Reentered, Operational",Constellation for optical Earth observation with 3-5m resolution.,
Flock-2b 8,Planet Labs,US,3U,2015-08-19,"Reentered, Operational",Constellation for optical Earth observation with 3-5m resolution.,
Flock-2b 9,Planet Labs,US,3U,2015-08-19,"Reentered, Operational",Constellation for optical Earth observation with 3-5m resolution.,
Flock-2b 10,Planet Labs,US,3U,2015-08-19,"Reentered, Operational",Constellation for optical Earth observation with 3-5m resolution.,
Flock-2b 11,Planet Labs,US,3U,2015-08-19,Returned to Earth,Constellation for optical Earth observation with 3-5m resolution.,
Flock-2b 12,Planet Labs,US,3U,2015-08-19,Returned to Earth,Constellation for optical Earth observation with 3-5m resolution.,
Flock-2b 13,Planet Labs,US,3U,2015-08-19,"Reentered, Operational",Constellation for optical Earth observation with 3-5m resolution.,
Flock-2b 14,Planet Labs,US,3U,2015-08-19,"Reentered, Operational",Constellation for optical Earth observation with 3-5m resolution.,
GOMX-3 (GOMX 3),GomSpace,Denmark,3U,2015-08-19,"Reentered, Operational","Demonstrate attitude control, high-speed downlink SDR and ADS-B.",
"S-CUBE (S3, Shootingstar Sensing Satellite)",Chiba Institute of Technology,Japan,3U,2015-08-19,"Reentered, No signal, ?",Take an image of meteor by a camera to estimate the meteoroid size from brightness.,
SERPENS,SERPENS (Sistema Espacial para Realização de Pesquisa e Experimentos com Nanossatélites) programme university consortium,Brazil,3U,2015-08-19,"Reentered, Operational",Demonstrate store and forward messaging and plasma propulsion.,
"DCBB (CAS 3G, Chinese Amateur Radio Satellite, Zhineng hao shouji weixing, KAITUO 1B)",Shenzhen Aerospace Dongfanghong HIT Satellite Ltd,China,2U,2015-09-19,"Reentered, Was operational, ?",Amateur radio missions with transponders and telemetry downlinks.,
"Dust 1 (XC 1, Xingchen 1, Tiantuo-3, TT-3)",National University of Defense Technology,China,30 g,2015-09-19,"Was operational, ?",Test out inter-satellite communication techniques.,
"Dust 2 (XC 2, Xingchen 2, Tiantuo-3, TT-3)",National University of Defense Technology,China,30 g,2015-09-19,"Was operational, ?",Test out inter-satellite communication techniques.,
"Dust 3 (XC 3, Xingchen 3, Tiantuo-3, TT-3)",National University of Defense Technology,China,30 g,2015-09-19,"Was operational, ?",Test out inter-satellite communication techniques.,
"Dust 4 (XC 4, Xingchen 4, Tiantuo-3, TT-3)",National University of Defense Technology,China,30 g,2015-09-19,"Was operational, ?",Test out inter-satellite communication techniques.,
KJSY 1 (Kongjian Shiyan 1),Tsinghua University,China,0.173 kg,2015-09-19,"Unknown, ?",Test formation flying on tethers and inter-satellite communications and GaN electronic boards in space.,
"LilacSat-2 (Zidingxiang-2, CAS 3H)",Harbin Institute of Technology,China,10 kg,2015-09-19,Operational,"Education, amateur radio communication and technology demonstration.",
"Smart (NUDT-PhoneSat, CAS 3I, Kaituo 1B, KT-1B, Tiantuo-3, TT-3)",National University of Defense Technology,China,1U,2015-09-19,"Reentered, Operational",Phone-satellite for technical experiment purposes. It is planned to be 98x98x7mm dimension.,
"XW-2B (CAS 3B, Chinese Amateur Radio Satellite)",CAMSAT (Chinese Amateur Satellite Group),China,10 kg,2015-09-19,"Operational, Semi-operational, ?",Atmospheric physics experiments and amateur radio missions.,
"XW-2C (CAS 3C, Chinese Amateur Radio Satellite)",CAMSAT (Chinese Amateur Satellite Group),China,10 kg,2015-09-19,"Reentered, Operational, Semi-operational, ?",Atmospheric physics experiments and amateur radio missions.,
"XW-2D (CAS 3D, Chinese Amateur Radio Satellite)",CAMSAT (Chinese Amateur Satellite Group),China,10 kg,2015-09-19,"Reentered, Operational, Semi-operational, ?",Atmospheric physics experiments and amateur radio missions.,
"XW-2E (CAS 3E, Chinese Amateur Radio Satellite)",CAMSAT (Chinese Amateur Satellite Group),China,1.5 kg,2015-09-19,"Reentered, Semi-operational, Was operational",Amateur radio missions with transponders and telemetry downlinks.,
"XW-2F (CAS 3F, Chinese Amateur Radio Satellite)",CAMSAT (Chinese Amateur Satellite Group),China,1.5 kg,2015-09-19,"Reentered, Operational, Semi-operational, ?",Amateur radio missions with transponders and telemetry downlinks.,
"ZJ 1 (Zijing 1, Zijing-1)",Tsinghua University,China,0.234 kg,2015-09-19,"Unknown, ?",Test formation flying on tethers and inter-satellite communications plus camera.,
"TW-1A (STU-2, Shankeda 2, Tianwang-1A, Sat-A, SECM-1, STU-2A)",Shanghai Engineering Centre for Microsatellites (SECM),China,3U,2015-09-25,"Reentered, Operational, ?",Test inter-satellite communication and multiple other technologies.,
"TW-1B (STU-2, NJUST 2, Tianwang-1B, Sat-B, SECM-1, STU-2B)",Shanghai Engineering Centre for Microsatellites (SECM),China,2U,2015-09-25,"Reentered, Was operational",Test inter-satellite communication and multiple other technologies.,
"TW-1C (STU-2, NJFA , Tianwang-1C, Sat-C, SECM-1, STU-2C)",Shanghai Engineering Centre for Microsatellites (SECM),China,2U,2015-09-25,"Reentered, Operational",Test inter-satellite communication and multiple other technologies.,
"exactView-9 (EV-9, EV9)",ExactEarth,Canada,5.5 kg,2015-09-28,"Operational, ?",Operational mission for AIS messages to detect ships.,
"Lemur-2 1 Joel (FM2, Low Earth Multi-Use Receiver )",Spire,US,3U,2015-09-28,"Operational, ?","Constellation for GPS-RO weather data, AIS and ADS-B.",
Lemur-2 2 Peter (FM3),Spire,US,3U,2015-09-28,"Operational, ?","Constellation for GPS-RO weather data, AIS and ADS-B.",
Lemur-2 3 Jeroen (FM4),Spire,US,3U,2015-09-28,"Operational, ?","Constellation for GPS-RO weather data, AIS and ADS-B.",
Lemur-2 4 Chris (FM5),Spire,US,3U,2015-09-28,"Operational, ?","Constellation for GPS-RO weather data, AIS and ADS-B.",
AeroCube-5C,Aerospace Corporation,US,1.5U,2015-10-08,"Unknown, Likely operational, ?",Demonstrate new technologies for pointing and tracking between two identical CubeSats and to demonstrate a deorbit device.,
"Aerocube-7A (OCSD, Optical Communications and Sensor Demonstration, IOCPS-A, Integrated Optical Communications and Proximity Sensors)",Aerospace Corporation,US,1.5U,2015-10-08,"Semi-operational, Was operational",Demonstrate optical communications from a CubeSat.,
ARC-1 (Alaska Research CubeSat),University of Alaska,US,1U,2015-10-08,No signal,Educational training and demonstrate CubeSat platform technologies.,
"BisonSat (Nwist Q̓ʷiq̓ʷáy, SKC)",Salish Kootenai College,US,1U,2015-10-08,Semi-operational,Educational training and camera to study various hydrologic processes.,
"Fox-1A (AMSAT-OSCAR 85, AO-85)",The Radio Amateur Satellite Corporation (AMSAT),US,1U,2015-10-08,Operational,Amateur radio mission with transponder.,
"LMRSTSat (LMRSat , LMRST-Sat, Low Mass Radio Science Transponder - Satellite)",Stanford University,US,2U,2015-10-08,No signal,Far-field source for calibration of the Deep Space Network in X-band.,
"PropCube 1 (Flora, Propagation CubeSat)",Naval Postgraduate School (NPS),US,1U,2015-10-08,Operational,Perform dual frequency ionospheric calibration measurements of ionospheric electron density and irregularities.,
PropCube 3 (Merryweather. Propagation CubeSat),Naval Postgraduate School (NPS),US,1U,2015-10-08,Operational,Perform dual frequency ionospheric calibration measurements of ionospheric electron density and irregularities.,
SINOD-D 1 (SRI International NanoSat Orbital Demonstration),SRI International,US,2U,2015-10-08,"Unknown, Likely operational, ?",High-speed data downlink for via software defined radio.,
SINOD-D 3 (SRI International NanoSat Orbital Demonstration),SRI International,US,2U,2015-10-08,"Unknown, Likely operational, ?",High-speed data downlink for via software defined radio.,
SNaP-3 A ALICE ((Space and Missile Defense Command Nano-Satellite-3),US Army Space and Missile Defense Command,US,3U,2015-10-08,Was operational,Related to the SMDC NAnosatellite Program (SNaP) - Joint Capabilities Technology Demonstrations.,
SNaP-3 B EDDIE ((Space and Missile Defense Command Nano-Satellite-3),US Army Space and Missile Defense Command,US,3U,2015-10-08,Was operational,Related to the SMDC NAnosatellite Program (SNaP) - Joint Capabilities Technology Demonstrations.,
SNAP-3 C JIMI (Space and Missile Defense Command Nano-Satellite-3),US Army Space and Missile Defense Command,US,3U,2015-10-08,Was operational,Related to the SMDC NAnosatellite Program (SNaP) - Joint Capabilities Technology Demonstrations.,
Argus (SLU-02),Saint Louis University,US,2U,2015-11-04,Launch failure,Improve the ability to model the effects of space radiation on modern electronics.,
EDSN 1 (Edison Demonstration of Smallsat Networks),NASA Ames Research Center,US,1.5U,2015-11-04,Launch failure,Demonstrate inter-satellite communications.,
EDSN 2 (Edison Demonstration of Smallsat Networks),NASA Ames Research Center,US,1.5U,2015-11-04,Launch failure,Demonstrate inter-satellite communications.,
EDSN 3 (Edison Demonstration of Smallsat Networks),NASA Ames Research Center,US,1.5U,2015-11-04,Launch failure,Demonstrate inter-satellite communications.,
EDSN 4 (Edison Demonstration of Smallsat Networks),NASA Ames Research Center,US,1.5U,2015-11-04,Launch failure,Demonstrate inter-satellite communications.,
EDSN 5 (Edison Demonstration of Smallsat Networks),NASA Ames Research Center,US,1.5U,2015-11-04,Launch failure,Demonstrate inter-satellite communications.,
EDSN 6 (Edison Demonstration of Smallsat Networks),NASA Ames Research Center,US,1.5U,2015-11-04,Launch failure,Demonstrate inter-satellite communications.,
EDSN 7 (Edison Demonstration of Smallsat Networks),NASA Ames Research Center,US,1.5U,2015-11-04,Launch failure,Demonstrate inter-satellite communications.,
EDSN 8 (Edison Demonstration of Smallsat Networks),NASA Ames Research Center,US,1.5U,2015-11-04,Launch failure,Demonstrate inter-satellite communications.,
PrintSat,Montana State University,US,1U,2015-11-04,Launch failure,Demonstrate inter-satellite communications.,
STACEM,Utah State University,US,3U,2015-11-04,Launch failure,Demonstrate camera to collect imagery in visible and hyperspectral.,
"SUPERNOVA-BETA (TechSat I, TechSat 1)",Pumpkin,US,6U,2015-11-04,Launch failure,Demonstrate CubeSat platform technologues.,
"BEVO 2 (Bevo-2, LONESTAR)",University of Texas at Austin,US,3U,2015-12-06,"No signal, Reentered",Demonstratine Autonomous Rendezvous and Docking (ARD) technology.,
CADRE (CubeSat investigating Atmospheric Density Response to Extreme driving),University of Michigan,US,3U,2015-12-06,"Reentered, No signal",Flight-test low-cost dual-frequency GPS to measure atmospheric and ionospheric total electron content.,
Flock-2e 1,Planet Labs,US,3U,2015-12-06,"Reentered, Operational",Constellation for optical Earth observation with 3-5m resolution.,
Flock-2e 2,Planet Labs,US,3U,2015-12-06,"Reentered, Operational",Constellation for optical Earth observation with 3-5m resolution.,
Flock-2e 3,Planet Labs,US,3U,2015-12-06,"Reentered, Operational",Constellation for optical Earth observation with 3-5m resolution.,
Flock-2e 4,Planet Labs,US,3U,2015-12-06,"Reentered, Operational",Constellation for optical Earth observation with 3-5m resolution.,
Flock-2e 5,Planet Labs,US,3U,2015-12-06,"Reentered, Operational",Constellation for optical Earth observation with 3-5m resolution.,
Flock-2e 6,Planet Labs,US,3U,2015-12-06,"Reentered, Operational",Constellation for optical Earth observation with 3-5m resolution.,
Flock-2e 7,Planet Labs,US,3U,2015-12-06,"Reentered, Operational",Constellation for optical Earth observation with 3-5m resolution.,
Flock-2e 8,Planet Labs,US,3U,2015-12-06,"Reentered, Operational",Constellation for optical Earth observation with 3-5m resolution.,
Flock-2e 9,Planet Labs,US,3U,2015-12-06,"Reentered, Operational",Constellation for optical Earth observation with 3-5m resolution.,
Flock-2e 10,Planet Labs,US,3U,2015-12-06,"Reentered, Operational",Constellation for optical Earth observation with 3-5m resolution.,
Flock-2e 11,Planet Labs,US,3U,2015-12-06,"Reentered, Operational",Constellation for optical Earth observation with 3-5m resolution.,
Flock-2e 12,Planet Labs,US,3U,2015-12-06,"Reentered, Operational",Constellation for optical Earth observation with 3-5m resolution.,
MinXSS (Miniature X-ray Solar Spectrometer CubeSat),University of Colorado Boulder,US,3U,2015-12-06,"Reentered, Operational",Measure the intensity of the soft x-ray spectrum from 0.6 keV (20Å) to 25 keV (0.5Å).,
"Nodes J (Nodes B, Nodes 2)",NASA Ames Research Center,US,1.5U,2015-12-06,"Reentered, Was operational",Technology demonstration of a pair of CubeSats with advanced cross-link and downlink communications capability.,
"Nodes K (NODes 1, Nodes 1, Nodes A)",NASA Ames Research Center,US,1.5U,2015-12-06,"Reentered, Was operational",Technology demonstration of a pair of CubeSats with advanced cross-link and downlink communications capability.,
SNAPS (Stanford Nano Picture Satellite),Stanford University,US,0.25U,2015-12-06,"Reentered, On spacecraft, ?",Image other CubeSats autonomously and demonstrate CubeSat platform technologies.,
"STMSat-1 (STM CubeSat, St. Thomas More Cathedral School)",St. Thomas More Cathedral School,US,1U,2015-12-06,"Reentered, No signal",Educational mission and take photos of Earth.,
Athenoxat-1,Microspace,Italy,3U,2015-12-16,"Reentered, Operational",Demonstrate the functionality of night vision optical payload.,
Galassia,National University of Singapore,Singapore,2U,2015-12-16,"Reentered, Operational",Educational traiming and measure total electron count and photon-entangling payload.,
VELOX-II (VELOX 2),Nanyang Technological University,Singapore,6U,2015-12-16,"Reentered, Was operational, Semi-operational, ?",Demonstrate data transmission via Inmarsat geostationary communications satellite.,
"HORYU-4 (AEGIS, HORYU-IV)",Kyushu Institute of Technology,Japan,10 kg,2016-02-17,"Semi-operational, Was operational, ?",Test experimental high-voltage solar array and observing corresponding spacecraft charging effects on the satellite.,
Flock-2e' 1,Planet Labs,US,3U,2016-03-23,"Reentered, Operational",Constellation for optical Earth observation with 3-5m resolution.,
Flock-2e' 2,Planet Labs,US,3U,2016-03-23,"Reentered, Operational",Constellation for optical Earth observation with 3-5m resolution.,
Flock-2e' 3,Planet Labs,US,3U,2016-03-23,"Reentered, Operational",Constellation for optical Earth observation with 3-5m resolution.,
Flock-2e' 4,Planet Labs,US,3U,2016-03-23,"Reentered, Operational",Constellation for optical Earth observation with 3-5m resolution.,
Flock-2e' 5,Planet Labs,US,3U,2016-03-23,"Reentered, Operational",Constellation for optical Earth observation with 3-5m resolution.,
Flock-2e' 6,Planet Labs,US,3U,2016-03-23,"Reentered, Operational",Constellation for optical Earth observation with 3-5m resolution.,
Flock-2e' 7,Planet Labs,US,3U,2016-03-23,"Reentered, Operational",Constellation for optical Earth observation with 3-5m resolution.,
Flock-2e' 8,Planet Labs,US,3U,2016-03-23,"Reentered, Operational",Constellation for optical Earth observation with 3-5m resolution.,
Flock-2e' 9,Planet Labs,US,3U,2016-03-23,"Reentered, Operational",Constellation for optical Earth observation with 3-5m resolution.,
Flock-2e' 10,Planet Labs,US,3U,2016-03-23,"Reentered, Operational",Constellation for optical Earth observation with 3-5m resolution.,
Flock-2e' 11,Planet Labs,US,3U,2016-03-23,"Reentered, Operational",Constellation for optical Earth observation with 3-5m resolution.,
Flock-2e' 12,Planet Labs,US,3U,2016-03-23,"Reentered, Operational",Constellation for optical Earth observation with 3-5m resolution.,
Flock-2e' 13,Planet Labs,US,3U,2016-03-23,"Reentered, Operational",Constellation for optical Earth observation with 3-5m resolution.,
Flock-2e' 14,Planet Labs,US,3U,2016-03-23,"Reentered, Operational",Constellation for optical Earth observation with 3-5m resolution.,
Flock-2e' 15,Planet Labs,US,3U,2016-03-23,"Reentered, Operational",Constellation for optical Earth observation with 3-5m resolution.,
Flock-2e' 16,Planet Labs,US,3U,2016-03-23,"Reentered, Operational",Constellation for optical Earth observation with 3-5m resolution.,
Flock-2e' 17,Planet Labs,US,3U,2016-03-23,"Reentered, Operational",Constellation for optical Earth observation with 3-5m resolution.,
Flock-2e' 18,Planet Labs,US,3U,2016-03-23,"Reentered, Operational",Constellation for optical Earth observation with 3-5m resolution.,
Flock-2e' 19,Planet Labs,US,3U,2016-03-23,"Reentered, Operational",Constellation for optical Earth observation with 3-5m resolution.,
Flock-2e' 20,Planet Labs,US,3U,2016-03-23,"Reentered, Operational",Constellation for optical Earth observation with 3-5m resolution.,
Lemur-2 5 Theresacondor (FM6),Spire,US,3U,2016-03-23,"Reentered, Operational","Constellation for GPS-RO weather data, AIS and ADS-B.",
Lemur-2 6 Kane (FM7),Spire,US,3U,2016-03-23,"Reentered, Operational","Constellation for GPS-RO weather data, AIS and ADS-B.",
Lemur-2 7 Nick-Allain (FM8),Spire,US,3U,2016-03-23,"Reentered, Operational","Constellation for GPS-RO weather data, AIS and ADS-B.",
Lemur-2 8 Jeff (FM9),Spire,US,3U,2016-03-23,"Reentered, Operational","Constellation for GPS-RO weather data, AIS and ADS-B.",
Lemur-2 9 Cubecheese (FM10),Spire,US,3U,2016-03-23,"Reentered, Operational","Constellation for GPS-RO weather data, AIS and ADS-B.",
Lemur-2 10 DrMuzz (FM11),Spire,US,3U,2016-03-23,"Reentered, Operational","Constellation for GPS-RO weather data, AIS and ADS-B.",
Lemur-2 11 Bridgeman (FM12),Spire,US,3U,2016-03-23,"Reentered, Operational","Constellation for GPS-RO weather data, AIS and ADS-B.",
Lemur-2 12 Nate (FM13),Spire,US,3U,2016-03-23,"Reentered, Operational","Constellation for GPS-RO weather data, AIS and ADS-B.",
Lemur-2 13 Beccadewey (FM14),Spire,US,3U,2016-03-23,"Reentered, Deployment failure","Constellation for GPS-RO weather data, AIS and ADS-B.",
Tomsk-TPU 120 (Tomsk-TPU-120),Tomsk Polytechnic University,Russia,3U,2016-03-31,"Reentered, Was operational",Test new space materials and will be the first space with a 3D-printed structure.,
AAUSAT4 (AAUSAT-4),Aalborg University,Denmark,1U,2016-04-25,"Reentered, Operational",Educational training and test improved AIS receiver.,
e-st@r-II (e-star-ii),Politecnico di Torino,Italy,1U,2016-04-25,"Reentered, Semi-operational, Was operational, ?",Educational training and demonstrate ADCS technologies.,
OUFTI-1,University of Liège,Belgium,1U,2016-04-25,"Reentered, Was operational, Semi-operational",Test the use of the D-STAR communication protocol in space.,
SamSat-218/D (Kontact-Nanosputnik),Samara University,Russia,3U,2016-04-28,"Reentered, Semi-operational, ?",Demonstration of navigation and control technologies.,
BEESAT-4 (BEESAT 4),Technical University of Berlin,Germany,1U,2016-06-22,"Reentered, Operational",Educational training and demonstrate CubeSat platform technologies plus camera.,
Flock-2p 1,Planet Labs,US,3U,2016-06-22,"Reentered, Operational",Constellation for optical Earth observation with 3-5m resolution.,
Flock-2p 2,Planet Labs,US,3U,2016-06-22,"Reentered, Operational",Constellation for optical Earth observation with 3-5m resolution.,
Flock-2p 3,Planet Labs,US,3U,2016-06-22,"Reentered, Operational",Constellation for optical Earth observation with 3-5m resolution.,
Flock-2p 4,Planet Labs,US,3U,2016-06-22,"Reentered, Operational",Constellation for optical Earth observation with 3-5m resolution.,
Flock-2p 5,Planet Labs,US,3U,2016-06-22,"Reentered, Operational",Constellation for optical Earth observation with 3-5m resolution.,
Flock-2p 6,Planet Labs,US,3U,2016-06-22,"Reentered, Operational",Constellation for optical Earth observation with 3-5m resolution.,
Flock-2p 7,Planet Labs,US,3U,2016-06-22,"Reentered, Operational",Constellation for optical Earth observation with 3-5m resolution.,
Flock-2p 8,Planet Labs,US,3U,2016-06-22,"Reentered, Operational",Constellation for optical Earth observation with 3-5m resolution.,
Flock-2p 9,Planet Labs,US,3U,2016-06-22,"Reentered, Operational",Constellation for optical Earth observation with 3-5m resolution.,
Flock-2p 10,Planet Labs,US,3U,2016-06-22,"Reentered, Operational",Constellation for optical Earth observation with 3-5m resolution.,
Flock-2p 11,Planet Labs,US,3U,2016-06-22,"Reentered, Operational",Constellation for optical Earth observation with 3-5m resolution.,
Flock-2p 12,Planet Labs,US,3U,2016-06-22,"Reentered, Operational",Constellation for optical Earth observation with 3-5m resolution.,
"Sathyabamasat (SNSAT, SB Sat)",Sathyabama University,India,2U,2016-06-22,"Reentered, Was operational",Measure the densities of the green house gases using ARGUS 1000 IR Spectrometer.,
Swayam COEP,"College of Engineering, Pune",India,1U,2016-06-22,"Reentered, Was operational, Semi-operational, ?",Educational mission to develop CubeSat technologies and amateur radio mission.,
"Aoxiang Zhixing (Star of Aoxiang, SAOX, AX-1)",Northwestern Polytechnical University,China,12U,2016-06-25,"Reentered, Operational",Demonstrate first 12U CubeSat platform and using polarized sunlight.,
"3CAT-2 (3CAT2, CubeCat-2)","Polytechnic University of Catalonia (UPC, BarcelonaTECH)",Spain,6U,2016-08-15,"Reentered, Was operational",Perform ocean altimetry by means of Global Navigation Satellite Systems Reflectometry (GNSS-R).,
"ALSAT-Nano (Alsat-1B, AlSat-1N, ALSAT 1N, AISAT-Nano)",UK Space Agency,UK,3U,2016-09-26,Operational,Educational training and demonstrate thin-film solar cells.,
CanX-7,Space Flight Laboratory,Canada,3U,2016-09-26,"Reentered, Operational",Demonstrate deployable drag sail.,
PISat (PESIT Imaging Satellite),PES Institute of Technology,India,5.3 kg,2016-09-26,Was operational,Educational training and camera payload.,
Pratham,"Indian Institute of Technology, Bombay",India,10 kg,2016-09-26,Was semi-operational,Educational training and measure total electron count of the ionosphere.,
Lemur-2 14 Sokolsky (FM15),Spire,US,3U,2016-10-17,"Reentered, Operational","Constellation for GPS-RO weather data, AIS and ADS-B.",
Lemur-2 15 Xiaoqing (FM16),Spire,US,3U,2016-10-17,"Reentered, Operational","Constellation for GPS-RO weather data, AIS and ADS-B.",
Lemur-2 16 Anubhavthakur (FM17),Spire,US,3U,2016-10-17,"Reentered, Operational, ?","Constellation for GPS-RO weather data, AIS and ADS-B.",
Lemur-2 17 Wingo (FM18),Spire,US,3U,2016-10-17,"Reentered, Operational","Constellation for GPS-RO weather data, AIS and ADS-B.",
"CAS 2T (Chinese Amateur Radio Satellite 2T, Fengtai-1, CAS-2T)",CAMSAT (Chinese Amateur Satellite Group),China,2U,2016-11-09,Semi-operational,FM transponder.,
Lishui-1 (Lishui 1-01),Zhejiang Lizhui Electronic Technology Co,China,3U,2016-11-09,"Reentered, Unknown",Prototype of a commercial remote sensing satellites.,
"XX-1 (Xiaoxiang 1, XX1, TY-1, Tianji-1)",Spacety,China,6U,2016-11-09,"Reentered, Was operational",Stabilized camera system.,
AeroCube-8C (IMPACT),Aerospace Corporation,US,1.5U,2016-11-11,"Operational, ?",Demonstrate scalable ion-electrospray propulsion system and materials experiments.,
AeroCube-8D (IMPACT),Aerospace Corporation,US,1.5U,2016-11-11,"Operational, ?",Demonstrate scalable ion-electrospray propulsion system and materials experiments.,
CELTEE 1,Air Force Research Laboratory (AFRL),US,1U,2016-11-11,"Unknown, Likely operational, ?",Evaluate the performance of M42 Techs Enhanced Location Transponder (ELT).,
"OptiCube 4 (O/C, Optical CubeSat)",California Polytechnic State University (Cal Poly),US,2U,2016-11-11,Passive,Passive on-orbit target for calibration and orbital debris studies.,
Prometheus 2.1,USSOCOM (US Special Operations Command),US,1.5U,2016-11-11,"Unknown, Likely operational, ?",Demonstrate improved CubeSat platform.,
Prometheus 2.3,USSOCOM (US Special Operations Command),US,1.5U,2016-11-11,"Unknown, Likely operational, ?",Demonstrate improved CubeSat platform.,
"RAVAN XB3 (Radiometer Assessment Using Vertical Aligned Nanotubes, Ravan XB-3)",Johns Hopkins APL,US,3U,2016-11-11,"Operational, ?",Measure the absolute imbalance in the Earth's radiation budget using radiometer.,
Aoba-Velox-III (VELOX-III),Kyushu Institute of Technology,Japan,2U,2016-12-09,"Reentered, Operational",Demonstrate pulsed plasma thruster and internal Bluetooth communication.,
EGG (re-Entry satellite with Gossamer aeroshell and Gps/Iridium),University of Tokyo,Japan,3U,2016-12-09,"Reentered, Operational",Test a deployable gossamer 60 cm aeroshell for reentry.,
FREEDOM,Tohoku University,Japan,1U,2016-12-09,"Reentered, Operational",Test deployment of 1 x 1.5m membrane for deorbiting.,
"ITF-2 (Imagine The Future 2, Yui 2, TO 89, Tsukuba-OSCAR 89)",University of Tsukuba,Japan,1U,2016-12-09,"Reentered, Was operational, Semi-operational",Amateur radio communications and small antenna.,
Lemur-2 18 Trutna (FM19),Spire,US,3U,2016-12-09,"Reentered, Operational","Constellation for GPS-RO weather data, AIS and ADS-B.",
Lemur-2 19 TrutnaHD (FM20),Spire,US,3U,2016-12-09,"Reentered, Operational","Constellation for GPS-RO weather data, AIS and ADS-B.",
Lemur-2 20 Austintacious (FM21),Spire,US,3U,2016-12-09,"Reentered, Operational","Constellation for GPS-RO weather data, AIS and ADS-B.",
Lemur-2 21 Redfern-Goes (FM22),Spire,US,3U,2016-12-09,"Reentered, Operational","Constellation for GPS-RO weather data, AIS and ADS-B.",
"OSNSAT (OSNSat, Open Space Network Satellite)",Open Space Network,US,TubeSat,2016-12-09,"Reentered, No signal",TubeSat based on the IOS TubeSat Personal Satellite Kit.,
"STARS-C Koki (STARS-III Daughter, Hagoromo)",Shizuoka University,Japan,1U,2016-12-09,"Reentered, Operational",Demonstration of tethered satellites for future space elevator.,
"STARS-C Oyaki (STARS-III Mother, Hagoromo)",Shizuoka University,Japan,1U,2016-12-09,"Reentered, Operational",Demonstration of tethered satellites for future space elevator.,
Tancredo 1,Presidente Tancredo de Almeida Neves,Brazil,TubeSat,2016-12-09,"Reentered, Was operational",One of the first TubeSats for educational training.,
"TechEdSat-5 (PhoneSat 5, TES-5)",NASA Ames Research Center,US,3.5U,2016-12-09,"Reentered, Semi-operational",Demonstrate deployable device for precise deorbiting.,
TuPOD,GAUSS,Italy,3U,2016-12-09,"Reentered, Was operational",Deploy 2 TubeSats and Morse code transmissions.,
Waseda-SAT3 (WasedaSat-3),Waseda University,Japan,1U,2016-12-09,"Reentered, No signal",Deploy a ultra light drag chute for accelerated deorbiting.,
"BY-1 (BY70-1, Bayi Kepu Weixing 1, ZG2U, BY 1)",China Center for Aerospace Science and Technology,China,2U,2016-12-28,"Reentered, Operational",Amateur radio missions.,
Kaidun 1 (Caton 1),Beijing Kaidun Universal Technology,China,2U,2017-01-09,Was operational,Test a VHF Data Exchange System (VDES) for communications via the Inmarsat satellite system.,
"XY S1 (Xingyun Shiyan 1, Dong Fang Hong 166, XY S 1)",Northwestern Polytechnical University,China,2U,2017-01-09,"Reentered, Unknown",Test L-band narrow-band communications. Demonstration for Xingyun / Hongyun constellation.,
TRICOM 1,University of Tokyo,Japan,3U,2017-01-14,Launch failure,Take pictures of the Earth.,
Al-Farabi 1,Al-Farabi Kazak National University,Kazakhstan,2U,2017-02-15,"Reentered, No signal",Demonstrate CubeSat platform technologies and take photos of Earth.,
BGUSat (NEGEVSAT),Ben Gurion University Satellite,Israel,3U,2017-02-15,"Reentered, Operational","First educational satellite. VGA Camera, ADCS.",
"DIDO-2 (SpacePharma, Chen Jiayong 1, Chen Jiayi, Chenjiayi-1)",SpacePharma,Israel,3U,2017-02-15,"Reentered, Operational, ?",Carry the first generation of their mGnify lab to conduct biochemical experiments in microgravity.,
Flock-3p 1,Planet Labs,US,3U,2017-02-15,"Reentered, Operational",Constellation for optical Earth observation with 3-5m resolution.,
Flock-3p 2,Planet Labs,US,3U,2017-02-15,"Reentered, Operational",Constellation for optical Earth observation with 3-5m resolution.,
Flock-3p 3,Planet Labs,US,3U,2017-02-15,"Reentered, Operational",Constellation for optical Earth observation with 3-5m resolution.,
Flock-3p 4,Planet Labs,US,3U,2017-02-15,"Reentered, Operational",Constellation for optical Earth observation with 3-5m resolution.,
Flock-3p 5,Planet Labs,US,3U,2017-02-15,"Reentered, Operational",Constellation for optical Earth observation with 3-5m resolution.,
Flock-3p 6,Planet Labs,US,3U,2017-02-15,"Reentered, Operational",Constellation for optical Earth observation with 3-5m resolution.,
Flock-3p 7,Planet Labs,US,3U,2017-02-15,"Reentered, Operational",Constellation for optical Earth observation with 3-5m resolution.,
Flock-3p 8,Planet Labs,US,3U,2017-02-15,"Reentered, Operational",Constellation for optical Earth observation with 3-5m resolution.,
Flock-3p 9,Planet Labs,US,3U,2017-02-15,"Reentered, Operational",Constellation for optical Earth observation with 3-5m resolution.,
Flock-3p 10,Planet Labs,US,3U,2017-02-15,"Reentered, Operational",Constellation for optical Earth observation with 3-5m resolution.,
Flock-3p 11,Planet Labs,US,3U,2017-02-15,"Reentered, Operational",Constellation for optical Earth observation with 3-5m resolution.,
Flock-3p 12,Planet Labs,US,3U,2017-02-15,"Reentered, Operational",Constellation for optical Earth observation with 3-5m resolution.,
Flock-3p 13,Planet Labs,US,3U,2017-02-15,"Reentered, Operational",Constellation for optical Earth observation with 3-5m resolution.,
Flock-3p 14,Planet Labs,US,3U,2017-02-15,"Reentered, Operational",Constellation for optical Earth observation with 3-5m resolution.,
Flock-3p 15,Planet Labs,US,3U,2017-02-15,"Reentered, Operational",Constellation for optical Earth observation with 3-5m resolution.,
Flock-3p 16,Planet Labs,US,3U,2017-02-15,"Reentered, Operational",Constellation for optical Earth observation with 3-5m resolution.,
Flock-3p 17,Planet Labs,US,3U,2017-02-15,"Reentered, Operational",Constellation for optical Earth observation with 3-5m resolution.,
Flock-3p 18,Planet Labs,US,3U,2017-02-15,"Reentered, Operational",Constellation for optical Earth observation with 3-5m resolution.,
Flock-3p 19,Planet Labs,US,3U,2017-02-15,"Reentered, Operational",Constellation for optical Earth observation with 3-5m resolution.,
Flock-3p 20,Planet Labs,US,3U,2017-02-15,"Reentered, Operational",Constellation for optical Earth observation with 3-5m resolution.,
Flock-3p 21,Planet Labs,US,3U,2017-02-15,"Reentered, Operational",Constellation for optical Earth observation with 3-5m resolution.,
Flock-3p 22,Planet Labs,US,3U,2017-02-15,"Reentered, Operational",Constellation for optical Earth observation with 3-5m resolution.,
Flock-3p 23,Planet Labs,US,3U,2017-02-15,"Reentered, Operational",Constellation for optical Earth observation with 3-5m resolution.,
Flock-3p 24,Planet Labs,US,3U,2017-02-15,"Reentered, Operational",Constellation for optical Earth observation with 3-5m resolution.,
Flock-3p 25,Planet Labs,US,3U,2017-02-15,"Reentered, Operational",Constellation for optical Earth observation with 3-5m resolution.,
Flock-3p 26,Planet Labs,US,3U,2017-02-15,"Reentered, Operational",Constellation for optical Earth observation with 3-5m resolution.,
Flock-3p 27,Planet Labs,US,3U,2017-02-15,"Reentered, Operational",Constellation for optical Earth observation with 3-5m resolution.,
Flock-3p 28,Planet Labs,US,3U,2017-02-15,"Reentered, Operational",Constellation for optical Earth observation with 3-5m resolution.,
Flock-3p 29,Planet Labs,US,3U,2017-02-15,"Reentered, Operational",Constellation for optical Earth observation with 3-5m resolution.,
Flock-3p 30,Planet Labs,US,3U,2017-02-15,"Reentered, Was operational, Retired",Constellation for optical Earth observation with 3-5m resolution.,
Flock-3p 31,Planet Labs,US,3U,2017-02-15,"Reentered, Was operational, Retired",Constellation for optical Earth observation with 3-5m resolution.,
Flock-3p 32,Planet Labs,US,3U,2017-02-15,"Reentered, Operational",Constellation for optical Earth observation with 3-5m resolution.,
Flock-3p 33,Planet Labs,US,3U,2017-02-15,"Reentered, Operational",Constellation for optical Earth observation with 3-5m resolution.,
Flock-3p 34,Planet Labs,US,3U,2017-02-15,"Reentered, Operational",Constellation for optical Earth observation with 3-5m resolution.,
Flock-3p 35,Planet Labs,US,3U,2017-02-15,"Reentered, Operational",Constellation for optical Earth observation with 3-5m resolution.,
Flock-3p 36,Planet Labs,US,3U,2017-02-15,"Reentered, Operational",Constellation for optical Earth observation with 3-5m resolution.,
Flock-3p 37,Planet Labs,US,3U,2017-02-15,"Reentered, Operational",Constellation for optical Earth observation with 3-5m resolution.,
Flock-3p 38,Planet Labs,US,3U,2017-02-15,"Reentered, Operational",Constellation for optical Earth observation with 3-5m resolution.,
Flock-3p 39,Planet Labs,US,3U,2017-02-15,"Reentered, Operational",Constellation for optical Earth observation with 3-5m resolution.,
Flock-3p 40,Planet Labs,US,3U,2017-02-15,"Reentered, Operational",Constellation for optical Earth observation with 3-5m resolution.,
Flock-3p 41,Planet Labs,US,3U,2017-02-15,"Reentered, Operational",Constellation for optical Earth observation with 3-5m resolution.,
Flock-3p 42,Planet Labs,US,3U,2017-02-15,"Reentered, Operational",Constellation for optical Earth observation with 3-5m resolution.,
Flock-3p 43,Planet Labs,US,3U,2017-02-15,"Reentered, Operational",Constellation for optical Earth observation with 3-5m resolution.,
Flock-3p 44,Planet Labs,US,3U,2017-02-15,"Reentered, Operational",Constellation for optical Earth observation with 3-5m resolution.,
Flock-3p 45,Planet Labs,US,3U,2017-02-15,"Reentered, Operational",Constellation for optical Earth observation with 3-5m resolution.,
Flock-3p 46,Planet Labs,US,3U,2017-02-15,"Reentered, Operational",Constellation for optical Earth observation with 3-5m resolution.,
Flock-3p 47,Planet Labs,US,3U,2017-02-15,"Reentered, Operational",Constellation for optical Earth observation with 3-5m resolution.,
Flock-3p 48,Planet Labs,US,3U,2017-02-15,"Reentered, Operational",Constellation for optical Earth observation with 3-5m resolution.,
Flock-3p 49,Planet Labs,US,3U,2017-02-15,"Reentered, Operational",Constellation for optical Earth observation with 3-5m resolution.,
Flock-3p 50,Planet Labs,US,3U,2017-02-15,"Reentered, Operational",Constellation for optical Earth observation with 3-5m resolution.,
Flock-3p 51,Planet Labs,US,3U,2017-02-15,"Reentered, Operational",Constellation for optical Earth observation with 3-5m resolution.,
Flock-3p 52,Planet Labs,US,3U,2017-02-15,"Reentered, Operational",Constellation for optical Earth observation with 3-5m resolution.,
Flock-3p 53,Planet Labs,US,3U,2017-02-15,"Reentered, Operational",Constellation for optical Earth observation with 3-5m resolution.,
Flock-3p 54,Planet Labs,US,3U,2017-02-15,"Reentered, Operational",Constellation for optical Earth observation with 3-5m resolution.,
Flock-3p 55,Planet Labs,US,3U,2017-02-15,"Reentered, Operational",Constellation for optical Earth observation with 3-5m resolution.,
Flock-3p 56,Planet Labs,US,3U,2017-02-15,"Reentered, Operational",Constellation for optical Earth observation with 3-5m resolution.,
Flock-3p 57,Planet Labs,US,3U,2017-02-15,"Reentered, Operational",Constellation for optical Earth observation with 3-5m resolution.,
Flock-3p 58,Planet Labs,US,3U,2017-02-15,"Reentered, Operational",Constellation for optical Earth observation with 3-5m resolution.,
Flock-3p 59,Planet Labs,US,3U,2017-02-15,"Reentered, Operational",Constellation for optical Earth observation with 3-5m resolution.,
Flock-3p 60,Planet Labs,US,3U,2017-02-15,"Reentered, Operational",Constellation for optical Earth observation with 3-5m resolution.,
Flock-3p 61,Planet Labs,US,3U,2017-02-15,"Reentered, Operational",Constellation for optical Earth observation with 3-5m resolution.,
Flock-3p 62,Planet Labs,US,3U,2017-02-15,"Reentered, Operational",Constellation for optical Earth observation with 3-5m resolution.,
Flock-3p 63,Planet Labs,US,3U,2017-02-15,"Reentered, Operational",Constellation for optical Earth observation with 3-5m resolution.,
Flock-3p 64,Planet Labs,US,3U,2017-02-15,"Reentered, Operational",Constellation for optical Earth observation with 3-5m resolution.,
Flock-3p 65,Planet Labs,US,3U,2017-02-15,"Reentered, Operational",Constellation for optical Earth observation with 3-5m resolution.,
Flock-3p 66,Planet Labs,US,3U,2017-02-15,"Reentered, Operational",Constellation for optical Earth observation with 3-5m resolution.,
Flock-3p 67,Planet Labs,US,3U,2017-02-15,"Reentered, Operational",Constellation for optical Earth observation with 3-5m resolution.,
Flock-3p 68,Planet Labs,US,3U,2017-02-15,"Reentered, Operational",Constellation for optical Earth observation with 3-5m resolution.,
Flock-3p 69,Planet Labs,US,3U,2017-02-15,"Reentered, Operational",Constellation for optical Earth observation with 3-5m resolution.,
Flock-3p 70,Planet Labs,US,3U,2017-02-15,"Reentered, Operational",Constellation for optical Earth observation with 3-5m resolution.,
Flock-3p 71,Planet Labs,US,3U,2017-02-15,"Reentered, Operational",Constellation for optical Earth observation with 3-5m resolution.,
Flock-3p 72,Planet Labs,US,3U,2017-02-15,"Reentered, Operational",Constellation for optical Earth observation with 3-5m resolution.,
Flock-3p 73,Planet Labs,US,3U,2017-02-15,"Reentered, Operational",Constellation for optical Earth observation with 3-5m resolution.,
Flock-3p 74,Planet Labs,US,3U,2017-02-15,"Reentered, Operational",Constellation for optical Earth observation with 3-5m resolution.,
Flock-3p 75,Planet Labs,US,3U,2017-02-15,"Reentered, Operational",Constellation for optical Earth observation with 3-5m resolution.,
Flock-3p 76,Planet Labs,US,3U,2017-02-15,"Reentered, Operational",Constellation for optical Earth observation with 3-5m resolution.,
Flock-3p 77,Planet Labs,US,3U,2017-02-15,"Reentered, Operational",Constellation for optical Earth observation with 3-5m resolution.,
Flock-3p 78,Planet Labs,US,3U,2017-02-15,"Reentered, Operational",Constellation for optical Earth observation with 3-5m resolution.,
Flock-3p 79,Planet Labs,US,3U,2017-02-15,"Reentered, Operational",Constellation for optical Earth observation with 3-5m resolution.,
Flock-3p 80,Planet Labs,US,3U,2017-02-15,"Reentered, Operational",Constellation for optical Earth observation with 3-5m resolution.,
Flock-3p 81,Planet Labs,US,3U,2017-02-15,"Reentered, Operational",Constellation for optical Earth observation with 3-5m resolution.,
Flock-3p 82,Planet Labs,US,3U,2017-02-15,"Reentered, Operational",Constellation for optical Earth observation with 3-5m resolution.,
Flock-3p 83,Planet Labs,US,3U,2017-02-15,"Reentered, Operational",Constellation for optical Earth observation with 3-5m resolution.,
Flock-3p 84,Planet Labs,US,3U,2017-02-15,"Reentered, Operational",Constellation for optical Earth observation with 3-5m resolution.,
Flock-3p 85,Planet Labs,US,3U,2017-02-15,"Reentered, Operational",Constellation for optical Earth observation with 3-5m resolution.,
Flock-3p 86,Planet Labs,US,3U,2017-02-15,"Reentered, Operational",Constellation for optical Earth observation with 3-5m resolution.,
Flock-3p 87,Planet Labs,US,3U,2017-02-15,"Reentered, Operational",Constellation for optical Earth observation with 3-5m resolution.,
Flock-3p 88,Planet Labs,US,3U,2017-02-15,"Reentered, Operational",Constellation for optical Earth observation with 3-5m resolution.,
INS 1A (ISRO Nanosatellite),ISRO,India,8.4 kg,2017-02-15,"Reentered, Unknown",Radiometer to measure reflected sunlight from Earth and Single Event Upsets monitor.,
INS 1B (ISRO Nanosatellite),ISRO,India,9.7 kg,2017-02-15,"Reentered, Unknown",Radiometer to measure reflected sunlight from Earth and Single Event Upsets monitor.,
Lemur-2 22 Jobanputra (FM23),Spire,US,3U,2017-02-15,"Reentered, Operational","Constellation for GPS-RO weather data, AIS and ADS-B.",
Lemur-2 23 Spire-Minions (FM24),Spire,US,3U,2017-02-15,"Reentered, Operational","Constellation for GPS-RO weather data, AIS and ADS-B.",
Lemur-2 24 Satchmo (FM25),Spire,US,3U,2017-02-15,"Reentered, Operational","Constellation for GPS-RO weather data, AIS and ADS-B.",
Lemur-2 25 RDeaton (FM26),Spire,US,3U,2017-02-15,"Reentered, Operational","Constellation for GPS-RO weather data, AIS and ADS-B.",
Lemur-2 26 Smita-Sharad (FM27),Spire,US,3U,2017-02-15,"Reentered, Operational","Constellation for GPS-RO weather data, AIS and ADS-B.",
Lemur-2 27 Mia-Grace (FM28),Spire,US,3U,2017-02-15,"Reentered, Operational","Constellation for GPS-RO weather data, AIS and ADS-B.",
Lemur-2 28 NoguesCorreig (FM29),Spire,US,3U,2017-02-15,"Reentered, Operational","Constellation for GPS-RO weather data, AIS and ADS-B.",
Lemur-2 29 Tachikoma (FM30),Spire,US,3U,2017-02-15,"Reentered, Operational","Constellation for GPS-RO weather data, AIS and ADS-B.",
"Nayif-1 (Emirates OSCAR 88, EO 88)",Mohammed Bin Rashid Space Centre (MBRSC),United Arab Emirates,1U,2017-02-15,"Reentered, Operational, ?",Educational training and amateur radio communications.,
PEASSS (PiezoElectric Assisted Smart Satellite Structure),ISISpace,Netherlands,3U,2017-02-15,"Reentered, Operational, ?",Demonstrate piezo actuated panels for power generation and instrument pointing.,
Aalto-2 (FI01),Aalto University,Finland,2U,2017-04-18,"Reentered, Was operational",Part of QB50 to study lower termosphere.,
ALTAIR 1 (ALTAIR Pathfinder),Millennium Space Systems,US,6U (1x6U),2017-04-18,"Reentered, Was operational",Test flight of ALTAIR bus.,
"Aoxiang-1 (Ao Xiang-1, Aoxiang yi hao, BE04, CN04)",Northwestern Polytechnical University,China,2U,2017-04-18,"Reentered, Operational",Part of QB50 to study lower termosphere.,
"Atlantis (QBUS 2, US02)",University of Michigan,US,2U,2017-04-18,"Reentered, Operational",Part of QB50 to study lower termosphere.,
BeEagleSat (TR01),ITU (Istanbul Technical University),Turkey,2U,2017-04-18,"Reentered, Was semi-operational",Part of QB50 to study lower termosphere.,
"Challenger (QBUS 1, US01)",University of Colorado Boulder,US,2U,2017-04-18,"Reentered, Operational",Part of QB50 to study lower termosphere.,
"Columbia (QBUS 4, US04)",University of Turabo,US,2U,2017-04-18,"Reentered, Operational",Part of QB50 to study lower termosphere.,
"CSUNSat 1 (CSUNSat1, California State University Northridge Sat)",California State University,US,2U,2017-04-18,"Reentered, Was operational",Part of QB50 to study lower termosphere.,
"CXBN 2 (The Cosmic X-Ray Background NanoSat-2, CXBN-2)",Morehead State University,US,2U,2017-04-18,"Reentered, No signal",Measure diffuse x-ray background radiation.,
"Duchifat-2 (Hoopoe-2, IL01)",Herzliya Science Center,Israel,2U,2017-04-18,"Reentered, Operational",Part of QB50 to study lower termosphere.,
"DUTHSat (DUTH, GR01)",Democritus University of Thrace,Greece,2U,2017-04-18,"Reentered, Was operational",Part of QB50 to study lower termosphere.,
"Ex-Alta 1 (Experimental Albertan #1, EXALTA-1, CA03)",University of Alberta,Canada,3U,2017-04-18,"Reentered, Operational",Part of QB50 to study lower termosphere and demonstrate fluxgate magnetometer.,
HavelSat (TR02),ITU (Istanbul Technical University),Turkey,2U,2017-04-18,"Reentered, Was semi-operational",Part of QB50 to study lower termosphere.,
"i-INSPIRE II (Inspire-2, AU03)",University of Sydney,Australia,2U,2017-04-18,"Reentered, Operational",Part of QB50 to study lower termosphere.,
IceCube (Earth-1),NASA Goddard Space Flight Center,US,3U,2017-04-18,"Reentered, Operational",Demonstrate 883-gigahertz submillimeter-wave receiver to measure atmospheric ice.,
KySat-3 (SGSat),University of Kentucky,US,1U,2017-04-18,"Reentered, No signal",Evaluate a new Stellar Gyroscope attitude determination system.,
Lemur-2 30 JennyBarna (FM31),Spire,US,3U,2017-04-18,"Reentered, Operational","Constellation for GPS-RO weather data, AIS and ADS-B.",
Lemur-2 31 Angela (FM32),Spire,US,3U,2017-04-18,"Reentered, Operational","Constellation for GPS-RO weather data, AIS and ADS-B.",
Lemur-2 32 SpiroVision (FM33),Spire,US,3U,2017-04-18,"Reentered, Operational","Constellation for GPS-RO weather data, AIS and ADS-B.",
Lemur-2 33 RobMoore (FM34),Spire,US,3U,2017-04-18,"Reentered, Operational","Constellation for GPS-RO weather data, AIS and ADS-B.",
"LilacSat-1 (Zidingxiang-1, BE02, CN02)",Harbin Institute of Technology,China,2U,2017-04-18,"Reentered, Operational",Part of QB50 to study lower termosphere.,
"Link (Little Intelligent Nanosatellite of KAIST, KR01)",Korea Advanced Institute of Science and Technology (KAIST),South Korea,2U,2017-04-18,"Reentered, Was semi-operational",Part of QB50 to study lower termosphere.,
NJUST-1 (BE03),Nanjing University of Science and Technology,China,2U,2017-04-18,"Reentered, Semi-operational, ?",Part of QB50 to study lower termosphere.,
"nSIGHT (nSIGHT1, nSight-1, AZ02)",Space Advisory Company,South Africa,2U,2017-04-18,"Reentered, Operational",Part of QB50 to study lower termosphere.,
PHOENIX (TW01),National Cheng Kung University,Taiwan,2U,2017-04-18,"Reentered, Operational",Part of QB50 to study lower termosphere.,
"PolyITAN-2-SAU (KPI-SAU, UA01)",National Technical University of Ukraine,Ukraine,2U,2017-04-18,"Reentered, Operational",Part of QB50 to study lower termosphere.,
"qbee (qbee50-LTU-OC, SE01, QB01, OBEE50 LTU-OC )",Luleå University of Technology (LTU),Sweden,2U,2017-04-18,"Reentered, Semi-operational",Part of QB50 to study lower termosphere.,
Qbito (ES01),Polytechnic University of Madrid,Spain,2U,2017-04-18,"Reentered, No signal",Part of QB50 to study lower termosphere and demonstrate medium-wave infrared detector.,
SHARC Biarri-Point (Spacecraft for High Accuraccy Radar Calibration),Air Force Research Laboratory (AFRL),US,5U,2017-04-18,"Reentered, Unknown, Likely operational",Provide radar calibration for ground based radars.,
SNUSat-1 (KR02),Seoul National University,South Korea,2U,2017-04-18,"No signal, Reentered",Part of QB50 to study lower termosphere.,
SNUSat-1b (KR03),Seoul National University,South Korea,2U,2017-04-18,"Reentered, Semi-operational",Part of QB50 to study lower termosphere and validate FDIR algorithms.,
"SOMP2 (SOMP 2, SOMP-2, DE02)",Dresden University of Technology,Germany,2U,2017-04-18,"Reentered, No signal",Part of QB50 to study lower termosphere and measure atomic oxygen.,
SpaceCube (FR05),Mines Paristech,France,2U,2017-04-18,"Reentered, Operational, ?",Part of QB50 to study lower termosphere.,
SUSat (AU01),University of Adelaide,Australia,2U,2017-04-18,"Reentered, No signal",Part of QB50 to study lower termosphere.,
UNSW-EC0 (AU02),University of New South Wales (UNSW Canberra),Australia,2U,2017-04-18,"Reentered, Operational",Part of QB50 to study lower termosphere and test GPS-RO receiver.,
"UPSat (CubeSat by the University of Patras, GR02)",Libre Space Foundation,Greece,2U,2017-04-18,"Reentered, Was operational, Was semi-operational",Part of QB50 to study lower termosphere.,
"X-Cubesat (XCubeSat, FR01)",Ecole Polytechnique,France,2U,2017-04-18,"Reentered, Operational",Part of QB50 to study lower termosphere.,
"ZA-AeroSat (AZ01, ZA Aerosat)",Cape Peninsula University of Technology,South Africa,3U,2017-04-18,"Reentered, Semi-operational",Part of QB50 to study lower termosphere.,
"SilkRoad-1 01 (Silk Road, Silu 1)",Xi'an Institute of Surveying and Mapping,China,3U,2017-04-20,"Reentered, Unknown",Pathfinder for a constellation of around 30 satellites operating across a variety of wavelengths.,
"BIRD-B (Brac Onnesha, BIRDS-1, BIRD BB)",Brac University,Bangladesh,1U,2017-06-03,"Reentered, Semi-operational",Amateur radio communications and educational training.,
"BIRD-G (Ghanasat 1, ANUSAT-1, BIRDS-1, BIRD GG)",Kyushu Institute of Technology,Ghana,1U,2017-06-03,"Reentered, No signal",Amateur radio communications and educational training.,
"BIRD-J (Toki, BIRDS-1, BIRD JJ)",Kyushu Institute of Technology,Japan,1U,2017-06-03,"Reentered, Was semi-operational",Amateur radio communications and educational training.,
"BIRD-M (Mazaalai, NUMSAT 1, BIRDS-1, BIRD MM)",Kyushu Institute of Technology,Mongolia,1U,2017-06-03,"Reentered, Semi-operational",Amateur radio communications and educational training.,
"BIRD-N (Nigeria EduSat-1, BIRDS-1, BIRD NN)",Federal University of Technology Akure,Nigeria,1U,2017-06-03,"Reentered, Semi-operational",Amateur radio communications and educational training.,
"Tanyusha-YuZGU 1 (Radioskaf RS-6, Tanyusha-SWSU 1, Tanusha-SWSU 1 Tanusha 1, RS-6S)",Southwestern State University,Russia,3U,2017-06-14,"Reentered, Was operational",Achieve autonomous grouping of satellites in space and measure density of vacuum.,
"Tanyusha-YuZGU 2 (Radioskaf RS-7, Tanyusha-SWSU 2, Tanusha-SWSU 2, Tanusha 2)",Southwestern State University,Russia,3U,2017-06-14,"Reentered, Was operational",Achieve autonomous grouping of satellites in space and measure density of vacuum.,
"TNS 0-2 (Technologicesky Nanosputnik, TNS-0 No. 2, TNS-0#2)",Southwestern State University,Russia,3U,2017-06-14,"Reentered, Operational",Use of the GlobalStar communication system. Obtain the flight qualification of the instruments and sensors installed onboard.,
Aalto-1 (Aalto1),Aalto University,Finland,3U,2017-06-23,"Reentered, Semi-operational, Was operational, ?",Build first Finnish Earth Observation nanosatellite and demonstrate technologies including E-sail.,
CICERO-6 (Community Initiative for Continuous Earth Remote Observation),GeoOptics,US,6U,2017-06-23,"Reentered, Was operational",Demonstration of GPS radio occultation sensor that allows the measurement of global weather pattern with high accuracy.,
"D-Sat (Deorbit Satellite, DSAT)",D-Orbit,Italy,3U,2017-06-23,Was operational,Test deorbiting device and disaster alert payload.,
Diamond - Blue (Diamond Blue),Sky and Space,UK,3U,2017-06-23,"Reentered, Operational","Demonstrate voice, M2M and IoT communication services and ISL (Inter Satellite Link).",
Diamond - Green (Diamond Green),Sky and Space,UK,3U,2017-06-23,"Reentered, Operational","Demonstrate voice, M2M and IoT communication services and ISL (Inter Satellite Link).",
Diamond - Red (Diamond Red),Sky and Space,UK,3U,2017-06-23,"Reentered, Operational","Demonstrate voice, M2M and IoT communication services and ISL (Inter Satellite Link).",
"DragSail-CubeSat (Dragsat-CubeSat, Compass-2, Compass 2, DE04)",Aachen University of Applied Sciences,Germany,3U,2017-06-23,"Reentered, No signal",Part of QB50 to study lower termosphere.,
InflateSail (GB06),University of Surrey,UK,3U,2017-06-23,"Reentered, Operational",Part of QB50 to study lower termosphere.,
Lemur-2 34 ShainaJohl (FM35),Spire,US,3U,2017-06-23,"Reentered, Operational","Constellation for GPS-RO weather data, AIS and ADS-B.",
Lemur-2 35 XueniTerence (FM36),Spire,US,3U,2017-06-23,"Reentered, Operational","Constellation for GPS-RO weather data, AIS and ADS-B.",
Lemur-2 36 LucyBryce (FM37),Spire,US,3U,2017-06-23,"Reentered, Operational","Constellation for GPS-RO weather data, AIS and ADS-B.",
Lemur-2 37 KungFoo (FM38),Spire,US,3U,2017-06-23,"Reentered, Operational","Constellation for GPS-RO weather data, AIS and ADS-B.",
Lemur-2 38 McPeake (FM39),Spire,US,3U,2017-06-23,"Reentered, Operational","Constellation for GPS-RO weather data, AIS and ADS-B.",
Lemur-2 39 Sam-Amelia (FM40),Spire,US,3U,2017-06-23,"Reentered, Operational","Constellation for GPS-RO weather data, AIS and ADS-B.",
Lemur-2 40 LisaSaurus (FM41),Spire,US,3U,2017-06-23,"Reentered, Operational","Constellation for GPS-RO weather data, AIS and ADS-B.",
Lemur-2 41 Lynsey-Symo (FM42),Spire,US,3U,2017-06-23,"Reentered, Operational","Constellation for GPS-RO weather data, AIS and ADS-B.",
"LituanicaSAT-2 (LT01, LITUANICASAT 2)",NanoAvionics,Lithuania,3U,2017-06-23,"Reentered, Semi-operational, Was operational",Part of QB50 to study lower termosphere.,
Max Valier,Max Valier Technical High School,Italy,10 kg,2017-06-23,"Reentered, Operational",Test small x-ray telescope and AIS receiver.,
"NUDTSat (BE06, CN06)",National University of Defense Technology,China,2U,2017-06-23,"Reentered, Operational",Part of QB50 to study lower termosphere.,
"PACSCISAT (Tyvak-53b, Tyvak 53, Tyvak 53B, PacSci EMC, Pacific Scientific)",Tyvak,US,3U,2017-06-23,"Reentered, Was operational",Technology demonstration for deorbiting.,
Pegasus (AT03),University of Applied Sciences Wiener Neustadt,Austria,2U,2017-06-23,"Reentered, Operational",Part of QB50 to study lower termosphere.,
ROBUSTA-1B,University of Montpellier,France,1U,2017-06-23,"Reentered, Operational",Measure the radiation induced degradation of electronic devices.,
skCube,Slovak Organisation for Space Activities,Slovakia,1U,2017-06-23,"Reentered, Was semi-operational, Was operational",Observe the ultraviolet radiation upper atmosphere on the night side of the Earth,
SUCHAI,University of Chile,Chile,1U,2017-06-23,"Was operational, Reentered",Educational training and optical camera to take photos of the Earth.,
UCLSat (GB03),University College London,UK,2U,2017-06-23,"Reentered, Was operational",Part of QB50 to study lower termosphere.,
"Ursa Maior (URSA-MAIOR, University of Rome la SApienza Micropropulsion for Attitude and In Orbit debris Removal testing, IT02)",Sapienza University of Rome,Italy,3U,2017-06-23,"Reentered, Was operational",Part of QB50 to study lower termosphere.,
Venta-1,University of Applied Sciences Bremen,Latvia,7.5 kg,2017-06-23,"Reentered, Was semi-operational, Was operational",Educational training and AIS receiver.,
VZLUSAT-1 (CZ02),Aerospace Research and Test Establishment,Czechia,2U,2017-06-23,"Reentered, Operational",Part of QB50 to study lower termosphere.,
CICERO-1 Demo (Community Initiative for Continuous Earth Remote Observation),GeoOptics,US,6U,2017-07-14,Was operational,Demonstration of GPS radio occultation sensor that allows the measurement of global weather pattern with high accuracy.,
CICERO-2 (Community Initiative for Continuous Earth Remote Observation),GeoOptics,US,6U,2017-07-14,Was operational,Demonstration of GPS radio occultation sensor that allows the measurement of global weather pattern with high accuracy.,
CICERO-3 (Community Initiative for Continuous Earth Remote Observation),GeoOptics,US,6U,2017-07-14,Was operational,Demonstration of GPS radio occultation sensor that allows the measurement of global weather pattern with high accuracy.,
"Ecuador-UTE-YuZGU (UTE-UESOR, Ekvador-UTE-YuZGU)",Tecnologica Equinoccial University (UTE),Ecuador,1U,2017-07-14,Was semi-operational,Educational training and amateur radio mission.,
Flock-2k 1,Planet Labs,US,3U,2017-07-14,"Reentered, Operational",Constellation for optical Earth observation with 3-5m resolution.,
Flock-2k 2,Planet Labs,US,3U,2017-07-14,"Reentered, Operational",Constellation for optical Earth observation with 3-5m resolution.,
Flock-2k 3,Planet Labs,US,3U,2017-07-14,"Reentered, Operational",Constellation for optical Earth observation with 3-5m resolution.,
Flock-2k 4,Planet Labs,US,3U,2017-07-14,"Reentered, Operational",Constellation for optical Earth observation with 3-5m resolution.,
Flock-2k 5,Planet Labs,US,3U,2017-07-14,"Reentered, Operational",Constellation for optical Earth observation with 3-5m resolution.,
Flock-2k 6,Planet Labs,US,3U,2017-07-14,"Reentered, Operational",Constellation for optical Earth observation with 3-5m resolution.,
Flock-2k 7,Planet Labs,US,3U,2017-07-14,"Reentered, Operational",Constellation for optical Earth observation with 3-5m resolution.,
Flock-2k 8,Planet Labs,US,3U,2017-07-14,"Reentered, Operational",Constellation for optical Earth observation with 3-5m resolution.,
Flock-2k 9,Planet Labs,US,3U,2017-07-14,"Reentered, Operational",Constellation for optical Earth observation with 3-5m resolution.,
Flock-2k 10,Planet Labs,US,3U,2017-07-14,"Reentered, Operational",Constellation for optical Earth observation with 3-5m resolution.,
Flock-2k 11,Planet Labs,US,3U,2017-07-14,"Reentered, Operational",Constellation for optical Earth observation with 3-5m resolution.,
Flock-2k 12,Planet Labs,US,3U,2017-07-14,"Reentered, Operational",Constellation for optical Earth observation with 3-5m resolution.,
Flock-2k 13,Planet Labs,US,3U,2017-07-14,"Reentered, Operational",Constellation for optical Earth observation with 3-5m resolution.,
Flock-2k 14,Planet Labs,US,3U,2017-07-14,"Reentered, Operational",Constellation for optical Earth observation with 3-5m resolution.,
Flock-2k 15,Planet Labs,US,3U,2017-07-14,"Reentered, Operational",Constellation for optical Earth observation with 3-5m resolution.,
Flock-2k 16,Planet Labs,US,3U,2017-07-14,"Reentered, Operational",Constellation for optical Earth observation with 3-5m resolution.,
Flock-2k 17,Planet Labs,US,3U,2017-07-14,"Reentered, Operational",Constellation for optical Earth observation with 3-5m resolution.,
Flock-2k 18,Planet Labs,US,3U,2017-07-14,"Reentered, Operational",Constellation for optical Earth observation with 3-5m resolution.,
Flock-2k 19,Planet Labs,US,3U,2017-07-14,"Reentered, Operational",Constellation for optical Earth observation with 3-5m resolution.,
Flock-2k 20,Planet Labs,US,3U,2017-07-14,"Reentered, Operational",Constellation for optical Earth observation with 3-5m resolution.,
Flock-2k 21,Planet Labs,US,3U,2017-07-14,"Reentered, Operational",Constellation for optical Earth observation with 3-5m resolution.,
Flock-2k 22,Planet Labs,US,3U,2017-07-14,"Reentered, Operational",Constellation for optical Earth observation with 3-5m resolution.,
Flock-2k 23,Planet Labs,US,3U,2017-07-14,"Reentered, Operational",Constellation for optical Earth observation with 3-5m resolution.,
Flock-2k 24,Planet Labs,US,3U,2017-07-14,"Reentered, Operational",Constellation for optical Earth observation with 3-5m resolution.,
Flock-2k 25,Planet Labs,US,3U,2017-07-14,"Reentered, Operational",Constellation for optical Earth observation with 3-5m resolution.,
Flock-2k 26,Planet Labs,US,3U,2017-07-14,"Reentered, Operational",Constellation for optical Earth observation with 3-5m resolution.,
Flock-2k 27,Planet Labs,US,3U,2017-07-14,"Reentered, Operational",Constellation for optical Earth observation with 3-5m resolution.,
Flock-2k 28,Planet Labs,US,3U,2017-07-14,"Reentered, Operational",Constellation for optical Earth observation with 3-5m resolution.,
Flock-2k 29,Planet Labs,US,3U,2017-07-14,"Reentered, Operational",Constellation for optical Earth observation with 3-5m resolution.,
Flock-2k 30,Planet Labs,US,3U,2017-07-14,"Reentered, Operational",Constellation for optical Earth observation with 3-5m resolution.,
Flock-2k 31,Planet Labs,US,3U,2017-07-14,"Reentered, Operational",Constellation for optical Earth observation with 3-5m resolution.,
Flock-2k 32,Planet Labs,US,3U,2017-07-14,"Reentered, Operational",Constellation for optical Earth observation with 3-5m resolution.,
Flock-2k 33,Planet Labs,US,3U,2017-07-14,"Reentered, Operational",Constellation for optical Earth observation with 3-5m resolution.,
Flock-2k 34,Planet Labs,US,3U,2017-07-14,"Reentered, Operational",Constellation for optical Earth observation with 3-5m resolution.,
Flock-2k 35,Planet Labs,US,3U,2017-07-14,"Reentered, Operational",Constellation for optical Earth observation with 3-5m resolution.,
Flock-2k 36,Planet Labs,US,3U,2017-07-14,"Reentered, Operational",Constellation for optical Earth observation with 3-5m resolution.,
Flock-2k 37,Planet Labs,US,3U,2017-07-14,"Reentered, Operational",Constellation for optical Earth observation with 3-5m resolution.,
Flock-2k 38,Planet Labs,US,3U,2017-07-14,"Reentered, Operational",Constellation for optical Earth observation with 3-5m resolution.,
Flock-2k 39,Planet Labs,US,3U,2017-07-14,"Reentered, Operational",Constellation for optical Earth observation with 3-5m resolution.,
Flock-2k 40,Planet Labs,US,3U,2017-07-14,"Reentered, Operational",Constellation for optical Earth observation with 3-5m resolution.,
Flock-2k 41,Planet Labs,US,3U,2017-07-14,"Reentered, Operational",Constellation for optical Earth observation with 3-5m resolution.,
Flock-2k 42,Planet Labs,US,3U,2017-07-14,"Reentered, Deployment failure",Constellation for optical Earth observation with 3-5m resolution.,
Flock-2k 43,Planet Labs,US,3U,2017-07-14,"Reentered, Operational",Constellation for optical Earth observation with 3-5m resolution.,
Flock-2k 44,Planet Labs,US,3U,2017-07-14,"Reentered, Operational",Constellation for optical Earth observation with 3-5m resolution.,
Flock-2k 45,Planet Labs,US,3U,2017-07-14,"Reentered, Operational",Constellation for optical Earth observation with 3-5m resolution.,
Flock-2k 46,Planet Labs,US,3U,2017-07-14,"Reentered, Operational",Constellation for optical Earth observation with 3-5m resolution.,
Flock-2k 47,Planet Labs,US,3U,2017-07-14,"Reentered, Operational",Constellation for optical Earth observation with 3-5m resolution.,
Flock-2k 48,Planet Labs,US,3U,2017-07-14,"Reentered, Operational",Constellation for optical Earth observation with 3-5m resolution.,
Iskra-MAI-85,Moscow Aviation Institute (MAI),Russia,3U,2017-07-14,No signal,Educational training and using only domestically produced components.,
"Landmapper-BC 1 (Corvus-BC, Perseus-O)",Astro Digital,US,6U,2017-07-14,No signal,Commercial constellation providing multispectral Earth observation data.,
"Landmapper-BC 2 (Corvus-BC, Perseus-O)",Astro Digital,US,6U,2017-07-14,No signal,Commercial constellation providing multispectral Earth observation data.,
Lemur-2 42 Greenberg (FM43),Spire,US,3U,2017-07-14,Operational,"Constellation for GPS-RO weather data, AIS and ADS-B.",
Lemur-2 43 ArtFischer (FM44),Spire,US,3U,2017-07-14,"Reentered, Operational","Constellation for GPS-RO weather data, AIS and ADS-B.",
Lemur-2 44 Monson (FM45),Spire,US,3U,2017-07-14,Operational,"Constellation for GPS-RO weather data, AIS and ADS-B.",
Lemur-2 45 Furiaus (FM46),Spire,US,3U,2017-07-14,Operational,"Constellation for GPS-RO weather data, AIS and ADS-B.",
Lemur-2 46 Zachary (FM47),Spire,US,3U,2017-07-14,Operational,"Constellation for GPS-RO weather data, AIS and ADS-B.",
Lemur-2 47 AndiS (FM48),Spire,US,3U,2017-07-14,Operational,"Constellation for GPS-RO weather data, AIS and ADS-B.",
Lemur-2 48 PeterG (FM49),Spire,US,3U,2017-07-14,Operational,"Constellation for GPS-RO weather data, AIS and ADS-B.",
Lemur-2 49 Dembitz (FM50),Spire,US,3U,2017-07-14,Operational,"Constellation for GPS-RO weather data, AIS and ADS-B.",
Mayak,Moscow State University of Mechanical Engineering,Russia,3U,2017-07-14,"Reentered, No signal",Unfurl a very large reflector to become the brightest object in the sky.,
MKA-N 1,Dauria Aerospace,Russia,6U,2017-07-14,No signal,Multispectral imaging system with a resolution of 22 meters per pixel.,
MKA-N 2,Dauria Aerospace,Russia,6U,2017-07-14,No signal,Multispectral imaging system with a resolution of 22 meters per pixel.,
NanoACE,Tyvak,US,3U,2017-07-14,"Operational, ?",Validate CubeSat platform technologies and test propulsion module plus cameras.,
"ASTERIA (ExoplanetSat, Arcsecond Space Telescope Enabling Research in Astrophysics)",NASA Jet Propulsion Laboratory,US,6U,2017-08-14,"Reentered, Was operational",Telescope to monitor a single start for two years to find transiting exoplanets.,
"Dellingr (RBLE, Radiation Belt Loss Experiment)",NASA Goddard Space Flight Center,US,6U,2017-08-14,"Reentered, Operational",Demonstrate CubeSat platform and magnetometer deployed on a boom.,
OSIRIS-3U (Orbital Satellite for Investigating the Response of the Ionosphere to Stimulation and Space Weather),The Pennsylvania State University,US,3U,2017-08-14,"No signal, Reentered",Study artificially create space weather events to research radiowave-plasma interactions.,
DHFR (DARPA High Frequency Receiver Experiment),DARPA,US,3U,2017-08-26,"Reentered, No signal",DARPA High Frequency Receiver Experiment.,
Prometheus 2.2,USSOCOM (US Special Operations Command),US,1.5U,2017-08-26,"Reentered, Unknown, Likely operational",Demonstrate improved CubeSat platform.,
Prometheus 2.4,USSOCOM (US Special Operations Command),US,1.5U,2017-08-26,"Reentered, Unknown, Likely operational",Demonstrate improved CubeSat platform.,
X37B CubeSat 1? (USA 295),DARPA,US,3U,2017-09-07,"Reentered, Unknown",Suspected CubeSats deployed from the Boeing X-37B OTV-5 mission.,
X37B CubeSat 2? (USA 296),DARPA,US,3U,2017-09-07,"Reentered, Unknown",Suspected CubeSats deployed from the Boeing X-37B OTV-5 mission.,
X37B CubeSat 3? (USA 297),DARPA,US,3U,2017-09-07,"Reentered, Unknown",Suspected CubeSats deployed from the Boeing X-37B OTV-5 mission.,
Flock-3m 1,Planet Labs,US,3U,2017-10-31,"Reentered, Operational",Constellation for optical Earth observation with 3-5m resolution.,
Flock-3m 2,Planet Labs,US,3U,2017-10-31,"Reentered, Operational",Constellation for optical Earth observation with 3-5m resolution.,
Flock-3m 3,Planet Labs,US,3U,2017-10-31,"Reentered, Operational",Constellation for optical Earth observation with 3-5m resolution.,
Flock-3m 4,Planet Labs,US,3U,2017-10-31,"Reentered, Operational",Constellation for optical Earth observation with 3-5m resolution.,
"Aerocube-7B (OCSD-B, Optical Communications and Sensor Demonstration, IOCPS-B, Integrated Optical Communications and Proximity Sensors)",Aerospace Corporation,US,1.5U,2017-11-12,"Reentered, Operational",Demonstrate optical communications from a CubeSat and tracking of a nearby spacecraft.,
"Aerocube-7C (OCSD-C, Optical Communications and Sensor Demonstration, IOCPS-B, Integrated Optical Communications and Proximity Sensors)",Aerospace Corporation,US,1.5U,2017-11-12,"Reentered, Operational",Demonstrate optical communications from a CubeSat and tracking of a nearby spacecraft.,
Asgardia-1 (Asgardia 1),Asgardia Space,US,2U,2017-11-12,"Reentered, Operational, ?",Test the concept of long-term data storage in orbit around the Earth.,
CHEFSat (Cost-effective High E-Frequency Satellite),US Naval Research Laboratory,US,3U,2017-11-12,"Reentered, Operational",Test and prepare consumer communications technology for use in space,
EcAMSat (E. Coli AntiMicrobialSat),NASA Ames Research Center,US,6U,2017-11-12,"Reentered, Operational",Investigate how and microgravity affects the antibiotic resistance of E. coli,
"ISARA (Integrated Solar Array and Reflectarray Antenna for High Bandwidth CubeSat, CUMULOS)",NASA Jet Propulsion Laboratory,US,3U,2017-11-12,"Reentered, Operational",Demonstrate deployable reflectarray and Ka-band communications.,
Lemur-2 50 Yonglin (FM51),Spire,US,3U,2017-11-12,"Reentered, Operational","Constellation for GPS-RO weather data, AIS and ADS-B.",
Lemur-2 51 Kevin (FM52),Spire,US,3U,2017-11-12,"Reentered, Operational","Constellation for GPS-RO weather data, AIS and ADS-B.",
Lemur-2 52 BrianDavie (FM53),Spire,US,3U,2017-11-12,"Reentered, Operational","Constellation for GPS-RO weather data, AIS and ADS-B.",
Lemur-2 53 Romacoste (FM54),Spire,US,3U,2017-11-12,"Reentered, Operational","Constellation for GPS-RO weather data, AIS and ADS-B.",
Lemur-2 54 RocketJonah (FM55),Spire,US,3U,2017-11-12,"Reentered, Operational","Constellation for GPS-RO weather data, AIS and ADS-B.",
Lemur-2 55 Liu-Poh-Chun (FM56),Spire,US,3U,2017-11-12,"Reentered, Operational","Constellation for GPS-RO weather data, AIS and ADS-B.",
Lemur-2 56 McCullagh (FM57),Spire,US,3U,2017-11-12,"Reentered, Operational","Constellation for GPS-RO weather data, AIS and ADS-B.",
Lemur-2 57 Dunlop (FM58),Spire,US,3U,2017-11-12,"Reentered, Operational","Constellation for GPS-RO weather data, AIS and ADS-B.",
"PropCube 2 (Fauna, Propagation CubeSat)",Naval Postgraduate School (NPS),US,1U,2017-11-12,"Reentered, Operational",Performing dual frequency ionospheric calibration measurements of ionospheric electron density and irregularities.,
"TechEdSat-6 (TechEdSat 6, TES-6)",NASA Ames Research Center,US,3U,2017-11-12,"Reentered, Operational",Demonstrate an Exo-Brake system to provide a targeted nanosatellite de-orbit using fully propellant-less techniques and carries CUBIT identification tag.,
MiRaTA (Microwave Radiometer Technology Acceleration),MIT (Massachusetts Institute of Technology),US,3U,2017-11-14,Was operational,Validate new technologies in both passive microwave radiometry and GPS radio occultation.,
RadFxSat (Fox-1B),Vanderbilt University,US,1U,2017-11-14,Operational,Demonstrate an on-orbit platform for radiation qualification of components for space flight.,
"Buccaneer Risk Mitigation (Buccaneer RMM, BRMM)",Australian Defence Science and Technology Organisation,Australia,3U,2017-11-18,"Reentered, Operational, ?",High frequency receiver for performance calibration of some aspects of the Over-the-Horizon Radar Network (JORN).,
EagleSat 1,"Embry-Riddle Aeronautical University, Prescott",US,1U,2017-11-18,No signal,Test new memory types in space and detect Space Fence.,
MakerSat-0 (MakerSat 0),Northwest Nazarene University,US,1U,2017-11-18,"Was operational, Semi-operational",Test the in-space material properties of various 3D printed polymers.,
AISSat-3,Norwegian Space Centre,Norway,7 kg,2017-11-28,Launch failure,Operational mission of AIS messages collection.,
D-Star One,German Orbital Systems,Germany,3U,2017-11-28,Launch failure,Demonstrate CubeSat platform technologies and D-Star radios.,
"Helios Wire BIU (Landmapper-BC 4, Corvus-BC, SIRION Pathfinder)",Helios Wire,US,6U,2017-11-28,Launch failure,Commercial constellation for IoT/M2M.,
"Landmapper-BC 3 (Corvus-BC-C, Perseus-O)",Astro Digital,US,6U,2017-11-28,Launch failure,Commercial constellation providing multispectral Earth observation data.,
Lemur-2 58 McGarvey (FM59),Spire,US,3U,2017-11-28,Launch failure,"Constellation for GPS-RO weather data, AIS and ADS-B.",
Lemur-2 59 BenYeoh (FM60),Spire,US,3U,2017-11-28,Launch failure,"Constellation for GPS-RO weather data, AIS and ADS-B.",
Lemur-2 60 Harvey (FM61),Spire,US,3U,2017-11-28,Launch failure,"Constellation for GPS-RO weather data, AIS and ADS-B.",
Lemur-2 61 Matthew (FM62),Spire,US,3U,2017-11-28,Launch failure,"Constellation for GPS-RO weather data, AIS and ADS-B.",
Lemur-2 62 Maximillie (FM63),Spire,US,3U,2017-11-28,Launch failure,"Constellation for GPS-RO weather data, AIS and ADS-B.",
Lemur-2 63 Smilie-Face (FM64),Spire,US,3U,2017-11-28,Launch failure,"Constellation for GPS-RO weather data, AIS and ADS-B.",
Lemur-2 64 NRE-Metts (FM65),Spire,US,3U,2017-11-28,Launch failure,"Constellation for GPS-RO weather data, AIS and ADS-B.",
Lemur-2 65 CylonRaider (FM66),Spire,US,3U,2017-11-28,Launch failure,"Constellation for GPS-RO weather data, AIS and ADS-B.",
Lemur-2 66 Ector (FM67),Spire,US,3U,2017-11-28,Launch failure,"Constellation for GPS-RO weather data, AIS and ADS-B.",
Lemur-2 67 Craig (FM68),Spire,US,3U,2017-11-28,Launch failure,"Constellation for GPS-RO weather data, AIS and ADS-B.",
SEAM (Small Explorer for Advanced Missions),Royal Institute of Technology (KTH),Sweden,3U,2017-11-28,Launch failure,Demonstrate electromagnetically clean nanosatellite for various experiments.,
Arkyd 6A (A6A),Planetary Resources,US,6U,2018-01-12,"Reentered, Was operational, Retired, ?",Test the instruments and deep space technologies for asteroid prospecting missions.,
CANYVAL-X 1U Jerry,Yonsei University,South Korea,1U,2018-01-12,"Reentered, No signal",Demonstrate CubeSat astronomy using virtual telescope alignment.,
CANYVAL-X 2U Tom,Yonsei University,South Korea,2U,2018-01-12,"Reentered, Was semi-operational",Demonstrate CubeSat astronomy using virtual telescope alignment.,
"CICERO-7 (Community Initiative for Continuous Earth Remote Observation, Tyvak-0085?)",GeoOptics,US,6U,2018-01-12,"Reentered, Operational",Demonstration of GPS radio occultation sensor that allows the measurement of global weather pattern with high accuracy.,
CNUSail-1 (Papillon),Chungnam National University,South Korea,3U,2018-01-12,"Reentered, No signal",Deploy solar sail and perform on orbit maneuver.,
DemoSat 2,Astranis,US,3U,2018-01-12,"Reentered, Was operational, ?",Test a UHF radio payload for the planned microsatellite geostationary communication satellites.,
Flock-3p' 1 (Flock 3pp),Planet Labs,US,3U,2018-01-12,"Reentered, Operational",Constellation for optical Earth observation with 3-5m resolution.,
Flock-3p' 2 (Flock 3pp),Planet Labs,US,3U,2018-01-12,"Reentered, Operational",Constellation for optical Earth observation with 3-5m resolution.,
Flock-3p' 3 (Flock 3pp),Planet Labs,US,3U,2018-01-12,"Reentered, Operational",Constellation for optical Earth observation with 3-5m resolution.,
Flock-3p' 4 (Flock 3pp),Planet Labs,US,3U,2018-01-12,"Reentered, Operational",Constellation for optical Earth observation with 3-5m resolution.,
Fox-1D (AO-92 or AMSAT OSCAR 92),The Radio Amateur Satellite Corporation (AMSAT),US,1U,2018-01-12,"Reentered, Operational",Demonstrate high energy radiation instrument and amateur radio payload.,
KAUSAT-5,Korea Aerospace University,South Korea,3U,2018-01-12,"Reentered, No signal",Map Earth's surface in infrared and demonstrate CubeSat platform technologies.,
"Landmapper-BC 3v2 (Corvus-BC, Perseus-O, Corvus BC3)",Astro Digital,US,6U,2018-01-12,"Reentered, Retired, Operational, ?",Commercial constellation providing multispectral Earth observation data.,
Lemur-2 68 McCafferty (FM69),Spire,US,3U,2018-01-12,"Reentered, Operational","Constellation for GPS-RO weather data, AIS and ADS-B.",
Lemur-2 69 PeterWebster (FM70),Spire,US,3U,2018-01-12,"Reentered, Operational","Constellation for GPS-RO weather data, AIS and ADS-B.",
Lemur-2 70 BrownCow (FM71),Spire,US,3U,2018-01-12,"Reentered, Operational","Constellation for GPS-RO weather data, AIS and ADS-B.",
Lemur-2 71 DaveWilson (FM72),Spire,US,3U,2018-01-12,"Reentered, Operational","Constellation for GPS-RO weather data, AIS and ADS-B.",
MicroMAS-2 A (MicroMAS-2A),MIT (Massachusetts Institute of Technology),US,3U,2018-01-12,"Reentered, Operational",Validate new ultra-compact and low-power technology for CubeSat-sized microwave radiometers.,
PicSat,Paris Observatory,France,3U,2018-01-12,"Reentered, Was operational",Observe the transit of the planet Beta Pictoris.,
SIGMA (KHUSAT-3),Kyung Hee University,South Korea,3U,2018-01-12,"Reentered, Was semi-operational",Measure the Linear Energy Transfer (LET) spectrum.,
SpaceBEE-1,Swarm Technologies,US,0.25U,2018-01-12,"Reentered, Operational",Test two-way communications and data relay for planned IoT constellation.,
SpaceBEE-2,Swarm Technologies,US,0.25U,2018-01-12,"Reentered, Operational",Test two-way communications and data relay for planned IoT constellation.,
SpaceBEE-3,Swarm Technologies,US,0.25U,2018-01-12,"Reentered, Operational",Test two-way communications and data relay for planned IoT constellation.,
SpaceBEE-4,Swarm Technologies,US,0.25U,2018-01-12,"Reentered, Operational",Test two-way communications and data relay for planned IoT constellation.,
STEP-1 (STEP Cube Lab),Chosun University,South Korea,1U,2018-01-12,"Reentered, Was operational, Semi-operational, ?",Demonstrate various technologies from universities including propulsion module.,
"Tyvak-61c (GEOStare, Tyvak 61C)",Tyvak,US,3U,2018-01-12,"Reentered, Operational",Test using CubeSats as Space Situational Awareness observatories.,
Kepler 1 KIPP (Kepler-0),Kepler Communications,Canada,3U,2018-01-19,"Reentered, Operational",Pathfinder for upcoming constellation for IoT/M2M and wideband communications.,
"TY-2 (Xiaoxiang 2, XX 2, TY2, Hunan Xiangjiang New Area, Xiaoxiang-2, Tianji-2)",Changsha Gaoxinqu Tianyi Research Institute,China,6U,2018-01-19,"Reentered, Was operational",Verify improved communications technologies and amateur radio payloads.,
"TY-6 (Quantutong 1, QTT 1, QTT-1, TY6)",Full-chart Location Network,China,6U,2018-01-19,"Reentered, Was operational",First technical verification satellite for the future communications constellation.,
"Zhou Enlai HA-1 (Huai'an Enlai, ZG2U)",Teenagers Amateur Radio Center of Activity in Huaian,China,2U,2018-01-19,"Reentered, Operational, ?",Amateur radio payloads and SSTV transmitter for images.,
Dove Pioneer (Planet Labs Tech-demo sat),Planet Labs,US,3U,2018-01-21,"Reentered, Operational",Constellation for optical Earth observation with 3-5m resolution.,
Lemur-2 72 Marshall (FM73),Spire,US,3U,2018-01-21,"Reentered, Operational","Constellation for GPS-RO weather data, AIS and ADS-B.",
Lemur-2 73 Tallhamn-ATC (FM74),Spire,US,3U,2018-01-21,"Reentered, Operational","Constellation for GPS-RO weather data, AIS and ADS-B.",
"Weina 1A (NanoSat-1A, Chuangxing 6-6, Weixing-1A)",?,China,3U,2018-01-25,Unknown,,
D-Star One v.1.1 Phoenix,German Orbital Systems,Germany,3U,2018-02-01,"Reentered, Deployment failure",Demonstrate CubeSat platform technologies and D-Star radios.,
Lemur-2 74 Jin-Luen (FM75),Spire,US,3U,2018-02-01,Operational,"Constellation for GPS-RO weather data, AIS and ADS-B.",
Lemur-2 75 UramChanSol (FM76),Spire,US,3U,2018-02-01,Operational,"Constellation for GPS-RO weather data, AIS and ADS-B.",
Lemur-2 76 Kadi (FM77),Spire,US,3U,2018-02-01,Operational,"Constellation for GPS-RO weather data, AIS and ADS-B.",
Lemur-2 77 TheNickMolo (FM78),Spire,US,3U,2018-02-01,Operational,"Constellation for GPS-RO weather data, AIS and ADS-B.",
"S-Net 1 (Tubsat 13, S-NET A)",Technical University of Berlin,Germany,8 kg,2018-02-01,"Operational, ?",Demonstrate multipoint inter-satellite-link with S-band transceiver.,
"S-Net 2 (Tubsat 14, S-NET B)",Technical University of Berlin,Germany,8 kg,2018-02-01,"Operational, ?",Demonstrate multipoint inter-satellite-link with S-band transceiver.,
"S-Net 3 (Tubsat 15, S-NET C)",Technical University of Berlin,Germany,8 kg,2018-02-01,"Operational, ?",Demonstrate multipoint inter-satellite-link with S-band transceiver.,
"S-Net 4 (Tubsat 16, S-NET D)",Technical University of Berlin,Germany,8 kg,2018-02-01,"Operational, ?",Demonstrate multipoint inter-satellite-link with S-band transceiver.,
"FMN-1 (FengMaNiu-1, FENGMANIU 1, Windmill One, ZG3U)",Link Space Aerospace Technology,China,3U,2018-02-02,"Reentered, Operational",Demonstrate CubeSat components and amateur radio payload plus cameras.,
GOMX-4A (Ulloriaq),GomSpace,Denmark,6U,2018-02-02,"Reentered, Operational",Surveillance demonstration for the Artic in AIS and ADS-B plus inter-satellite links.,
GOMX-4B (GOMX4-B),GomSpace,Denmark,6U,2018-02-02,"Reentered, Operational","Demonstrate inter-satellite links, hyperspectral camera and propulsion module.",
"Juvenile (Junior Star, Shaonian Xing, MiniStar, Young Pioneer 1)",Commsat,China,3U,2018-02-02,"Reentered, Operational",Amateur radio communications and SSTV transmission of images.,
TRICOM 1R Tasuki,University of Tokyo,Japan,3U,2018-02-03,"Reentered, Operational",Take pictures of the Earth.,
"Tanyusha-YuZGU 3 (Radioskaf RS-8, Tanyusha-SWSU 3, Tanusha 3, Tanusha-SWSU 4)",Southwestern State University,Russia,3U,2018-02-13,"Reentered, Operational, ?",Achieve autonomous grouping of satellites in space and measure density of vacuum.,
"Tanyusha-YuZGU 4 (Radioskaf RS-9, Tanyusha-SWSU 4, Tanusha 4, Tanusha-SWSU 4)",Southwestern State University,Russia,3U,2018-02-13,"Reentered, Operational, ?",Achieve autonomous grouping of satellites in space and measure density of vacuum.,
1KUNS-PF (1KUNS-PF),University of Nairobi,Kenya,1U,2018-04-02,"Reentered, Operational",Educational project with satellite technology. Earth Observation and technological tests.,
"DebrisSat-1 (DSAT#1, DS1, Net, RemoveDEBRIS, REMDEB-DS1)",SSTL,UK,2U,2018-04-02,"Reentered, Was operational",Targets for space debris demonstration mission.,
"DebrisSat-2 (DSAT#2, DS2, VBN, RemoveDEBRIS, REMDEB-DS2)",SSTL,UK,2U,2018-04-02,"Reentered, Was operational",Targets for space debris demonstration mission.,
"Irazu (Batsu-CS 1, Irazy, Irazú, Dspace)",Costa Rican Institute of Technology (TEC),Costa Rica,1U,2018-04-02,"Reentered, Operational",Educational training and monitor the growth in biomass of planted trees.,
UBAKUSAT,ITU (Istanbul Technical University),Turkey,3U,2018-04-02,"Reentered, Was operational",Amateur radio communications and telemetry transmission.,
"Weina 1B (NanoSat-1B, Chuangxing 6-6, Weixing-1B)",?,China,3U,2018-04-10,Unknown,,
"MarCO 1 (Mars Cube One, WALL-E, MarCO-A)",NASA Jet Propulsion Laboratory,US,6U,2018-05-05,Was operational,First interplanetary CubeSat and relay data during Insight landing on Mars.,
"MarCO 2 (Mars Cube One, EVE, MarCO-B)",NASA Jet Propulsion Laboratory,US,6U,2018-05-05,Was operational,First interplanetary CubeSat and relay data during Insight landing on Mars.,
"AeroCube-12 A (AC12-A, AeroCube 12A)",Aerospace Corporation,US,3U,2018-05-21,"Reentered, Operational, ?",Demonstrate new CubeSat platform technologies and nanotechnology payloads.,
"AeroCube-12 B (AC12-B, AeroCube 12B)",Aerospace Corporation,US,3U,2018-05-21,"Reentered, Operational, ?",Demonstrate new CubeSat platform technologies and nanotechnology payloads.,
CubeRRT (CubeSat Radiometer RFI Technology Validation ),Ohio State University,US,6U,2018-05-21,"Reentered, Operational",Demonstrate technologies for Earth-sensing microwave radiometers.,
EnduroSat A (EnduroSat One),EnduroSat,Bulgaria,1U,2018-05-21,"Reentered, Operational, ?",Amateur radio payloads for educational training.,
EQUiSat,Brown University,US,1U,2018-05-21,"Reentered, Semi-operational",Educational training with LED beacon visible from Earth.,
HaloSat (Halo-Sat),University of Iowa,US,6U,2018-05-21,"Reentered, Operational",Map the distribution of hot gas in the Milky Way by measuring soft X-ray emissions.,
Lemur-2 78 TomHenderson (FM79),Spire,US,3U,2018-05-21,"Reentered, Operational","Constellation for GPS-RO weather data, AIS and ADS-B.",
Lemur-2 79 Yuasa (FM80),Spire,US,3U,2018-05-21,"Reentered, Operational","Constellation for GPS-RO weather data, AIS and ADS-B.",
Lemur-2 80 Alexander (FM81),Spire,US,3U,2018-05-21,"Reentered, Operational","Constellation for GPS-RO weather data, AIS and ADS-B.",
Lemur-2 81 Vu (FM82),Spire,US,3U,2018-05-21,"Reentered, Operational","Constellation for GPS-RO weather data, AIS and ADS-B.",
MemSat (MemSat-1),Rowan University,US,1U,2018-05-21,"Reentered, No signal",Compare memristors to silicon-based memory in space applications.,
Radix,Hedron (Analytical Space),US,6U,2018-05-21,"Reentered, Operational",First pilot satellite for demonstration of the concept of operations for a RF optical data relay.,
RadSat-g (RADSat),Montana State University,US,3U,2018-05-21,"Reentered, Operational, ?",Demonstrate computer architecture designed to mitigate radiation induced faults.,
RainCube (Radar in a CubeSat),NASA,US,6U,2018-05-21,"Reentered, Operational",Deployable Ka-band parabolic antenna for rain precipitation measurements.,
TEMPEST-D (Temporal Experiment for Storms and Tropical Systems - Demonstrator),Colorado State University,US,6U,2018-05-21,"Reentered, Operational",Risk mitigation for the TEMPEST mission that will provide the first temporal observations of cloud and precipitation processes.,
Luojia 1-01 (LJ 1-01),Wuhan University,China,6U,2018-06-02,Operational,Night-light Earth observation with 100 m resolution and prototype for future constellation.,
BHUTAN-1 (BIRDS-2),Kyushu Institute of Technology,Bhutan,1U,2018-06-29,"Reentered, Operational",Amateur radio communications and educational training.,
Biarri-Squad 1,US Air Force Space Command,US,3U,2018-06-29,"On ISS, Unknown, ?",International defence-science collaborative program,
Biarri-Squad 2,US Air Force Space Command,US,3U,2018-06-29,"On ISS, Unknown, ?",International defence-science collaborative program,
Biarri-Squad 3,US Air Force Space Command,US,3U,2018-06-29,"On ISS, Unknown, ?",International defence-science collaborative program,
MAYA-1 (BIRDS-2),University of the Philippines,Philippines,1U,2018-06-29,"Reentered, Operational",Amateur radio communications and educational training.,
UiTMSAT-1 (BIRDS-2),Universiti Teknologi MARA (UiTM),Malaysia,1U,2018-06-29,"Reentered, Operational",Amateur radio communications and educational training.,
SiriusSat 1 (SiriusSat-1),Sirius Educational Centre,Russia,1U,2018-07-09,"Reentered, Operational",Assembled by schoolchildren for educational training plus particle detector payload.,
SiriusSat 2 (SiriusSat-2),Sirius Educational Centre,Russia,1U,2018-07-09,"Reentered, Operational",Assembled by schoolchildren for educational training plus particle detector payload.,
"CP7 (DAVE, Damping and Vibrations Experiment, CP-7)",California Polytechnic State University (Cal Poly),US,1U,2018-09-15,"Reentered, Operational",Characterize particle damper in microgravity and camera to take photos of Earth.,
"ELFIN-A (ELFIN, Electron Losses and Fields Investigation)",University of California,US,3U,2018-09-15,"Reentered, Operational",Explore the mechanisms responsible for the loss of relativistic electrons from the radiation belts.,
"ELFIN-B (ELFIN-STAR, ELFIN*, Electron Losses and Fields Investigation)",University of California,US,3U,2018-09-15,"Reentered, Operational",Explore the mechanisms responsible for the loss of relativistic electrons from the radiation belts.,
SurfSat,University of Central Florida,US,2U,2018-09-15,"Reentered, No signal",Measure plasma-induced surface charging and electrostatic discharge measurements.,
RSP-00 (RymanSat Project),Rymansat Project (Lehman Sat),Japan,1U,2018-09-22,"Reentered, No signal",Launch messages collected from the public and amateur radio communications plus camera and high-speed transmitter.,
SPATIUM (Space Precision Atomic-clock TIming Utility Mission),Kyushu Institute of Technology,Japan,2U,2018-09-22,"Reentered, Operational",Chip scale atomic clock to help map ionosphere plasma density.,
"STARS-Me A Mother (Tenryu, Space Tethered Autonomous Robotic Satellite)",Shizuoka University,Japan,1U,2018-09-22,"Reentered, Was operational, ?",Connected by tether to research technologies for space elevator.,
"STARS-Me A Mother (Tenryu, Space Tethered Autonomous Robotic Satellite) copy",Shizuoka University,Japan,1U,2018-09-22,"Reentered, Was operational, ?",Connected by tether to research technologies for space elevator.,
AUTCube2 (Gamacube),Aichi University of Technology,Japan,1U,2018-10-29,No signal,Artificial star seen by the eye CubeSat seen with the Naked Eye.,
"Changsha gaoxin (Changshagaoxin, TY4-01, TY-7, Zergling)",Spacety,China,6U,2018-10-29,"Reentered, Operational",Amateur radio payload satellite and also a technology verification for a next-generation 20U Spacety satellite platform.,
"CubeBel-1 (BSUSat-1, CubeBel1)",Belarusian State University,Belarus,2U,2018-10-29,"Reentered, Operational",Educational training and demonstration of attitude control plus camera and radiation spectrometer.,
Stars-AO,Shizuoka University,Japan,1U,2018-10-29,Was semi-operational,Test super high sensitivity camera WAT-910BD made in WATEC.,
"Tianqi-1 (Tiange 1, Tianqi yi hao, Apocalypse 1)",Guodian Gaoke,China,6U,2018-10-29,Unknown,Demonstration mission for IoT constellation to launch 38 by end of 2020.,
"Tongchuan-1 (Tongchuan No. 1, Zhaojin-1, TY4-02, TY-5, PolarLight)",Spacety,China,6U,2018-10-29,"Reentered, Operational",Pick up signals from gamma-ray bursts.,
"Xiaoxiang-1-02 (TY1-02, TY-4)",LaserFleet,China,6U,2018-10-29,"Reentered, Operational",New-technology verification satellite for laser communications.,
"Xinghe (TY1-03, Tianfuguoxing-1, TY-3)",ADASPACE,China,6U,2018-10-29,"Reentered, Operational",Remote sensing and 'AI' demonstration for Earth observation constellation.,
"CICERO-10 (Community Initiative for Continuous Earth Remote Observation, Tyvak-0086)",GeoOptics,US,6U,2018-11-11,"Reentered, Operational",Demonstration of GPS radio occultation sensor that allows the measurement of global weather pattern with high accuracy.,
Irvine01 (Irvine 01),Woodbridge High School,US,1U,2018-11-11,"Reentered, Operational",Educational training plus camera and propulsion module from Accion.,
Lemur-2 82 Zupanski (FM83),Spire,US,3U,2018-11-11,"Reentered, Operational","Constellation for GPS-RO weather data, AIS and ADS-B.",
Lemur-2 83 Chanusiak (FM84),Spire,US,3U,2018-11-11,"Reentered, Operational","Constellation for GPS-RO weather data, AIS and ADS-B.",
Proxima I,Fleet Space,Australia,1.5U,2018-11-11,"Reentered, Operational",IoT satellite network.,
Proxima II,Fleet Space,Australia,1.5U,2018-11-11,"Reentered, Operational",IoT satellite network.,
"CHEFSat 2 (Cost-effective High E-Frequency Satellite, CHEFSAT-2)",US Naval Research Laboratory,US,3U,2018-11-17,"Reentered, Unknown",Test and prepare consumer communications technology for use in space,
KickSat-2,Cornell University,US,3U,2018-11-17,"Reentered, Semi-operational",Reflight of KickSat to carry and deploy 200 Sprites.,
MYSAT-1 (MI CubeSat),Khalifa University of Science and Technology,United Arab Emirates,1U,2018-11-17,"Reentered, Operational",Educational training plus small camera for vegetation monitoring and new type of battery.,
3CAT-1 (CubeCat-1),"Polytechnic University of Catalonia (UPC, BarcelonaTECH)",Spain,1U,2018-11-29,"Reentered, Operational, ?",Find out how plasma conditions at space affect wireless energy transmission.,
"Centauri-2 (Centauri II, CENTAURI 2)",Fleet Space,Australia,3U,2018-11-29,"Reentered, Operational",IoT satellite network.,
"CICERO-8 (Community Initiative for Continuous Earth Remote Observation, Tyvak-0087)",GeoOptics,US,6U,2018-11-29,"Reentered, Operational",Demonstration of GPS radio occultation sensor that allows the measurement of global weather pattern with high accuracy.,
FACSAT-1 (FAC SAT),Colombian Air Force,Colombia,3U,2018-11-29,"Reentered, Operational",Pathfinder for potential future low-inclination constellation with camera.,
Flock-3r 1,Planet Labs,US,3U,2018-11-29,"Reentered, Operational",Constellation for optical Earth observation with 3-5m resolution.,
Flock-3r 2,Planet Labs,US,3U,2018-11-29,"Reentered, Operational",Constellation for optical Earth observation with 3-5m resolution.,
Flock-3r 3,Planet Labs,US,3U,2018-11-29,"Reentered, Operational",Constellation for optical Earth observation with 3-5m resolution.,
Flock-3r 4,Planet Labs,US,3U,2018-11-29,"Reentered, Operational",Constellation for optical Earth observation with 3-5m resolution.,
Flock-3r 5,Planet Labs,US,3U,2018-11-29,"Reentered, Operational",Constellation for optical Earth observation with 3-5m resolution.,
Flock-3r 6,Planet Labs,US,3U,2018-11-29,"Reentered, Operational",Constellation for optical Earth observation with 3-5m resolution.,
Flock-3r 7,Planet Labs,US,3U,2018-11-29,"Reentered, Operational",Constellation for optical Earth observation with 3-5m resolution.,
Flock-3r 8,Planet Labs,US,3U,2018-11-29,"Reentered, Operational",Constellation for optical Earth observation with 3-5m resolution.,
Flock-3r 9,Planet Labs,US,3U,2018-11-29,"Reentered, Operational",Constellation for optical Earth observation with 3-5m resolution.,
Flock-3r 10,Planet Labs,US,3U,2018-11-29,"Reentered, Operational",Constellation for optical Earth observation with 3-5m resolution.,
Flock-3r 11,Planet Labs,US,3U,2018-11-29,"Reentered, Operational",Constellation for optical Earth observation with 3-5m resolution.,
Flock-3r 12,Planet Labs,US,3U,2018-11-29,"Reentered, Operational",Constellation for optical Earth observation with 3-5m resolution.,
Flock-3r 13,Planet Labs,US,3U,2018-11-29,"Reentered, Operational",Constellation for optical Earth observation with 3-5m resolution.,
Flock-3r 14,Planet Labs,US,3U,2018-11-29,"Reentered, Operational",Constellation for optical Earth observation with 3-5m resolution.,
Flock-3r 15,Planet Labs,US,3U,2018-11-29,"Reentered, Operational",Constellation for optical Earth observation with 3-5m resolution.,
Flock-3r 16,Planet Labs,US,3U,2018-11-29,"Reentered, Operational",Constellation for optical Earth observation with 3-5m resolution.,
"Hiber One (Hiber 1, Hiber-1, HiberOne)",Hiber,Netherlands,6U,2018-11-29,"Reentered, Was operational, ?, Retired",Test the initial IoT/M2M service.,
HSAT-1,L3Harris,US,6U,2018-11-29,"Reentered, Operational",Orbital testbed for technology development and Earth observation.,
InnoSat-2 (Innovative Satellite 2),ATSB (Astronautic Technology Sdn Bhd),Malaysia,3U,2018-11-29,"Reentered, Operational","Dosimeter, a CMOS camera and an experimental reaction wheel.",
"Kepler 2 CASE (Kepler-1, CASE)",Kepler Communications,Canada,3U,2018-11-29,"Reentered, Operational",Pathfinder for upcoming constellation for IoT/M2M and wideband communications.,
Lemur-2 84 Orzulak (FM85),Spire,US,3U,2018-11-29,"Reentered, Operational","Constellation for GPS-RO weather data, AIS and ADS-B.",
Lemur-2 85 Vladimir (FM86),Spire,US,3U,2018-11-29,"Reentered, Operational","Constellation for GPS-RO weather data, AIS and ADS-B.",
Lemur-2 86 Kobyszcze (FM87),Spire,US,3U,2018-11-29,"Reentered, Operational","Constellation for GPS-RO weather data, AIS and ADS-B.",
Lemur-2 87 Duly (FM88),Spire,US,3U,2018-11-29,"Reentered, Operational","Constellation for GPS-RO weather data, AIS and ADS-B.",
Reaktor Hello World,Kuva Space,Finland,2U,2018-11-29,"Reentered, Operational","Demonstrate CubeSat platform, take photos and amateur radio mission.",
AISTECHSAT-2 (AISTECH2U-1),Aistech,Spain,2U,2018-12-03,Operational,Commercial constellation for ADS-B and IoT/M2M.,
Al-Farabi-2 (Al–Farabi 2),Al-Farabi Kazak National University,Kazakhstan,1U,2018-12-03,"Semi-operational, Was operational, ?",Educational mission with self-developed OBC and studying the effect of radiation on memory chips.,
"Astrocast 0.1 Kiwi (ACN-0, Astrocast-1)",Astrocast,Switzerland,3U,2018-12-03,Operational,Constellation demonstrator for IoT/M2M services and radio amateur missions.,
"Audacy Zero (Audacy-0, POINTR)",Audacy,US,3U,2018-12-03,No signal,Test in-house hardware to provide continuous communications between satellites and operator.,
BlackHawk (Black Hawk),Viasat,US,6U,2018-12-03,"Unknown, ?",Technological demonstrator for ViaSat by Blue Canyon Technologies.,
BRIO (Myriota),Myriota,US,3U,2018-12-03,"Operational, ?",Test IoT/M2M service payload for Myriota.,
Centauri-1 (Centauri I),Fleet Space,Australia,3U,2018-12-03,Operational,IoT satellite network.,
"CSIM (CSIM-FD, CSIM FD, (Compact Solar Irradiance Monitor)",University of Colorado Boulder,US,6U,2018-12-03,"Was operational, Retired, ?",Observe the solar spectral irradiance and amateur radio transmissions.,
EAGLET-1,OHB Italia,Italy,3U,2018-12-03,Operational,Precursor to 20 satellite constellation for AIS and Earth observation.,
"Elysium-Star 2 (ELYUSIUM, Shooting Star Memorial)",Elysium Space,US,1U,2018-12-03,"Deployment prohibited, Passive, On spacecraft","Carry loved one ashes, lock of hairs, or meaningful mementos and carries CUBIT identification tag.",
ENOCH (LACMA),LACMA (Los Angeles County Museum of Art),US,3U,2018-12-03,"Reentered, Passive",CubeSat-size work of art to be launched into space and carries CUBIT identification tag.,
"ExseedSat-1 (Exseed Sat-1, Vusat-OSCAR-96 )",Exseed Space,India,3U,2018-12-03,"Was operational, ?",Demonstrate CubeSat platform and amateur radio communications.,
Flock-3s 1,Planet Labs,US,3U,2018-12-03,Operational,Constellation for optical Earth observation with 3-5m resolution.,
Flock-3s 2,Planet Labs,US,3U,2018-12-03,Operational,Constellation for optical Earth observation with 3-5m resolution.,
Flock-3s 3,Planet Labs,US,3U,2018-12-03,Operational,Constellation for optical Earth observation with 3-5m resolution.,
"Fox-1C (Fox 1Cliff, AO-95)",The Radio Amateur Satellite Corporation (AMSAT),US,1U,2018-12-03,Semi-operational,"FM repeater, camera and radiation experiment.",
"Hiber Two (Hiber 2, Hiber-2, HiberTwo)",Hiber,Netherlands,6U,2018-12-03,"Was operational, ?, Retired",Test the initial IoT/M2M service.,
"ICE-Cap (IceCAP, Integrated Communications Extension Capability)","US Navy PEO Space Systems (NAVWAR, SPAWAR)",US,3U,2018-12-03,"Unknown, ?",Demonstrate communications through the Mobile User Objective System to send data to users on secure networks.,
IRVINE02,University High School,US,1U,2018-12-03,"Was semi-operational, ?",Demonstrate electric propulsion system plus camera for educational purposes.,
ITASAT 1 (ITASAT-1),Technological Institute of Aeronautics,Brazil,6U,2018-12-03,Semi-operational,Test Brazilian data collection transponder for the Brazilian Data Collection System and Argos System.,
JY1-SAT (JY1SAT),Crown Prince Foundation,Jordan,1U,2018-12-03,"Semi-operational, Was operational, ?",SSTV transmitter for radio amateurs and educational training.,
K2SAT,Republic of Korea Air Force Academy,South Korea,3U,2018-12-03,"Reentered, Was semi-operational",Amateur radio missions plus camera to take photos.,
KazSciSat-1,Ghalam,Kazakhstan,3U,2018-12-03,"No signal, Unknown, ?",Examine the Earth’s ionosphere to identify the effects of natural and man-made impacts on the Earth’s magnetic field.,
KNACKSAT (KMUTNB Academic Challenge of Knowledge SATellite),King Mongkut's University of Technology,Thailand,1U,2018-12-03,Was semi-operational,Demonstrate CubeSat platform technologies plus camera to take photos of Earth.,
"Landmapper-BC 4v2 (Corvus-BC4 v2, Perseus-O)",Astro Digital,US,6U,2018-12-03,"Operational, Retired, ?",Commercial constellation providing multispectral Earth observation data.,
MinXSS-2 (Miniature X-ray Solar Spectrometer CubeSat),University of Colorado Boulder,US,3U,2018-12-03,Was operational,Better understand the energy distribution of solar flare soft X-ray (SXR) emissions and its impact on Earth’s atmosphere.,
MOVE-II (Munich Orbital Verification Experiment),Technical University of Munich (TUM),Germany,1U,2018-12-03,Operational,Detecting antiprotons in South Atlantic Anomaly. S-band downlink.,
Orbital Reflector (ORS-1),Nevada Museum of Art,US,3U,2018-12-03,Was operational,Deploy large reflective sculpture.,
"Pathfinder II (Pathfinder-2, Helios, SIRION)",Helios Wire,US,6U,2018-12-03,Operational,Commercial constellation for IoT/M2M.,
"Polar Scout A (ORS-7, Polar Scout 1, ORS-7, Kodiak)",US Coast Guard,US,6U,2018-12-03,Operational,Provide a maritime surveillance capability for the U.S. Coast Guard to detect position of emergency beacons.,
"Polar Scout B (ORS-7, Polar Scout 2, ORS-7, Yukon)",US Coast Guard,US,6U,2018-12-03,Operational,Provide a maritime surveillance capability for the U.S. Coast Guard to detect position of emergency beacons.,
"PW-Sat2 (PWSat-2, PW-SAT2)",Warsaw University of Technology,Poland,2U,2018-12-03,"Reentered, Operational",Demonstrate solar sail for deorbiting and sun sensor.,
RAAF M1 ( (CubeSat-M1),University of New South Wales (UNSW Canberra),Australia,3U,2018-12-03,No signal,Demonstrate CubeSat platform technologies and collect AIS and ADS-B messages.,
RANGE-A (Ranging And Nanosatellite Guidance Experiment),Georgia Institute of Technology (Georgia Tech),US,1.5U,2018-12-03,"Semi-operational, ?, Unknown","Formation flying and inter-satellite laser ranging system, which also supports communications.",
RANGE-B (Ranging And Nanosatellite Guidance Experiment),Georgia Institute of Technology (Georgia Tech),US,1.5U,2018-12-03,"Semi-operational, ?, Unknown","Formation flying and inter-satellite laser ranging system, which also supports communications.",
SeaHawk-1,University of North Carolina Wilmington,US,3U,2018-12-03,Operational,Demonstrate miniature ocean color sensor.,
Snuglite (SNULITE),Seoul National University,South Korea,2U,2018-12-03,"Semi-operational, Was operational, ?",Amateur radio communication and demonstrate in-house GPS receiver.,
SNUSat-2,Seoul National University,South Korea,3U,2018-12-03,"Was semi-operational, ?",Early-stage disaster monitoring and demonstrate in-house technologies.,
SpaceBEE-5,Swarm Technologies,US,1U,2018-12-03,"Reentered, Operational",Test the world’s smallest two-way communications satellites for future constellation.,
SpaceBEE-6,Swarm Technologies,US,1U,2018-12-03,"Reentered, Operational",Test the world’s smallest two-way communications satellites for future constellation.,
SpaceBEE-7,Swarm Technologies,US,1U,2018-12-03,Operational,Test the world’s smallest two-way communications satellites for future constellation.,
"SPAWAR-CAL-O (STAR-3A, DoD CubeSat 2A)","US Navy PEO Space Systems (NAVWAR, SPAWAR)",US,1U,2018-12-03,Passive,Calibration targets and technology demonstrations to improve tracking of small objects in space.,
"SPAWAR-CAL-OR (STAR-3, DoD CubeSat 2C)","US Navy PEO Space Systems (NAVWAR, SPAWAR)",US,1U,2018-12-03,Passive,Calibration targets and technology demonstrations to improve tracking of small objects in space.,
"SPAWAR-CAL-R (STAR-3, DoD CubeSat 2B)","US Navy PEO Space Systems (NAVWAR, SPAWAR)",US,1U,2018-12-03,Passive,Calibration targets and technology demonstrations to improve tracking of small objects in space.,
Suomi 100 (Finland100),Aalto University,Finland,1U,2018-12-03,Operational,Celebrate Finland's 100th independence with camera and low-frequency receiver to detect auroras.,
"THEA (Aurora Insight, Alpha)",SpaceQuest,US,3U,2018-12-03,Operational,Test and evaluate a spectrum survey payload developed by Aurora Insight.,
VESTA,Honeywell,US,3U,2018-12-03,"Operational, ?",Test new two-way VHF payload for the exactEarth maritime satellite constellation.,
VisionCube,Korea Aerospace University,South Korea,2U,2018-12-03,No signal,Obtain images of Transient Luminous Events in the upper atmosphere.,
WeissSat-1,Weiss School,US,1U,2018-12-03,"Operational, ?",Validate a novel lab-on-a-chip system that will demonstrate a live/dead fluorescent dye staining approach and microfluidics.,
"CAT A (CAT-1, CubeSat Assessment and Test, CATSat-1)",Johns Hopkins APL,US,3U,2018-12-05,"Reentered, Operational",Key lessons learned from the ORS TECH and RAVAN missions are being applied to this mission.,
"CAT B (CAT-2, CubeSat Assessment and Test, CATSat-2)",Johns Hopkins APL,US,3U,2018-12-05,"Reentered, Operational",Key lessons learned from the ORS TECH and RAVAN missions are being applied to this mission.,
"Delphini-1 (AUSAT, AUSAT-1)",Aarhus University,Denmark,1U,2018-12-05,"Reentered, Operational",Educational training plus NanoEye camera.,
Quantum Radar 1 (SEOPS-Quantum Radar-1),SEOPS,US,3U,2018-12-05,"Reentered, Passive",Covered with optical reflectors to investigate Low Earth Orbit (LEO) satellite decay characteristics.,
Quantum Radar 2 (SEOPS-Quantum Radar-2),SEOPS,US,3U,2018-12-05,"Reentered, Passive",Covered with optical reflectors to investigate Low Earth Orbit (LEO) satellite decay characteristics.,
TechEdSat-8 (TES-8),NASA Ames Research Center,US,6U,2018-12-05,"Reentered, Was operational",Further develop and demonstrate the Exo-Brake system through full recovery of a payload.,
UNITE (Undergraduate Nano Ionospheric Temperature Explorer),Purdue University,US,3U,2018-12-05,"Reentered, Operational, ?",Make a series of global measurements in the lower ionosphere to asses drag and compare against thermal models.,
"Ladybird-2 (Ladybug, lvis Presley Star, Piao chong 2, Maowang Shouyinji Xing )",Commsat,China,6U,2018-12-07,"Reentered, Operational",Demonstration for IoT constellation.,
"LadyBird-3 (Ladybug, Hua Mi, Hua Mi Xing (华米星), Piao chong 3, Huami xing)",Commsat,China,6U,2018-12-07,"Reentered, Unknown",Demonstration for IoT constellation.,
"LadyBird-4 (Ladybug, Piao chong 4, Panda Star?)",Commsat,China,6U,2018-12-07,"Reentered, Operational",Demonstration for IoT constellation.,
"LadyBird-5 (Ladybug, Linda Education Satellite, Piao chong 5, Likeda jiaoyu weixing)",Commsat,China,3U,2018-12-07,"Reentered, Operational",Demonstration for IoT constellation.,
"LadyBird-6 (Ladybug, Tmall International, Piao chong 6, Tianmao guoji xing)",Commsat,China,3U,2018-12-07,"Reentered, Unknown",Demonstration for IoT constellation.,
"LadyBird-7 (Ladybug, RE: X, RE:X xing, Piao chong 7)",Commsat,China,3U,2018-12-07,"Reentered, Unknown",Demonstration for IoT constellation.,
"TFSTAR (Douyu-666, Xingshidai-2?, TY-10)",Spacety,China,6U,2018-12-07,"Reentered, Operational, ?",Educational mission and live broadcasts.,
"TY/DF-1 (TY?-01, Sagittarius-01, Tianfu Guoxing 2, Xingshidai 2, TY-9)",ADASPACE,China,6U,2018-12-07,"Reentered, Operational, ?",On-board AI platform with image processing capability.,
"TY3-01 (Xijiang Jiantong-1, Xinjiang Jiaotong-01, Tianfu Xinghe, TY-8)",Spacety,China,6U,2018-12-07,"Reentered, Operational, ?",Serve the transportation infrastructure construction in Xinjiang.,
"Weina-1 (Wei Na No. 1, MN-10)","MinoSpace (Beijing Weina Star Technology Co, Weina Xingkong Keji)",China,6U,2018-12-07,Operational,Remote sensing camera with a resolution of 10m@550km and a swath width of 25km.,
"AeroCube-11A (AC11, TOMSat Eagle Scout , Rapid + Responsive + Reimagined, Testbed for Optical Missions Satellite, AEROCUBE 11-EAGLESCOUT)",Aerospace Corporation,US,3U,2018-12-16,"Reentered, Operational",Multispectral pushbroom imager and laser transmitter for downlink.,
"AeroCube-11B (AC11, TOMSat R3, Rapid + Responsive + Reimagined, Testbed for Optical Missions Satellite, AEROCUBE 11-R3)",Aerospace Corporation,US,3U,2018-12-16,"Reentered, Operational",Multispectral pushbroom imager and laser transmitter for downlink.,
ALBus (Advanced Electrical Bus),NASA Glenn Research Center,US,3U,2018-12-16,"Reentered, Was operational",Demonstrate efficient battery charging and 100 Watt distribution.,
CeREs (Compact Radiation Belt Explorer),NASA Goddard Space Flight Center,US,3U,2018-12-16,"Reentered, Was semi-operational","Study primary radiation belt energization, as well as loss electron spectra and microbursts.",
CHOMPTT (CubeSat Handling of Multisystem Precision Time Transfer),University of Florida,US,3U,2018-12-16,"Reentered, Was operational","Demonstrate low cost, precision time transfer between ground and satellite using a laser.",
"CP11 (ISX, Ionospheric Scintillation eXplorer)",California Polytechnic State University (Cal Poly),US,3U,2018-12-16,"Reentered, No signal",Study multi-frequency radio wave interference produced by the atmosphere at sunset near the equator.,
CubeSail 1 (CubeSail-A),University of Illinois Urbana-Champaign,US,1.5U,2018-12-16,"Reentered, Was semi-operational",Low-cost demonstration of the UltraSail solar sailing concept using two CubeSats to deploy a 260 m-long reflecting film.,
CubeSail 2 (CubeSail-B),University of Illinois Urbana-Champaign,US,1.5U,2018-12-16,"Reentered, Was semi-operational",Low-cost demonstration of the UltraSail solar sailing concept using two CubeSats to deploy a 260 m-long reflecting film.,
DaVinci (Da Vinci),North Idaho STEM Charter Academy,US,3U,2018-12-16,"Reentered, Retired, Operational",Educational training for students and amateur radio transmissions plus camera.,
NMTSat (New Mexico Tech Nanosatellite),New Mexico Institute of Mining and Technology,US,3U,2018-12-16,"Reentered, No signal",Correlating state-of-health information from the spacecraft with space weather in LEO and ELROI Optical Satellite License Plate.,
"RSat-P (Repair CubeSat Prototype, RECS, USNA-19)",US Naval Academy Satellite Lab,US,3U,2018-12-16,"Reentered, No signal",Demonstrate the feasibility of using CubeSats to diagnose malfunctions and perform on orbit repairs on satellites.,
"SHFT-1 (Goergen, Space-based High Frequency Testbed, SHFT-2)",DARPA,US,3U,2018-12-16,"Reentered, Operational",Collect radio frequency signals in the HF (5-30 MHz) band to study the galactic background emissions.,
Shields-1,NASA Langley Research Center,US,3U,2018-12-16,Operational,Raise the TRL of Atomic Number (Z) grade radiation shielding technologies.,
STF-1 (Simulation To Flight 1),West Virginia University,US,3U,2018-12-16,"Reentered, Was operational",Demonstrate portable simulation and test platform that allows seamless transition of mission development artifacts to flight products.,
D-Star One (iSat),German Orbital Systems,Germany,3U,2018-12-27,Operational,Demonstrate CubeSat platform technologies and ADS-B receiver.,
D-Star One (Sparrow),German Orbital Systems,Germany,3U,2018-12-27,Operational,Demonstrate CubeSat platform technologies and ADS-B receiver.,
Flock-3k 1,Planet Labs,US,3U,2018-12-27,"Reentered, Operational",Constellation for optical Earth observation with 3-5m resolution.,
Flock-3k 2,Planet Labs,US,3U,2018-12-27,"Reentered, Operational",Constellation for optical Earth observation with 3-5m resolution.,
Flock-3k 3,Planet Labs,US,3U,2018-12-27,"Reentered, Operational",Constellation for optical Earth observation with 3-5m resolution.,
Flock-3k 4,Planet Labs,US,3U,2018-12-27,"Reentered, Operational",Constellation for optical Earth observation with 3-5m resolution.,
Flock-3k 5,Planet Labs,US,3U,2018-12-27,"Reentered, Operational",Constellation for optical Earth observation with 3-5m resolution.,
Flock-3k 6,Planet Labs,US,3U,2018-12-27,"Reentered, Operational",Constellation for optical Earth observation with 3-5m resolution.,
Flock-3k 7,Planet Labs,US,3U,2018-12-27,"Reentered, Operational",Constellation for optical Earth observation with 3-5m resolution.,
Flock-3k 8,Planet Labs,US,3U,2018-12-27,"Reentered, Operational",Constellation for optical Earth observation with 3-5m resolution.,
Flock-3k 9,Planet Labs,US,3U,2018-12-27,"Reentered, Operational",Constellation for optical Earth observation with 3-5m resolution.,
Flock-3k 10,Planet Labs,US,3U,2018-12-27,"Reentered, Operational",Constellation for optical Earth observation with 3-5m resolution.,
Flock-3k 11,Planet Labs,US,3U,2018-12-27,"Reentered, Operational",Constellation for optical Earth observation with 3-5m resolution.,
Flock-3k 12,Planet Labs,US,3U,2018-12-27,"Reentered, Operational",Constellation for optical Earth observation with 3-5m resolution.,
Lemur-2 88 Remy-Colton (FM89),Spire,US,3U,2018-12-27,"Reentered, Operational","Constellation for GPS-RO weather data, AIS and ADS-B.",
Lemur-2 89 Gustavo (FM90),Spire,US,3U,2018-12-27,Operational,"Constellation for GPS-RO weather data, AIS and ADS-B.",
Lemur-2 90 ChristinaHolt (FM91),Spire,US,3U,2018-12-27,"Reentered, Operational","Constellation for GPS-RO weather data, AIS and ADS-B.",
Lemur-2 91 Zo (FM92),Spire,US,3U,2018-12-27,Operational,"Constellation for GPS-RO weather data, AIS and ADS-B.",
Lemur-2 92 TinyKev (FM93),Spire,US,3U,2018-12-27,"Reentered, Operational","Constellation for GPS-RO weather data, AIS and ADS-B.",
Lemur-2 93 SarahBettyBoo (FM94),Spire,US,3U,2018-12-27,"Reentered, Operational","Constellation for GPS-RO weather data, AIS and ADS-B.",
Lemur-2 94 NatalieMurray (FM95),Spire,US,3U,2018-12-27,"Reentered, Operational","Constellation for GPS-RO weather data, AIS and ADS-B.",
Lemur-2 95 Daisy-Harper (FM96),Spire,US,3U,2018-12-27,"Reentered, Operational","Constellation for GPS-RO weather data, AIS and ADS-B.",
LUME-1,University of Vigo,Spain,2U,2018-12-27,"Reentered, Operational",Validate software defined radio for communications and spectrum monitoring capabilities.,
SAMSON-Dummy 1 (SAMSON mass simulator),Israel Institute Of Technology,Russia,6U,2018-12-27,Passive,Passive mass dummy to replace SAMSON CubeSats.,
SAMSON-Dummy 2 (SAMSON mass simulator),Israel Institute Of Technology,Russia,6U,2018-12-27,Passive,Passive mass dummy to replace SAMSON CubeSats.,
SAMSON-Dummy 3 (SAMSON mass simulator),Israel Institute Of Technology,Russia,6U,2018-12-27,Passive,Passive mass dummy to replace SAMSON CubeSats.,
UWE-4,University of Würzburg,Germany,1U,2018-12-27,Operational,Demonstrate and characterize an electric propulsion system.,
"ZACUBE-2 (FireSat, MDASat)",Cape Peninsula University of Technology,South Africa,3U,2018-12-27,"Reentered, Operational, ?",Testbed for a ship-tracking payload (AIS) and imager for ocean color and fire tracking.,
Aoba-Velox-IV (AOBA VELOX-IV),Kyushu Institute of Technology,Japan,2U,2019-01-18,"Reentered, Operational",Observe Lunar Horizon Glow.,
"NEXUS (Next Education X (cross) Unique Satellite, Fuji-OSCAR 99)",Nihon University,Japan,1U,2019-01-18,"Reentered, Operational",Amateur radio communications plus camera.,
OrigamiSat-1 (Fuji-OSCAR-98),Tokyo Institute of Technology,Japan,3U,2019-01-18,"Reentered, Was operational",Membrane deployment mission and amateur radio mission.,
Lingque 1A (A xing),ZeroG Lab,China,6U,2019-01-21,"Reentered, Unknown",Technology demonstration for 132 satellite Earth Observation constellation called Magpie.,
"Xiaoxiang-1 03 (Qingteng Zhi Xing, Qingtengzhixing, Xiaoxiang-1 03 xing, TY3-04, Tianyi-11, TY-11, XIAOXIANG 3)",Spacety,China,6U,2019-01-21,"Reentered, Operational",Full-color miniature remote sensing camera and deorbit drag sail.,
Lingque 1B,ZeroG Lab,China,6U,2019-03-27,Launch failure,Technology demonstration for 132 satellite Earth Observation constellation called Magpie.,
"AISTECHSAT-3 (Danu Pathfinder 1), AISTECHSAT3)",Aistech,Spain,2U,2019-04-01,"Reentered, Operational",Commercial constellation for ADS-B and IoT/M2M.,
"Astrocast 0.2 Hawaii (ACN-0, Astrocast-2)",Astrocast,Switzerland,3U,2019-04-01,"Reentered, Operational",Constellation demonstrator for IoT/M2M services and radio amateur missions.,
BlueWalker 1 (BW 1),AST,Lithuania,6U,2019-04-01,"Reentered, Operational","Series of satellites for AST & Science, to be used for testing the company’s patented technologies in space.",
Flock-4a 1,Planet Labs,US,3U,2019-04-01,"Reentered, Operational",Constellation for optical Earth observation with 3-5m resolution.,
Flock-4a 2,Planet Labs,US,3U,2019-04-01,"Reentered, Operational",Constellation for optical Earth observation with 3-5m resolution.,
Flock-4a 3,Planet Labs,US,3U,2019-04-01,"Reentered, Operational",Constellation for optical Earth observation with 3-5m resolution.,
Flock-4a 4,Planet Labs,US,3U,2019-04-01,"Reentered, Operational",Constellation for optical Earth observation with 3-5m resolution.,
Flock-4a 5,Planet Labs,US,3U,2019-04-01,"Reentered, Operational",Constellation for optical Earth observation with 3-5m resolution.,
Flock-4a 6,Planet Labs,US,3U,2019-04-01,"Reentered, Operational",Constellation for optical Earth observation with 3-5m resolution.,
Flock-4a 7,Planet Labs,US,3U,2019-04-01,"Reentered, Operational",Constellation for optical Earth observation with 3-5m resolution.,
Flock-4a 8,Planet Labs,US,3U,2019-04-01,"Reentered, Operational",Constellation for optical Earth observation with 3-5m resolution.,
Flock-4a 9,Planet Labs,US,3U,2019-04-01,"Reentered, Operational",Constellation for optical Earth observation with 3-5m resolution.,
Flock-4a 10,Planet Labs,US,3U,2019-04-01,"Reentered, Operational",Constellation for optical Earth observation with 3-5m resolution.,
Flock-4a 11,Planet Labs,US,3U,2019-04-01,"Reentered, Operational",Constellation for optical Earth observation with 3-5m resolution.,
Flock-4a 12,Planet Labs,US,3U,2019-04-01,"Reentered, Operational",Constellation for optical Earth observation with 3-5m resolution.,
Flock-4a 13,Planet Labs,US,3U,2019-04-01,"Reentered, Operational",Constellation for optical Earth observation with 3-5m resolution.,
Flock-4a 14,Planet Labs,US,3U,2019-04-01,"Reentered, Operational",Constellation for optical Earth observation with 3-5m resolution.,
Flock-4a 15,Planet Labs,US,3U,2019-04-01,"Reentered, Operational",Constellation for optical Earth observation with 3-5m resolution.,
Flock-4a 16,Planet Labs,US,3U,2019-04-01,"Reentered, Operational",Constellation for optical Earth observation with 3-5m resolution.,
Flock-4a 17,Planet Labs,US,3U,2019-04-01,"Reentered, Operational",Constellation for optical Earth observation with 3-5m resolution.,
Flock-4a 18,Planet Labs,US,3U,2019-04-01,"Reentered, Operational",Constellation for optical Earth observation with 3-5m resolution.,
Flock-4a 19,Planet Labs,US,3U,2019-04-01,"Reentered, Operational",Constellation for optical Earth observation with 3-5m resolution.,
Flock-4a 20,Planet Labs,US,3U,2019-04-01,"Reentered, Operational",Constellation for optical Earth observation with 3-5m resolution.,
Lemur-2 96 JohanLoran (FM97),Spire,US,3U,2019-04-01,"Reentered, Operational","Constellation for GPS-RO weather data, AIS and ADS-B.",
Lemur-2 97 Beaudacious (FM98),Spire,US,3U,2019-04-01,"Reentered, Operational","Constellation for GPS-RO weather data, AIS and ADS-B.",
Lemur-2 98 Elham (FM99),Spire,US,3U,2019-04-01,"Reentered, Operational","Constellation for GPS-RO weather data, AIS and ADS-B.",
Lemur-2 99 Victor-Andrew (FM100),Spire,US,3U,2019-04-01,"Reentered, Operational","Constellation for GPS-RO weather data, AIS and ADS-B.",
"M6P (LacunaSat-1, BTD-1)",NanoAvionics,Lithuania,6U,2019-04-01,"Reentered, Operational",Hosted payload rideshare mission. LoRaWAN IoT network in space. Payloads from Lacuna Space and Blink Astro.,
AeroCube-10A (JimSat),Aerospace Corporation,US,1.5U,2019-04-17,"Reentered, Operational",Demonstrate satellite-to-satellite pointing and deployment of small atmospheric probes.,
AeroCube-10B (DougSat),Aerospace Corporation,US,1.5U,2019-04-17,"Reentered, Operational",Demonstrate satellite-to-satellite pointing and deployment of small atmospheric probes.,
EntrySat,ISAE Institut Supérieur de l'Aéronautique et de l'Espace,France,2U,2019-04-17,"Reentered, Was operational",Part of QB50 to study lower termosphere and study atmospheric re-entry.,
"IOD-1 GEMS (Global Environmental Monitoring System, OMS IOD Mission 1, IOD 1 Mission)",Orbital Micro Systems,UK,3U,2019-04-17,"Reentered, Operational",Commercial constellation to provide weather data.,
KrakSat (KRAKsat),AGH University of Science and Technology,Poland,1U,2019-04-17,"Reentered, Was operational",Demostrate ferrofluid based attitude control.,
NepaliSat-1 (BIRDS-3),Kyushu Institute of Technology,Nepal,1U,2019-04-17,"Reentered, Operational",Remote Data Collection based on low powered LoRa modulation for demonstration.,
Raavana-1 (BIRDS-3),Kyushu Institute of Technology,Sri Lanka,1U,2019-04-17,"Reentered, Operational",Remote Data Collection based on low powered LoRa modulation for demonstration.,
"SASSI2 (SASSI-2, SASSI^2, Student Aerothermal Spectrometer Satellite of Illinois and Indiana)",Purdue University,US,3U,2019-04-17,"Reentered, No signal",Characterize the flow and radiation generated by the diffuse bow shock formed during high-speed flight through the upper atmosphere.,
Seeker 1.0 (Seeker Robotic External CubeSat Inspection Vehicle DTO),NASA Johnson Space Center,US,3U,2019-04-17,"Reentered, Was operational",Free-flying robot poised to make its first test inspection in orbit with the Cygnus station cargo resupply vehicle.,
SpooQy-1,National University of Singapore,Singapore,3U,2019-04-17,"Reentered, Operational",Demonstrate the generation of polarisation-entangled photon pairs in space.,
Światowid (Swiatowid),SatRev,Poland,2U,2019-04-17,"Reentered, Operational",Earth observation constellation demonstration and 3D printed structure.,
ThinSat-1A,Virginia Space,US,ThinSat D+4T,2019-04-17,"Reentered, Operational, ?",ThinSat satellite platform for educational training.,
ThinSat-1B,Virginia Space,US,ThinSat 3T,2019-04-17,"Reentered, Operational, ?",ThinSat satellite platform for educational training.,
ThinSat-1C,Virginia Space,US,ThinSat 6T,2019-04-17,"Reentered, Operational, ?",ThinSat satellite platform for educational training.,
ThinSat-1D,Virginia Space,US,ThinSat 6T,2019-04-17,"Reentered, Operational, ?",ThinSat satellite platform for educational training.,
ThinSat-1E,Virginia Space,US,ThinSat D+4T,2019-04-17,"Reentered, Operational, ?",ThinSat satellite platform for educational training.,
ThinSat-1F,Virginia Space,US,ThinSat 6T,2019-04-17,"Reentered, Operational, ?",ThinSat satellite platform for educational training.,
ThinSat-1G,Virginia Space,US,ThinSat 3T,2019-04-17,"Reentered, Operational, ?",ThinSat satellite platform for educational training.,
ThinSat-1H,Virginia Space,US,ThinSat 6T,2019-04-17,"Reentered, Operational, ?",ThinSat satellite platform for educational training.,
ThinSat-1I,Virginia Space,US,ThinSat D+4T,2019-04-17,"Reentered, Operational, ?",ThinSat satellite platform for educational training.,
ThinSat-1J,Virginia Space,US,ThinSat 6T,2019-04-17,"Reentered, Operational, ?",ThinSat satellite platform for educational training.,
ThinSat-1K,Virginia Space,US,ThinSat 3T,2019-04-17,"Reentered, Operational, ?",ThinSat satellite platform for educational training.,
ThinSat-1L,Virginia Space,US,ThinSat 6T,2019-04-17,"Reentered, Operational, ?",ThinSat satellite platform for educational training.,
Uguisu (BIRDS-3),Kyushu Institute of Technology,Japan,1U,2019-04-17,"Reentered, Operational",Remote Data Collection based on low powered LoRa modulation for demonstration of remote data collection plus camera.,
"VCC 1 (Virginia Cubesat Constellation 1, Aeternitas)",Old Dominion University,US,1U,2019-04-17,"Reentered, No signal",In-situ quantification of atmospheric drag and communicate positions across constellation.,
"VCC 2 (Virginia Cubesat Constellation 2, Ceres)",Virginia Tech,US,1U,2019-04-17,"Reentered, No signal",In-situ quantification of atmospheric drag and communicate positions across constellation.,
"VCC 3 (Virginia Cubesat Constellation 3, Libertas)",University of Virginia,US,1U,2019-04-17,"Reentered, Was semi-operational",In-situ quantification of atmospheric drag and communicate positions across constellation.,
"Falcon ODE (AFOTEC-1, Falcon Orbital Debris Experiment, Air Force Operational Test and Evaluation Center, SFERES, Space Fence Evaluation of Radar EffectivenesS)",Air Force Academy,US,1U,2019-05-03,"Reentered, Operational, ?",Evaluate ground-based tracking of space objects and educational mission.,
SPARC-1 (Space Plug and Play Architecture Research CubeSat-1),Air Force Research Laboratory (AFRL),US,6U,2019-05-03,"Reentered, Operational",Demonstrate Agile Space Radio well as Space Situational Awareness for military utility.,
"Tianqi-3 (Tiange 3, Tianqi yi hao, Wenchang IOT-1, Apocalypse 3, Tao Xingzhi)",Guodian Gaoke,China,6U,2019-06-05,Unknown,Demonstration mission for IoT constellation to launch 38 by end of 2020.,
"Xiaoxiang-1 04 (Xiaoxiang-1 04 xing, Louxing, Lou Xing, Xiaoxiang No. 04 star, Tianyi-13, TY-13)",Spacety,China,6U,2019-06-05,Operational,Full-color miniature remote sensing camera and deorbit drag sail.,
Armadillo (Attitude Related Maneuvers And Debris Instrument in Low (L) Orbit),University of Texas at Austin,US,3U,2019-06-25,"Reentered, Operational",Characterize in-situ sub-millimeter level dust and debris particles in LEO.,
"BricSat 2 (USNA-P1, BricSat-2, BRICSat-D, Ballistic Reinforced Communication Satellite, PSat B, ParkinsonSat B, USNA-14)",US Naval Academy Satellite Lab,US,1.5U,2019-06-25,"Reentered, Operational",Demonstrate a newly designed micro propulsion system.,
"CP9 (LEO, Launch Environment Observer, CP-9)",California Polytechnic State University (Cal Poly),US,2U,2019-06-25,"Reentered, Operational",Measure and record in-situ telemetry data from within the P-POD during launch.,
"E-TBEx A (TBEX-A, TBEx, Enhanced Tandem Beacon Experiment, Tandem Beacon Experiment)",University of Michigan,US,3U,2019-06-25,"Reentered, Operational",Study how the dynamics and processes in the troposphere can cause variability in the behavior of the upper atmosphere and ionosphere.,
"E-TBEx B (TBEX-B. TBEx, Enhanced Tandem Beacon Experiment, Tandem Beacon Experiment)",University of Michigan,US,3U,2019-06-25,"Reentered, Operational",Study how the dynamics and processes in the troposphere can cause variability in the behavior of the upper atmosphere and ionosphere.,
"FalconSAT-7 (DOTSI, Peregrine)",Air Force Academy,US,3U,2019-06-25,"Reentered, Unknown",Solar telescope with the deployable Peregrine photon-sieve optic.,
"LightSail 2 (LightSail-B, LightSail-2)",The Planetary Society,US,3U,2019-06-25,"Reentered, Operational",Demonstrate the deployment of a 32 m2 solar sail from a 3-unit CubeSat platform.,
Prometheus 2 Mass Dummy,USSOCOM (US Special Operations Command),US,1.5U,2019-06-25,"Reentered, Passive",Demonstrate improved CubeSat platform.,
Prometheus 2.6,USSOCOM (US Special Operations Command),US,1.5U,2019-06-25,"Reentered, Operational, ?",Demonstrate improved CubeSat platform.,
"PSAT2 (PSAT-2, ParkinsonSat-2, PSAT 2, USNA-15)",US Naval Academy Satellite Lab,US,1.5U,2019-06-25,"Reentered, Operational",Amateur radio payload for APRS communication.,
Stangsat,Merritt Island High School,US,1U,2019-06-25,"Reentered, Was operational, ?",Primary mission is to measure shock and vibration data during launch.,
"TEPCE A (Ren, Tether Electrodynamics Propulsion CubeSat Experiment)",US Naval Research Laboratory,US,1.5U,2019-06-25,"Reentered, Operational",Joined by a 1 km tether to test electrodynamic tether propulsion.,
"TEPCE B (Stimpy, Tether Electrodynamics Propulsion CubeSat Experiment)",US Naval Research Laboratory,US,1.5U,2019-06-25,"Reentered, Operational",Joined by a 1 km tether to test electrodynamic tether propulsion.,
ACRUX-1,Melbourne Space Program,Australia,1U,2019-06-29,"Reentered, Semi-operational",Educational training and demonstrate CubeSat platform technologies.,
Painani-1,Mexico Secretariat of National Defense (SEDENA),Mexico,3U,2019-06-29,"Reentered, Operational",Carry a low resolution camera and proposes an S Band downlink using frequency hopping technology for the images.,
Prometheus 2.7 (Prometheus-B2),USSOCOM (US Special Operations Command),US,1.5U,2019-06-29,"Reentered, Operational, ?",Demonstrate improved CubeSat platform.,
"Prometheus 2.9 (Prometheus-B2, 2-9)",USSOCOM (US Special Operations Command),US,1.5U,2019-06-29,"Reentered, Operational, ?",Demonstrate improved CubeSat platform.,
SpaceBEE-8 (FM12),Swarm Technologies,US,1U,2019-06-29,"Reentered, Operational",World’s smallest two-way communications satellites for IoT.,
SpaceBEE-9 (FM13),Swarm Technologies,US,1U,2019-06-29,"Reentered, Operational",World’s smallest two-way communications satellites for IoT.,
AmGU-1 (AmurSat),Amur State University,Russia,3U,2019-07-05,"Reentered, Operational",Foton-Amur instrument consisting of charged particle and gamma ray detectors to study space weather phenomena.,
BEESAT-9 (TUBSAT-17),Technical University of Berlin,Germany,1U,2019-07-05,"Reentered, Operational",Educational training and demonstrate CubeSat platform technologies plus camera.,
"BEESAT-10 (TUBSAT-18, PiNaSys II)",Technical University of Berlin,Germany,0.25U,2019-07-05,"Operational, ?",Pi­co­satel­lite swarm mis­sion of 0.25U CubeSats.,
"BEESAT-11 (TUBSAT-19, PiNaSys II)",Technical University of Berlin,Germany,0.25U,2019-07-05,"Operational, ?",Pi­co­satel­lite swarm mis­sion of 0.25U CubeSats.,
"BEESAT-12 (TUBSAT-20, PiNaSys II)",Technical University of Berlin,Germany,0.25U,2019-07-05,"Operational, ?",Pi­co­satel­lite swarm mis­sion of 0.25U CubeSats.,
"BEESAT-13 (TUBSAT-21, PiNaSys II)",Technical University of Berlin,Germany,0.25U,2019-07-05,Operational,Pi­co­satel­lite swarm mis­sion of 0.25U CubeSats.,
D-Star One EXOCONNECT,German Orbital Systems,Germany,3U,2019-07-05,"Reentered, Operational",Demonstrate CubeSat platform technologies and ADS-B receiver.,
D-Star One LightSat,German Orbital Systems,Germany,3U,2019-07-05,"Reentered, Operational",Demonstrate CubeSat platform technologies and ADS-B receiver.,
"El Camino Real (Momentus X1, MX-1, Momentus Flight Experiment 1)",Momentus,US,16U,2019-07-05,Operational,Demonstration of water based microwave electrothermal propulsion.,
JAISAT-1,RAST (Radio Amateur Society of Thailand),Thailand,3U,2019-07-05,"Reentered, Operational","Linear transponder for SSB/CW communications, APRS, a packet bulletin board system (PBBS) and a HD camera for imaging.",
"Lemur-2 100 Morag (FM101, LEMR2126)",Spire,US,3U,2019-07-05,"Reentered, Operational","Constellation for GPS-RO weather data, AIS and ADS-B.",
Lemur-2 101 Wanli (FM102),Spire,US,3U,2019-07-05,"Reentered, Operational","Constellation for GPS-RO weather data, AIS and ADS-B.",
Lemur-2 102 Yndrd (FM103),Spire,US,3U,2019-07-05,"Reentered, Operational","Constellation for GPS-RO weather data, AIS and ADS-B.",
Lemur-2 103 EJatta (FM104),Spire,US,3U,2019-07-05,"Reentered, Operational","Constellation for GPS-RO weather data, AIS and ADS-B.",
Lemur-2 104 DustInTheWind (FM105),Spire,US,3U,2019-07-05,"Reentered, Operational","Constellation for GPS-RO weather data, AIS and ADS-B.",
Lemur-2 105 Alex-Maddy (FM106),Spire,US,3U,2019-07-05,"Reentered, Operational","Constellation for GPS-RO weather data, AIS and ADS-B.",
Lemur-2 106 LillyJo (FM107),Spire,US,3U,2019-07-05,"Reentered, Operational","Constellation for GPS-RO weather data, AIS and ADS-B.",
Lemur-2 107 GregRobinson (FM108),Spire,US,3U,2019-07-05,"Reentered, Operational","Constellation for GPS-RO weather data, AIS and ADS-B.",
Lucky-7,SkyFox Labs,Czechia,1U,2019-07-05,"Reentered, Operational",Demonstrate CubeSat platform technologies for deep space missions.,
"MOVE-IIb (MOVE-2B, Munich Orbital Verification Experiment)",Technical University of Munich (TUM),Germany,1U,2019-07-05,"Reentered, Semi-operational, ?",Detecting antiprotons in South Atlantic Anomaly and small improvements to spacecraft.,
"MTCube (ROBUSTA 1C, Memory Test CubeSat, MT-CUBE)",University of Montpellier,France,1U,2019-07-05,"Reentered, No signal",Testing memories for future space applications,
"NSLSat 1 (NSL-1, NSL 1)",BeetleSat (NSLComm),Israel,6U,2019-07-05,"Reentered, Operational",Demonstrator for SkyFi constellation. Test the deployable antenna and high power payload of 1 Gbps downlink.,
"SEAM-2.0 (Small Explorer for Advanced Missions, SEAM Reflight)",Royal Institute of Technology (KTH),Sweden,3U,2019-07-05,"Reentered, No signal",Demonstrate electromagnetically clean nanosatellite for various experiments. Reflight of SEAM.,
Sokrat,Moscow State University,Russia,3U,2019-07-05,Operational,,
SONATE,University of Würzburg,Germany,3U,2019-07-05,"Semi-operational, Was operational, ?",Demonstrate autonomous sensor and planning system and diagnostic system.,
"TTU101 (TTÜ101, Koit, TTUSat, MektorySAT-1)",Tallinn University of Technology,Estonia,1U,2019-07-05,"Reentered, Semi-operational, ?",Educational training and demonstrate CubeSat platform plus cameras and X-band communications.,
UTE-Ecuador (Ecudor-UTE),Universidad UTE (Universidad Tecnológica Equinoccial),Ecuador,3U,2019-07-05,"Was operational, ?",Space weather and ionospheric research mission.,
VDNH-80 (VDNKh),Moscow State University,Russia,3U,2019-07-05,"Reentered, Operational",,
"CAS-7B (Bei ligong 1 hao, BP 1, BP-1B, BIT Progress-OSCAR 102, BO-102, CAS 7B)",CAMSAT (Chinese Amateur Satellite Group),China,3 kg,2019-07-25,"Reentered, Operational",Spheriform of 500 mm diameter with a mass of 3kg and amateur radio missions.,
NARSSCube-2,National Authority for Remote Sensing and Space Sciences (NARSS),Egypt,1U,2019-07-25,"Reentered, Was operational, ?",Educational CubeSat to image the Earth in color.,
ORCA (SEOPS-ORCA),DARPA,US,6U,2019-07-25,"Reentered, Unknown",Technology demonstration for advancing Radio Frequency (RF).,
Quantum Radar 3 (SEOPS-Quantum Radar-3),SEOPS,US,2U,2019-07-25,"Reentered, Passive",Covered with optical reflectors to investigate Low Earth Orbit (LEO) satellite decay characteristics.,
"RFTSat 1 (Radio Frequency Tag Satellite, NNUSat-2)",Northwest Nazarene University,US,3U,2019-07-25,"Reentered, Unknown",Collect space weather data wirelessly from an energy harvesting RF tag.,
TDO (Technology Demonstration Orbiter),Air Force Research Laboratory (AFRL),US,12U,2019-08-08,"Reentered, Passive",First CubeSat in GTO. Test orbital debris tracking technologies.,
"Tianqi 2 (Apocalypse 2, Tianqi Zhangzhou hao)",Guodian Gaoke,China,6U,2019-08-17,"Reentered, Unknown",Demonstration mission for IoT constellation to launch 38 by end of 2020.,
"Xingshidai-5 (Star Age 5, MinoSpace MN10-02)",ADASPACE,China,9.3 kg,2019-08-17,"Reentered, Unknown","Earth observation. RGG, 10m resolution at 550 km altitude with 25 km swath.",
"BRO-ONE (BRO-1, BRO 1, Breizh Reconnaissance Orbiter)",Unseenlabs,France,6U,2019-08-18,Operational,Spectrum monitoring service. Maritime surveillance. Electromagnetic intelligence service.,
Pearl White 1,US Air Force Space Command,US,6U,2019-08-18,Operational,On-orbit testbed for emerging technologies.,
Pearl White 2,US Air Force Space Command,US,6U,2019-08-18,"Reentered, Operational",On-orbit testbed for emerging technologies.,
"XAIOXIANG-1 07 (Xiaoxiang 1-07, TY 1-07, XX-1 07, Zergling, Tianyi-14, TY-14)",Spacety,China,6U,2019-08-30,"Reentered, Operational",Testing systems for spaceborne air traffic management.,
"Taurus-1 (Jinniuzuo-1, Taurus Naxing, Jinniuzuo naxing, T9)","Ases Space (Shanghai ASES Spaceflight Technology, AES Space)",China,10 kg,2019-09-12,Operational,Amateur radio FM to Codec-2 transponder and solar sail for de-orbiting.,
AQT-D (Aqua Thruster-Demonstrator),University of Tokyo,Japan,3U,2019-09-24,"Reentered, Unknown, ?",Demonstration of a water resistojet propulsion system.,
NARSSCube-1 (EgyCubeSat-1),National Authority for Remote Sensing and Space Sciences (NARSS),Egypt,1U,2019-09-24,"Reentered, Was operational, ?",Educational CubeSat to image the Earth in monochromatic color.,
RWASAT-1 (Rwanda Satellite-1),Rwanda Utilities Regulatory Authority (RURA),Rwanda,3U,2019-09-24,"Reentered, Operational, ?",Developing space engineering capacity in Rwanda with cameras and IoT payload.,
PALISADE,Astro Digital,US,16U,2019-10-17,"Operational, ?","Technology demonstration satellite with propulsion system, communications system, and software developed by Advanced Solutions.",
AeroCube-14A (IMPACT),Aerospace Corporation,US,3U,2019-11-02,"Reentered, Operational, ?",Nanotechnology payloads to conduct modular experiments and other research.,
AeroCube-14B (IMPACT),Aerospace Corporation,US,3U,2019-11-02,"Reentered, Operational, ?",Nanotechnology payloads to conduct modular experiments and other research.,
AeroCube-15A (Rogue Alpha),Aerospace Corporation,US,3U,2019-11-02,"Reentered, Operational",Payload consists of a custom-designed telescope combined with a commercially available camera core.,
AeroCube-15B (Rogue Beta),Aerospace Corporation,US,3U,2019-11-02,"Reentered, Was operational",Payload consists of a custom-designed telescope combined with a commercially available camera core.,
"Argus-2 (Argus-02, SLU-05, SLU-03, MVP-Argus, Argus Reflight)",Saint Louis University,US,1U,2019-11-02,"Reentered, No signal","Design, develop, and test a reliable CubeSat bus capability for sensor and imaging missions.",
HARP (HyperAngular Rainbow Polarimeter),University of Maryland,US,3U,2019-11-02,"Reentered, Operational",Measure the microphysical properties of cloud water and ice particles and validate new polarimeter instrument.,
HuskySat-1 (OSCAR 107),University of Washington,US,3U,2019-11-02,"Reentered, Semi-operational, Was operational, ?",Demonstrate propulsion and high-speed transmission for a Moon mission.,
"Orbital Factory 2 (Orbital Factory II, OF-2, OF2)",University of Texas at El Paso,US,1U,2019-11-02,"Reentered, Operational",Test additive manufacturing utilizing conductive polymers to perform the simulated repair of a solar array junction in orbit.,
Phoenix CubeSat,Arizona State University,US,3U,2019-11-02,"Reentered, Semi-operational, Was operational",Thermal imaging of cities to study spatial and temporal changes.,
RadSat-u,Montana State University,US,3U,2019-11-02,"Reentered, Semi-operational, ?",Demonstrate computer architecture designed to mitigate radiation induced faults.,
SOCRATES (Signal of Opportunity CubeSat Ranging and Timing Experiment System ),University of Minnesota,US,3U,2019-11-02,"Reentered, No signal, ?",Advance a Gamma Ray Incidence Detector (GRID) sensor from TRL 5 to 7.,
SwampSat II (SwampSat-2),University of Florida,US,3U,2019-11-02,"Reentered, Operational",Test a boom and antenna spooling and deployment mechanism to support a matched very low frequency (VLF) antenna.,
"Xiaoxiang 1-08 (Dianfeng, TY 1-08, XX-1 08, XX1-08, Tianyi-15, TY-15)",Spacety,China,6U,2019-11-03,"Reentered, Operational","Main payloads are multi-spectral camera, propulsion unit from ThrustMe and laser communication modules.",
Flock-4p 1 (SuperDove),Planet Labs,US,3U,2019-11-27,"Reentered, Operational",Constellation for optical Earth observation with 3-5m resolution.,
Flock-4p 2 (SuperDove),Planet Labs,US,3U,2019-11-27,"Reentered, Operational",Constellation for optical Earth observation with 3-5m resolution.,
Flock-4p 3 (SuperDove),Planet Labs,US,3U,2019-11-27,"Reentered, Operational",Constellation for optical Earth observation with 3-5m resolution.,
Flock-4p 4 (SuperDove),Planet Labs,US,3U,2019-11-27,"Reentered, Operational",Constellation for optical Earth observation with 3-5m resolution.,
Flock-4p 5 (SuperDove),Planet Labs,US,3U,2019-11-27,"Reentered, Operational",Constellation for optical Earth observation with 3-5m resolution.,
Flock-4p 6 (SuperDove),Planet Labs,US,3U,2019-11-27,"Reentered, Operational",Constellation for optical Earth observation with 3-5m resolution.,
Flock-4p 7 (SuperDove),Planet Labs,US,3U,2019-11-27,"Reentered, Operational",Constellation for optical Earth observation with 3-5m resolution.,
Flock-4p 8 (SuperDove),Planet Labs,US,3U,2019-11-27,"Reentered, Operational",Constellation for optical Earth observation with 3-5m resolution.,
Flock-4p 9 (SuperDove),Planet Labs,US,3U,2019-11-27,"Reentered, Operational",Constellation for optical Earth observation with 3-5m resolution.,
Flock-4p 10 (SuperDove),Planet Labs,US,3U,2019-11-27,"Reentered, Operational",Constellation for optical Earth observation with 3-5m resolution.,
Flock-4p 11 (SuperDove),Planet Labs,US,3U,2019-11-27,"Reentered, Operational",Constellation for optical Earth observation with 3-5m resolution.,
Flock-4p 12 (SuperDove),Planet Labs,US,3U,2019-11-27,"Reentered, Operational",Constellation for optical Earth observation with 3-5m resolution.,
Meshbed,Hedron (Analytical Space),US,3U,2019-11-27,"Reentered, Unknown",On-orbit testing of MITRE’s Frequency-scaled Ultra-wide Spectrum Element (FUSE) antenna.,
AzTechSat-1,Universitat Popular Autonoma del Estado de Puebla,Mexico,1U,2019-12-05,"Reentered, Operational",Communicates with the GlobalStar satellite constellation to improve the transit of data to Earth.,
"CIRiS (Compact Infrared Radiometer in Space, CIRIS-BATC)",Utah State University,US,6U,2019-12-05,"Reentered, Operational",Demonstration mission of an imaging radiometer instrument for the 7 to 13 um infrared wavelength range,
CryoCube 1 (CC 1),NASA Kennedy Space Center,US,3U,2019-12-05,"Reentered, Operational, ?",A CubeSat-scale testbed for cryogenic fluid management technologies.,
EdgeCube (EdgeSat),Sonoma State University,US,1U,2019-12-05,"Reentered, No signal, ?",Map Chlorophyll over the entire surface of the Earth on a ~100 km scale.,
MakerSat1 (MakerSat-1),Northwest Nazarene University,US,1U,2019-12-05,"Reentered, Operational","Printed, assembled, charged, tested, and deployed from the ISS.",
"Mini-Carb (MiniCarb, CNGB, CubeSat Next Generation Bus)",LLNL (Lawrene Livermore National Laboratory),US,6U,2019-12-05,"Reentered, Unknown",Measure atmospheric greenhouse gases using mini-Laser Heterodyne Radiometer.,
ORCA-8 (Unknown DARPA CubeSat),DARPA,US,6U,2019-12-05,"Reentered, Unknown","A CubeSat for DARPA, the U.S. military’s research and development arm, was also deployed from the Slingshot device.",
QARMAN (QB50 BE05),VKI (von Karman Institute),Belgium,3U,2019-12-05,"Reentered, Was operational",Demonstrate the usability of a CubeSat platform as an atmospheric entry vehicle.,
SORTIE (Scintillation Observations and Response of The Ionosphere to Electrodynamics),"Orion Space Solutions (ASTRA, Atmosphericc & Space Technology Research Associates)",US,6U,2019-12-05,"Reentered, Operational",Advance understanding of ionospheric irregularities and the roles of various drivers in their formation.,
"VPM (Very low frequency Particle Mapper, Very Low Frequency Propagation Mapper, VLF Wave and Particle Precipitation Mapper)",Air Force Research Laboratory (AFRL),US,6U,2019-12-05,"Reentered, Was operational",Critical augmentation for the AFRL Demonstration and Science Experiment (DSX) satellite.,
"ATL-1 (Advanced Technology of Laser, Magyar-OSCAR 106, MO-106)",ATL (Advanced Technology of Laser),Hungary,PocketQube 2p,2019-12-06,"Reentered, Operational",Testing a new thermal isolation material in space. Thermal insulator material experiment & DVB-T band spectrum monitoring.,
FossaSat-1,Fossa Systems,Spain,PocketQube 1p,2019-12-06,"Reentered, Semi-operational",Testing of a new experimental RF chirp modulation called LoRa.,
"NOOR 1-A (NOOR1-A, Unicorn-2B)",Stara Space,US,PocketQube 3p,2019-12-06,"Reentered, No signal",Proof of concept for an eventual constellation,
"NOOR 1-B (NOOR1-B, Unicorn-2C)",Stara Space,US,PocketQube 3p,2019-12-06,"Reentered, Was semi-operational, ?",Proof of concept for an eventual constellation,
"SMOG-P (SMOG-1, BME-1, Magyar-OSCAR 105, MO-105)",Budapest University of Technology and Economics,Hungary,PocketQube 2p,2019-12-06,"Reentered, Operational",Spectrum monitoring payload to make a global map of spectrum usage.,
"TRSI Satellite (PQ Sat, TRSI, TRSI-Sat)",ACME AtronOmatic (MyRadar),Germany,PocketQube 1p,2019-12-06,"Reentered, No signal",Radio waterfall experiment and analyze RF reception capabilities from LEO.,
"Tianqi-4A (Tiange 4, Tianqi yi hao, Wenchang IOT-1, Apocalypse 4)",Guodian Gaoke,China,6U,2019-12-07,"Reentered, Unknown, ?",Demonstration mission for IoT constellation to launch 38 by end of 2020.,
"Tianqi-4B (Tiange 4, Tianqi yi hao, Wenchang IOT-1, Apocalypse 5)",Guodian Gaoke,China,6U,2019-12-07,"Reentered, Unknown",Demonstration mission for IoT constellation to launch 38 by end of 2020.,
"Tianyi-16 (TY-16, Double Star)",Spacety,China,6U,2019-12-07,"Reentered, Operational",Medium-resolution remote sensing satellites.,
"Tianyi-17 (TY-17, Double Star)",Spacety,China,6U,2019-12-07,"Reentered, Operational",Medium-resolution remote sensing satellites.,
"Commtrail (Tyvak-0092, NANOVA)",Elbit Systems,Israel,3U,2019-12-11,"Reentered, Operational, ?","UHF communication payload providing a direct satellite link for data, voice and text messaging for commercial constellation demonstration.",
"Duchifat-3 (Duchifat3, Hoopoe 3)",Herzliya Science Center,Israel,3U,2019-12-11,Operational,1) High-school students educational satellite (2) on-board camera for Earth imaging (3) amateur radio transponder and APRS digipeater.,
"Hera-1 (1HOPSat TD, IHOPSAT-TD, 1st-generation High Optical Performance Satellite)",Hera Systems,US,12U,2019-12-11,Unknown,Commercial constellation for Earth observation.,
Lemur-2 108 Pappy (FM109),Spire,US,3U,2019-12-11,"Reentered, Operational","Constellation for GPS-RO weather data, AIS and ADS-B.",
Lemur-2 109 HiMomAndDad (FM110),Spire,US,3U,2019-12-11,"Reentered, Operational","Constellation for GPS-RO weather data, AIS and ADS-B.",
Lemur-2 110 JpgSquared (FM111),Spire,US,3U,2019-12-11,"Reentered, Operational","Constellation for GPS-RO weather data, AIS and ADS-B.",
Lemur-2 111 TheoDosia (FM112),Spire,US,3U,2019-12-11,"Reentered, Operational","Constellation for GPS-RO weather data, AIS and ADS-B.",
"Pathfinder Risk Reduction (Tyvak-0129, PTHFDR, PTD-0, Pathfinder Technology Demonstrator, Pony Express 1)",NASA Ames Research Center,US,6U,2019-12-11,"Reentered, Operational",Demonstrating next-generation Tyvak 6U spacecraft and flying Pony Express hosted payload from Lockheed Martin.,
ANGELS (Argos Neo on a Generic Economical and Light Satellite),CNES,France,12U,2019-12-18,Operational,"Argos Neo instrument to collect and locate low-power messages sent by the 20,000 Argos transmitters operating around the globe.",
"EyeSat (EYE-SAT, EYESAT-NANO)",CNES,France,3U,2019-12-18,"Reentered, Operational",Astronomy mission to study the zodiacal light and imaging of the Milky Way.,
OPS-SAT (OPSSAT),ESA (European Space Agency),Austria,3U,2019-12-18,"Reentered, Operational",In-orbit test-bed by ESA for various on-board software applications and technologies.,
FloripaSat I (FloripaSat-1),Federal University of Santa Catarina,Brazil,1U,2019-12-20,Operational,Dual RF channel 70 MHz – 6 GHz Software Defined Radio (SDR) with on-board FPGA-based processing.,
"Tianyan-02 (Xingshidai-8, Kehuan shijie hao AI weixing, SciFi World AI satellite, MN10-03?)",ADASPACE,China,6U,2019-12-20,Unknown,Earth observation. The satellite apparently has a low res Earth video imager.,
DeMi (Deformable Mirror Demonstration),MIT (Massachusetts Institute of Technology),US,6U,2020-02-14,"Reentered, Operational",Characterize and calibrate the performance of a MEMS deformable mirror over a longduration on-orbit mission.,
TechEdSat-10 (TES-10),NASA Ames Research Center,US,3U,2020-02-14,"Reentered, Operational, ?","High temperature, accurate deorbit reentry nanosatellite.",
"Gundam (G-Satellite, G-Sat)",University of Tokyo,Japan,3U,2020-03-07,"Reentered, Unknown",Satellite to celebrate Tokyo 2020 Olympics carrying toy figures and taking photos of a screen with Earth in the background.,
"Lynk 04 (ULTP, Lynk CubeSat)",Lynk,US,6U,2020-03-07,"Reentered, Operational",Conduct the world’s first orbiting cell tower demonstrations for a space-based cellular network.,
"Quetzal-1 (Guatemala CubeSat, Guatesat-1, GTCube)",University of the Valley of Guatemala,Guatemala,1U,2020-03-07,"Reentered, Was operational",Educational training and take pictures of Earth plus amateur radio communications.,
"OrCa1 (Orbital Calibration, TDO-2, Technology Demonstration Orbiter, TDO 2 Spacecraft)",Georgia Institute of Technology (Georgia Tech),US,12U,2020-03-26,"Reentered, Passive",Second CubeSat in GTO. Test orbital debris tracking technologies.,
"NOUR 01 (NOOR, Noor 1)",Iran's Islamic Revolutionary Guards Corps (IRGC),Iran,6U,2020-04-24,"Reentered, Operational",Provides the Iranian elite force with the capability to monitor Earth from space.,
ANDESITE Mule (Ad-Hoc Network Demonstration for Extended Satellite-Based Inquiry and Other Team Endeavors),Boston University,US,6U,2020-06-13,"No signal, ?, Unknown",Deploys 8 small picosatellites to create space-based wireless network.,
ANDESITE Sensor Node 1,Boston University,US,0.38 kg,2020-06-13,"On spacecraft, ?",Small satellite with various sensors for distributed measurements deployed from ANDESITE.,
ANDESITE Sensor Node 2,Boston University,US,0.38 kg,2020-06-13,"On spacecraft, ?",Small satellite with various sensors for distributed measurements deployed from ANDESITE.,
ANDESITE Sensor Node 3,Boston University,US,0.38 kg,2020-06-13,"On spacecraft, ?",Small satellite with various sensors for distributed measurements deployed from ANDESITE.,
ANDESITE Sensor Node 4,Boston University,US,0.38 kg,2020-06-13,"On spacecraft, ?",Small satellite with various sensors for distributed measurements deployed from ANDESITE.,
ANDESITE Sensor Node 5,Boston University,US,0.38 kg,2020-06-13,"On spacecraft, ?",Small satellite with various sensors for distributed measurements deployed from ANDESITE.,
ANDESITE Sensor Node 6,Boston University,US,0.38 kg,2020-06-13,"On spacecraft, ?",Small satellite with various sensors for distributed measurements deployed from ANDESITE.,
ANDESITE Sensor Node 7,Boston University,US,0.38 kg,2020-06-13,"On spacecraft, ?",Small satellite with various sensors for distributed measurements deployed from ANDESITE.,
ANDESITE Sensor Node 8,Boston University,US,0.38 kg,2020-06-13,"On spacecraft, ?",Small satellite with various sensors for distributed measurements deployed from ANDESITE.,
RAAF M2 Pathfinder (M2PF),University of New South Wales (UNSW Canberra),Australia,3U,2020-06-13,Operational,Deliver to the RAAF AIS / ADS-B capability across the globe using COTS AIS and ADS-B systems.,
USA 301,National Reconnaissance Office (NRO),US,6U,2020-06-13,Unknown,"Suspected NRO CubeSats, but nothing is known and may be larger satellites.",
USA 302,National Reconnaissance Office (NRO),US,6U,2020-06-13,Unknown,"Suspected NRO CubeSats, but nothing is known and may be larger satellites.",
USA 303,National Reconnaissance Office (NRO),US,6U,2020-06-13,Unknown,"Suspected NRO CubeSats, but nothing is known and may be larger satellites.",
"BY-2 (BY70-2, Xibaipo, Bayi Kepu Weixing 2)g",China Center for Aerospace Science and Technology,China,2U,2020-07-03,"Reentered, Unknown",Amateur radio missions.,
Faraday-1,In-Space Missions,UK,6U,2020-07-04,Launch failure,Hosted payload opportunities for early service and technology demonstration.,
Flock-4e 1,Planet Labs,US,3U,2020-07-04,Launch failure,Constellation for optical Earth observation with 3-5m resolution.,
Flock-4e 2,Planet Labs,US,3U,2020-07-04,Launch failure,Constellation for optical Earth observation with 3-5m resolution.,
Flock-4e 3,Planet Labs,US,3U,2020-07-04,Launch failure,Constellation for optical Earth observation with 3-5m resolution.,
Flock-4e 4,Planet Labs,US,3U,2020-07-04,Launch failure,Constellation for optical Earth observation with 3-5m resolution.,
Flock-4e 5,Planet Labs,US,3U,2020-07-04,Launch failure,Constellation for optical Earth observation with 3-5m resolution.,
"Tyvak-0172 (SIRION-1, EchoStar 1, Helios 2)",EchoStar,US,6U,2020-08-30,"Semi-operational, ?",Two tiny S-band satellites to jumpstart a low-Earth-orbit constellation using spectrum gained through its acquisition of Helios Wire.,
AMICal Sat (AMICALSAT),CSUG-IPAG (Univ. Grenoble Alpes),France,2U,2020-09-03,"Reentered, Operational",Observation of the northern and southern lights. Auroral Sparse RGB imaging. Limb and Nadir sighting.,
"DIDO-3 (Dido-1, SpacePharma)",SpacePharma,Israel,3U,2020-09-03,"Reentered, Operational",Carry the first generation of their mGnify lab to conduct biochemical experiments in microgravity.,
Flock-4v 1,Planet Labs,US,3U,2020-09-03,"Reentered, Operational",Constellation for optical Earth observation with 3-5m resolution.,
Flock-4v 2,Planet Labs,US,3U,2020-09-03,"Reentered, Operational",Constellation for optical Earth observation with 3-5m resolution.,
Flock-4v 3,Planet Labs,US,3U,2020-09-03,"Reentered, Operational",Constellation for optical Earth observation with 3-5m resolution.,
Flock-4v 4,Planet Labs,US,3U,2020-09-03,"Reentered, Operational",Constellation for optical Earth observation with 3-5m resolution.,
Flock-4v 5,Planet Labs,US,3U,2020-09-03,"Reentered, Operational",Constellation for optical Earth observation with 3-5m resolution.,
Flock-4v 6,Planet Labs,US,3U,2020-09-03,"Reentered, Operational",Constellation for optical Earth observation with 3-5m resolution.,
Flock-4v 7,Planet Labs,US,3U,2020-09-03,"Reentered, Operational",Constellation for optical Earth observation with 3-5m resolution.,
Flock-4v 8,Planet Labs,US,3U,2020-09-03,"Reentered, Operational",Constellation for optical Earth observation with 3-5m resolution.,
Flock-4v 9,Planet Labs,US,3U,2020-09-03,"Reentered, Operational",Constellation for optical Earth observation with 3-5m resolution.,
Flock-4v 10,Planet Labs,US,3U,2020-09-03,"Reentered, Operational",Constellation for optical Earth observation with 3-5m resolution.,
Flock-4v 11,Planet Labs,US,3U,2020-09-03,"Reentered, Operational",Constellation for optical Earth observation with 3-5m resolution.,
Flock-4v 12,Planet Labs,US,3U,2020-09-03,"Reentered, Operational",Constellation for optical Earth observation with 3-5m resolution.,
Flock-4v 13,Planet Labs,US,3U,2020-09-03,"Reentered, Operational",Constellation for optical Earth observation with 3-5m resolution.,
Flock-4v 14,Planet Labs,US,3U,2020-09-03,"Reentered, Operational",Constellation for optical Earth observation with 3-5m resolution.,
Flock-4v 15,Planet Labs,US,3U,2020-09-03,"Reentered, Operational",Constellation for optical Earth observation with 3-5m resolution.,
Flock-4v 16,Planet Labs,US,3U,2020-09-03,"Reentered, Operational",Constellation for optical Earth observation with 3-5m resolution.,
Flock-4v 17,Planet Labs,US,3U,2020-09-03,"Reentered, Operational",Constellation for optical Earth observation with 3-5m resolution.,
Flock-4v 18,Planet Labs,US,3U,2020-09-03,"Reentered, Operational",Constellation for optical Earth observation with 3-5m resolution.,
Flock-4v 19,Planet Labs,US,3U,2020-09-03,"Reentered, Operational",Constellation for optical Earth observation with 3-5m resolution.,
Flock-4v 20,Planet Labs,US,3U,2020-09-03,"Reentered, Operational",Constellation for optical Earth observation with 3-5m resolution.,
Flock-4v 21,Planet Labs,US,3U,2020-09-03,"Reentered, Operational",Constellation for optical Earth observation with 3-5m resolution.,
Flock-4v 22,Planet Labs,US,3U,2020-09-03,"Reentered, Operational",Constellation for optical Earth observation with 3-5m resolution.,
Flock-4v 23,Planet Labs,US,3U,2020-09-03,"Reentered, Operational",Constellation for optical Earth observation with 3-5m resolution.,
Flock-4v 24,Planet Labs,US,3U,2020-09-03,"Reentered, Operational",Constellation for optical Earth observation with 3-5m resolution.,
Flock-4v 25,Planet Labs,US,3U,2020-09-03,"Reentered, Operational",Constellation for optical Earth observation with 3-5m resolution.,
Flock-4v 26,Planet Labs,US,3U,2020-09-03,"Reentered, Operational",Constellation for optical Earth observation with 3-5m resolution.,
"FSSCat A (Phi-Sat-1 A, PhiSat-1, BrainSat, Φ-sat-1, 3Cat-5/A, 3Cat-5A, TYVAK-0161)","Polytechnic University of Catalonia (UPC, BarcelonaTECH)",Spain,6U,2020-09-03,"Retired, Operational, ?","Demonstrate dual microwave payload, multispectral optical payload and Inter-Satellite Links (ISL) with lasers.",
"FSSCat B (Phi-Sat-1 B, PhiSat-1, BrainSat, Φ-sat-1, 3Cat-5/B, 3Cat-5B, TYVAK-0162)","Polytechnic University of Catalonia (UPC, BarcelonaTECH)",Spain,6U,2020-09-03,"Retired, Operational, ?","Demonstrate dual microwave payload, multispectral optical payload and Inter-Satellite Links (ISL) with lasers.",
"Kepler 3 TARS (IOD-5, Kepler-2)",Kepler Communications,Canada,6U,2020-09-03,"Reentered, Operational",Pathfinder for upcoming constellation for IoT/M2M and wideband communications.,
Lemur-2 112 FJMSRBijanka (FM112),Spire,US,3U,2020-09-03,"Reentered, Deployment failure","Constellation for GPS-RO weather data, AIS and ADS-B.",
Lemur-2 113 DaveHartzell (FM113),Spire,US,3U,2020-09-03,"Reentered, Deployment failure","Constellation for GPS-RO weather data, AIS and ADS-B.",
Lemur-2 114 EthanOakes (FM114),Spire,US,3U,2020-09-03,"Reentered, Operational","Constellation for GPS-RO weather data, AIS and ADS-B.",
Lemur-2 115 SchmidtFall (FM115),Spire,US,3U,2020-09-03,"Reentered, Operational","Constellation for GPS-RO weather data, AIS and ADS-B.",
Lemur-2 116 DJUProera (FM116),Spire,US,3U,2020-09-03,"Reentered, Operational","Constellation for GPS-RO weather data, AIS and ADS-B.",
Lemur-2 117 SquareJaws (FM117),Spire,US,3U,2020-09-03,"Reentered, Operational","Constellation for GPS-RO weather data, AIS and ADS-B.",
Lemur-2 118 OscarLator (FM118),Spire,US,3U,2020-09-03,"Reentered, Operational","Constellation for GPS-RO weather data, AIS and ADS-B.",
Lemur-2 119 Ursa Avion (FM119),Spire,US,3U,2020-09-03,"Reentered, Operational","Constellation for GPS-RO weather data, AIS and ADS-B.",
"NAPA-1 (RTAF-Sat, RTAFSAT-1, Royal Thai Air Force CubeSat, Firmament-1)",Royal Thai Air Force,Thailand,6U,2020-09-03,Operational,Earth Observation satellite for Public Protection and Disaster Relief (PPDR).,
"OSM1-CICERO (TYVAK-0088, Community Initiative for Continuous Earth Remote Observation)",GeoOptics,US,6U,2020-09-03,Operational,Demonstration of GPS radio occultation sensor that allows the measurement of global weather pattern with high accuracy.,
"PICASSO (PICASSO-BEL, Pico-Satellite for Atmospheric and Space Science Observations)",Belgian Institute for Space Aeronomy,Belgium,3U,2020-09-03,Operational,Retrieve vertical profiles of ozone via Sun occultation and study the ionosphere.,
SIMBA (Sun-earth IMBAlance),Royal Meteorological Institute of Belgium,Belgium,3U,2020-09-03,"Retired, ?, Operational",Measure the Total Solar Irradiance and Earth Radiation Budget climate variables with a miniaturized radiometer instrument.,
SpaceBEE-10,Swarm Technologies,US,0.25U,2020-09-03,"Reentered, Operational",World’s smallest two-way communications satellites for IoT.,
SpaceBEE-11,Swarm Technologies,US,0.25U,2020-09-03,"Reentered, Operational",World’s smallest two-way communications satellites for IoT.,
SpaceBEE-12,Swarm Technologies,US,0.25U,2020-09-03,"Reentered, Operational",World’s smallest two-way communications satellites for IoT.,
SpaceBEE-13,Swarm Technologies,US,0.25U,2020-09-03,"Reentered, Operational",World’s smallest two-way communications satellites for IoT.,
SpaceBEE-14,Swarm Technologies,US,0.25U,2020-09-03,"Reentered, Operational",World’s smallest two-way communications satellites for IoT.,
SpaceBEE-15,Swarm Technologies,US,0.25U,2020-09-03,"Reentered, Operational",World’s smallest two-way communications satellites for IoT.,
SpaceBEE-16,Swarm Technologies,US,0.25U,2020-09-03,"Reentered, Operational",World’s smallest two-way communications satellites for IoT.,
SpaceBEE-17,Swarm Technologies,US,0.25U,2020-09-03,"Reentered, Operational",World’s smallest two-way communications satellites for IoT.,
SpaceBEE-18,Swarm Technologies,US,0.25U,2020-09-03,"Reentered, Operational",World’s smallest two-way communications satellites for IoT.,
SpaceBEE-19,Swarm Technologies,US,0.25U,2020-09-03,"Reentered, Operational",World’s smallest two-way communications satellites for IoT.,
SpaceBEE-20,Swarm Technologies,US,0.25U,2020-09-03,"Reentered, Operational",World’s smallest two-way communications satellites for IoT.,
SpaceBEE-21,Swarm Technologies,US,0.25U,2020-09-03,"Reentered, Operational",World’s smallest two-way communications satellites for IoT.,
"TRISAT (NANOsky, Misija Trisat)",University of Maribor,Slovenia,3U,2020-09-03,"Operational, Reentered",Demonstrate CubeSat platform technologies and multispectral infrared imager payload.,
"TTU100 (TTÜ100, Hämarik, TTUSat, MektorySAT-1)",Tallinn University of Technology,Estonia,1U,2020-09-03,"Reentered, Semi-operational, ?",Educational training and demonstrate CubeSat platform plus cameras and X-band communications.,
"Tyvak-0171 (SIRION-2?, EchoStar 2, Helios 3)",EchoStar,US,6U,2020-09-03,"Reentered, Semi-operational, ?",Two tiny S-band satellites to jumpstart a low-Earth-orbit constellation using spectrum gained through its acquisition of Helios Wire.,
"Dekart (DECART, Descartes)",Moscow State University,Russia,3U,2020-09-28,Operational,,
Kepler-4 Antilles,Kepler Communications,Canada,6U,2020-09-28,Operational,Commercial constellation for IoT/M2M and wideband communications.,
Kepler-5 Amidala,Kepler Communications,Canada,6U,2020-09-28,"Reentered, Operational",Commercial constellation for IoT/M2M and wideband communications.,
LacunaSat-3 (LS-3),Lacuna Space,UK,3U,2020-09-28,"Reentered, Operational",Innovative Internet-of-Things (‘IoT’) connectivity-via-satellite payload demonstrator.,
Lemur-2 120 DayWzAGoodDay,Spire,US,3U,2020-09-28,"Reentered, Operational","Constellation for GPS-RO weather data, AIS and ADS-B.",
Lemur-2 121 Nichol,Spire,US,3U,2020-09-28,"Reentered, Operational","Constellation for GPS-RO weather data, AIS and ADS-B.",
Lemur-2 122 Slicers,Spire,US,3U,2020-09-28,"Reentered, Operational","Constellation for GPS-RO weather data, AIS and ADS-B.",
Lemur-2 123 Susurrus,Spire,US,3U,2020-09-28,"Reentered, Operational","Constellation for GPS-RO weather data, AIS and ADS-B.",
MeznSat,Masdar Institute of Science and Technology,United Arab Emirates,3U,2020-09-28,Operational,Short-Wave Infra-Red (SWIR) spectrometer for CO2 and Methane measurements in the atmosphe.,
NetSat-1,Zentrum für Telematik,Germany,3U,2020-09-28,Operational,"4 satellite formation flying mission. Distributed computing capabilities, formation control, DTNs, MANets.",
NetSat-2,Zentrum für Telematik,Germany,3U,2020-09-28,Operational,"4 satellite formation flying mission. Distributed computing capabilities, formation control, DTNs, MANets.",
NetSat-3,Zentrum für Telematik,Germany,3U,2020-09-28,Operational,"4 satellite formation flying mission. Distributed computing capabilities, formation control, DTNs, MANets.",
NetSat-4,Zentrum für Telematik,Germany,3U,2020-09-28,Operational,"4 satellite formation flying mission. Distributed computing capabilities, formation control, DTNs, MANets.",
Norbi (Norby),Novosibirsk University,Russia,6U,2020-09-28,Operational,,
"Yarilo N1 (Yarilo-1, Yareelo, Yareelo-1 Yarilo A, Yarilo No. 1, Yareelo №1, BMSTU-Sail)",Bauman Moscow State Technical University,Russia,1.5U,2020-09-28,"Reentered, Operational",Continuous monitoring of solar activity and a solar sail for orbit control.,
"Yarilo N2 (Yarilo-2, Yareelo, Yareelo-2, Yarilo B, Yarilo No. 2, Yareelo №2, BMSTU-Sail)",Bauman Moscow State Technical University,Russia,1.5U,2020-09-28,"Reentered, Operational",Continuous monitoring of solar activity and a solar sail for orbit control.,
Bobcat-1,Ohio University,US,3U,2020-10-03,"Reentered, Operational",Educational mission and estimating GNSS inter-constellation time offsets.,
Descent-A Mother (Deorbiting Spacecraft using Electrodynamic Tether),York University,Canada,1U,2020-10-03,"Reentered, No signal",Two 1U-CubeSats connected by a 100m tape electrodynamic tether for deorbiting demonstration.,
Descent-B Daughter (Deorbiting Spacecraft using Electrodynamic Tether),York University,Canada,1U,2020-10-03,"Reentered, No signal",Two 1U-CubeSats connected by a 100m tape electrodynamic tether for deorbiting demonstration.,
Lemur-2 124 Djara (Lemur 4.7),Spire,US,3U,2020-10-03,"Reentered, Operational","Constellation for GPS-RO weather data, AIS and ADS-B.",
Lemur-2 125 Baxter-Oliver (Lemur 4.8),Spire,US,3U,2020-10-03,"Reentered, Operational","Constellation for GPS-RO weather data, AIS and ADS-B.",
NEUTRON-1 (Low Earth Orbit Neutron Flux Detection and Cosmos Mission Operations Technology Demo),University of Hawai’i at Mānoa,US,3U,2020-10-03,"Reentered, Semi-operational, ?",Measure low energy neutron flux in LEO.,
"SATLLA-1 (SAT-LLA, SATTLA 1.0)",Ariel University,Israel,1U,2020-10-03,"Reentered, No signal",Educational amateur radio with high-power LEDs for optical communication.,
"SPOC (SpOC, SpecOcean, SPOC Sat, Spectral Ocean Color Satellite)",University of Georgia,US,2U,2020-10-03,"Reentered, Was operational",Perform the first moderate resolution multispectral analysis of coastal ecosystems and ocean color.,
"Flock-4e' 1 (SuperDove, FLOCK 4 EP 1)",Planet Labs,US,3U,2020-10-28,"Reentered, Operational",Constellation for optical Earth observation with 3-5m resolution.,
"Flock-4e' 2 (SuperDove, FLOCK 4 EP 2)",Planet Labs,US,3U,2020-10-28,"Reentered, Operational",Constellation for optical Earth observation with 3-5m resolution.,
"Flock-4e' 3 (SuperDove, FLOCK 4 EP 3)",Planet Labs,US,3U,2020-10-28,"Reentered, Operational",Constellation for optical Earth observation with 3-5m resolution.,
"Flock-4e' 4 (SuperDove, FLOCK 4 EP 4)",Planet Labs,US,3U,2020-10-28,"Reentered, Operational",Constellation for optical Earth observation with 3-5m resolution.,
"Flock-4e' 5 (SuperDove, FLOCK 4 EP 5)",Planet Labs,US,3U,2020-10-28,"Reentered, Operational",Constellation for optical Earth observation with 3-5m resolution.,
"Flock-4e' 6 (SuperDove, FLOCK 4 EP 6)",Planet Labs,US,3U,2020-10-28,"Reentered, Operational",Constellation for optical Earth observation with 3-5m resolution.,
"Flock-4e' 7 (SuperDove, FLOCK 4 EP 7)",Planet Labs,US,3U,2020-10-28,"Reentered, Operational",Constellation for optical Earth observation with 3-5m resolution.,
"Flock-4e' 8 (SuperDove, FLOCK 4 EP 8)",Planet Labs,US,3U,2020-10-28,"Reentered, Operational",Constellation for optical Earth observation with 3-5m resolution.,
"Flock-4e' 9 (SuperDove, FLOCK 4 EP 9)",Planet Labs,US,3U,2020-10-28,"Reentered, Operational",Constellation for optical Earth observation with 3-5m resolution.,
Beihangkongshi 1 (TY 20),Spacety,China,12U,2020-11-06,"Reentered, Operational",First iodine electric propulsion systems that will be tested in space and laser communications module.,
"KSM1 A (Kleos Scouting Mission KSM 1, Kleos-1)",Kleos Space,UK,6U,2020-11-07,Operational,Form the foundation of a constellation that delivers a global picture of hidden maritime activity.,
"KSM1 B (Kleos Scouting Mission, KSM 4, Kleos-2)",Kleos Space,UK,6U,2020-11-07,Operational,Form the foundation of a constellation that delivers a global picture of hidden maritime activity.,
"KSM1 C (Kleos Scouting Mission, KSM 3, Kleos-3)",Kleos Space,UK,6U,2020-11-07,Operational,Form the foundation of a constellation that delivers a global picture of hidden maritime activity.,
"KSM1 D (Kleos Scouting Mission, KSM 4, Kleos-4)",Kleos Space,UK,6U,2020-11-07,Operational,Form the foundation of a constellation that delivers a global picture of hidden maritime activity.,
Lemur-2 126 Jeremiah,Spire,US,3U,2020-11-07,"Reentered, Operational","Constellation for GPS-RO weather data, AIS and ADS-B.",
Lemur-2 127 Jindra,Spire,US,3U,2020-11-07,"Reentered, Operational","Constellation for GPS-RO weather data, AIS and ADS-B.",
Lemur-2 128 Ozarak,Spire,US,3U,2020-11-07,"Reentered, Operational","Constellation for GPS-RO weather data, AIS and ADS-B.",
Lemur-2 129 Wallace,Spire,US,3U,2020-11-07,"Reentered, Operational","Constellation for GPS-RO weather data, AIS and ADS-B.",
"R2 (R-2, M6P 2, OMS, TRAIL-1, LacunaSat)",NanoAvionics,Lithuania,6U,2020-11-07,Operational,Hosted payload rideshare mission. Fly OMS’s miniaturized passive microwave sensors and propulsion system demonstrator from Exotrail?,
"APSS-1 QuakeTEC (APSS-I, Te Waka Āmiorangi o Aotearoa, the New Zealand satellite vessel)",University of Auckland,New Zealand,1U,2020-11-20,"Reentered, No signal, ?",Ionospheric plasma measurements with Langmuir probe.,
"BRO-2 (BRO-TWO, Breizh Reconnaissance Orbiter)",Unseenlabs,France,6U,2020-11-20,"Reentered, Operational, ?",Spectrum monitoring service. Maritime surveillance. Electromagnetic intelligence service.,
BRO-3 (Breizh Reconnaissance Orbiter),Unseenlabs,France,6U,2020-11-20,"Reentered, Operational, ?",Spectrum monitoring service. Maritime surveillance. Electromagnetic intelligence service.,
"Dragracer 1 (Alchemy, Dragracer A)",TriSept,US,6U (1/2 12U XL),2020-11-20,"Reentered, Operational",Test a deployable conductive tape by Tethers Unlimited for deorbiting.,
"Dragracer 2 (Augury, Dragracer B)",TriSept,US,6U (1/2 12U XL),2020-11-20,Operational,Test a deployable conductive tape by Tethers Unlimited for deorbiting.,
Mandrake 1 (Corvus BC5),DARPA,US,6U,2020-11-20,"Reentered, Operational",,
SpaceBEE-22,Swarm Technologies,US,0.25U,2020-11-20,"Reentered, Operational",World’s smallest two-way communications satellites for IoT.,
SpaceBEE-23,Swarm Technologies,US,0.25U,2020-11-20,"Reentered, Operational",World’s smallest two-way communications satellites for IoT.,
SpaceBEE-24,Swarm Technologies,US,0.25U,2020-11-20,"Reentered, Operational",World’s smallest two-way communications satellites for IoT.,
SpaceBEE-25,Swarm Technologies,US,0.25U,2020-11-20,"Reentered, Operational",World’s smallest two-way communications satellites for IoT.,
SpaceBEE-26,Swarm Technologies,US,0.25U,2020-11-20,"Reentered, Operational",World’s smallest two-way communications satellites for IoT.,
SpaceBEE-27,Swarm Technologies,US,0.25U,2020-11-20,"Reentered, Operational",World’s smallest two-way communications satellites for IoT.,
SpaceBEE-28,Swarm Technologies,US,0.25U,2020-11-20,"Reentered, Operational",World’s smallest two-way communications satellites for IoT.,
SpaceBEE-29,Swarm Technologies,US,0.25U,2020-11-20,"Reentered, Operational",World’s smallest two-way communications satellites for IoT.,
SpaceBEE-30,Swarm Technologies,US,0.25U,2020-11-20,"Reentered, Operational",World’s smallest two-way communications satellites for IoT.,
SpaceBEE-31,Swarm Technologies,US,0.25U,2020-11-20,"Reentered, Operational",World’s smallest two-way communications satellites for IoT.,
SpaceBEE-32,Swarm Technologies,US,0.25U,2020-11-20,"Reentered, Operational",World’s smallest two-way communications satellites for IoT.,
SpaceBEE-33,Swarm Technologies,US,0.25U,2020-11-20,"Reentered, Operational",World’s smallest two-way communications satellites for IoT.,
SpaceBEE-34,Swarm Technologies,US,0.25U,2020-11-20,"Reentered, Operational",World’s smallest two-way communications satellites for IoT.,
SpaceBEE-35,Swarm Technologies,US,0.25U,2020-11-20,"Reentered, Operational",World’s smallest two-way communications satellites for IoT.,
SpaceBEE-36,Swarm Technologies,US,0.25U,2020-11-20,"Reentered, Operational",World’s smallest two-way communications satellites for IoT.,
SpaceBEE-37,Swarm Technologies,US,0.25U,2020-11-20,"Reentered, Operational",World’s smallest two-way communications satellites for IoT.,
SpaceBEE-38,Swarm Technologies,US,0.25U,2020-11-20,"Reentered, Operational",World’s smallest two-way communications satellites for IoT.,
SpaceBEE-39,Swarm Technologies,US,0.25U,2020-11-20,"Reentered, Operational",World’s smallest two-way communications satellites for IoT.,
SpaceBEENZ-1 (SpaceBEE-40),Swarm Technologies,US,0.25U,2020-11-20,"Reentered, Operational",World’s smallest two-way communications satellites for IoT.,
SpaceBEENZ-2 (SpaceBEE-41),Swarm Technologies,US,0.25U,2020-11-20,"Reentered, Operational",World’s smallest two-way communications satellites for IoT.,
SpaceBEENZ-3 (SpaceBEE-42),Swarm Technologies,US,0.25U,2020-11-20,"Reentered, Operational",World’s smallest two-way communications satellites for IoT.,
SpaceBEENZ-4 (SpaceBEE-43),Swarm Technologies,US,0.25U,2020-11-20,"Reentered, Operational",World’s smallest two-way communications satellites for IoT.,
SpaceBEENZ-5 (SpaceBEE-44),Swarm Technologies,US,0.25U,2020-11-20,"Reentered, Operational",World’s smallest two-way communications satellites for IoT.,
SpaceBEENZ-6 (SpaceBEE-45),Swarm Technologies,US,0.25U,2020-11-20,"Reentered, Operational",World’s smallest two-way communications satellites for IoT.,
"ET-SMART-RSS (EthSat6U, ET= Ethiopia/ ESSTI and SMART= Beijing Smart Satellite Technology and RSS=Remote Sensing Satellite, Zhixing-1A, Zhixing No. 1 A Star)",Ethiopian Space Science & Technology Institute (ESSTI),Ethiopia,6U,2020-12-22,"Reentered, Operational",Provide earth observation services to China and African countries.,
Yuanguang (Tiansuan constellation),Spacety,China,12U,2020-12-22,"Reentered, Operational, ?",12U satellite for scientific experiments of mechanism and tribology in space.,
"Weina 2 (Micro-Nano Technology Test Satellite, Weina Jishu Shiyan)",?,China,6U,2020-12-27,Unknown,A nano tech research satellite.,
CACTUS-1 (Coordinated Applied Capitol Technology University Satellite),Capitol Technology University,US,3U,2021-01-17,"Reentered, Semi-operational",Technological demonstration of a cost-saving communications and commanding innovation.,
"CAPE-3 (Cape III, CAPE3)",University of Louisiana at Lafayette,US,1U,2021-01-17,"Reentered, Operational",Educational mission that will fly the Smartphone CubeSat Classroom.,
"CP12 (ExoCube 2, ExoCube-2)",California Polytechnic State University (Cal Poly),US,3U,2021-01-17,"Reentered, Operational",Measure in-situ densities of selected ions and neutrals in the upper ionosphere and lower exosphere.,
"MiTEE-1 (MiTEE-A, MITEE 1, Miniature Tether Electrodynamics Experiment)",University of Michigan,US,3U,2021-01-17,"Reentered, Operational",Assess the feasibility of using miniature electrodynamic (ED) tethers in space as means to provide “propellantless”.,
"PICS 1 (Passive Inspection CubeSat, PIC-A, PICA)",Brigham Young University,US,1U,2021-01-17,"Reentered, No signal","Demonstrate performing inspection, maintenance and assembly on another spacecraft plus LED flash array.",
"PICS 2 (Passive Inspection CubeSat, PIC-B, PICB)",Brigham Young University,US,1U,2021-01-17,"Reentered, No signal","Demonstrate performing inspection, maintenance and assembly on another spacecraft plus LED flash array.",
PolarCube,University of Colorado Boulder,US,3U,2021-01-17,"Reentered, Operational",Demonstrating atmospheric sounding and sea ice/ice-free ocean detection and mapping over the Polar Regions.,
Prometheus 2.8 (Prometheus-05),USSOCOM (US Special Operations Command),US,1.5U,2021-01-17,"Reentered, Unknown",Demonstrate improved CubeSat platform.,
Prometheus 2.11 (Prometheus 2-11),USSOCOM (US Special Operations Command),US,1.5U,2021-01-17,"Reentered, Unknown",Demonstrate improved CubeSat platform.,
"Q-PACE (QPACE, Cu-PACE, CubeSat Particle Aggregation and Collision Experiment)",University of Central Florida,US,3U,2021-01-17,"Reentered, No signal",Producing tens of thousands of collisions simulating the first steps in planet formation.,
"RadFXSat-2 (Fox-1E, AO-109)",Vanderbilt University,US,3U,2021-01-17,"Reentered, Semi-operational","Demonstrate a short interval, cost-effective, on-orbit platform for qualification of components for space.",
TechEdSat-7 (TES-7),NASA Ames Research Center,US,2U,2021-01-17,"Reentered, Was operational, ?",Further develop the Exo-Brake system and demonstrate CubeSat Identity Tag (CUBIT) by DARPA.,
ARCE-1A (Articulated Reconnaissance and Communications Expedition – 1),University of South Florida,US,0.5U,2021-01-24,"Reentered, Operational",Three identical CubeSats for inter-satellite networked communications research.,
ARCE-1B (Articulated Reconnaissance and Communications Expedition – 1),University of South Florida,US,0.5U,2021-01-24,"Reentered, Operational",Three identical CubeSats for inter-satellite networked communications research.,
ARCE-1C (Articulated Reconnaissance and Communications Expedition – 1),University of South Florida,US,0.5U,2021-01-24,"Reentered, Operational",Three identical CubeSats for inter-satellite networked communications research.,
ASELSAT,ITU (Istanbul Technical University),Turkey,3U,2021-01-24,"Reentered, Operational, ?",Earth observation mission with X-band downlink system.,
Astrocast 3 (Astrocast-0101),Astrocast,Switzerland,3U,2021-01-24,Operational,Constellation for IoT/M2M services.,
Astrocast 4 (Astrocast-0102),Astrocast,Switzerland,3U,2021-01-24,"Reentered, Operational",Constellation for IoT/M2M services.,
Astrocast 5 (Astrocast-0103),Astrocast,Switzerland,3U,2021-01-24,Operational,Constellation for IoT/M2M services.,
Astrocast 6 (Astrocast-0104),Astrocast,Switzerland,3U,2021-01-24,Operational,Constellation for IoT/M2M services.,
Astrocast 7 (Astrocast-0105),Astrocast,Switzerland,3U,2021-01-24,Operational,Constellation for IoT/M2M services.,
Charlie (All-Charlie),Aurora Insight,US,6U,2021-01-24,"Reentered, Operational",Take trillions of measurements to produce valuable information on RF spectrum and the networks that rely on it.,
Flock-4s 1,Planet Labs,US,3U,2021-01-24,"Reentered, Operational",Constellation for optical Earth observation with 3-5m resolution.,
Flock-4s 2,Planet Labs,US,3U,2021-01-24,"Reentered, Operational",Constellation for optical Earth observation with 3-5m resolution.,
Flock-4s 3,Planet Labs,US,3U,2021-01-24,"Reentered, Operational",Constellation for optical Earth observation with 3-5m resolution.,
Flock-4s 4,Planet Labs,US,3U,2021-01-24,"Reentered, Operational",Constellation for optical Earth observation with 3-5m resolution.,
Flock-4s 5,Planet Labs,US,3U,2021-01-24,"Reentered, Operational",Constellation for optical Earth observation with 3-5m resolution.,
Flock-4s 6,Planet Labs,US,3U,2021-01-24,"Reentered, Operational",Constellation for optical Earth observation with 3-5m resolution.,
Flock-4s 7,Planet Labs,US,3U,2021-01-24,"Reentered, Operational",Constellation for optical Earth observation with 3-5m resolution.,
Flock-4s 8,Planet Labs,US,3U,2021-01-24,"Reentered, Operational",Constellation for optical Earth observation with 3-5m resolution.,
Flock-4s 9,Planet Labs,US,3U,2021-01-24,"Reentered, Operational",Constellation for optical Earth observation with 3-5m resolution.,
Flock-4s 10,Planet Labs,US,3U,2021-01-24,"Reentered, Operational",Constellation for optical Earth observation with 3-5m resolution.,
Flock-4s 11,Planet Labs,US,3U,2021-01-24,"Reentered, Operational",Constellation for optical Earth observation with 3-5m resolution.,
Flock-4s 12,Planet Labs,US,3U,2021-01-24,"Reentered, Operational",Constellation for optical Earth observation with 3-5m resolution.,
Flock-4s 13,Planet Labs,US,3U,2021-01-24,"Reentered, Operational",Constellation for optical Earth observation with 3-5m resolution.,
Flock-4s 14,Planet Labs,US,3U,2021-01-24,"Reentered, Operational",Constellation for optical Earth observation with 3-5m resolution.,
Flock-4s 15,Planet Labs,US,3U,2021-01-24,"Reentered, Operational",Constellation for optical Earth observation with 3-5m resolution.,
Flock-4s 16,Planet Labs,US,3U,2021-01-24,"Reentered, Operational",Constellation for optical Earth observation with 3-5m resolution.,
Flock-4s 17,Planet Labs,US,3U,2021-01-24,"Reentered, Operational",Constellation for optical Earth observation with 3-5m resolution.,
Flock-4s 18,Planet Labs,US,3U,2021-01-24,"Reentered, Operational",Constellation for optical Earth observation with 3-5m resolution.,
Flock-4s 19,Planet Labs,US,3U,2021-01-24,"Reentered, Operational",Constellation for optical Earth observation with 3-5m resolution.,
Flock-4s 20,Planet Labs,US,3U,2021-01-24,"Reentered, Operational",Constellation for optical Earth observation with 3-5m resolution.,
Flock-4s 21,Planet Labs,US,3U,2021-01-24,"Reentered, Operational",Constellation for optical Earth observation with 3-5m resolution.,
Flock-4s 22,Planet Labs,US,3U,2021-01-24,"Reentered, Operational",Constellation for optical Earth observation with 3-5m resolution.,
Flock-4s 23,Planet Labs,US,3U,2021-01-24,"Reentered, Operational",Constellation for optical Earth observation with 3-5m resolution.,
Flock-4s 24,Planet Labs,US,3U,2021-01-24,"Reentered, Operational",Constellation for optical Earth observation with 3-5m resolution.,
Flock-4s 25,Planet Labs,US,3U,2021-01-24,"Reentered, Operational",Constellation for optical Earth observation with 3-5m resolution.,
Flock-4s 26,Planet Labs,US,3U,2021-01-24,"Reentered, Operational",Constellation for optical Earth observation with 3-5m resolution.,
Flock-4s 27,Planet Labs,US,3U,2021-01-24,"Reentered, Operational",Constellation for optical Earth observation with 3-5m resolution.,
Flock-4s 28,Planet Labs,US,3U,2021-01-24,"Reentered, Operational",Constellation for optical Earth observation with 3-5m resolution.,
Flock-4s 29,Planet Labs,US,3U,2021-01-24,"Reentered, Operational",Constellation for optical Earth observation with 3-5m resolution.,
Flock-4s 30,Planet Labs,US,3U,2021-01-24,"Reentered, Operational",Constellation for optical Earth observation with 3-5m resolution.,
Flock-4s 31,Planet Labs,US,3U,2021-01-24,"Reentered, Operational",Constellation for optical Earth observation with 3-5m resolution.,
Flock-4s 32,Planet Labs,US,3U,2021-01-24,"Reentered, Operational",Constellation for optical Earth observation with 3-5m resolution.,
Flock-4s 33,Planet Labs,US,3U,2021-01-24,"Reentered, Operational",Constellation for optical Earth observation with 3-5m resolution.,
Flock-4s 34,Planet Labs,US,3U,2021-01-24,"Reentered, Operational",Constellation for optical Earth observation with 3-5m resolution.,
Flock-4s 35,Planet Labs,US,3U,2021-01-24,"Reentered, Operational",Constellation for optical Earth observation with 3-5m resolution.,
Flock-4s 36,Planet Labs,US,3U,2021-01-24,"Reentered, Operational",Constellation for optical Earth observation with 3-5m resolution.,
Flock-4s 37,Planet Labs,US,3U,2021-01-24,"Reentered, Operational",Constellation for optical Earth observation with 3-5m resolution.,
Flock-4s 38,Planet Labs,US,3U,2021-01-24,"Reentered, Operational",Constellation for optical Earth observation with 3-5m resolution.,
Flock-4s 39,Planet Labs,US,3U,2021-01-24,"Reentered, Operational",Constellation for optical Earth observation with 3-5m resolution.,
Flock-4s 40,Planet Labs,US,3U,2021-01-24,"Reentered, Operational",Constellation for optical Earth observation with 3-5m resolution.,
Flock-4s 41,Planet Labs,US,3U,2021-01-24,"Reentered, Operational",Constellation for optical Earth observation with 3-5m resolution.,
Flock-4s 42,Planet Labs,US,3U,2021-01-24,"Reentered, Operational",Constellation for optical Earth observation with 3-5m resolution.,
Flock-4s 43,Planet Labs,US,3U,2021-01-24,"Reentered, Operational",Constellation for optical Earth observation with 3-5m resolution.,
Flock-4s 44,Planet Labs,US,3U,2021-01-24,"Reentered, Operational",Constellation for optical Earth observation with 3-5m resolution.,
Flock-4s 45,Planet Labs,US,3U,2021-01-24,"Reentered, Operational",Constellation for optical Earth observation with 3-5m resolution.,
Flock-4s 46,Planet Labs,US,3U,2021-01-24,"Reentered, Operational",Constellation for optical Earth observation with 3-5m resolution.,
Flock-4s 47,Planet Labs,US,3U,2021-01-24,"Reentered, Operational",Constellation for optical Earth observation with 3-5m resolution.,
Flock-4s 48,Planet Labs,US,3U,2021-01-24,"Reentered, Operational",Constellation for optical Earth observation with 3-5m resolution.,
"Hiber 4 (Hiber Four, Hiber-4, HiberFour)",Hiber,Netherlands,3U,2021-01-24,"Reentered, Was semi-operational, ?, Retired",Test the initial IoT/M2M service.,
"IDEASSat (Flying Squirrel, Feishu Weixing, INSPIRESat-2, Ionospheric Dynamics Explorer and Attitude Subsystem Satellite, INternational Satellite Program In Research and Education Satellite)",National Central University,Taiwan,3U,2021-01-24,"Reentered, Operational",Measure ionospheric structure and plasma irregularities for radio communications monitoring. Compact ionosphere probe.,
Kepler-8 (Amarok),Kepler Communications,Canada,6U,2021-01-24,"Reentered, Operational",Commercial constellation for IoT/M2M and wideband communications.,
Kepler-9 (Artemis),Kepler Communications,Canada,6U,2021-01-24,"Reentered, Operational",Commercial constellation for IoT/M2M and wideband communications.,
Kepler-10 (Baby Yoda),Kepler Communications,Canada,6U,2021-01-24,"Reentered, Operational",Commercial constellation for IoT/M2M and wideband communications.,
Kepler-11 (Daneel),Kepler Communications,Canada,6U,2021-01-24,"Reentered, Operational",Commercial constellation for IoT/M2M and wideband communications.,
Kepler-12 (Boba),Kepler Communications,Canada,6U,2021-01-24,"Reentered, Operational",Commercial constellation for IoT/M2M and wideband communications.,
Kepler-13 (Lucky),Kepler Communications,Canada,6U,2021-01-24,"Reentered, Operational",Commercial constellation for IoT/M2M and wideband communications.,
Kepler-14 (Stella),Kepler Communications,Canada,6U,2021-01-24,"Reentered, Operational",Commercial constellation for IoT/M2M and wideband communications.,
Kepler-15 (SUDORMRF),Kepler Communications,Canada,6U,2021-01-24,"Reentered, Operational",Commercial constellation for IoT/M2M and wideband communications.,
Lemur-2 130 Chantal,Spire,US,3U,2021-01-24,"Reentered, Operational","Constellation for GPS-RO weather data, AIS and ADS-B.",
Lemur-2 131 JenniferSong,Spire,US,3U,2021-01-24,"Reentered, Operational","Constellation for GPS-RO weather data, AIS and ADS-B.",
Lemur-2 132 Mango1 (Mango One),Spire,US,3U,2021-01-24,"Reentered, Operational","Demonstrate and qualify radar, communications and intelligence capabilities in space.",
Lemur-2 133 Nallywacker,Spire,US,3U,2021-01-24,"Reentered, Operational","Constellation for GPS-RO weather data, AIS and ADS-B.",
Lemur-2 134 Neva,Spire,US,3U,2021-01-24,"Reentered, Operational","Constellation for GPS-RO weather data, AIS and ADS-B.",
Lemur-2 135 NoobNoob,Spire,US,3U,2021-01-24,"Reentered, Operational","Constellation for GPS-RO weather data, AIS and ADS-B.",
Lemur-2 136 Ruairi-Eilidh,Spire,US,3U,2021-01-24,"Reentered, Operational","Constellation for GPS-RO weather data, AIS and ADS-B.",
Lemur-2 137 SaoirseDH5Guo,Spire,US,3U,2021-01-24,"Reentered, Operational","Constellation for GPS-RO weather data, AIS and ADS-B.",
"PIXL-1, (Photo Images Cross Laser, CubeL PIXL, CubeL, OSIRIS4CubeSat)",DLR (German Aerospace Center),Germany,3U,2021-01-24,Operational,Demonstration of the OSIRIS optical demonstration payload for CubeSats.,
Prometheus 2.10 (P2-10),USSOCOM (US Special Operations Command),US,1.5U,2021-01-24,"Reentered, Unknown",Demonstrate improved CubeSat platform.,
"PTD-1 (HYDROS, PTHFDR, Pathfinder Technology Demonstrator, NASA PTD-1)",NASA Ames Research Center,US,6U,2021-01-24,"Reentered, Was operational, ?",Demonstrate propulsion systems and CubeSat platform technologies.,
"SOMP2b (SOMP 2b, SOMP-2, Student On-Orbit Measurement Project 2b)",Dresden University of Technology,Germany,2U,2021-01-24,"Reentered, Operational",Reflight of SOMP2 with minimal modifications?,
SpaceBEE-40,Swarm Technologies,US,0.25U,2021-01-24,"Reentered, Operational",World’s smallest two-way communications satellites for IoT.,
SpaceBEE-41,Swarm Technologies,US,0.25U,2021-01-24,"Reentered, Operational",World’s smallest two-way communications satellites for IoT.,
SpaceBEE-42,Swarm Technologies,US,0.25U,2021-01-24,"Reentered, Operational",World’s smallest two-way communications satellites for IoT.,
SpaceBEE-43,Swarm Technologies,US,0.25U,2021-01-24,"Reentered, Operational",World’s smallest two-way communications satellites for IoT.,
SpaceBEE-44,Swarm Technologies,US,0.25U,2021-01-24,"Reentered, Operational",World’s smallest two-way communications satellites for IoT.,
SpaceBEE-45,Swarm Technologies,US,0.25U,2021-01-24,"Reentered, Operational",World’s smallest two-way communications satellites for IoT.,
SpaceBEE-46,Swarm Technologies,US,0.25U,2021-01-24,"Reentered, Operational",World’s smallest two-way communications satellites for IoT.,
SpaceBEE-47,Swarm Technologies,US,0.25U,2021-01-24,"Reentered, Operational",World’s smallest two-way communications satellites for IoT.,
SpaceBEE-48,Swarm Technologies,US,0.25U,2021-01-24,"Reentered, Operational",World’s smallest two-way communications satellites for IoT.,
SpaceBEE-49,Swarm Technologies,US,0.25U,2021-01-24,"Reentered, Operational",World’s smallest two-way communications satellites for IoT.,
SpaceBEE-50,Swarm Technologies,US,0.25U,2021-01-24,"Reentered, Operational",World’s smallest two-way communications satellites for IoT.,
SpaceBEE-51,Swarm Technologies,US,0.25U,2021-01-24,"Reentered, Operational",World’s smallest two-way communications satellites for IoT.,
SpaceBEE-52,Swarm Technologies,US,0.25U,2021-01-24,"Reentered, Operational",World’s smallest two-way communications satellites for IoT.,
SpaceBEE-53,Swarm Technologies,US,0.25U,2021-01-24,"Reentered, Operational",World’s smallest two-way communications satellites for IoT.,
SpaceBEE-54,Swarm Technologies,US,0.25U,2021-01-24,"Reentered, Operational",World’s smallest two-way communications satellites for IoT.,
SpaceBEE-55,Swarm Technologies,US,0.25U,2021-01-24,"Reentered, Operational",World’s smallest two-way communications satellites for IoT.,
SpaceBEE-56,Swarm Technologies,US,0.25U,2021-01-24,"Reentered, Operational",World’s smallest two-way communications satellites for IoT.,
SpaceBEE-57,Swarm Technologies,US,0.25U,2021-01-24,"Reentered, Operational",World’s smallest two-way communications satellites for IoT.,
SpaceBEE-58,Swarm Technologies,US,0.25U,2021-01-24,"Reentered, Operational",World’s smallest two-way communications satellites for IoT.,
SpaceBEE-59,Swarm Technologies,US,0.25U,2021-01-24,"Reentered, Operational",World’s smallest two-way communications satellites for IoT.,
SpaceBEE-60,Swarm Technologies,US,0.25U,2021-01-24,"Reentered, Operational",World’s smallest two-way communications satellites for IoT.,
SpaceBEE-61,Swarm Technologies,US,0.25U,2021-01-24,"Reentered, Operational",World’s smallest two-way communications satellites for IoT.,
SpaceBEE-62,Swarm Technologies,US,0.25U,2021-01-24,"Reentered, Operational",World’s smallest two-way communications satellites for IoT.,
SpaceBEE-63,Swarm Technologies,US,0.25U,2021-01-24,"Reentered, Operational",World’s smallest two-way communications satellites for IoT.,
SpaceBEE-64,Swarm Technologies,US,0.25U,2021-01-24,"Reentered, Operational",World’s smallest two-way communications satellites for IoT.,
SpaceBEE-65,Swarm Technologies,US,0.25U,2021-01-24,"Reentered, Operational",World’s smallest two-way communications satellites for IoT.,
SpaceBEE-66,Swarm Technologies,US,0.25U,2021-01-24,"Reentered, Operational",World’s smallest two-way communications satellites for IoT.,
SpaceBEE-67,Swarm Technologies,US,0.25U,2021-01-24,"Reentered, Operational",World’s smallest two-way communications satellites for IoT.,
SpaceBEE-68,Swarm Technologies,US,0.25U,2021-01-24,"Reentered, Operational",World’s smallest two-way communications satellites for IoT.,
SpaceBEE-69,Swarm Technologies,US,0.25U,2021-01-24,"Reentered, Operational",World’s smallest two-way communications satellites for IoT.,
SpaceBEE-70,Swarm Technologies,US,0.25U,2021-01-24,"Reentered, Operational",World’s smallest two-way communications satellites for IoT.,
SpaceBEE-71,Swarm Technologies,US,0.25U,2021-01-24,"Reentered, Operational",World’s smallest two-way communications satellites for IoT.,
SpaceBEE-72,Swarm Technologies,US,0.25U,2021-01-24,"Reentered, Operational",World’s smallest two-way communications satellites for IoT.,
SpaceBEE-73,Swarm Technologies,US,0.25U,2021-01-24,"Reentered, Operational",World’s smallest two-way communications satellites for IoT.,
SpaceBEE-74,Swarm Technologies,US,0.25U,2021-01-24,"Reentered, Operational",World’s smallest two-way communications satellites for IoT.,
SpaceBEE-75,Swarm Technologies,US,0.25U,2021-01-24,"Reentered, Operational",World’s smallest two-way communications satellites for IoT.,
"UVSQ-Sat (UVSQSAT, UV & IR Sensors at high Quantum efficiency onboard a small SATellite)",University of Versailles Saint-Quentin-en-Yvelines (UVSQ),France,1U,2021-01-24,"Reentered, Operational",Measure solar radiation and educational mission.,
V-R3x 1 (Littlefoot),Carnegie Mellon University,US,1U,2021-01-24,"Reentered, Was operational","Demonstrate new technologies for networked communication, relative navigation, formation flying, and swarming.",
V-R3x 2 (Petrie),Carnegie Mellon University,US,1U,2021-01-24,"Reentered, Was operational","Demonstrate new technologies for networked communication, relative navigation, formation flying, and swarming.",
V-R3x 3 (Cora),Carnegie Mellon University,US,1U,2021-01-24,"Reentered, Was operational","Demonstrate new technologies for networked communication, relative navigation, formation flying, and swarming.",
"YUSAT-1 (Yushan-1 CubeSat, Yushan Weixing, Yushan Satellite 1)",National Taiwan Ocean University,Taiwan,1.5U,2021-01-24,"Reentered, Operational",AIS payload instrument for marine vessels monitoring for navigation safety and position reporting application.,
"GuaraniSat-1 (Guarani-1, BIRDS-4)",Kyushu Institute of Technology,Paraguay,1U,2021-02-20,"Reentered, Operational, ?",Educational and amateur radio mission.,
Gunsmoke-J 2 (Jacob's Ladder),US Army Space and Missile Defense Command,US,3U,2021-02-20,"Reentered, Operational",Demonstrate a diverse situational awareness capability from LEO that will directly benefit the Army Warfighter in theater.,
"IT-SPINS (Spacebuoy, Ionospheric-Thermospheric Scanning Photometer for Ion-Neutral Studies )",Montana State University,US,3U,2021-02-20,"Reentered, Semi-operational",Provide the first two-dimensional (2D) tomographic imaging addressing the basic nature of the nocturnal ionosphere.,
Maya-2 (BIRDS-4),Kyushu Institute of Technology,Philippines,1U,2021-02-20,"Reentered, Operational, ?",Educational and amateur radio mission.,
MYSAT-2 (DhabiSat),Khalifa University of Science and Technology,United Arab Emirates,2U,2021-02-20,"Reentered, Semi-operational, Was operational, ?",Educational training plus small camera for vegetation monitoring and new type of battery.,
"OPUSAT-II (Hirogari, OPUSAT-2)",Osaka Prefecture University,Japan,2U,2021-02-20,"Reentered, Operational",Demonstration of high-speed data transmission in amateur radio band and on-orbit shape measurement system.,
ORCA-6 (OrCa1),Los Alamos National Laboratory (LANL),US,6U,2021-02-20,"Reentered, Operational, ?",DARPA CubeSats for testing RF communication between space assets and ground?,
ORCA-7,Los Alamos National Laboratory (LANL),US,6U,2021-02-20,"Reentered, Operational, ?",DARPA CubeSats for testing RF communication between space assets and ground?,
"RSP-01 (RymanSat Project, Selfie-sh)",Rymansat Project (Lehman Sat),Japan,1U,2021-02-20,"Reentered, Semi-operational, Was operational, ?","Send the picture of satellite itself, taken by onboard camera.",
"STARS-EC A (Space Tethered Autonomous Robotic Satellite, Sanko)",Shizuoka University,Japan,1U,2021-02-20,"Reentered, Operational",Elevator lifting experiment with 3 satellites connected by tethers,
"STARS-EC B (Space Tethered Autonomous Robotic Satellite, Sanko)",Shizuoka University,Japan,1U,2021-02-20,"Reentered, Operational",Elevator lifting experiment with 3 satellites connected by tethers,
"STARS-EC C (Space Tethered Autonomous Robotic Satellite, Sanko)",Shizuoka University,Japan,1U,2021-02-20,"Reentered, Operational",Elevator lifting experiment with 3 satellites connected by tethers,
"Tausat (TAU-SAT, TAU-Sat 1)",Herzliya Science Center,Israel,3U,2021-02-20,"Reentered, Operational",Educational mission with radiation measurement and amateur radio transponder.,
"ThinSat-2A (Coast Guard 1, MEDO-1, ODU, TSL-1, TU)",Virginia Space,US,ThinSat 6x1T,2021-02-20,"Reentered, No signal",ThinSat satellite platform for educational training.,
"ThinSat-2B (TSL-3, TSL-2, MS-2, MEDO-2, GMU)",Virginia Space,US,ThinSat 5x1T,2021-02-20,"Reentered, Was semi-operational",ThinSat satellite platform for educational training.,
"ThinSat-2C (NSE, MS-3, MEMSat, MEDO-3, MEDO-4)",Virginia Space,US,ThinSat 5x1T,2021-02-20,"Reentered, Was semi-operational",ThinSat satellite platform for educational training.,
"ThinSat-2D (MEDO-5, MEDO-6, MEDO-7, ProtoSat, Salisbury University, TSL-4, TSL-5, MS-4)",Virginia Space,US,ThinSat 8x1T,2021-02-20,"Reentered, Was semi-operational",ThinSat satellite platform for educational training.,
"ThinSat-2E (Virginia Tech, VATech, VT ThickSat)",Virginia Space,US,ThinSat 6T,2021-02-20,"Reentered, No signal",ThinSat satellite platform for educational training.,
"ThinSat-2F (NSL-1, NSL-2)",Virginia Space,US,ThinSat 2x1T,2021-02-20,"Reentered, No signal",ThinSat satellite platform for educational training.,
"ThinSat-2G (NSL-3, Taylor University)",Virginia Space,US,ThinSat 1T,2021-02-20,"Reentered, No signal",ThinSat satellite platform for educational training.,
"ThinSat-2H (NSL-4, Career Academy)",Virginia Space,US,ThinSat 1T,2021-02-20,"Reentered, No signal",ThinSat satellite platform for educational training.,
"ThinSat-2I (NSL-5, University of Minnesota)",Virginia Space,US,ThinSat 1T,2021-02-20,"Reentered, No signal",ThinSat satellite platform for educational training.,
Tsuru (BIRDS-4),Kyushu Institute of Technology,Japan,1U,2021-02-20,"Reentered, Operational, ?",Educational and amateur radio mission.,
"Warp-01 (Nichirin, Warp-1)",WARPSPACE,Japan,1U,2021-02-20,"Reentered, Operational, ?",Demonstrate new satellite bus components and custom radio transmitter in space.,
"NanoConnect-2 (SAI-1, NANOCONNECT-2/SAI-1)",UNAM (National Autonomous University of Mexico),Mexico,2U,2021-02-28,"Reentered, Operational",Educational mission to demonstrate spacecraft subsystems in space.,
"Saditsat (SKI SATISH DHAWAN SAT, SDSAT. SD Sat, SD'Sat)",Space Kidz India,India,3U,2021-02-28,"Reentered, Was operational","Educational mission studying space radiation, magnetosphere and demonstrating nanosatellite components.",
SpaceBEE-76,Swarm Technologies,US,0.25U,2021-02-28,"Reentered, Operational",World’s smallest two-way communications satellites for IoT.,
SpaceBEE-77,Swarm Technologies,US,0.25U,2021-02-28,"Reentered, Operational",World’s smallest two-way communications satellites for IoT.,
SpaceBEE-78,Swarm Technologies,US,0.25U,2021-02-28,"Reentered, Operational",World’s smallest two-way communications satellites for IoT.,
SpaceBEE-79,Swarm Technologies,US,0.25U,2021-02-28,"Reentered, Operational",World’s smallest two-way communications satellites for IoT.,
SpaceBEE-80,Swarm Technologies,US,0.25U,2021-02-28,"Reentered, Operational",World’s smallest two-way communications satellites for IoT.,
SpaceBEE-81,Swarm Technologies,US,0.25U,2021-02-28,"Reentered, Operational",World’s smallest two-way communications satellites for IoT.,
SpaceBEE-82,Swarm Technologies,US,0.25U,2021-02-28,"Reentered, Operational",World’s smallest two-way communications satellites for IoT.,
SpaceBEE-83,Swarm Technologies,US,0.25U,2021-02-28,"Reentered, Operational",World’s smallest two-way communications satellites for IoT.,
SpaceBEE-84,Swarm Technologies,US,0.25U,2021-02-28,"Reentered, Operational",World’s smallest two-way communications satellites for IoT.,
SpaceBEE-85,Swarm Technologies,US,0.25U,2021-02-28,"Reentered, Operational",World’s smallest two-way communications satellites for IoT.,
SpaceBEE-86,Swarm Technologies,US,0.25U,2021-02-28,"Reentered, Operational",World’s smallest two-way communications satellites for IoT.,
SpaceBEE-87,Swarm Technologies,US,0.25U,2021-02-28,"Reentered, Operational",World’s smallest two-way communications satellites for IoT.,
UNITYSat 1 (JITSat),Jeppiaar Institute of Technology,India,0.25U,2021-02-28,"Reentered, No signal",UNITY program consisting of 0.25U and later 0.125U CubeSats.,
UNITYSat 2 (GHRCEsat),G H Raisoni Institute of Engineering and Technology,India,0.25U,2021-02-28,"Reentered, Was semi-operational",UNITY program consisting of 0.25U and later 0.125U CubeSats.,
"UNITYSat 3 (Sri Shakthi Sat, SSIETSAT)",Sri Shakthi Institute of Engineering and Technology,India,0.25U,2021-02-28,"Reentered, No signal",UNITY program consisting of 0.25U and later 0.125U CubeSats.,
"3B5GSAT (Sateliot-1, 3rd Generation Before 5th Generation Satellite)",Sateliot,Spain,3U,2021-03-22,"Reentered, Operational",Constellation for continuous global connectivity for Internet of Things (IoT) under a 5G architecture.,
"Arduiqube DIY1 (DIY-1, DIYSATELLITE, DIY-1/ARDUIQUBE)",DIYSATELLITE,Argentina,PocketQube 1p,2021-03-22,"Reentered, Operational",Educational mission to measure the health and attitude of the satellite.,
BCCSat-1 (Bangkok Christian College Satellites,Bangkok Christian College,Thailand,1U,2021-03-22,"Reentered, Operational",World's First Educational Multispectral Cubesat Build by High-School Students,
BEESAT-5,Technical University of Berlin,Germany,0.25U,2021-03-22,"Reentered, Operational",Pi­co­satel­lite swarm mis­sion of 0.25U CubeSats.,
BEESAT-6,Technical University of Berlin,Germany,0.25U,2021-03-22,"Reentered, Operational",Pi­co­satel­lite swarm mis­sion of 0.25U CubeSats.,
BEESAT-7,Technical University of Berlin,Germany,0.25U,2021-03-22,"Reentered, Operational",Pi­co­satel­lite swarm mis­sion of 0.25U CubeSats.,
BEESAT-8,Technical University of Berlin,Germany,0.25U,2021-03-22,"Reentered, Operational",Pi­co­satel­lite swarm mis­sion of 0.25U CubeSats.,
CANYVAL-C (Pumbaa),Yonsei University,South Korea,2U,2021-03-22,No signal,Imaging the solar corona - including the region that is 10 times the Sun’s angular diameter.,
CANYVAL-C (Timon),Yonsei University,South Korea,1U,2021-03-22,No signal,Imaging the solar corona - including the region that is 10 times the Sun’s angular diameter.,
"Centauri-3 (Centauri 3, Tyvak-0210)",Fleet Space,Australia,6U,2021-03-22,"Reentered, Operational",IoT satellite network.,
Challenge One (ChallengeOne),Telnet,Tunisia,3U,2021-03-22,Operational,Scientific research and technology demonstrator satellite for IoT.,
"CubeSX-HSE (NRU HSE, R13S, Space-PI, Space π)",Moscow Institute of Electronics and Mathematics,Russia,3U,2021-03-22,Operational,Educational mission with X-band transmitter.,
"CubeSX-Sirius-HSE (MIEM, NIU VShE - DZZ, R14S, Space-PI, Space π)",Moscow Institute of Electronics and Mathematics,Russia,3U,2021-03-22,Operational,Educational mission with X-band transmitter.,
FEES (Flexible Experimental Embedded Satellite),Apogeo Space,Italy,0.3U,2021-03-22,"Reentered, Operational",Demonstrate various technologies including Iridium modem and camera.,
GRBAlpha (GRB-Alpha),Technical University of Kosice,Slovakia,1U,2021-03-22,Operational,Educational mission with digipeater and testing gamma-ray burst sensor.,
Gunsmoke-J 3 (Jacob's Ladder),US Army Space and Missile Defense Command,US,3U,2021-03-22,Unknown,Demonstrate a diverse situational awareness capability from LEO that will directly benefit the Army Warfighter in theater.,
"Hiber 3 (Hiber Three, Hiber-3, HiberThree)",Hiber,Netherlands,3U,2021-03-22,"Reentered, Was semi-operational, ?, Retired",Test the initial IoT/M2M service.,
Kepler-6 (Rocinante),Kepler Communications,Canada,6U,2021-03-22,"Reentered, Operational",Commercial constellation for IoT/M2M and wideband communications.,
Kepler-7 (C3PO),Kepler Communications,Canada,6U,2021-03-22,"Reentered, Operational",Commercial constellation for IoT/M2M and wideband communications.,
KMSL (Korea Microgravity Science Laboratory),Chosun University,South Korea,3U,2021-03-22,Operational,Perform a fire experiment in low Earth orbit and biological experiments.,
KSU_CubeSat (KSU CubeSat),King Saud University,Saudi Arabia,1U,2021-03-22,"Reentered, Operational",Planning to send telemetry and images from space and repeating a received voice.,
"LacunaSat-2b (LS2, LacunaSat2)",Lacuna Space,UK,3U,2021-03-22,"Reentered, Operational",Innovative Internet-of-Things (‘IoT’) connectivity-via-satellite payload demonstrator.,
Myriota 7 (Tyvak-0152),Myriota,Australia,3U,2021-03-22,"Reentered, Operational",Constellation towards providing real-time IoT connectivity.,
NANOSATC-BR2,National Institute for Space Research,Brazil,2U,2021-03-22,"Reentered, Was semi-operational","Langmuir probe, attitude determination system.",
"OrbiCraft - Zorkiy (Zorky, Space-PI, Space π)",Sputnix,Russia,6U,2021-03-22,"Reentered, Operational",Demonstration of new CubeSat platform and remote sensing camera with 6.6 meter resolution.,
RAAF M2 A (M2-A),University of New South Wales (UNSW Canberra),Australia,6U (1/2 12U),2021-03-22,"Reentered, Operational",Deliver to the RAAF AIS / ADS-B capability across the globe using COTS AIS and ADS-B systems.,
RAAF M2 B (M2-B),University of New South Wales (UNSW Canberra),Australia,6U (1/2 12U),2021-03-22,"Reentered, Operational",Deliver to the RAAF AIS / ADS-B capability across the globe using COTS AIS and ADS-B systems.,
"SAMSON A (SAMSON 1, Adelis-SAMSON, Space Autonomous Mission for Swarming and Geolocating Nanosatellites)",Israel Institute Of Technology,Israel,6U,2021-03-22,"Unknown, ?",Demonstrate long-term autonomous cluster flight of multiple satellites.,
"SAMSON B (SAMSON 2, Adelis-SAMSON, Space Autonomous Mission for Swarming and Geolocating Nanosatellites)",Israel Institute Of Technology,Israel,6U,2021-03-22,"Unknown, ?",Demonstrate long-term autonomous cluster flight of multiple satellites.,
"SAMSON C (SAMSOM 3, Adelis-SAMSON, Space Autonomous Mission for Swarming and Geolocating Nanosatellites)",Israel Institute Of Technology,Israel,6U,2021-03-22,"Unknown, ?",Demonstrate long-term autonomous cluster flight of multiple satellites.,
SMOG-1,Budapest University of Technology and Economics,Hungary,PocketQube 1p,2021-03-22,"Reentered, Operational",It's mission is to measure the RF spectrum (430-830MHz) in the Low Earth Orbit.,
STECCO (Space Travelling Egg Controlled Catadioptric Object),Sapienza University of Rome,Italy,PocketQube 6p,2021-03-22,Operational,Educational mission with amateur radio payload.,
"Veery Hatchling (Veery-RL1, Veery V0.1, Clay)",Care Weather,US,1U,2021-03-22,"Reentered, Operational",Building phone—sized weather satellites to power a super accurate forecast.,
"WildTrackCube – SIMBA (SIMBA, System for Improving Monitoring the Behaviour of Animals, IKUNS 3)",Sapienza University of Rome,Italy,1U,2021-03-22,"Reentered, Operational",System for Improving monitoring the behaviour of animals and amateur radio mission.,
Bravo (All-Bravo),Aurora Insight,US,6U,2021-04-29,Operational,Take trillions of measurements to produce valuable information on RF spectrum and the networks that rely on it.,
"ELO Alpha (Tyvak-182A, Eutelsat LEO for Objects)",Eutelsat,US,3U,2021-04-29,Operational,Assess the performance of LEO satellites in providing narrowband connectivity for objects.,
Lemur-2 138 Amanda-Svante,Spire,US,3U,2021-04-29,Operational,"Constellation for GPS-RO weather data, AIS and ADS-B.",
Lemur-2 139 Special K,Spire,US,3U,2021-04-29,Operational,"Constellation for GPS-RO weather data, AIS and ADS-B.",
"Tyvak-0130 (GEOStare SV2, GEOStare-2)",Tyvak,US,12U,2021-05-15,Operational,Optical spectrum astronomy observation satellite with GEOstare 2 payload.,
"TDO-3 (Technology Demonstration Orbiter, TDO 3 Spacecraft)",Air Force Research Laboratory (AFRL),US,12U,2021-05-18,"Reentered, Unknown, Passive, ?",Second CubeSat in GTO. Test orbital debris tracking technologies.,
"TDO-4 (Technology Demonstration Orbiter, TDO 4 Spacecraft)",Air Force Research Laboratory (AFRL),US,12U,2021-05-18,"Reentered, Unknown, Passive, ?",Second CubeSat in GTO. Test orbital debris tracking technologies.,
"Gundam 2 (G-Satellite 2, G-Sat, BD-28)",University of Tokyo,Japan,3U,2021-06-03,"Reentered, No signal",Satellite to celebrate Tokyo 2020 Olympics carrying toy figures and taking photos of a screen with Earth in the background.,
"MIR-SAT1 (Mauritian Infrared Satellite, Mir-Sat-1, MirSat1)",Mauritius Research Council,Mauritius,1U,2021-06-03,"Reentered, Operational",Collecting images of Mauritius and surrounding regions using longwave infrared (LWIR) thermal camera.,
RamSat,Oak Ridge Public Schools,US,1U,2021-06-03,"Reentered, Operational",Education mission to develop and implement a middle school STEM curriculum for building a CubeSat.,
"SOAR (Satellite for Orbital Aerodynamics Research, DISCOVERER)",University of Manchester,UK,3U,2021-06-03,"Reentered, Operational",Demonstrate aerodynamic attitude and orbit control manoeuvres.,
"ARTHUR, (RRF1-Arthur, Risk Reduction Flight ARTHUR-1)",Aerospacelab,Belgium,12U,2021-06-30,Operational,Demonstrate spacecraft bus technologies and 5 meter Earth imagery for a future constellation.,
Astrocast 8 (ASTROCAST-0201),Astrocast,Switzerland,3U,2021-06-30,Operational,Constellation for IoT/M2M services.,
Astrocast 9 (ASTROCAST-0202),Astrocast,Switzerland,3U,2021-06-30,Operational,Constellation for IoT/M2M services.,
Astrocast 10 (ASTROCAST-0203),Astrocast,Switzerland,3U,2021-06-30,Operational,Constellation for IoT/M2M services.,
Astrocast 11 (ASTROCAST-0204),Astrocast,Switzerland,3U,2021-06-30,"Reentered, Operational",Constellation for IoT/M2M services.,
Astrocast 12 (ASTROCAST-0205),Astrocast,Switzerland,3U,2021-06-30,Operational,Constellation for IoT/M2M services.,
"Brik2 (Brik-II, BRIK-II)",Royal Netherlands Air Force,Netherlands,6U,2021-06-30,Operational,Military RF receiver and Langmuir probe to measure electron density.,
Centauri-4 (Tyvak-0211),Fleet Space,Australia,6U,2021-06-30,"Reentered, Operational",IoT satellite network.,
"CNCE1 (Cubesat Networked Communications Experiment, CNCE Block 1)",Missile Defense Agency,US,3U,2021-06-30,"Reentered, Retired, Operational",The cubesats will mimic two suborbital missile interceptor vehicles and test communications between them.,
"CNCE3 (Cubesat Networked Communications Experiment, CNCE Block 1)",Missile Defense Agency,US,3U,2021-06-30,"Reentered, Retired, Operational",The cubesats will mimic two suborbital missile interceptor vehicles and test communications between them.,
D2/AtlaCom-1,Mexican Space Agency,Mexico,6U,2021-06-30,"Reentered, Operational","Rideshare mission of a consortium called “HyperActive”, and an electric propulsion demonstration by Accion Systems.",
Faraday-1b (Faraday Phoenix),In-Space Missions,UK,6U,2021-06-30,Operational,Hosted payload opportunities for early service and technology demonstration.,
GHALIB,Marshall Intec,United Arab Emirates,2U,2021-06-30,"Reentered, Operational","Demonstrator turn-key mission for space-based tracking of falcon migration, which could become a 6 satellite constellation.",
Gunsmoke-J 4 (Jacob's Ladder),US Army Space and Missile Defense Command,US,6U,2021-06-30,"Reentered, Operational",Demonstrate a diverse situational awareness capability from LEO that will directly benefit the Army Warfighter in theater.,
HALO-Net Free Flyer,US Navy,US,3U,2021-06-30,"Reentered, Unknown",Primary experiment on HALO-Net Free Flyer is the retroreflector array.,
"KSF1 A (KSF1-A, Kleos Space – Polar Vigilance Mission, Kleos-5)",Kleos Space,UK,6U,2021-06-30,"Reentered, Operational",Form the foundation of a constellation that delivers a global picture of hidden maritime activity.,
"KSF1 B (KSF1-B, Kleos Space – Polar Vigilance Mission, Kleos-6)",Kleos Space,UK,6U,2021-06-30,"Reentered, Operational",Form the foundation of a constellation that delivers a global picture of hidden maritime activity.,
"KSF1 C (KSF1-C, Kleos Space – Polar Vigilance Mission, Kleos-7)",Kleos Space,UK,6U,2021-06-30,"Reentered, Operational",Form the foundation of a constellation that delivers a global picture of hidden maritime activity.,
"KSF1 D (KSF1-D, Kleos Space – Polar Vigilance Mission, Kleos-8)",Kleos Space,UK,6U,2021-06-30,"Reentered, Operational",Form the foundation of a constellation that delivers a global picture of hidden maritime activity.,
Lemur-2 140 AC-CUBED,Spire,US,3U,2021-06-30,"Reentered, Operational","Constellation for GPS-RO weather data, AIS and ADS-B.",
Lemur-2 141 ANNABANANA,Spire,US,3U,2021-06-30,"Reentered, Operational","Constellation for GPS-RO weather data, AIS and ADS-B.",
Lemur-2 142 JACKSON,Spire,US,3U,2021-06-30,"Reentered, Operational","Constellation for GPS-RO weather data, AIS and ADS-B.",
Lemur-2 143 JOHN-TREIRES,Spire,US,3U,2021-06-30,"Reentered, Operational","Constellation for GPS-RO weather data, AIS and ADS-B.",
Lemur-2 144 MERIMA,Spire,US,3U,2021-06-30,"Reentered, Operational","Constellation for GPS-RO weather data, AIS and ADS-B.",
Lemur-2 145 CARLSANTAMARI,Spire,US,3U,2021-06-30,"Reentered, Operational","Constellation for GPS-RO weather data, AIS and ADS-B.",
LINCS1 A (Laser Interconnet & Communications System),Space Development Agency,US,12U,2021-06-30,"Reentered, No signal, ?",Optical communications terminals that use lasers to beam data across space.,
LINCS2 B (Laser Interconnet & Communications System),Space Development Agency,US,12U,2021-06-30,"No signal, ?",Optical communications terminals that use lasers to beam data across space.,
"NAPA-2 (RTAF-Sat, RTAFSAT-2, Royal Thai Air Force CubeSat, Firmament-2)",Royal Thai Air Force,Thailand,6U,2021-06-30,Operational,Earth Observation satellite for Public Protection and Disaster Relief (PPDR).,
NEPTUNO (NEPT-1),Elecnor Deimos,Spain,3U,2021-06-30,"Reentered, Operational",Constellation demonstrator that contributes to a solution that faces the main challenges of maritime surveillance.,
PACE-1 (Payload Accelerator for CubeSat Endeavors),NASA Ames Research Center,US,6U,2021-06-30,"No signal, ?",Perform a set of experiments to demonstrate the Advanced Development Projects (ADP) technology.,
"Painani-II (Painani 2, Painani-2)",University of the Mexican Army and Air Force,Mexico,3U,2021-06-30,"Reentered, No signal, ?",It will carry a low resolution camera and proposes an S Band downlink using frequency hopping technology for the images.,
"QMR-KWT (Moon of Kuwait, Kuwaiti Orbital Space CubeSat)",Orbital Space,Kuwait,1U,2021-06-30,"Reentered, Operational",Educational mission and capacity building in the nation.,
SpaceBEE-88,Swarm Technologies,US,0.25U,2021-06-30,"Reentered, Operational",World’s smallest two-way communications satellites for IoT.,
SpaceBEE-89,Swarm Technologies,US,0.25U,2021-06-30,"Reentered, Operational",World’s smallest two-way communications satellites for IoT.,
SpaceBEE-90,Swarm Technologies,US,0.25U,2021-06-30,"Reentered, Operational",World’s smallest two-way communications satellites for IoT.,
SpaceBEE-91,Swarm Technologies,US,0.25U,2021-06-30,"Reentered, Operational",World’s smallest two-way communications satellites for IoT.,
SpaceBEE-92,Swarm Technologies,US,0.25U,2021-06-30,"Reentered, Operational",World’s smallest two-way communications satellites for IoT.,
SpaceBEE-93,Swarm Technologies,US,0.25U,2021-06-30,"Reentered, Operational",World’s smallest two-way communications satellites for IoT.,
SpaceBEE-94,Swarm Technologies,US,0.25U,2021-06-30,"Reentered, Operational",World’s smallest two-way communications satellites for IoT.,
SpaceBEE-95,Swarm Technologies,US,0.25U,2021-06-30,"Reentered, Operational",World’s smallest two-way communications satellites for IoT.,
SpaceBEE-96,Swarm Technologies,US,0.25U,2021-06-30,"Reentered, Operational",World’s smallest two-way communications satellites for IoT.,
SpaceBEE-97,Swarm Technologies,US,0.25U,2021-06-30,"Reentered, Operational",World’s smallest two-way communications satellites for IoT.,
SpaceBEE-98,Swarm Technologies,US,0.25U,2021-06-30,"Reentered, Operational",World’s smallest two-way communications satellites for IoT.,
SpaceBEE-99,Swarm Technologies,US,0.25U,2021-06-30,"Reentered, Operational",World’s smallest two-way communications satellites for IoT.,
SpaceBEE-100,Swarm Technologies,US,0.25U,2021-06-30,"Reentered, Operational",World’s smallest two-way communications satellites for IoT.,
SpaceBEE-101,Swarm Technologies,US,0.25U,2021-06-30,"Reentered, Operational",World’s smallest two-way communications satellites for IoT.,
SpaceBEE-102,Swarm Technologies,US,0.25U,2021-06-30,"Reentered, Operational",World’s smallest two-way communications satellites for IoT.,
SpaceBEE-103,Swarm Technologies,US,0.25U,2021-06-30,"Reentered, Operational",World’s smallest two-way communications satellites for IoT.,
SpaceBEE-104,Swarm Technologies,US,0.25U,2021-06-30,"Reentered, Operational",World’s smallest two-way communications satellites for IoT.,
SpaceBEE-105,Swarm Technologies,US,0.25U,2021-06-30,"Reentered, Operational",World’s smallest two-way communications satellites for IoT.,
SpaceBEE-106,Swarm Technologies,US,0.25U,2021-06-30,"Reentered, Operational",World’s smallest two-way communications satellites for IoT.,
SpaceBEE-107,Swarm Technologies,US,0.25U,2021-06-30,"Reentered, Operational",World’s smallest two-way communications satellites for IoT.,
SpaceBEE-108,Swarm Technologies,US,0.25U,2021-06-30,"Reentered, Operational",World’s smallest two-way communications satellites for IoT.,
SpaceBEE-109,Swarm Technologies,US,0.25U,2021-06-30,"Reentered, Operational",World’s smallest two-way communications satellites for IoT.,
SpaceBEE-110,Swarm Technologies,US,0.25U,2021-06-30,"Reentered, Operational",World’s smallest two-way communications satellites for IoT.,
SpaceBEE-111,Swarm Technologies,US,0.25U,2021-06-30,"Reentered, Operational",World’s smallest two-way communications satellites for IoT.,
SpaceBEENZ-7,Swarm Technologies,US,0.25U,2021-06-30,"Reentered, Operational",World’s smallest two-way communications satellites for IoT.,
SpaceBEENZ-8,Swarm Technologies,US,0.25U,2021-06-30,"Reentered, Operational",World’s smallest two-way communications satellites for IoT.,
SpaceBEENZ-9,Swarm Technologies,US,0.25U,2021-06-30,"Reentered, Operational",World’s smallest two-way communications satellites for IoT.,
SpaceBEENZ-10,Swarm Technologies,US,0.25U,2021-06-30,"Reentered, Operational",World’s smallest two-way communications satellites for IoT.,
"SPARTAN (Shared Sat, Shared Platform for Applied Research and Technology Affirmation)",EnduroSat,Bulgaria,6U,2021-06-30,Operational,Seven technology demonstrations and commercial payloads.,
STORK-4,SatRev,Poland,3U,2021-06-30,"Reentered, Operational","Innovative shared platform with Earth-Observation capabilities. Aimed at in-orbit services, the mission currently has capacity for external payloads.",
STORK-5 (MARTA),SatRev,Poland,3U,2021-06-30,"Reentered, Operational","Innovative shared platform with Earth-Observation capabilities. Aimed at in-orbit services, the mission currently has capacity for external payloads.",
Tiger-2 (Ayan-21),OQ Technology,Luxembourg,6U,2021-06-30,"Reentered, Operational",Demonstrator for 5G NB-IoT constellation.,
TROPICS Pathfinder (The Time-Resolved Observations of Precipitation structure and storm Intensity with a Constellation of Smallsats),MIT (Massachusetts Institute of Technology),US,3U,2021-06-30,"Reentered, Operational, ?",Provide rapid-refresh microwave measurements over the tropics for weather prediction.,
"Tyvak-0173 (SIRION-3, EG 3, EG-3, EchoStar Global 3)",EchoStar,US,16U,2021-06-30,Operational,Two tiny S-band satellites to jumpstart a low-Earth-orbit constellation using spectrum gained through its acquisition of Helios Wire.,
W-Cube (wCUBE),ESA (European Space Agency),Finland,3U,2021-06-30,Operational,Demonstrate the use of the 75-GHz frequency W-band for future telecommunications satellites.,
BRO-4 (Breizh Reconnaissance Orbiter),Unseenlabs,France,6U,2021-08-17,"Reentered, Operational",Spectrum monitoring service. Maritime surveillance. Electromagnetic intelligence service.,
LEDSAT (LED-based Satellite),Sapienza University of Rome,Italy,1U,2021-08-17,Operational,Equipped with LEDs and retroreflectors for optical tracking from ground.,
RADCUBE,C3S,Hungary,3U,2021-08-17,"Reentered, Operational",Real-time monitoring of the cosmic radiation and space weather environment.,
"Sunstorm (XFM Cube, XFM CubeSat, Sunstorm-1, Sun-Storm)",ESA (European Space Agency),Finland,2U,2021-08-17,"Reentered, Operational, Retired",Solar X-ray Flux Monitor to monitor solar x-ray flares.,
Binar 1 (Binar-1),Curtin University,Australia,1U,2021-08-29,"Reentered, Semi-operational, ?",Test CubeSat technologies for deep space missions.,
CAPSat (Cool Annealing Payload Satellite),University of Illinois Urbana-Champaign,US,3U,2021-08-29,"Reentered, Was operational",Investigate attitude control with strain-actuated deployable panels plus active thermal system.,
"CUAVA-1 (Centre for CubeSats, Uncrewed Aerial Vehicles and their Applications)",University of Sydney,Australia,3U,2021-08-29,"Reentered, No signal",Educational mission and multiple radio amateur community activities including W-band (76 GHz) transmitter.,
"Maya-3 (Maya-1.1, BIRDS-2S)",STeP UP University of the Philippines,Philippines,1U,2021-08-29,"Reentered, Operational",Educational and amateur radio mission with visual camera.,
"Maya-4 (Maya-1.2, BIRDS-2S)",STeP UP University of the Philippines,Philippines,1U,2021-08-29,"Reentered, Operational",Educational and amateur radio mission with near-infrared camera.,
"PR-CuNaR2 (Puerto Rico CubeSat NanoRocks-2, PR_CuNar2, PRCUNAR2)",Inter American University of Puerto Rico,US,3U,2021-08-29,"Reentered, No signal, ?",Study collisions among millimeter-sized particles in a protoplanetary disk.,
SPACE HAUC 1 (SPACE-HAUC),University of Massachusetts,US,3U,2021-08-29,"Reentered, No signal, ?",Educational training and X-band beam steering with phased array of patch antennas.,
"BSS1 (Starling, DFAST Benchmark CubeSat)",Benchmark Space Systems,US,3U,2021-09-03,Launch failure,Demonstrate DFAST propulsion system.,
FossaSat-1B,Fossa Systems,Spain,PocketQube 1p,2021-09-03,Launch failure,Mostly copy of the FossaSat-1 satellite by using CW and new solar panels.,
FossaSat-2,Fossa Systems,Spain,PocketQube 1p,2021-09-03,Launch failure,Amateur radio mission with a small camera.,
GENESIS-L,AMSAT-EA,Spain,PocketQube 1p,2021-09-03,Launch failure,Provide radio amateur communication with a regenerative ASK repeater.,
GENESIS-N,AMSAT-EA,Spain,PocketQube 1p,2021-09-03,Launch failure,Provide radio amateur communication with a regenerative ASK repeater.,
Hiapo (HSTM CubeSat),Hawaii Science and Technology Museum (HSTM),US,1U,2021-09-03,Launch failure,Educational mission and measuring the electric field generated by the solar wind.,
Qubik 1,Libre Space Foundation,Greece,PocketQube 1p,2021-09-03,Launch failure,Designed for amateur radio service. Experiment with LEOP and passive RF orbit determination.,
Qubik 2,Libre Space Foundation,Greece,PocketQube 1p,2021-09-03,Launch failure,Designed for amateur radio service. Experiment with LEOP and passive RF orbit determination.,
Serenity,Teachers in Space,US,3U,2021-09-03,Launch failure,Educational mission to allow interaction with the CubeSat and blockchain for inter-satellite transactions.,
"Cesium Satellite 1 (CM1, Cesium Mission 1, CS1)",CesiumAstro,US,6U,2021-09-27,Operational,Demonstrate active phased array and inter-satellite link payloads.,
"Cesium Satellite 2 (CM1, Cesium Mission 1, CS2)",CesiumAstro,US,6U,2021-09-27,Operational,Demonstrate active phased array and inter-satellite link payloads.,
CuPID (Cusp Plasma Imaging Detector),Boston University,US,6U,2021-09-27,"Was operational, ?",Carry a miniaturized soft x-ray imaging telescope.,
"CUTE (Colorado Ultraviolet Transit Experiment, CUTE-LASP)",University of Colorado Boulder,US,6U,2021-09-27,Operational,Characterize the composition and mass-loss rates of exoplanet atmospheres.,
SSS-2A,Shanghai Jiao Tong University (SJTU),China,3U,2021-10-14,"Reentered, Operational",Educational training and capacity building in space technology development.,
Tianyuan-1,Nanjing University of Science and Technology,China,6U,2021-10-14,Unknown,Demonstration of subsystems and cold-gas thruster.,
ARICA (AGU Remote Innovative CubeSat Alert),Aoyama Gakuin University,Japan,1U,2021-11-09,No signal,Demonstrate Iridium and Globalstar modemds for real-time alert system.,
ASTERISC (Advanced Satellite Toward Exploration of dust enviRonment with In-Situ Cosmic dust sensor),Chiba Institute of Technology,Japan,3U,2021-11-09,"Reentered, Operational",Monitor interplanetary dust particles (IDPs) and artificial debris particles in low Earth orbit.,
KOSEN-1,National Institute of Technology,Japan,2U,2021-11-09,Operational,Educational mission and demonstrate CubeSat platform technologies.,
NanoDragon,Vietnam National Satellite Center,Vietnam,3U,2021-11-09,No signal,"AIS receiver, OBC payload and testing attitude control with optical imager.",
"LICIACube (Light Italian Cubesat for Imaging of Asteroids, LICIA)",Italian Space Agency,Italy,6U,2021-11-24,"Operational, ?","After traveling 16 months on DART, will be released in order to monitor all effects of the impact.",
ASCENT,Air Force Research Laboratory (AFRL),US,12U,2021-12-07,Operational,Demonstrate various CubeSat operations in geostationary orbit (GEO). AFRL will provide and integrate the ASCENT payload.,
Baoyun (Tiansuan constellation),Spacety,China,12U,2021-12-07,"Reentered, Unknown, ?",GNSS occultation detection payload.,
"Lize1 (Lize-1, LIZE 1, Tiansuan constellation)",Spacety,China,12U,2021-12-07,"Reentered, Unknown, ?","Lize-1 is a test of a new platform and for constellation networking tests, with the involvement of two private companies.",
"Tianjin University-1 (Tianjin University No.1, Tianjin Daxue 1)",Changguang Satellite Technology,China,12U,2021-12-07,"Reentered, Unknown, ?",Infrared remote sensing satellite.,
DAILI (Daily Atmospheric Ionospheric Limb Imager Mission),Aerospace Corporation,US,6U (1x6U),2021-12-21,"Reentered, Was operational, ?",Studies dynamic changes in Earth's neutral/ionosphere density in the ~140 km - 290 km altitude region.,
"FEES2 (Flexible Experimental Embedded Satellite, FEES-2)",Apogeo Space,Italy,0.3U,2021-12-21,"Reentered, Was operational, ?",Demonstrate various technologies including Iridium modem and camera.,
GASPACS (Get Away Special Passive Attitude Control Satellite),Utah State University,US,1U,2021-12-21,"Reentered, Operational",Deploy and rigidize a 1 meter long inflatable UV cured boom.,
GT-1 (GT 1),Georgia Institute of Technology (Georgia Tech),US,1U,2021-12-21,"Reentered, Was operational",Educational mission and radio amateur repeater payload.,
"Light-1 (RAADSat, RAAD, Rapid Acquisition Atmospheric Detector)",Khalifa University of Science and Technology,United Arab Emirates,3U,2021-12-21,"Reentered, Operational",Study TGF flashes emitted via thunderclouds from Earth's atmosphere using gamma-ray detector.,
PATCOOL (Passive Thermal Coating Observatory Operating in Low earth orbit),University of Florida,US,3U,2021-12-21,"Reentered, Unknown, ?",Testbed for the performance of experimental cryogenic selective surface samples in LEO.,
TARGIT (LiDAR CubeSat),Georgia Tech Research Corporation,US,3U,2021-12-21,"Reentered, Was operational","Assemble, test, and integrate a miniaturized LiDAR imaging camera and deployable inflatable for target.",
"CAS-9 (Hope-3, XW-3)",CAMSAT (Chinese Amateur Satellite Group),China,6U,2021-12-26,Operational,VHF uplink and UHF downlink linear transponder with a bandwidth of 30kHz.,
Grizu-263 (Grizu 263A),Zonguldak Bülent Ecevit University,US,PocketQube 1p,2022-01-13,"Reentered, Operational",Design and implement a satellite that will handle basic capabilities and operations.,
BRO-5 (Breizh Reconnaissance Orbiter),Unseenlabs,France,6U,2022-01-13,Operational,Spectrum monitoring service. Maritime surveillance. Electromagnetic intelligence service.,
Challenger,Quub,US,PocketQube 3p,2022-01-13,"Reentered, No signal",Earth Observation and Communications satellite made using Windform.,
Delfi-PQ 1,Delft University of Technology,Netherlands,PocketQube 3p,2022-01-13,"Reentered, Operational",Demonstrate PocketQube platform technologies.,
"DEWASAT-1 (DEWA-SAT 1, Space-D DEWA 3U)",Dubai Electricity and Water Authority (DEWA),United Arab Emirates,3U,2022-01-13,"Reentered, Operational",Internet of Things (IoT) payload.,
"DODONA (GSky-1, GalacticSky-1, La Jument)",University of Southern California,US,3U,2022-01-13,"Operational, ?",Software-defined satellite to dynamically change their missions on orbit.,
EASAT-2,AMSAT-EA,Spain,PocketQube 1.5p,2022-01-13,Semi-operational,Provide radio amateurs a LEO orbital linear transponder so bidirectional communications are possible in its footprint.,
ETV-A1 (EarthTV-1),Sen,UK,16U,2022-01-13,Operational,Constellation to stream real-time and timely videos from space.,
Flock-4x 1,Planet Labs,US,3U,2022-01-13,"Reentered, Operational",Constellation for optical Earth observation with 3-5m resolution.,
Flock-4x 2,Planet Labs,US,3U,2022-01-13,"Reentered, Operational",Constellation for optical Earth observation with 3-5m resolution.,
Flock-4x 3,Planet Labs,US,3U,2022-01-13,"Reentered, Operational",Constellation for optical Earth observation with 3-5m resolution.,
Flock-4x 4,Planet Labs,US,3U,2022-01-13,"Reentered, Operational",Constellation for optical Earth observation with 3-5m resolution.,
Flock-4x 5,Planet Labs,US,3U,2022-01-13,"Reentered, Operational",Constellation for optical Earth observation with 3-5m resolution.,
Flock-4x 6,Planet Labs,US,3U,2022-01-13,"Reentered, Operational",Constellation for optical Earth observation with 3-5m resolution.,
Flock-4x 7,Planet Labs,US,3U,2022-01-13,"Reentered, Operational",Constellation for optical Earth observation with 3-5m resolution.,
Flock-4x 8,Planet Labs,US,3U,2022-01-13,"Reentered, Operational",Constellation for optical Earth observation with 3-5m resolution.,
Flock-4x 9,Planet Labs,US,3U,2022-01-13,"Reentered, Operational",Constellation for optical Earth observation with 3-5m resolution.,
Flock-4x 10,Planet Labs,US,3U,2022-01-13,"Reentered, Operational",Constellation for optical Earth observation with 3-5m resolution.,
Flock-4x 11,Planet Labs,US,3U,2022-01-13,"Reentered, Operational",Constellation for optical Earth observation with 3-5m resolution.,
Flock-4x 12,Planet Labs,US,3U,2022-01-13,"Reentered, Operational",Constellation for optical Earth observation with 3-5m resolution.,
Flock-4x 13,Planet Labs,US,3U,2022-01-13,"Reentered, Operational",Constellation for optical Earth observation with 3-5m resolution.,
Flock-4x 14,Planet Labs,US,3U,2022-01-13,"Reentered, Operational",Constellation for optical Earth observation with 3-5m resolution.,
Flock-4x 15,Planet Labs,US,3U,2022-01-13,"Reentered, Operational",Constellation for optical Earth observation with 3-5m resolution.,
Flock-4x 16,Planet Labs,US,3U,2022-01-13,"Reentered, Operational",Constellation for optical Earth observation with 3-5m resolution.,
Flock-4x 17,Planet Labs,US,3U,2022-01-13,"Reentered, Operational",Constellation for optical Earth observation with 3-5m resolution.,
Flock-4x 18,Planet Labs,US,3U,2022-01-13,"Reentered, Operational",Constellation for optical Earth observation with 3-5m resolution.,
Flock-4x 19,Planet Labs,US,3U,2022-01-13,"Reentered, Operational",Constellation for optical Earth observation with 3-5m resolution.,
Flock-4x 20,Planet Labs,US,3U,2022-01-13,"Reentered, Operational",Constellation for optical Earth observation with 3-5m resolution.,
Flock-4x 21,Planet Labs,US,3U,2022-01-13,"Reentered, Operational",Constellation for optical Earth observation with 3-5m resolution.,
Flock-4x 22,Planet Labs,US,3U,2022-01-13,"Reentered, Operational",Constellation for optical Earth observation with 3-5m resolution.,
Flock-4x 23,Planet Labs,US,3U,2022-01-13,"Reentered, Operational",Constellation for optical Earth observation with 3-5m resolution.,
Flock-4x 24,Planet Labs,US,3U,2022-01-13,"Reentered, Operational",Constellation for optical Earth observation with 3-5m resolution.,
Flock-4x 25,Planet Labs,US,3U,2022-01-13,"Reentered, Operational",Constellation for optical Earth observation with 3-5m resolution.,
Flock-4x 26,Planet Labs,US,3U,2022-01-13,"Reentered, Operational",Constellation for optical Earth observation with 3-5m resolution.,
Flock-4x 27,Planet Labs,US,3U,2022-01-13,"Reentered, Operational",Constellation for optical Earth observation with 3-5m resolution.,
Flock-4x 28,Planet Labs,US,3U,2022-01-13,"Reentered, Operational",Constellation for optical Earth observation with 3-5m resolution.,
Flock-4x 29,Planet Labs,US,3U,2022-01-13,"Reentered, Operational",Constellation for optical Earth observation with 3-5m resolution.,
Flock-4x 30,Planet Labs,US,3U,2022-01-13,"Reentered, Operational",Constellation for optical Earth observation with 3-5m resolution.,
Flock-4x 31,Planet Labs,US,3U,2022-01-13,"Reentered, Operational",Constellation for optical Earth observation with 3-5m resolution.,
Flock-4x 32,Planet Labs,US,3U,2022-01-13,"Reentered, Operational",Constellation for optical Earth observation with 3-5m resolution.,
Flock-4x 33,Planet Labs,US,3U,2022-01-13,"Reentered, Operational",Constellation for optical Earth observation with 3-5m resolution.,
Flock-4x 34,Planet Labs,US,3U,2022-01-13,"Reentered, Operational",Constellation for optical Earth observation with 3-5m resolution.,
Flock-4x 35,Planet Labs,US,3U,2022-01-13,"Reentered, Operational",Constellation for optical Earth observation with 3-5m resolution.,
Flock-4x 36,Planet Labs,US,3U,2022-01-13,"Reentered, Operational",Constellation for optical Earth observation with 3-5m resolution.,
Flock-4x 37,Planet Labs,US,3U,2022-01-13,"Reentered, Operational",Constellation for optical Earth observation with 3-5m resolution.,
Flock-4x 38,Planet Labs,US,3U,2022-01-13,"Reentered, Operational",Constellation for optical Earth observation with 3-5m resolution.,
Flock-4x 39,Planet Labs,US,3U,2022-01-13,"Reentered, Operational",Constellation for optical Earth observation with 3-5m resolution.,
Flock-4x 40,Planet Labs,US,3U,2022-01-13,"Reentered, Operational",Constellation for optical Earth observation with 3-5m resolution.,
Flock-4x 41,Planet Labs,US,3U,2022-01-13,"Reentered, Operational",Constellation for optical Earth observation with 3-5m resolution.,
Flock-4x 42,Planet Labs,US,3U,2022-01-13,"Reentered, Operational",Constellation for optical Earth observation with 3-5m resolution.,
Flock-4x 43,Planet Labs,US,3U,2022-01-13,"Reentered, Operational",Constellation for optical Earth observation with 3-5m resolution.,
Flock-4x 44,Planet Labs,US,3U,2022-01-13,"Reentered, Operational",Constellation for optical Earth observation with 3-5m resolution.,
"FossaSat-2E 1 (WISeSAT 1, FOSSASAT2E1)",Fossa Systems,Switzerland,PocketQube 1p,2022-01-13,"Reentered, Operational",WISeSat satellites will offer its customers IoT technology in a SaaS model that enables IoT communications along with authentication and encrypted.,
"FossaSat-2E 2 (WISeSAT 2, FOSSASAT2E2)",Fossa Systems,Switzerland,PocketQube 1p,2022-01-13,"Reentered, Was operational",WISeSat satellites will offer its customers IoT technology in a SaaS model that enables IoT communications along with authentication and encrypted.,
"FossaSat-2E 3 (CShark Pilot-1, CSHARKPILOT-1,, FOSSASAT2E3)",Fossa Systems,Spain,PocketQube 1p,2022-01-13,"Reentered, Was operational",PocketQube with an Internet of things (IoT) payload by Italian technological provider CShark.,
"FossaSat-2E 4 (LAIKA,, FOSSASAT2E4)",Fossa Systems,Spain,PocketQube 1p,2022-01-13,"Reentered, Operational",PocketQube with an Internet of things (IoT) payload by Italian technological provider CShark.,
FossaSat-2E 5 (FOSSASAT2E5),Fossa Systems,Spain,PocketQube 1p,2022-01-13,"Reentered, Was operational",PocketQube with an Internet of things (IoT) payload by Italian technological provider CShark.,
FossaSat-2E 6 (FOSSASAT2E6),Fossa Systems,Spain,PocketQube 1p,2022-01-13,"Reentered, Was operational",PocketQube with an Internet of things (IoT) payload by Italian technological provider CShark.,
"GEARRS 3 (GEARRSAT 3, Globalstar Experiment And Risk Reduction Satellite)",NearSpace Launch,US,3U,2022-01-13,"Reentered, Unknown",Experiments with Globalstar connectivity.,
"Gossamer (GOSSAMER-PICARD, GOSSAMER PICCOLOMINI)",Lunasonde,UK,1U,2022-01-13,No signal,"Developing a platform for mapping resources up to 2 kilometers beneath the Earth’s surface, using novel low frequency radar technology.",
Hades,AMSAT-EA,Spain,PocketQube 1.5p,2022-01-13,"Reentered, Semi-operational",Amateur communications implementing a Bend-Pipe type repeater and with Store & Forward capabilities.,
"HYPSO-1 (HYPer-spectral Satellite for ocean Observation, HYPSO-1)",Norwegian University of Science and Technology (NTNU),US,6U,2022-01-13,Operational,Hyperspectral imager to monitor algal blooms and other biological activity in the ocean.,
IRIS-A (Intelligent Remote-Sensing and Internet Satellite),National Cheng Kung University,Taiwan,2U,2022-01-13,Operational,Test technology to improve the quality of downlink signals.,
Kepler-16 (Astraeus),Kepler Communications,Canada,6U,2022-01-13,Operational,Commercial constellation for IoT/M2M and wideband communications.,
Kepler-17 (Karina),Kepler Communications,Canada,6U,2022-01-13,"Reentered, Operational",Commercial constellation for IoT/M2M and wideband communications.,
Kepler-18 (Blip-A),Kepler Communications,Canada,6U,2022-01-13,"Reentered, Operational",Commercial constellation for IoT/M2M and wideband communications.,
Kepler-19,Kepler Communications,Canada,6U,2022-01-13,"Reentered, Operational",Commercial constellation for IoT/M2M and wideband communications.,
"LabSat (LoCsat, Bio-nanosatellite)",Wroclaw University of Science and Technology,Poland,3U,2022-01-13,"Reentered, Was semi-operational, ?","Researching the behavior of cancer cells and T lymphocytes, as well as the growth of fungi.",
Lemur-2 146 Ramonamae,Spire,US,3U,2022-01-13,"Reentered, Operational","Constellation for GPS-RO weather data, AIS and ADS-B.",
Lemur-2 147 King-Julien,Spire,US,3U,2022-01-13,"Reentered, Operational","Constellation for GPS-RO weather data, AIS and ADS-B.",
"Lemur-2 148 Rohovithsa (Forest-1, FOREST, Forest Observation and Recognition Experimental Smallsat Thermal Detector))",OroraTech,Germany,6U,2022-01-13,"Reentered, Operational",Carry OroraTech’s first unique and proprietary thermal-infrared camera and data processing unit.,
Lemur-2 149 Miriwari,Spire,US,3U,2022-01-13,"Reentered, Operational","Constellation for GPS-RO weather data, AIS and ADS-B.",
Lemur-2 150 Djirang (NICSAT2),Spire,US,6U,2022-01-13,"Reentered, Operational",Capability of on-board computing and processing of machine learning and artificial intelligence across multi-modal data.,
"Lemur-2 151 Krywe (Adler-1, Austrian Debris Detection Low Earth orbit Reconnoiter, Lemur-2)",Austrian Space Forum (OeWF),Austria,3U,2022-01-13,"Reentered, Operational",Study the (micro) space debris environment in LEO to complement the models by an active short-range radar as well as a deployable piezoelectric array.,
"MDASat-1a (ZACUBE-3, FireSat)",Cape Peninsula University of Technology,South Africa,2U,2022-01-13,Operational,Constellation for a ship-tracking payload (AIS) and imager for ocean color and fire tracking.,
"MDASat-1b (ZACUBE-4, FireSat)",Cape Peninsula University of Technology,South Africa,3U,2022-01-13,"Reentered, Operational",Constellation for a ship-tracking payload (AIS) and imager for ocean color and fire tracking.,
"MDASat-1c (ZACUBE-5, FireSat)",Cape Peninsula University of Technology,South Africa,3U,2022-01-13,Operational,Constellation for a ship-tracking payload (AIS) and imager for ocean color and fire tracking.,
"MDQubeSat-1 (MDQSAT-1, MDQube SAT1A, MDQUBE-SAT1, General San Martin)",Innova Space,Argentina,PocketQube 2p,2022-01-13,"Reentered, No signal, ?",Tech demo of Innova Space’s new pico-satellite constellation for IoT.,
NuX-1,NuSpace,Singapore,3U,2022-01-13,"Reentered, No signal",IoT constellation demonstration.,
PAN A (Pathfinder for Autonomous Navigation),Cornell University,US,3U,2022-01-13,"Reentered, Semi-operational, ?",Technology demonstration to launch two 3U CubeSats that will autonomously rendezvous and dock in LEO.,
PAN B (Pathfinder for Autonomous Navigation),Cornell University,US,3U,2022-01-13,"Reentered, Semi-operational, ?",Technology demonstration to launch two 3U CubeSats that will autonomously rendezvous and dock in LEO.,
PION-BR1,PION Labs,Brazil,PocketQube 1p,2022-01-13,"Reentered, No signal",Demonstrate PocketQube platform and attitude determination system.,
SanoSat-1 (Nepal PQ-1),ORION Space,Nepal,PocketQube 1p,2022-01-13,"Reentered, Operational",Develop affordable picosatellite for the amateur radio community.,
SATLLA-2A (SATTLA-2A),Ariel University,Israel,PocketQube 2p,2022-01-13,"Reentered, No signal",Educational amateur radio with LEDs and camera.,
SATLLA-2B (SATTLA-2B),Ariel University,Israel,PocketQube 2p,2022-01-13,"Reentered, Operational",Educational amateur radio with LEDs and camera.,
"SteamSat-1 (SteamSat-2, SteamSat, SteamJet CubeSat)",SteamJet,UK,1.5U,2022-01-13,"Reentered, Unknown",Demonstrate a propulsion system.,
STORK-1 (ThingSat),SatRev,Poland,3U,2022-01-13,"Reentered, Operational, ?",Innovative shared platform with Earth-Observation capabilities.,
STORK-2,SatRev,Poland,3U,2022-01-13,"Reentered, Operational",Innovative shared platform with Earth-Observation capabilities. Aimed at in-orbit services.,
STORK-3,SatRev,Poland,3U,2022-01-13,"Reentered, Unknown","Innovative shared platform with Earth-Observation capabilities. Aimed at in-orbit services, the mission currently has capacity for external payloads.",
"SW1FT (Swift, SWIFTVISION)",SatRev,Poland,2U,2022-01-13,"Reentered, Operational",In-orbit payload demonstration platform.,
"TartanArtibeus-1 (Orbital Edge Computing, Unicorn-2TA1, Tartan-Artibeus-1)",Carnegie Mellon University,US,PocketQube 1p,2022-01-13,"Reentered, No signal",Educational amateur radio mission with orbital edge computing elements.,
TechEdSat-13 (TES-13),NASA Ames Research Center,US,3U,2022-01-13,"Reentered, Operational",Test several technologies intended to help better track and identify CubeSats.,
Tevel 1 (T1OFK),Herzliya Science Center,Israel,1U,2022-01-13,"Reentered, Unknown, ?",Educational amateur radio mission with 8 identical CubeSats.,
Tevel 2 (T2YRC),Herzliya Science Center,Israel,1U,2022-01-13,"Reentered, Operational, ?",Educational amateur radio mission with 8 identical CubeSats.,
Tevel 3 (T3TYB),Herzliya Science Center,Israel,1U,2022-01-13,"Reentered, Operational",Educational amateur radio mission with 8 identical CubeSats.,
Tevel 4 (T4ATA),Herzliya Science Center,Israel,1U,2022-01-13,"Reentered, Operational",Educational amateur radio mission with 8 identical CubeSats.,
Tevel 5 (T5SNG),Herzliya Science Center,Israel,1U,2022-01-13,"Reentered, Operational",Educational amateur radio mission with 8 identical CubeSats.,
Tevel 6 (T6NZR),Herzliya Science Center,Israel,1U,2022-01-13,"Reentered, Operational",Educational amateur radio mission with 8 identical CubeSats.,
Tevel 7 (T7ADM),Herzliya Science Center,Israel,1U,2022-01-13,"Reentered, Operational",Educational amateur radio mission with 8 identical CubeSats.,
Tevel 8 (T8GBS),Herzliya Science Center,Israel,1U,2022-01-13,"Reentered, Operational",Educational amateur radio mission with 8 identical CubeSats.,
Unicorn-1,Alba Orbital,UK,PocketQube 2p,2022-01-13,"Reentered, Deployment failure, ?",Demonstrate PocketQube technologies and trial a link to an Avanti geo-synchronous satellite called Artemis.,
Unicorn-2A,Alba Orbital,UK,PocketQube 2p,2022-01-13,"Reentered, Deployment failure, ?",Earth Observation constellation to provide near-real time satellite imagery.,
Unicorn-2D,Alba Orbital,UK,PocketQube 2p,2022-01-13,"Reentered, Operational",Earth Observation constellation to provide near-real time satellite imagery.,
Unicorn-2E,Alba Orbital,UK,PocketQube 2p,2022-01-13,"Reentered, Deployment failure, ?",Earth Observation constellation to provide near-real time satellite imagery.,
VZLUSAT-2,University of West Bohemia,Czechia,3U,2022-01-13,Operational,Experimental Earth-observation camera and high-energy particle detectors.,
BAMA-1,University of Alabama,US,3U,2022-02-10,Launch failure,Flight demonstration of a drag sail module by rapidly deorbiting the satellite.,
INCA (Ionospheric Neutron Content Analyzer),New Mexico State University,US,3U,2022-02-10,Launch failure,Study the latitude and time dependencies of the neutron spectrum to improve space weather models.,
QubeSat,"University of California, Berkeley",US,2U,2022-02-10,Launch failure,Test and characterize the effects of space on quantum gyroscopes based on nitrogen-vacancy centers in diamond.,
R5-S1,NASA Johnson Space Center,US,3U,2022-02-10,Launch failure,Demonstrate technologies to speed up hosted payload and in-space inspection.,
"INSPIRESat-1 (INternational Satellite Program In Research and Education Satellite, MinXSS-3)",Indian Institute of Space Science and Technology,India,8.6 kg,2022-02-14,Operational,"Ionospheric measurements, establish educational program and constellation of space weather satellites.",
"SWSU-55 No. 1 & R-390 (SWSU-55 No. 5, YuZGU 55 5, Radioskaf RS-10, SWSU-55 №1, R-390, Tanyusha-SWSU, Tanusha-SWSU, RS10S, YUZGU 5, SWGU-55, Space-PI, Space π)",Southwestern State University,Russia,3U,2022-02-15,"Reentered, Operational",Achieve autonomous grouping of satellites in space and measure density of vacuum.,
"SWSU-55 No. 2 (YUZGU No. 6, YuZGU 55 6, Radioskaf RS-11, SWSU-55 №2, Tanyusha-SWSU, Tanusha-SWSU, RS11S, YUZGU 6, SWGU-55, Space-PI, Space π)",Southwestern State University,Russia,3U,2022-02-15,"Reentered, Operational",Achieve autonomous grouping of satellites in space and measure density of vacuum.,
"SWSU-55 No. 3 (YUZGU No. 7, YuZGU 55 7. Radioskaf RS-12, SWSU-55 №3, Tanyusha-SWSU, Tanusha-SWSU, RS1S, YUZGU 7, SWGU-55, Space-PI, Space π)",Southwestern State University,Russia,3U,2022-02-15,"Reentered, Operational",Achieve autonomous grouping of satellites in space and measure density of vacuum.,
"SWSU-55 No. 4 (YUZGU No. 8, YuZGU 55 9, Radioskaf RS-13, SWSU-55 №4, Tanyusha-SWSU, Tanusha-SWSU, RS2S, YUZGU 8, SWGU-55, Space-PI, Space π)",Southwestern State University,Russia,3U,2022-02-15,"Reentered, Operational",Achieve autonomous grouping of satellites in space and measure density of vacuum.,
"SWSU-55 No. 5 (YUZGU No. 9, YuZGU 55 9, (Radioskaf RS-14 SWSU-55 №5, Tanyusha-SWSU, Tanusha-SWSU, RS3S, YUZGU 9, SWGU-55, Space-PI, Space π)",Southwestern State University,Russia,3U,2022-02-15,"Reentered, Operational",Achieve autonomous grouping of satellites in space and measure density of vacuum.,
"SWSU-55 No. 6 (SWSU No. 10, YuZGU 55 10, Radioskaf RS-15, SWSU-55 №6, Tanyusha-SWSU, Tanusha-SWSU, RS4S, YUZGU 10, SWGU-55, Space-PI, Space π)",Southwestern State University,Russia,3U,2022-02-15,"Reentered, Operational",Achieve autonomous grouping of satellites in space and measure density of vacuum.,
IHI-Sat,IHI Corporation,Japan,3U,2022-02-19,"Reentered, Operational, ?",Demonstration of advanced AIS (Automatic Identification System) receiving system.,
KITSUNE (Kyutech standardized bus Imaging Technology System Utilizing Networking and Electron content measurements),Kyushu Institute of Technology,Japan,6U,2022-02-19,"Reentered, Operational","Imaging mission, Kyutech Standardized Bus, IoT and Total electron content (TEC) measurement mission.",
"NACHOS (NanoSat Atmospheric Chemistry Hyperspectral Observation System, NACHOS-1)",Los Alamos National Laboratory (LANL),US,3U,2022-02-19,"Reentered, Operational","Technology demonstration of an ultra-compact, high-resolution, hyperspectral imager.",
"Innovation Raytheon (Thor Smart Satellite, Chuangxing Leishen, Chuangxing Raytheon satellite, Yuanguang, Tiansuan constellation)",Spacety,China,6U,2022-02-27,"Reentered, Operational",Carry out the preliminary verification of the Tiansuan Constellation and the satellite-ground fusion service platform.,
"NOUR 02 (NOOR, Noor 2)",Iran's Islamic Revolutionary Guards Corps (IRGC),Iran,6U,2022-03-08,"Reentered, Operational",Provides the Iranian elite force with the capability to monitor Earth from space.,
OreSat0,Portland State University,US,1U,2022-03-14,"Reentered, Was operational, ?",Provide flight heritage to spacecraft bus and predecessor to the next satellite.,
SpaceBEE-112,Swarm Technologies,US,0.25U,2022-03-14,"Reentered, Operational",World’s smallest two-way communications satellites for IoT.,
SpaceBEE-113,Swarm Technologies,US,0.25U,2022-03-14,"Reentered, Operational",World’s smallest two-way communications satellites for IoT.,
SpaceBEE-114,Swarm Technologies,US,0.25U,2022-03-14,"Reentered, Operational",World’s smallest two-way communications satellites for IoT.,
SpaceBEE-115,Swarm Technologies,US,0.25U,2022-03-14,"Reentered, Operational",World’s smallest two-way communications satellites for IoT.,
SpaceBEE-116,Swarm Technologies,US,0.25U,2022-03-14,"Reentered, Operational",World’s smallest two-way communications satellites for IoT.,
SpaceBEE-117,Swarm Technologies,US,0.25U,2022-03-14,"Reentered, Operational",World’s smallest two-way communications satellites for IoT.,
SpaceBEE-118,Swarm Technologies,US,0.25U,2022-03-14,"Reentered, Operational",World’s smallest two-way communications satellites for IoT.,
SpaceBEE-119,Swarm Technologies,US,0.25U,2022-03-14,"Reentered, Operational",World’s smallest two-way communications satellites for IoT.,
SpaceBEE-120,Swarm Technologies,US,0.25U,2022-03-14,"Reentered, Operational",World’s smallest two-way communications satellites for IoT.,
SpaceBEE-121,Swarm Technologies,US,0.25U,2022-03-14,"Reentered, Operational",World’s smallest two-way communications satellites for IoT.,
SpaceBEE-122,Swarm Technologies,US,0.25U,2022-03-14,"Reentered, Operational",World’s smallest two-way communications satellites for IoT.,
SpaceBEE-123,Swarm Technologies,US,0.25U,2022-03-14,"Reentered, Operational",World’s smallest two-way communications satellites for IoT.,
SpaceBEE-124,Swarm Technologies,US,0.25U,2022-03-14,"Reentered, Operational",World’s smallest two-way communications satellites for IoT.,
SpaceBEE-125,Swarm Technologies,US,0.25U,2022-03-14,"Reentered, Operational",World’s smallest two-way communications satellites for IoT.,
SpaceBEE-126,Swarm Technologies,US,0.25U,2022-03-14,"Reentered, Operational",World’s smallest two-way communications satellites for IoT.,
SpaceBEE-127,Swarm Technologies,US,0.25U,2022-03-14,"Reentered, Operational",World’s smallest two-way communications satellites for IoT.,
SpaceBEENZ-11,Swarm Technologies,US,0.25U,2022-03-14,"Reentered, Operational",World’s smallest two-way communications satellites for IoT.,
SpaceBEENZ-12,Swarm Technologies,US,0.25U,2022-03-14,"Reentered, Operational",World’s smallest two-way communications satellites for IoT.,
SpaceBEENZ-13,Swarm Technologies,US,0.25U,2022-03-14,"Reentered, Operational",World’s smallest two-way communications satellites for IoT.,
SpaceBEENZ-14,Swarm Technologies,US,0.25U,2022-03-14,"Reentered, Operational",World’s smallest two-way communications satellites for IoT.,
Alfa Crux (AlfaCrux),University of Brasilia,Brazil,1U,2022-04-01,"Reentered, Operational",Research and experiments to be carried out in the communications field.,
"ARCSAT (ARCSAT-1, FFI CubeSat)",Norwegian Defence Research Establishment (FFI),Norway,6U,2022-04-01,Operational,Demonstrate the use and relevance of a satellite relay for UHF communication at high latitudes.,
"BDSAT (BD SAT, CZE-BDSAT, BDSat-1)",Central European Institute of Technology (CEITEC),Czechia,1U,2022-04-01,"Reentered, Was operational",Amateur radio mission and test of pressure sensors and supercapacitor bank.,
BRO-7 (Breizh Reconnaissance Orbiter),Unseenlabs,France,6U,2022-04-01,Operational,Spectrum monitoring service. Maritime surveillance. Electromagnetic intelligence service.,
"KSF2 A (Kleos Space – Polar Patrol Mission, Kleos-9, KSF2a, KSF2-A)",Kleos Space,UK,6U,2022-04-01,"Reentered, Operational",Form the foundation of a constellation that delivers a global picture of hidden maritime activity.,
"KSF2 B (Kleos Space – Polar Patrol Mission, Kleos-10, KSF2b)",Kleos Space,UK,6U,2022-04-01,"Reentered, Operational",Form the foundation of a constellation that delivers a global picture of hidden maritime activity.,
"KSF2 C (Kleos Space – Polar Patrol Mission, Kleos-11)",Kleos Space,UK,6U,2022-04-01,"Reentered, Operational",Form the foundation of a constellation that delivers a global picture of hidden maritime activity.,
"KSF2 D (Kleos Space – Polar Patrol Mission, Kleos-12)",Kleos Space,UK,6U,2022-04-01,"Reentered, Operational",Form the foundation of a constellation that delivers a global picture of hidden maritime activity.,
Pixxel-TD 2 (Shakuntala),Pixxel,India,6U,2022-04-01,"Reentered, Operational",Capturing orbital images in more than 150 bands of color from the visible and infrared spectrum with a resolution of 10-meters per pixel,
PlantSat,University of Chile,Chile,3U,2022-04-01,"Reentered, Operational","Growing a plant in space simulating Mars conditions. Biological payloads, as well as other experiments with graphene-based devices",
SpaceBEE-128,Swarm Technologies,US,0.25U,2022-04-01,"Reentered, Operational",World’s smallest two-way communications satellites for IoT.,
SpaceBEE-129,Swarm Technologies,US,0.25U,2022-04-01,"Reentered, Operational",World’s smallest two-way communications satellites for IoT.,
SpaceBEE-130,Swarm Technologies,US,0.25U,2022-04-01,"Reentered, Operational",World’s smallest two-way communications satellites for IoT.,
SpaceBEE-131,Swarm Technologies,US,0.25U,2022-04-01,"Reentered, Operational",World’s smallest two-way communications satellites for IoT.,
SpaceBEE-132,Swarm Technologies,US,0.25U,2022-04-01,"Reentered, Operational",World’s smallest two-way communications satellites for IoT.,
SpaceBEE-133,Swarm Technologies,US,0.25U,2022-04-01,"Reentered, Operational",World’s smallest two-way communications satellites for IoT.,
SpaceBEE-134,Swarm Technologies,US,0.25U,2022-04-01,"Reentered, Operational",World’s smallest two-way communications satellites for IoT.,
SpaceBEE-135,Swarm Technologies,US,0.25U,2022-04-01,"Reentered, Operational",World’s smallest two-way communications satellites for IoT.,
SpaceBEE-136,Swarm Technologies,US,0.25U,2022-04-01,"Reentered, Operational",World’s smallest two-way communications satellites for IoT.,
SpaceBEE-137,Swarm Technologies,US,0.25U,2022-04-01,"Reentered, Operational",World’s smallest two-way communications satellites for IoT.,
SpaceBEE-138,Swarm Technologies,US,0.25U,2022-04-01,"Reentered, Operational",World’s smallest two-way communications satellites for IoT.,
SpaceBEE-139,Swarm Technologies,US,0.25U,2022-04-01,"Reentered, Operational",World’s smallest two-way communications satellites for IoT.,
"Spark-1 (Omnispace 1, OMNI-L1)",Omnispace,US,12U,2022-04-01,Operational,"Constellation for IoT using common cellular standards, but not focused on connecting cellphones to satellites.",
SUCHAI 2 (SUCHAI-2),University of Chile,Chile,3U,2022-04-01,"Reentered, Operational",Ionosphere and magnetosphere research. Optical payloads.,
SUCHAI 3 (SUCHAI-3),University of Chile,Chile,3U,2022-04-01,"Reentered, Operational",Ionosphere and magnetosphere research. Communication payloads.,
SUCHAI 3 Femtosatellite 1 (Subsatellite),University of Chile,Chile,100 g,2022-04-01,"Reentered, On spacecraft, ?",Remotely estimate the geo-location of a femto-satellite using two CubeSats and the communication link.,
SUCHAI 3 Femtosatellite 2 (Subsatellite),University of Chile,Chile,100 g,2022-04-01,"Reentered, On spacecraft, ?",Remotely estimate the geo-location of a femto-satellite using two CubeSats and the communication link.,
BRO-6 (Breizh Reconnaissance Orbiter),Unseenlabs,France,6U,2022-05-02,Operational,Spectrum monitoring service. Maritime surveillance. Electromagnetic intelligence service.,
MyRadar-1 (MYRADAR1),ACME AtronOmatic (MyRadar),Germany,PocketQube 1p,2022-05-02,"Reentered, Operational",Transmit SSTV images.,
SpaceBEE-140,Swarm Technologies,US,0.25U,2022-05-02,"Reentered, Operational",World’s smallest two-way communications satellites for IoT.,
SpaceBEE-141,Swarm Technologies,US,0.25U,2022-05-02,"Reentered, Operational",World’s smallest two-way communications satellites for IoT.,
SpaceBEE-142,Swarm Technologies,US,0.25U,2022-05-02,"Reentered, Operational",World’s smallest two-way communications satellites for IoT.,
SpaceBEE-143,Swarm Technologies,US,0.25U,2022-05-02,"Reentered, Operational",World’s smallest two-way communications satellites for IoT.,
SpaceBEE-144,Swarm Technologies,US,0.25U,2022-05-02,"Reentered, Operational",World’s smallest two-way communications satellites for IoT.,
SpaceBEE-145,Swarm Technologies,US,0.25U,2022-05-02,"Reentered, Operational",World’s smallest two-way communications satellites for IoT.,
SpaceBEE-146,Swarm Technologies,US,0.25U,2022-05-02,"Reentered, Operational",World’s smallest two-way communications satellites for IoT.,
SpaceBEE-147,Swarm Technologies,US,0.25U,2022-05-02,"Reentered, Operational",World’s smallest two-way communications satellites for IoT.,
SpaceBEE-148,Swarm Technologies,US,0.25U,2022-05-02,"Reentered, Operational",World’s smallest two-way communications satellites for IoT.,
SpaceBEE-149,Swarm Technologies,US,0.25U,2022-05-02,"Reentered, Operational",World’s smallest two-way communications satellites for IoT.,
SpaceBEE-150,Swarm Technologies,US,0.25U,2022-05-02,"Reentered, Operational",World’s smallest two-way communications satellites for IoT.,
SpaceBEE-151,Swarm Technologies,US,0.25U,2022-05-02,"Reentered, Operational",World’s smallest two-way communications satellites for IoT.,
SpaceBEE-152,Swarm Technologies,US,0.25U,2022-05-02,"Reentered, Operational",World’s smallest two-way communications satellites for IoT.,
SpaceBEE-153,Swarm Technologies,US,0.25U,2022-05-02,"Reentered, Operational",World’s smallest two-way communications satellites for IoT.,
SpaceBEE-154,Swarm Technologies,US,0.25U,2022-05-02,"Reentered, Operational",World’s smallest two-way communications satellites for IoT.,
SpaceBEE-155,Swarm Technologies,US,0.25U,2022-05-02,"Reentered, Operational",World’s smallest two-way communications satellites for IoT.,
SpaceBEENZ-15,Swarm Technologies,US,0.25U,2022-05-02,"Reentered, Operational",World’s smallest two-way communications satellites for IoT.,
SpaceBEENZ-16,Swarm Technologies,US,0.25U,2022-05-02,"Reentered, Operational",World’s smallest two-way communications satellites for IoT.,
SpaceBEENZ-17,Swarm Technologies,US,0.25U,2022-05-02,"Reentered, Operational",World’s smallest two-way communications satellites for IoT.,
SpaceBEENZ-18,Swarm Technologies,US,0.25U,2022-05-02,"Reentered, Operational",World’s smallest two-way communications satellites for IoT.,
SpaceBEENZ-19,Swarm Technologies,US,0.25U,2022-05-02,"Reentered, Operational",World’s smallest two-way communications satellites for IoT.,
SpaceBEENZ-20,Swarm Technologies,US,0.25U,2022-05-02,"Reentered, Operational",World’s smallest two-way communications satellites for IoT.,
SpaceBEENZ-21,Swarm Technologies,US,0.25U,2022-05-02,"Reentered, Operational",World’s smallest two-way communications satellites for IoT.,
SpaceBEENZ-22,Swarm Technologies,US,0.25U,2022-05-02,"Reentered, Operational",World’s smallest two-way communications satellites for IoT.,
"The Flying Object (AuroraSat-1, Aurora CubeSat)",Aurora Propulsion Technologies,Finland,1.5U,2022-05-02,"Reentered, No signal",Demonstrate water resistojet thrusters and the Plasma Brake Module for deorbiting.,
TRSI-2,ACME AtronOmatic (MyRadar),Germany,PocketQube 1p,2022-05-02,"Reentered, Operational",Transmit SSTV images.,
TRSI-3,ACME AtronOmatic (MyRadar),Germany,PocketQube 1p,2022-05-02,"Reentered, Operational",Amateur satellite developed to test an experimental SSTV imaging downlink and amateur downlink beacon.,
Unicorn-2F,Alba Orbital,UK,PocketQube 2p,2022-05-02,"Reentered, Operational, ?",Earth Observation constellation to provide near-real time satellite imagery.,
"Zhixing-3A (, Zhixing-3 A, Zhixing No. 3 A Star)",Smart Satellite,China,6U,2022-05-09,"Reentered, Operational",Technology demonstration for the SAR constellation.,
AMS (Agile MicroSatellite),MIT Lincoln Laboratory,US,6U,2022-05-25,"Reentered, Operational",Demonstrate that a CubeSat can reliably operate in very low earth orbit.,
BroncoSat-1,Cal Poly Pomona (Bronco Space),US,1.5U,2022-05-25,"Reentered, No signal",Demonstrating NVIDIA Jetson Nano GPU as secondary flight computer.,
Centauri-5 (TYVAK-0212),Fleet Space,Australia,6U,2022-05-25,"Reentered, Operational",IoT satellite network.,
"CICERO-2 1 (VEH 1, Vehicle 1, Community Initiative for Continuous Earth Remote Observation, OP1, OP15 FLT1, TYVAK-0820)",GeoOptics,US,6U,2022-05-25,"Reentered, Operational",Demonstration of GPS radio occultation sensor that allows the measurement of global weather pattern with high accuracy.,
"CICERO-2 2 (VEH 2, Vehicle 2, Community Initiative for Continuous Earth Remote Observation, OP2, OP15 FLT2, TYVAK-0821)",GeoOptics,US,6U,2022-05-25,"Reentered, Operational",Demonstration of GPS radio occultation sensor that allows the measurement of global weather pattern with high accuracy.,
"CNCE V4 (CNCE4, Cubesat Networked Communications Experiment, CNCE Block 2, HACSSAT-1)",Missile Defense Agency,US,3U,2022-05-25,"Reentered, Operational",The cubesats will mimic two suborbital missile interceptor vehicles and test communications between them.,
"CNCE V5 (CNCE5, Cubesat Networked Communications Experiment, CNCE Block 2, HACSSAT-2)",Missile Defense Agency,US,3U,2022-05-25,"Reentered, Operational",The cubesats will mimic two suborbital missile interceptor vehicles and test communications between them.,
Connecta T1.1,Plan-S,Turkey,3U,2022-05-25,Operational,Demo satellites for end-to-end solutions for global IoT services.,
"CPOD A (TYVAK-0032, FLT1, Cubesat Proximity Operations Demonstration, PONSFD-A, Proximity Operations Nano-Satellite Flight Demonstration, NASA CUBESAT PROXOPS)",Tyvak,US,3U,2022-05-25,"Reentered, Retired, Operational",Demonstrate proximity operations and docking between CubeSats.,
"CPOD B (TYVAK-0212, FLT2, Cubesat Proximity Operations Demonstration, PONSFD-B, Proximity Operations Nano-Satellite Flight Demonstration, NASA CUBESAT PROXOPS)",Tyvak,US,3U,2022-05-25,"Reentered, Retired, Operational",Demonstrate proximity operations and docking between CubeSats.,
Foresail-1,Finnish Centre of Excellence for Sustainable Space,Finland,3U,2022-05-25,Was operational,Particle detector to measure electrons and protons and Electrostatic Plasma Brake deorbiting experiment.,
FossaSat-2E 7 (FOSSASAT2E7),Fossa Systems,Spain,PocketQube 1p,2022-05-25,"Reentered, Operational, ?",Continuation of the FOSSASAT amateur PocketQubes.,
FossaSat-2E 8 (FOSSASAT2E8),Fossa Systems,Spain,PocketQube 1p,2022-05-25,"Reentered, Operational",First of a PocketQube constellation to provide LoRa-based IoT communications.,
FossaSat-2E 9,Fossa Systems,Spain,PocketQube 1p,2022-05-25,"Deployment failure, On spacecraft",First of a PocketQube constellation to provide LoRa-based IoT communications.,
FossaSat-2E 10,Fossa Systems,Spain,PocketQube 1p,2022-05-25,"Deployment failure, On spacecraft",First of a PocketQube constellation to provide LoRa-based IoT communications.,
FossaSat-2E 11 (FOSSASAT2E11),Fossa Systems,Spain,PocketQube 1p,2022-05-25,"Reentered, Operational",First of a PocketQube constellation to provide LoRa-based IoT communications.,
FossaSat-2E 12 (FOSSASAT2E12),Fossa Systems,Spain,PocketQube 1p,2022-05-25,"Reentered, Operational",First of a PocketQube constellation to provide LoRa-based IoT communications.,
FossaSat-2E 13,Fossa Systems,Spain,PocketQube 1p,2022-05-25,"Reentered, Operational",First of a PocketQube constellation to provide LoRa-based IoT communications.,
"Guardian 1 (Aistech, ORB-6, Guardian1)",Orbital Astronautics,UK,6U,2022-05-25,"Unknown, ?",Hosted payload of Aistech multispectral telescope for a thermal data constellation.,
"Hatchling (Canary Hatchling, Veery FS-1, Orion, VEERY-FS1)",Care Weather,US,PocketQube 1p,2022-05-25,"Reentered, No signal","Early pathfinder mission for future cubesat constellation, which will map global oceanic vector winds on an hourly basis.",
Lemur-2 152 KAREN B (KAREN_B),Spire,US,3U,2022-05-25,"Reentered, Operational","Constellation for GPS-RO weather data, AIS and ADS-B.",
Lemur-2 153 VANDENDRIES,Spire,US,3U,2022-05-25,"Reentered, Operational","Constellation for GPS-RO weather data, AIS and ADS-B.",
Lemur-2 154 TENNYSONLILY,Spire,US,3U,2022-05-25,"Reentered, Operational","Constellation for GPS-RO weather data, AIS and ADS-B.",
Lemur-2 155 MIMI1307,Spire,US,3U,2022-05-25,"Reentered, Operational","Constellation for GPS-RO weather data, AIS and ADS-B.",
Lemur-2 156 HANCOM-1,Spire,US,6U,2022-05-25,"Reentered, Operational","Constellation for GPS-RO weather data, AIS and ADS-B.",
"Planetum-1 (Planetum 1, Planetum1)",Planetum (Prague Planetarium),Czechia,1U,2022-05-25,"Reentered, Operational",Launch a satellite into space designed to teach and popularize astronomy and cosmonautics.,
"Platform-1 (ENDURANCE, IBM, Shared Sat 2, SPARTAN-2, Shared Platform for Applied Research and Technology Affirmation, Shared Sat 3, SHAREDSAT 2141)",EnduroSat,Bulgaria,6U,2022-05-25,Operational,Technology demonstrations and commercial payloads.,
"PTD-3 TBIRD (PTD3, Tyvak-0125, PTHFDR, Pathfinder Technology Demonstrator, NASA PATHFINDER TD 3)",NASA Ames Research Center,US,6U,2022-05-25,"Reentered, Operational",Demonstrate a new laser communications system from MIT Lincoln Laboratory.,
SBUDNIC,Brown University,US,3U,2022-05-25,"Reentered, No signal, Was semi-operational",Testing the limits of how quickly and efficiently a 3U CubeSat can be developed using parts that have never been to space before.,
SelfieSat,Norwegian University of Science and Technology (NTNU),Norway,2U,2022-05-25,"Reentered, Operational",Display a selfie and robotic arm with a camera will photograph the screen with the Earth in its background.,
"Spark-2 (Omnispace 2, OMNI-L2)",Omnispace,US,12U,2022-05-25,Operational,"Constellation for IoT using common cellular standards, but not focused on connecting cellphones to satellites.",
"SPiN-1 (MA61C, SPiN 1)",Space Products and Innovation,Germany,1U,2022-05-25,No signal,"Demonstrate in-orbit reconfiguration and the benefits of modular satellite assembly with off-the-shelf components through MA61C, SPiN’s universal adapter.",
"Urdaneta (Urdaneta-Armsat-1, ARMSAT_1)",SATLANTIS,Spain,16U,2022-05-25,Operational,"The satellite is an iSIM-SAT 16U-CubeSat, equipped with an iSIM-90 camera onboard.",
VariSat-1 C (CELESTIS 21 - VARISAT 1C),VariSat (Omniteq),US,6U,2022-05-25,"Operational, ?",Experiment and gain flight heritage with a satellite designed to support HF marine data communications.,
"SWSU-55 No. 7 (SWSU No. 11, YuZGU 55 11, Radioskaf RS-15, Tanyusha-SWSU, Tanusha-SWSU, RS5S, YUZGU 11, SWGU-55, Space-PI, Space π)",Southwestern State University,Russia,3U,2022-06-03,"Reentered, Operational",Achieve autonomous grouping of satellites in space and measure density of vacuum.,
"SWSU-55 No. 8 (SWSU No. 12, YuZGU 55 12, Radioskaf RS-15, Tanyusha-SWSU, Tanusha-SWSU, RS6S, YUZGU 12, SWGU-55, Space-PI, Space π)",Southwestern State University,Russia,3U,2022-06-03,"Reentered, Operational",Achieve autonomous grouping of satellites in space and measure density of vacuum.,
"Tsiolkovsky-Ryazan 1 (RS9S, Space-PI, Space π)",Southwestern State University,Russia,3U,2022-06-03,"Reentered, Operational",Achieve autonomous grouping of satellites in space and measure density of vacuum.,
"Tsiolkovsky-Ryazan 2 (RS12S, Space-PI, Space π)",Southwestern State University,Russia,3U,2022-06-03,"Reentered, Operational",Achieve autonomous grouping of satellites in space and measure density of vacuum.,
TROPICS 1 (The Time-Resolved Observations of Precipitation structure and storm Intensity with a Constellation of Smallsats),MIT (Massachusetts Institute of Technology),US,3U,2022-06-12,Launch failure,Provide rapid-refresh microwave measurements over the tropics for weather prediction.,
TROPICS 2 (The Time-Resolved Observations of Precipitation structure and storm Intensity with a Constellation of Smallsats),MIT (Massachusetts Institute of Technology),US,3U,2022-06-12,Launch failure,Provide rapid-refresh microwave measurements over the tropics for weather prediction.,
"MIMAN (Multi-spectral Imaging for Monitoring Aerosol by Nanosatellite, Monochrome Imaging for Monitoring Aerosol by Nanosatellite)",Yonsei University,South Korea,3U,2022-06-21,"Semi-operational, ?",Multi-spectral Imaging for Monitoring Aerosol by Nanosatellite.,
"RANDEV (Repeater Arrangement & Disaster Early View, ASTRIS 2, ASTRIS-II)",Korea Advanced Institute of Science and Technology (KAIST),South Korea,3U,2022-06-21,Operational,"Earth observation mission to collect potential hazard image data from volcanoes, coasts, and clouds.",
Snuglite-II (Snuglite 2),Seoul National University,South Korea,3U,2022-06-21,Was operational,Educational amateur radio mission with GPS receiver demonstration.,
STEP Cube Lab-II (STEP Cube Lab 2),Chosun University,South Korea,6U,2022-06-21,"Was operational, ?",Earth observation misison with multi-band imager.,
CAPSTONE (Cislunar Autonomous Positioning System Technology Operations and Navigation Experiment),NASA Ames Research Center,US,12U,2022-06-28,Operational,Demonstrate spacecraft-to-spacecraft navigation and enter Lunar near-reactilinear halo orbit to verify its feasibility for the Gateway lunar orbiting outpost.,
"SCOOB-I (SCOOB 1, SCOOB-1, Student Satellite Series, S3-I))",Nanyang Technological University,Singapore,3U,2022-06-30,"Reentered, No signal","Carries a solar spectral sensor, Earth imaging camera, Attitude Determination System and a novel solar panel",
"CTIM FD (Compact Total Irradiance Monitor Flight Demonstration, CTIM-FD)",University of Colorado Boulder,US,6U,2022-07-02,"Reentered, Operational",Demonstrate next-generation Compact Total Irradiance Monitor that will help to provide an understanding of Earth’s climate change.,
GPX-2 (GPX2),NASA Langley Research Center,US,6U,2022-07-02,"Reentered, Operational",Novel test-bed for Commercial Off-the-Shelf (COTS) differential global positioning systems (dGPS).,
Gunsmoke-L 1 (Lonestar),US Army Space and Missile Defense Command,US,6U,2022-07-02,"Reentered, Operational",Demonstrate an important test mission from LEO that will directly benefit the Army Warfighter in theater.,
"MISR-B (MISR-B-1, Modular Intelligence, Surveillance and Reconnaissance)",Space Systems Command,US,6U,2022-07-02,"Reentered, Operational, ?","Demonstrate a robust, responsive, multi-mission CubeSat capability.",
"NACHOS 2 (NACHOS-2, NanoSat Atmospheric Chemistry Hyperspectral Observation System)",Los Alamos National Laboratory (LANL),US,3U,2022-07-02,"Reentered, Operational","Technology demonstration of an ultra-compact, high-resolution, hyperspectral imager.",
Recurve,Air Force Research Laboratory (AFRL),US,6U,2022-07-02,"Reentered, Was operational","Demonstrating adaptive radio frequency system capability from LEO, evaluating mesh network behavior across multiple nodes to route data wherever it needs to go.",
Slingshot-1 (SLINGSHOT1),Aerospace Corporation,US,12U,2022-07-02,"Reentered, Operational",Advance on-orbit experiments using modular and autonomous technologies on next-generation satellite systems with SatCat5.,
ALPHA,ARCA Dynamics,Italy,1U,2022-07-13,No signal,MEO orbit to test CubeSat platform technologies in the highly radiative environment.,
"AstroBio Cubesat (ABCS, AstroBioCubeSat)",Sapienza University of Rome,Italy,3U,2022-07-13,"Was operational, ?",MEO orbit and hosting a mini laboratory payload based on lab-on chip technology.,
"CELESTA (ROBUSTA 1D, CErn Latchup Experiment STudent sAtellite)",University of Montpellier,France,1U,2022-07-13,Was operational,In-orbit testing of a radiation monitor and a single event latch-up experiment.,
"GreenCube (Italy-OSCAR 117, IO-117)",Sapienza University of Rome,Italy,3U,2022-07-13,Operational,Test an autonomous laboratory for the cultivation of microgreens on-board a CubeSat platform.,
"MTCube 2 (MT-CUBE-2, Memory Test CubeSat 2, ROBUSTA-1F)",University of Montpellier,France,1U,2022-07-13,"Was operational, ?",Characterize the sensitivity of different types of memories with respect to the space radiation environment focusing on SEE.,
TRISAT-R (TRISAT 2),University of Maribor,Slovenia,3U,2022-07-13,Operational,Investigate and map ionizing radiation in MEO orbits using several different instruments.,
BeaverCube,MIT (Massachusetts Institute of Technology),US,3U,2022-07-15,"Reentered, No signal",Educational mission to study cloud properties and shape memory alloy technologies.,
CapSat-1,Weiss School,US,1U,2022-07-15,"Reentered, Operational, ?",Educational mission and test the efficiency of using capacitors in place of batteries.,
"CLICK A (CubeSat Laser Infrared CrosslinK, CLICK-A)",MIT (Massachusetts Institute of Technology),US,3U,2022-07-15,"Reentered, Operational",Technology demonstration mission for CLICK-B/C for laser downlink to Earth.,
D3 CubeSat (Drag De-Orbit Device CubeSat),University of Florida,US,2U,2022-07-15,"Reentered, Operational, ?","Demonstrate a simple, reliable, low-cost, non-propulsive system for deliberate deorbit.",
FUTABA,Kyushu Institute of Technology,Japan,1U,2022-07-15,"Reentered, Operational",Educational mission observing Pb-Free solders and amateur radio payload.,
HSU-SAT1 (Sekirei),Happy Science University,Japan,1U,2022-07-15,"Reentered, Operational",Educational mission to develop CubeSat platform technologies and amateur radio payload.,
JAGSAT (JAGSAT-1),University of South Alabama,US,2U,2022-07-15,"Reentered, Was operational, ?",Keasure plasma electron density in the upper F layer of the ionosphere.,
TUMnanoSAT,Technical University of Moldova,Moldova,1U,2022-07-15,"Reentered, Was operational","Educational mission, capacity building and technology demonstration.",
AzaadiSAT,Space Kidz India,India,8 kg,2022-08-07,Launch failure,Carries 75 different payloads each weighing around 50 grams and conducting femto-experiments. Girl students from rural regions across the country were provided guidance to build these payloads.,
"CUBESX-HSE-2 (HSE-2, RS21S, Space-PI 13, Space π)",Higher School of Economics,Russia,3U,2022-08-09,"Reentered, Operational","Monitoring of the Arctic, tests of the plasma engine.",
"Geoscan-Edelweiss (Geoscan-Edelveis, RS20S, Space-PI 15, Space π)",Geoscan,Russia,3U,2022-08-09,"Reentered, Operational",Designed for testing the platform and flight testing of the gas propulsion system of OKB Fakel.,
"KAI-1 (RS26S, Space-PI 8, Space π)",Kazan National Research Technical University,Russia,3U,2022-08-09,"Reentered, Operational",5 cameras for remote sensing.,
"Polytech-Universe-1 (RS11S, (Space-PI 1, Space π)",Peter the Great St.Petersburg Polytechnic University,Russia,3U,2022-08-09,"Reentered, Was semi-operational","Measurements of the level of electromagnetic radiation. Payloads: spectrometers, radio transmitter.",
"Polytech-Universe-2 (RS10S, (Space-PI 2, Space π, Polytech_Universe-2)",Peter the Great St.Petersburg Polytechnic University,Russia,3U,2022-08-09,"Reentered, No signal","Measurements of the level of electromagnetic radiation. Payloads: spectrometers, radio transmitter.",
"SKOLTECH-B1 (R0AJU-1, Space-PI 9, Space π)",Skolkovo Institute of Science and Technology (Skoltech),Russia,3U,2022-08-09,"Reentered, Operational","Development of long-range inter-satellite communication technology, monitoring of cosmic radiation and gamma-ray bursts.",
"SKOLTECH-B2 (R0AJU-1, Space-PI 10, Space π)",Skolkovo Institute of Science and Technology (Skoltech),Russia,3U,2022-08-09,"Reentered, Operational","Development of long-range inter-satellite communication technology, monitoring of cosmic radiation and gamma-ray bursts.",
"SXC3-21 UTMN (RS23S, Space-PI 6, Space π)",Tyumen State University (UTMN),Russia,3U,2022-08-09,"Reentered, Operational","Monitoring of oil spills in the Arctic, forecasting the environmental situation.",
"SXC3-212 MONITOR-1 (Monitor-1, RS32S, Space-PI 4, Space π)",Moscow State University,Russia,3U,2022-08-09,"Reentered, Operational",Registration in near-Earth outer space of radiation-dangerous proton fluxes from solar flares.,
"SXC3-214 MIET-AIS (RS28S, Space-PI 7, Space π)",Moscow Institute of Electronic Technology (MIET),Russia,3U,2022-08-09,"Reentered, Operational",Payloads are AIS repeater and VERA plasma engine.,
"SXC3-215 VIZARD (Vizard-SS1, RS33S, Space-PI 16, Space π)",NIS,Russia,3U,2022-08-09,"Reentered, Operational",Vessel monitoring with AIS and device for the Internet of Things KINEIS.,
"SXC3-217 SIREN (Lilac, RS30S, Space-PI 14, Space π)",Belgorod State University,Russia,3U,2022-08-09,"Reentered, Operational",Studying the growth and development of lilac sprouts.,
"SXC3-218 KUZBASS-300 (RS34S, Space-PI 5, Space π)",Kuzbass State Technical University (KuzGTU),Russia,3U,2022-08-09,"Reentered, Operational",Remote sensing with a camera and amateur radio satellite.,
"SXC3-219 ISOI (RS19S, Space-PI 11, Space π)",ISOI,Russia,3U,2022-08-09,"Reentered, Operational",Hyperspectral remote sensing system.,
"SXC3-2110 CYCLOPS (SXC3-2110 VOENMEH, RS29S, Space-PI 3, Space π)",Baltic State Technical University “VOENMEH”,Russia,3U,2022-08-09,"Reentered, Operational",Study of the degradation of the characteristics of materials and parameters of electronic devices in outer space.,
"SXC3-2111 RESHUCUBE (ReshUCube-1, RS8S, Space-PI 12, Space π)",Siberian State University of Science and Technology,Russia,3U,2022-08-09,"Reentered, Operational",Study of the Radiation and Magnetic Situation in Near-Earth Orbit. Payload: reconfigurable space laboratory.,
FossaSat-1B (2),Fossa Systems,Spain,PocketQube 1p,2022-10-01,"Reentered, Operational, ?",First of a PocketQube constellation to provide LoRa-based IoT communications.,
GENESIS-G (Astroland-1),AMSAT-EA,Spain,PocketQube 2p,2022-10-01,"Reentered, No signal, ?",Second-generation GENESIS satellites to replace the ones lost with radio amateur payloads.,
GENESIS-J (Astroland-2),AMSAT-EA,Spain,PocketQube 1p,2022-10-01,"Reentered, Operational",Second-generation GENESIS satellites to replace the ones lost with radio amateur payloads.,
QUBIK-3,Libre Space Foundation,Greece,PocketQube 1p,2022-10-01,"Reentered, Operational",Designed for amateur radio service. Experiment with LEOP and passive RF orbit determination.,
QUBIK-4,Libre Space Foundation,Greece,PocketQube 1p,2022-10-01,"Reentered, Operational",Designed for amateur radio service. Experiment with LEOP and passive RF orbit determination.,
Serenity II,Teachers in Space,US,3U,2022-10-01,"Reentered, Operational",Educational mission to allow interaction with the CubeSat and blockchain for inter-satellite transactions.,
TechEdSat-15 (TES-15),NASA Ames Research Center,US,3U,2022-10-01,"Reentered, Operational",TechEdSat-15’s primary experiment is a version of an exo-brake intended to survive much higher temperature environments.,
FSI-SAT1,Happy Science University,Japan,1U,2022-10-12,Launch failure,Educational mission with a camera and to test spacecraft platform technologies.,
KOSEN-2,National Institute of Technology,Japan,2U,2022-10-12,Launch failure,Demonstrate CubeSat platform technologies including 360-degree camera.,
MAGNARO A Parent (MAGnetic separation Nano-satelite with FoRmation flight and cOnstellation),Nagoya University,Japan,2U,2022-10-12,Launch failure,Joint CubeSats are separated after spin-up and then continue formation flying.,
MAGNARO B Child (MAGnetic separation Nano-satelite with FoRmation flight and cOnstellation),Nagoya University,Japan,1U,2022-10-12,Launch failure,Joint CubeSats are separated after spin-up and then continue formation flying.,
Mitsuba-1 (MITSUBA),Kyushu Institute of Technology,Japan,2U,2022-10-12,Launch failure,Radio observation of amateur radio band in orbit by spectrum analyzer.,
Waseda-SAT0 (Waseda-Sat-Zero),Waseda University,Japan,1U,2022-10-12,Launch failure,Educational mission with drag chute for deorbiting.,
"LINUSS 1 (Linus 1, LINUSS-A 1, CHASE, Lockheed Martin In-space Upgrade Satellite System, WL2XOU)",Lockheed Martin,US,12U,2022-11-01,Operational,Show how small satellites can be used to upgrade constellations or provide life-extension services like refueling.,
"LINUSS 2 (Linus 2, LINUSS-A 2, RSO, Lockheed Martin In-space Upgrade Satellite System, WL2XOU)",Lockheed Martin,US,12U,2022-11-01,Operational,Show how small satellites can be used to upgrade constellations or provide life-extension services like refueling.,
PearlAfricaSat-1 (BIRDS-5),Kyushu Institute of Technology,Uganda,1U,2022-11-07,"Reentered, No signal, ?",Educational and amateur radio mission.,
"SpaceTuna 1 (SpaceTuna1, Space Tuna No. 1)",Kindai University,Japan,1U,2022-11-07,"Reentered, No signal, ?",Investigate the performance of retroreflective materials in space by using the satellite.,
TAKA (BIRDS-5),Kyushu Institute of Technology,Japan,1U,2022-11-07,"Reentered, No signal, ?",Educational and amateur radio mission.,
ZimSat-1 (BIRDS-5),Kyushu Institute of Technology,Zimbabwe,1U,2022-11-07,"Reentered, Semi-operational, ?",Educational and amateur radio mission.,
"CAS-10 (Hope-4, XW-4, Macau Student Science Satellite, AomenKepu-1, Aomen Kepu-1, Aoki-1)",CAMSAT (Chinese Amateur Satellite Group),China,8U,2022-11-12,"Reentered, Operational",A follow on mission from CAS-9 with transponder and camera payloads.,
ArgoMoon,Argotec,Italy,6U,2022-11-16,Was operational,Take several historically significant pictures of the EM-1 mission and it will test some innovative communication systems.,
BioSentinel (BioSentinel-1),NASA Ames Research Center,US,6U,2022-11-16,Operational,Developing deep space CubeSat technologies and radiation biosensor to gauge DNA damage and repair beyond LEO.,
CuSP (CubeSat for Solar Particles),Southwest Research Institute,US,6U,2022-11-16,Was operational,First protype of an interplanetary CubeSat space weather station to study solar particles.,
EQUULEUS (Equilibrium Lunar-Earth point 6U Spacecraft),JAXA,Japan,6U,2022-11-16,Was operational,Lunar L2 (libration-point) orbiter to demonstrate technologies and characterize environment.,
"LunaH-Map (LUNAHMAP, Lunar Polar Hydrogen Mapper Mission)",Arizona State University,US,6U,2022-11-16,"Retired, Operational","Map the hydrogen content of the entire South Pole of the moon, including within permanently shadowed regions at high resolution.",
Lunar IceCube (Lunar Ice Cube Orbiter),Morehead State University,US,6U,2022-11-16,Was operational,Prospect for water ice and other lunar volatiles from a low-perigee lunar orbit,
"LunIR (SkyFire, Lunar InfraRed imaging)",Lockheed Martin,US,6U,2022-11-16,Was semi-operational,Lunar fly-by to collect spectroscopy and thermography using mid-wave infra-red sensor.,
Miles,Team Miles / Tampa Hackerspace,US,6U,2022-11-16,Semi-operational,Demonstrate iodine-fueled plasma thruster.,
"NEA-Scout (Near Earth Asteroid Scout, NEA SCOUT)",NASA Marshall Space Flight Center,US,6U,2022-11-16,No signal,Rendezvous with an asteroid using solar sail and gather detailed imagery.,
OMOTENASHI,University of Tokyo,Japan,6U,2022-11-16,Was semi-operational,Demonstrate the technology for low-cost and very small spacecraft to explore the lunar surface with a landing probe.,
Astrocast 17 (0301),Astrocast,Switzerland,3U,2022-11-26,Operational,Constellation for IoT/M2M services.,
Astrocast 18 (0302),Astrocast,Switzerland,3U,2022-11-26,Operational,Constellation for IoT/M2M services.,
Astrocast 19 (0303),Astrocast,Switzerland,3U,2022-11-26,Operational,Constellation for IoT/M2M services.,
Astrocast 20 (0304),Astrocast,Switzerland,3U,2022-11-26,Operational,Constellation for IoT/M2M services.,
DANTESat,NPC SpaceMind,Italy,3U,2022-11-26,"Reentered, Was operational",Provide a cultural dissemination about Dante Alighieri Divine Comedy; the opera is engraved on metallic boards on the satellite.,
HSKSAT (HSKSAY),HSK Amateur Radio Club (Harada Seiki Kogyo),Japan,3U,2022-11-26,"Reentered, Operational",Experiment with high speed communication techniques over the amateur radio community.,
"LORIS (DUCS, Dalhousie University CubeSat)",Dalhousie University,Canada,2U,2022-11-26,"Reentered, Was semi-operational, ?",Educational mission and demonstrate CubeSat platform technologies.,
MARIO (Measurement of Actuator Response and Impedance on Orbit),University of Michigan,US,3U,2022-11-26,"Reentered, Operational",Characterize the behavior and degradation of macro-fiber composite materials.,
NutSat (NutSat-2),National Formosa University,Taiwan,2U,2022-11-26,"Reentered, Operational",Educational and amateur radio mission.,
OPTIMAL-1,ArkEdge Space,Japan,3U,2022-11-26,"Reentered, Operational","Demonstrate CubeSat platform, nano-propulsion system, and camera.",
"ORCASat (ORCA2Sat, ORCA2Sa, Optical and radio calibration of atmospheric attenuation CubeSat, Optical and Radio Calibration Satellite, Optical Reference Calibration Satellite)",University of Victoria,Canada,2U,2022-11-26,"Reentered, Operational",Calibrate optical and radio observatories in to reduce uncertainties in measurements of the Universe expansion rate.,
PetitSat (Plasma Enhancements in The Ionosphere-Thermosphere Satellite),NASA Goddard Space Flight Center,US,6U,2022-11-26,"Reentered, Was operational, ?","Provide in-situ measurements of plasma density, 3D ion drift, as well as ion and neutral composition.",
SPORT (Scintillation Prediction Observations Research Task),NASA Marshall Space Flight Center,US,6U,2022-11-26,"Reentered, Operational",Investigate the state of the ionosphere that leads to the growth of plasma bubbles.,
SS-1 (Surya Satellite 1),Surya University,Indonesia,1U,2022-11-26,"Reentered, Was operational",Satellite able to beacon and digipeat Automatic Package Reporting System (APRS) signal.,
Thybolt-1,Dhruva Space,India,0.5U,2022-11-26,"Reentered, Operational",Novel Store-and-Forward payload receiving messages from sensor nodes or remote Ground Stations.,
Thybolt-2,Dhruva Space,India,0.5U,2022-11-26,"Reentered, Operational",Novel Store-and-Forward payload receiving messages from sensor nodes or remote Ground Stations.,
TJREVERB (TJ REVERB),Thomas Jefferson High School for Science and Technology,US,2U,2022-11-26,"Reentered, No signal",Educational training and amateur radio communications.,
"CAS-5A (Fengtai-OSCAR 118, FO-118)",CAMSAT (Chinese Amateur Satellite Group),China,6U,2022-12-09,"Reentered, Operational",Amateur radio communications and deploy femtosatellite CAS-5B.,
CAS-5B,CAMSAT (Chinese Amateur Satellite Group),China,0.5 kg,2022-12-09,"On spacecraft, ?",A femto-satellite architecture 90Lx80Wx50H mm with mass: 0.5kg. Deployed from CAS-5A.,
Lunar Flashlight,NASA Jet Propulsion Laboratory,US,6U,2022-12-11,Operational,Illuminate permanently-shadowed regions and detect water ice absorption bands in the near-infrared.,
"Astrocast 13 (0401, ASTROCAST-0401)",Astrocast,Switzerland,3U,2023-01-03,"Unknown, ?",Constellation for IoT/M2M services.,
"Astrocast 14 (0402, ASTROCAST-0402)",Astrocast,Switzerland,3U,2023-01-03,"Unknown, ?",Constellation for IoT/M2M services.,
Astrocast 15 (0403),Astrocast,Switzerland,3U,2023-01-03,"Unknown, ?",Constellation for IoT/M2M services.,
Astrocast 16 (0404),Astrocast,Switzerland,3U,2023-01-03,"Unknown, ?",Constellation for IoT/M2M services.,
BDSAT-2,Central European Institute of Technology (CEITEC),Czechia,1U,2023-01-03,"Reentered, Operational",Verify and qualify pressure sensor devices for use in open space conditions.,
BRO-8 (Breizh Reconnaissance Orbiter),Unseenlabs,France,6U,2023-01-03,Operational,Spectrum monitoring service. Maritime surveillance. Electromagnetic intelligence service.,
"BROS A (Birkeland, Binational Radiofrequency Observing Satellites, MilSpace-2)",Norway Defence Research Establishment,Norway,6U,2023-01-03,Operational,Measure the time difference between detecting the signals and the angle of signal arrival to geolocate its source.,
"BROS B (Huygens, Binational Radiofrequency Observing Satellites, MilSpace-2)",Norway Defence Research Establishment,Norway,6U,2023-01-03,Operational,Measure the time difference between detecting the signals and the angle of signal arrival to geolocate its source.,
Connecta T1.2,Plan-S,Turkey,3U,2023-01-03,Operational,Demo satellites for end-to-end solutions for global IoT services.,
Flock-4y 1,Planet Labs,US,3U,2023-01-03,"Reentered, Operational",Constellation for optical Earth observation with 3-5m resolution.,
Flock-4y 2,Planet Labs,US,3U,2023-01-03,Operational,Constellation for optical Earth observation with 3-5m resolution.,
Flock-4y 3,Planet Labs,US,3U,2023-01-03,"Reentered, Operational",Constellation for optical Earth observation with 3-5m resolution.,
Flock-4y 4,Planet Labs,US,3U,2023-01-03,"Reentered, Operational",Constellation for optical Earth observation with 3-5m resolution.,
Flock-4y 5,Planet Labs,US,3U,2023-01-03,Operational,Constellation for optical Earth observation with 3-5m resolution.,
Flock-4y 6,Planet Labs,US,3U,2023-01-03,Operational,Constellation for optical Earth observation with 3-5m resolution.,
Flock-4y 7,Planet Labs,US,3U,2023-01-03,Operational,Constellation for optical Earth observation with 3-5m resolution.,
Flock-4y 8,Planet Labs,US,3U,2023-01-03,Operational,Constellation for optical Earth observation with 3-5m resolution.,
Flock-4y 9,Planet Labs,US,3U,2023-01-03,Operational,Constellation for optical Earth observation with 3-5m resolution.,
Flock-4y 10,Planet Labs,US,3U,2023-01-03,Operational,Constellation for optical Earth observation with 3-5m resolution.,
Flock-4y 11,Planet Labs,US,3U,2023-01-03,Operational,Constellation for optical Earth observation with 3-5m resolution.,
Flock-4y 12,Planet Labs,US,3U,2023-01-03,Operational,Constellation for optical Earth observation with 3-5m resolution.,
Flock-4y 13,Planet Labs,US,3U,2023-01-03,Operational,Constellation for optical Earth observation with 3-5m resolution.,
Flock-4y 14,Planet Labs,US,3U,2023-01-03,Operational,Constellation for optical Earth observation with 3-5m resolution.,
Flock-4y 15,Planet Labs,US,3U,2023-01-03,Operational,Constellation for optical Earth observation with 3-5m resolution.,
Flock-4y 16,Planet Labs,US,3U,2023-01-03,Operational,Constellation for optical Earth observation with 3-5m resolution.,
Flock-4y 17,Planet Labs,US,3U,2023-01-03,Operational,Constellation for optical Earth observation with 3-5m resolution.,
Flock-4y 18,Planet Labs,US,3U,2023-01-03,Operational,Constellation for optical Earth observation with 3-5m resolution.,
Flock-4y 19,Planet Labs,US,3U,2023-01-03,"Reentered, Operational",Constellation for optical Earth observation with 3-5m resolution.,
Flock-4y 20,Planet Labs,US,3U,2023-01-03,Operational,Constellation for optical Earth observation with 3-5m resolution.,
Flock-4y 21,Planet Labs,US,3U,2023-01-03,Operational,Constellation for optical Earth observation with 3-5m resolution.,
Flock-4y 22,Planet Labs,US,3U,2023-01-03,Operational,Constellation for optical Earth observation with 3-5m resolution.,
Flock-4y 23,Planet Labs,US,3U,2023-01-03,Operational,Constellation for optical Earth observation with 3-5m resolution.,
Flock-4y 24,Planet Labs,US,3U,2023-01-03,Operational,Constellation for optical Earth observation with 3-5m resolution.,
Flock-4y 25,Planet Labs,US,3U,2023-01-03,Operational,Constellation for optical Earth observation with 3-5m resolution.,
Flock-4y 26,Planet Labs,US,3U,2023-01-03,Operational,Constellation for optical Earth observation with 3-5m resolution.,
Flock-4y 27,Planet Labs,US,3U,2023-01-03,Operational,Constellation for optical Earth observation with 3-5m resolution.,
Flock-4y 28,Planet Labs,US,3U,2023-01-03,"Reentered, Operational",Constellation for optical Earth observation with 3-5m resolution.,
Flock-4y 29,Planet Labs,US,3U,2023-01-03,Operational,Constellation for optical Earth observation with 3-5m resolution.,
Flock-4y 30,Planet Labs,US,3U,2023-01-03,Operational,Constellation for optical Earth observation with 3-5m resolution.,
Flock-4y 31,Planet Labs,US,3U,2023-01-03,"Reentered, Operational",Constellation for optical Earth observation with 3-5m resolution.,
Flock-4y 32,Planet Labs,US,3U,2023-01-03,Operational,Constellation for optical Earth observation with 3-5m resolution.,
Flock-4y 33,Planet Labs,US,3U,2023-01-03,Operational,Constellation for optical Earth observation with 3-5m resolution.,
Flock-4y 34,Planet Labs,US,3U,2023-01-03,Operational,Constellation for optical Earth observation with 3-5m resolution.,
Flock-4y 35,Planet Labs,US,3U,2023-01-03,Operational,Constellation for optical Earth observation with 3-5m resolution.,
Flock-4y 36,Planet Labs,US,3U,2023-01-03,Operational,Constellation for optical Earth observation with 3-5m resolution.,
FUTURA-SM1,NPC SpaceMind,Italy,3U,2023-01-03,"Reentered, Operational","Demonstrate NPC SPACEMIND 3U platform along with ARTICA, an innovative deorbiting sail device.",
FUTURA-SM3 (NPC 6U CubeSat),NPC SpaceMind,Italy,6U,2023-01-03,"Reentered, Operational, ?",Aims at in-orbit demonstrating the NPC SPACEMIND 6U compatible deorbiting sail device.,
Gama Alpha,Gama,France,6U,2023-01-03,Operational,Test the deployment of a solar sail with an area of 73.3 square meters.,
Guardian - Alpha (Pushan-Alpha),Orbital Astronautics,UK,3U,2023-01-03,"Operational, ?",Demonstrate a variety of technologies including an UltraScale+ high-performance computer.,
"Kelpie 1 (AAC-AIS-SAT-1, Clyde Orbcomm)",AAC Clyde Space,UK,3U,2023-01-03,Operational,Space-as-a-service model to build and operate spacecraft and sell AIS data exclusively to ORBCOMM.,
"KSF3 A (Kleos Space – Observer Mission, Kleos-13)",Kleos Space,UK,6U,2023-01-03,Operational,Form the foundation of a constellation that delivers a global picture of hidden maritime activity.,
"KSF3 B (Kleos Space – Observer Mission, Kleos-14)",Kleos Space,UK,6U,2023-01-03,Operational,Form the foundation of a constellation that delivers a global picture of hidden maritime activity.,
"KSF3 C (Kleos Space – Observer Mission, Kleos-15)",Kleos Space,UK,6U,2023-01-03,"Reentered, Operational",Form the foundation of a constellation that delivers a global picture of hidden maritime activity.,
"KSF3 D (Kleos Space – Observer Mission, Kleos-16)",Kleos Space,UK,6U,2023-01-03,Operational,Form the foundation of a constellation that delivers a global picture of hidden maritime activity.,
"KuwaitSat-﻿1 (kuwaitSAT1, Kuwait Sat-1)",Kuwait University,Kuwait,2U,2023-01-03,Operational,Multi-Color Camera Payload. The mission objective is to test if the camera can be used for attitude determination and control.,
Lemur-2 157 DISCLAIMER (Myriota?),Spire,US,3U,2023-01-03,"Reentered, Operational","Constellation for GPS radio occultation weather data, AIS and ADS-B. Myriota payload?",
Lemur-2 158 EMMACULATE,Spire,US,3U,2023-01-03,"Reentered, Operational","Constellation for GPS radio occultation weather data, AIS and ADS-B. Polarimetric Radio Occultation payload?",
Lemur-2 159 FUENTETAJA-01,Spire,US,3U,2023-01-03,"Reentered, Operational","Constellation for GPS-RO weather data, AIS and ADS-B.",
Lemur-2 160 MMOLO,Spire,US,3U,2023-01-03,"Reentered, Operational","Constellation for GPS-RO weather data, AIS and ADS-B.",
Lemur-2 161 PHILARI,Spire,US,3U,2023-01-03,"Reentered, Operational","Constellation for GPS-RO weather data, AIS and ADS-B.",
Lemur-2 162 STEVEALBERS,Spire,US,3U,2023-01-03,"Reentered, Operational","Constellation for GPS-RO weather data, AIS and ADS-B.",
"MARIOT-1 (Sternula-1, Maritime IoT)",Sternula,Denmark,6U,2023-01-03,"Reentered, Operational",Enable communication between the ship bridge and shore using AIS 2.0 (VDES) with a big deployable VHF yagi antenna made by Space Inventor.,
MDQSAT-1A JuanaAzurduy,Innova Space,Argentina,0.25U,2023-01-03,"Deployment failure, On spacecraft",Tech demo of Innova Space’s new pico-satellite constellation for IoT.,
MDQSAT-1B SimonBolivar,Innova Space,Argentina,0.25U,2023-01-03,"Deployment failure, On spacecraft",Tech demo of Innova Space’s new pico-satellite constellation for IoT.,
"Menut (OpenConstellation, GENEO)",Open Cosmos,Spain,6U,2023-01-03,Operational,Take images at 5 meters resolution of any place in the world.,
"NSLSat 2 (BeetleSat-1, NSLSAT-2, NSL-2, NSL 2)",BeetleSat (NSLComm),Israel,6U,2023-01-03,"Reentered, Operational",Demonstrator for SkyFi constellation. Test the deployable antenna and high power payload of 1 Gbps downlink.,
Platform-2 (SharedSat 2211),EnduroSat,Bulgaria,6U,2023-01-03,"Unknown, ?",Technology demonstrations and commercial payloads.,
Pleiades - Sapling Sempervirens (Sapling-1),Stanford University,US,1U,2023-01-03,"Deployment failure, On spacecraft","Demonstrate CubeSat bus, intersatellite links and perform radio amateur mission.",
"Pleiades - Yearling (PROVES-Yearling, PROVES Yearling 1, Pleiades Rapid Orbital Verification Experimental System)",Cal Poly Pomona (Bronco Space),US,1U,2023-01-03,"Deployment failure, On spacecraft",PROVES-Yearling is built on the PyCubed architecture and is intended to serve as a lab bench in space.,
"QBUA01 (PolyItan HP-30, PolyITAN-2-HP)",Kiev National University,Ukraine,2U,2023-01-03,"Reentered, No signal, ?, Deployment failure, Deployment prohibited",Ukrainian educational satellite with in-house designed platform.,
"RROCI (EWS RROCI, Rapid Revisit Optical Cloud Imager)",U.S. Space Force,US,12U,2023-01-03,"Reentered, Deployment failure",Demonstrate an Electro-Optical / Infrared (EO/IR) LEO-based cloud characterization solution that supports U.S. warfighter operations.,
"Sharjahsat-1 (Sharjah-Sat-1, Sharjah Sat-1)",University of Sharjah,United Arab Emirates,3U,2023-01-03,Operational,Educational capability development mission with X-Ray Detector (iXRD) and camera payloads.,
SpaceBEE-156,Swarm Technologies,US,0.25U,2023-01-03,"Reentered, Operational",World’s smallest two-way communications satellites for IoT.,
SpaceBEE-157,Swarm Technologies,US,0.25U,2023-01-03,"Reentered, Operational",World’s smallest two-way communications satellites for IoT.,
SpaceBEE-158,Swarm Technologies,US,0.25U,2023-01-03,"Reentered, Operational",World’s smallest two-way communications satellites for IoT.,
SpaceBEE-159,Swarm Technologies,US,0.25U,2023-01-03,"Reentered, Operational",World’s smallest two-way communications satellites for IoT.,
SpaceBEE-160,Swarm Technologies,US,0.25U,2023-01-03,"Reentered, Operational",World’s smallest two-way communications satellites for IoT.,
SpaceBEE-161,Swarm Technologies,US,0.25U,2023-01-03,"Reentered, Operational",World’s smallest two-way communications satellites for IoT.,
SpaceBEE-162,Swarm Technologies,US,0.25U,2023-01-03,"Reentered, Operational",World’s smallest two-way communications satellites for IoT.,
SpaceBEE-163,Swarm Technologies,US,0.25U,2023-01-03,"Reentered, Operational",World’s smallest two-way communications satellites for IoT.,
SpaceBEE-164,Swarm Technologies,US,0.25U,2023-01-03,"Reentered, Operational",World’s smallest two-way communications satellites for IoT.,
SpaceBEE-165,Swarm Technologies,US,0.25U,2023-01-03,"Reentered, Operational",World’s smallest two-way communications satellites for IoT.,
SpaceBEE-166,Swarm Technologies,US,0.25U,2023-01-03,"Reentered, Operational",World’s smallest two-way communications satellites for IoT.,
SpaceBEE-167,Swarm Technologies,US,0.25U,2023-01-03,"Reentered, Operational",World’s smallest two-way communications satellites for IoT.,
"SPHERE-1 EYE (EYE, Star Sphere, Star Sphere-1, Sony)",Sony,Japan,6U,2023-01-03,"Reentered, Operational","Star Sphere project that seeks collaboration with artists, entertainers and educators.",
"STAR VIBE (ScanSAT, GROOVE-EVO?)",Scanway,Poland,6U,2023-01-03,Operational,Earth Observation constellation demo based on mirrors from range of 400nm to 12um.,
"TAUSAT-2 (TAU-SAT-2, TAU-SAT2, TAUSAT2, TAU-SAT3)",Herzliya Science Center,Israel,2U,2023-01-03,"Reentered, Operational",Light Emitting Diodes (LEDs) for an experiment with optical tracking of objects in space.,
Unicorn-2G,Alba Orbital,UK,PocketQube 2p,2023-01-03,"Deployment failure, On spacecraft",Earth Observation constellation to provide near-real time satellite imagery.,
Unicorn-2H,Alba Orbital,UK,PocketQube 2p,2023-01-03,"Deployment failure, On spacecraft",Earth Observation constellation to provide near-real time satellite imagery.,
Zeus 1 (Qosmosys),Qosmosys,Singapore,3U,2023-01-03,"Reentered, No signal, ?","Demonstrate CubeSat platform, perovskite solar cell testing, attitude control and time-capsule payload.",
"AMAN (Oman CubeSat, Aman-1)",ETCO Space,Oman,3U,2023-01-09,Launch failure,Oman’s first satellite.,
Amber-1 (IOD-3 AMBER),Horizon Technologies,UK,6U,2023-01-09,Launch failure,First of a SIGINT constellation to track vessels using an L-band Satphone detection sensor combined with radar detection.,
"CIRCE A (Coordinated Ionospheric Reconstruction CubeSat Experiment, WISCER)",US Naval Research Laboratory,US,6U,2023-01-09,Launch failure,Measure the ionosphere and radiation environment space from multiple vantage points.,
"CIRCE B (Coordinated Ionospheric Reconstruction CubeSat Experiment, WISCER)",US Naval Research Laboratory,US,6U,2023-01-09,Launch failure,Measure the ionosphere and radiation environment space from multiple vantage points.,
DOVER,RHEA Group,UK,3U,2023-01-09,Launch failure,Transmit new PNT signals for position or time determination.,
ForgeStar-0,Space Forge,UK,3U,2023-01-09,Launch failure,Demonstration for future re-entry capsule technologies.,
"Prometheus-2 1 (Prometheus 2A, Dstl)",Defence Science and Technology Laboratory (Dstl),UK,6U,2023-01-09,Launch failure,Test platform for monitoring radio signals including GPS and sophisticated imaging.,
"Prometheus-2 2 (Prometheus 2B, Dstl)",Defence Science and Technology Laboratory (Dstl),UK,6U,2023-01-09,Launch failure,Test platform for monitoring radio signals including GPS and sophisticated imaging.,
STORK-6,SatRev,Poland,3U,2023-01-09,Launch failure,Innovative shared platform with Earth-Observation capabilities. Aimed at in-orbit services.,
VariSat-1 A,VariSat (Omniteq),US,6U,2023-01-10,Launch failure,Experiment and gain flight heritage with a satellite designed to support HF marine data communications.,
VariSat-1 B,VariSat (Omniteq),US,6U,2023-01-10,Launch failure,Experiment and gain flight heritage with a satellite designed to support HF marine data communications.,
"BUPT-1 (Beiyou-1, Beiyou No. 1, Beiyou 1, BEIYOU1, Baoyun, Tiansuan Constellation)",Beijing University of Posts and Telecommunications,China,12U,2023-01-15,"Reentered, Unknown, ?",Beiyou No. 1 is the first satellite of Tiansuan constellation.,
"Golden Bauhinia No. 3 (Jinzijing 3, Jin Zijing 3)",Hong Kong Aerospace Science and Technology Group,China,3U,2023-01-15,"Reentered, Unknown, ?",The two scientific satellites of Golden Bauhinia No. 3/4 are 3U nano-satellites customized by Hangsheng Satellite according to customer needs,
"Golden Bauhinia No. 4 (Jinzijing 4, Jin Zijing 4)",Hong Kong Aerospace Science and Technology Group,China,3U,2023-01-15,"Reentered, Unknown, ?",The two scientific satellites of Golden Bauhinia No. 3/4 are 3U nano-satellites customized by Hangsheng Satellite according to customer needs,
Tianzhi-2 D (Tianzhi II),Hangsheng Satellite,China,20U,2023-01-15,"Reentered, Unknown, ?",Tianzhi-2 D star (Rizhao No. 3 satellite) is the first satellite of the software-defined shared constellation.,
AzaadiSAT 2 (AZAADISAT-2),Space Kidz India,India,9 kg,2023-02-10,"Reentered, Was operational",Carries 75 different payloads each weighing around 50 grams and conducting femto-experiments. Girl students from rural regions across the country were provided guidance to build these payloads.,
Janus 1 (JANUS-1),Antaris,US,6U,2023-02-10,"Reentered, Operational",The satellite features five payloads from a range of global providers.,
ARKSAT-1 (ARKSAT 1),University of Arkansas,US,1U,2023-03-14,"Reentered, Was semi-operational",Xenon flash bulb as the calibrated source for ground tracking and demonstrate deorbiting.,
AuroraSat,Aurora College,Canada,3U,2023-03-14,"Reentered, No signal",Promote and share indigenous culture across Canada through northern images.,
"Ex-Alta 2 (AlbertaSat-2, Experimental Albertan #2, EX-ALTA-2)",University of Alberta,Canada,3U,2023-03-14,"Reentered, No signal",Expand open-source platform and test imaging camera for wildfires.,
LightCube,Arizona State University,US,1U,2023-03-14,"Reentered, Operational",Education mission to allow a CubeSat in to be easily operable by general public and produce a light visible to the naked eye of observers on Earth.,
NEUDOSE ( NEUtron DOSimetry & Exploration),McMaster University,Canada,2U,2023-03-14,"Reentered, Was operational",Investigates radiation doses that astronauts would experience during extravehicular activities (EVAs).,
YukonSat,Yukon College,Canada,2U,2023-03-14,"Reentered, No signal",Coding challenges to transmit and receive short voice recordings.,
"Jinta (Taikong Science, Hong Kong Knowledge, Ai Taikong Kexue, “love space science”)",Hunan Hangsheng Satellite Technology,China,4U,2023-04-02,"Reentered, Operational","Payloads include cameras, propulsion and on-orbit wireless charging demonstration.",
BRO-9 (Breizh Reconnaissance Orbiter),Unseenlabs,France,6U,2023-04-15,Operational,Spectrum monitoring service. Maritime surveillance. Electromagnetic intelligence service.,
Brokkr-1 (ORBASTRO-AF-1),Astro Forge,US,6U,2023-04-15,Was operational,Test technology to extract metals from asteroid materials.,
CIRBE (Colorado Inner Radiation Belt Experiment),University of Colorado Boulder,US,3U,2023-04-15,"Reentered, Operational",Understand the formation of the inner belt electrons.,
Connecta T2.1,Plan-S,Turkey,6U,2023-04-15,Operational,Connecta T2.1 is to implement its innovative Earth observation missions with high-resolution multispectral cameras and IoT connectivity.,
"DEWA-SAT 2 (Space-D DEWA 6U, DEWASAT-2)",Dubai Electricity and Water Authority (DEWA),United Arab Emirates,6U,2023-04-15,"Reentered, Operational",Earth Observation (EO) payload .,
DISCO-1 (Danish Student CubeSat Program),Aarhus University,Denmark,1U,2023-04-15,"Reentered, Operational",Flying student experiments for in-orbit testing.,
"ELO 3 (ELO-3, Eutelsat LEO for Objects)",Eutelsat,US,6U,2023-04-15,"Reentered, Operational, ?",Narrowband system to evaluate the pros and cons of IoT constellation.,
"EPICHyper-1 (Wyvern-1, Dragonette-001, AAC-HSI-SAT1)",AAC Clyde Space,UK,6U,2023-04-15,Operational,AAC Clyde Space is building Wyvern’s first three satellites,
FACSAT-2 (FACSAT CHIRIBIQUETE),Colombian Air Force,Colombia,6U,2023-04-15,Operational,Demonstrator for low inclination constellation for the Colombian Air Force.,
"INSPIRE-Sat 7 (INSPIRE-Sat-7, InspireSat 7)",University of Versailles Saint-Quentin-en-Yvelines (UVSQ),France,2U,2023-04-15,"Reentered, Operational",Educational mission with ionospheric sensors and radio amateur mission.,
IRIS-C,National Cheng Kung University,Taiwan,3U,2023-04-15,"Reentered, Operational",Educational mission with star tracker and S-band radio.,
It’s About Time (TrustPoint-1),TrustPoint,US,3U,2023-04-15,"Unknown, ?","First commercially funded, purpose-built PNT microsatellite.",
Kepler-20,Kepler Communications,Canada,6U,2023-04-15,Operational,Commercial constellation for IoT/M2M and wideband communications.,
Kepler-21,Kepler Communications,Canada,6U,2023-04-15,Operational,Commercial constellation for IoT/M2M and wideband communications.,
KILICSAT (KILIÇSAT),GUMUSH,Turkey,3U,2023-04-15,"Reentered, Operational",Collecting Ship`s AIS message and demonstrate LNA Module.,
Lemur-2 163 ONREFLECTION (KAUST),King Abdullah University of Science and Technology (KAUST),Saudi Arabia,6U,2023-04-15,"Reentered, Operational","Collect high-quality and high-resolution data across global terrestrial, coastal and ocean ecosystems and to help observe and characterize natural resources.",
Lemur-2 164 ROMEO-N-LEO (LMR2394 / FM170),Spire,US,3U,2023-04-15,"Reentered, Operational","Constellation for GPS-RO weather data, AIS and ADS-B.",
"Lemur-2 165 SPACEGUS, (Adler-2, GAPMAP, GAPMAP-0, LMR2372, FM171)",Austrian Space Forum (OeWF),Austria,6U,2023-04-15,"Reentered, Operational",Provide insights into space debris in low Earth orbit (LEO) and expand novel atmospheric sensing capabilities to study clouds and aerosols in the atmosphere.,
LLITED A (Low-Latitude Ionosphere/Thermosphere Enhancement in Density),Aerospace Corporation,US,1.5U,2023-04-15,"Reentered, Operational",Provide related to the Equatorial Ionization Anomaly (EIA) and the Equatorial Temperature and Wind Anomaly (ETWA).,
LLITED B (Low-Latitude Ionosphere/Thermosphere Enhancement in Density),Aerospace Corporation,US,1.5U,2023-04-15,"Reentered, Operational",Provide measurements related to the Equatorial Ionization Anomaly (EIA) and the Equatorial Temperature and Wind Anomaly (ETWA).,
LS2f (LS3C),Lacuna Space,UK,3U,2023-04-15,"Reentered, Operational","Features Lacuna Space’s payload technology utilising LoRaWAN® wireless technology to provide long-range, low-power connectivity for IoT devices around the world.",
"Platform-3 (Sateliot-0, Sateliot_0, GroundBreaker)",EnduroSat,Bulgaria,6U,2023-04-15,"Operational, ?",Technology demonstrations and commercial payloads.,
"Pleiades - Sapling Giganteum (Sapling-2, Sapling2)",Stanford University,US,1U,2023-04-15,"Reentered, Was operational","Demonstrate CubeSat bus, intersatellite links and perform radio amateur mission.",
"Pleiades Yearling 2.0 (Pleiades - Squared, PROVES Yearling 2, Pleiades Yearling)",Cal Poly Pomona (Bronco Space),US,1U,2023-04-15,"Reentered, Was operational",Fly CubeSat bus and expand on the Pleiades cluster.,
REVELA,ARCA Dynamics,US,3U,2023-04-15,"Reentered, Was operational, ?",Demonstrate cutting-edge image processing algorithms.,
RoseyCubesat-1,Orbital Solutions Monaco,Monaco,1U,2023-04-15,"Reentered, Operational",Educational mission with a camera and amateur radio activities.,
SSS-2B,TUBITAK-UZAY (TÜBİTAK Space Technologies Research Institute),Turkey,3U,2023-04-15,Operational,Educational training and capacity building in space technology development.,
TAIFA-1,SayariLabs,Kenya,3U,2023-04-15,"No signal, ?",First Kenyan 3U software-defined NanoSat with imager payload.,
VCUB1,Visiona Tecnologia Espacial,Brazil,6U,2023-04-15,"Reentered, Operational",Demonstrate Visiona's ability to design high-performance space systems.,
VIREO (Virtual Intelligence Realization for Earth Observatory),C3S,Hungary,3U,2023-04-15,"Reentered, Operational","Collaborative project between C3S and AIMotive a leading provider of camera-first, AI powered, Level 5 autonomous driving technology.",
Lumelite-4,Agency for Science Technology and Research (A*STAR),Singapore,12U,2023-04-22,Operational,On-orbit demonstration of a space-based VHF Data Exchange System (VDES) for maritime users.,
"GS-1 (G-Space 1, Gravity Space 1, Nusantara H-1A, OrbitGuard1, Orbit Guard #1)",Gravity Space,US,16U,2023-05-01,Operational,Multiple hosted payloads destined for GEO orbit.,
"TROPICS 5 (TROPICS-05, TROPICS SV05, The Time-Resolved Observations of Precipitation structure and storm Intensity with a Constellation of Smallsats)",MIT (Massachusetts Institute of Technology),US,3U,2023-05-08,Operational,Provide rapid-refresh microwave measurements over the tropics for weather prediction.,
"TROPICS 6 (TROPICS-06, TROPICS SV06, The Time-Resolved Observations of Precipitation structure and storm Intensity with a Constellation of Smallsats)",MIT (Massachusetts Institute of Technology),US,3U,2023-05-08,Operational,Provide rapid-refresh microwave measurements over the tropics for weather prediction.,
Dalian-1 Lianli (Dalian-1/Lianli),Dalian University of Technology,China,12U,2023-05-10,"Reentered, Operational","Verify high-resolution remote sensing imaging, domestic high-reliability OpenHarmony operating system, advanced satellite components and 3D printing technology.",
"Parus-MGTU (Parus-MSTU, RS2S)",Bauman Moscow State Technical University,Russia,1U,2023-05-24,"Reentered, Operational",Test a deployment mechanism for an experimental solar sail.,
JLC-101-v1-2 (JAC),Justec,South Korea,3U,2023-05-25,No signal,Earth-observation technology demonstration.,
"KASI Sat A (SNIPE 1, Small scale magNetospheric and Ionospheric Plasma Experiment)",Korea Astronomy and Space Science Institute (KASI),South Korea,6U,2023-05-25,Semi-operational,Identifying temporal and spatial variation of small scale plasma structures in Ionosphere and Magnetosphere.,
"KASI Sat B (SNIPE 2, Small scale magNetospheric and Ionospheric Plasma Experiment)",Korea Astronomy and Space Science Institute (KASI),South Korea,6U,2023-05-25,Operational,Identifying temporal and spatial variation of small scale plasma structures in Ionosphere and Magnetosphere.,
"KASI Sat C (SNIPE 3, Small scale magNetospheric and Ionospheric Plasma Experiment)",Korea Astronomy and Space Science Institute (KASI),South Korea,6U,2023-05-25,"Deployment failure, On spacecraft",Identifying temporal and spatial variation of small scale plasma structures in Ionosphere and Magnetosphere.,
"KASI Sat D (SNIPE 4, Small scale magNetospheric and Ionospheric Plasma Experiment)",Korea Astronomy and Space Science Institute (KASI),South Korea,6U,2023-05-25,Operational,Identifying temporal and spatial variation of small scale plasma structures in Ionosphere and Magnetosphere.,
KSAT3U,Kairo Space,South Korea,3U,2023-05-25,Operational,Earth observation and weather monitoring cubesat.,
Lumir-T1,Lumir,South Korea,6U,2023-05-25,Operational,Cosmic radiation monitoring cubesat.,
"TROPICS 3 (TROPICS-03, TROPICS SV03, The Time-Resolved Observations of Precipitation structure and storm Intensity with a Constellation of Smallsats)",MIT (Massachusetts Institute of Technology),US,3U,2023-05-26,Operational,Provide rapid-refresh microwave measurements over the tropics for weather prediction.,
"TROPICS 7 (TROPICS-07, TROPICS SV07, The Time-Resolved Observations of Precipitation structure and storm Intensity with a Constellation of Smallsats)",MIT (Massachusetts Institute of Technology),US,3U,2023-05-26,Operational,Provide rapid-refresh microwave measurements over the tropics for weather prediction.,
ESSENCE (Educational Space Science and Engineering CubeSat Experiment),York University,Canada,3U,2023-06-05,"Reentered, No signal",Test a Canadian-developed wide-angle camera to observe snow and ice coverage in Northern Canada.,
"Iris (Manitoba SAT-1, ManitobaSat-1, MBCubeSat-1)",University of Manitoba,Canada,3U,2023-06-05,"Reentered, No signal",Study how space conditions affect the composition of asteroids and the Moon.,
Maya-5,STeP UP University of the Philippines,Philippines,1U,2023-06-05,"Reentered, Semi-operational, ?","Philippines second set of nanosatellites developed in-country, with an aim to slowly transition to completely developing the nanosatellites locally.",
Maya-6,STeP UP University of the Philippines,Philippines,1U,2023-06-05,"Reentered, Semi-operational, ?","Philippines second set of nanosatellites developed in-country, with an aim to slowly transition to completely developing the nanosatellites locally.",
Moonlighter,Aerospace Corporation,US,3U,2023-06-05,"Reentered, Operational",Provide the national security space community with the ability to test and learn in realtime in orbit.,
RADSAT-SK (IDRSat),University of Saskatchewan,Canada,2U,2023-06-05,"Reentered, No signal","Study how materials degrade in space by studying material changes in colour, texture, brittleness, and electrical conductivity.",
"SC-ODIN (Aleksandr III, Space Concordia's Orbital Dust Imaging Nanosat)",Concordia University,Canada,3U,2023-06-05,"Reentered, No signal",Test an imaging instrument to collect data on dust measurements and study the effect of climate change in the Kluane Lake region.,
Ukpik-1 (Western University – Nunavut Arctic College CubeSat Project),University of Western Ontario,Canada,2U,2023-06-05,"Reentered, No signal",Educational mission to flight-test a novel imaging system to provide virtual reality-ready images.,
CXPD (Cosmic X-ray Polarization Detection),Guangxi University,China,1U,2023-06-07,Operational,Test the low energy polarization detector prototype for the POLAR-2 gamma ray polarimeter.,
Ayris 1 (AYRIS-1),?,Israel,6U,2023-06-12,Operational,Two 6U nanosatellites for a technology demonstration mission.,
Ayris 2 (AYRIS-2),?,Israel,6U,2023-06-12,Operational,Two 6U nanosatellites for a technology demonstration mission.,
Delta (All-Delta),Aurora Insight,US,6U,2023-06-12,Operational,Take trillions of measurements to produce valuable information on RF spectrum and the networks that rely on it.,
EIVE (Exploratory In-Orbit Verification of an E / W Band Satellite Communication Link),University of Stuttgart,Germany,6U,2023-06-12,"Reentered, Operational",Demonstrate radio link in the E-band at 71 - 76 GHz between a satellite and a ground station.,
"ELO 4 (ELO-4, Eutelsat LEO for Objects)",Eutelsat,US,6U,2023-06-12,"Reentered, Operational, ?",Narrowband system to evaluate the pros and cons of IoT constellation.,
"EPICHyper-2 (Wyvern-2, Dragonette-002, AAC-HSI-SAT2)",AAC Clyde Space,UK,6U,2023-06-12,Operational,AAC Clyde Space is building Wyvern’s first three satellites,
FOSSASat FEROX 1 (FOSSASAT2E14),Fossa Systems,Spain,FEROX (1/4Ux3Ux2U),2023-06-12,"Reentered, Operational",Offers global low-power Internet of Things (IoT) connectivity and in-space services through its satellite constellation,
FOSSASat FEROX 2 (FOSSASAT2E15),Fossa Systems,Spain,FEROX (1/4Ux3Ux2U),2023-06-12,"Reentered, Operational",Offers global low-power Internet of Things (IoT) connectivity and in-space services through its satellite constellation,
FOSSASat FEROX 3 (FOSSASAT2E16),Fossa Systems,Spain,FEROX (1/4Ux3Ux2U),2023-06-12,"Reentered, Operational",Offers global low-power Internet of Things (IoT) connectivity and in-space services through its satellite constellation,
"FOSSASat FEROX 4 (Platzi-Sat1, FOSSASAT2E17)",Fossa Systems,Spain,FEROX (1/4Ux3Ux2U),2023-06-12,"Reentered, Operational",Offers global low-power Internet of Things (IoT) connectivity and in-space services through its satellite constellation,
GEISAT Precursor (GEI-SAT),SATLANTIS,Spain,16U,2023-06-12,Operational,"The satellite is an iSIM-SAT 16U-CubeSat, equipped with an iSIM-90 camera onboard.",
Istanbul,Hello Space,Turkey,PocketQube 1p,2023-06-12,"Reentered, Operational",Fleet of low-cost ‘PocketQube’ satellites to deliver global data services from orbit.,
"Kelpie 2 (Clyde Orbcomm, AAC-AIS-SAT2)",AAC Clyde Space,UK,3U,2023-06-12,Semi-operational,Space-as-a-service model to build and operate spacecraft and sell AIS data exclusively to ORBCOMM.,
Lemur-2 166 Aadam-Aliyah,Spire,US,6U,2023-06-12,Operational,"Constellation for GPS-RO weather data, AIS and ADS-B.",
"Lemur-2 167 Embrionovis (Forest-2, Forest Observation and Recognition Experimental Smallsat Thermal Detector)",OroraTech,Germany,6U,2023-06-12,Operational,Carry OroraTech’s first unique and proprietary thermal-infrared camera and data processing unit.,
Lemur-2 168 Naziyah,Spire,US,6U,2023-06-12,Operational,"Constellation for GPS-RO weather data, AIS and ADS-B.",
MDQSAT-1C,Innova Space,Argentina,0.25U,2023-06-12,"Reentered, Was operational",Tech demo of Innova Space’s new pico-satellite constellation for IoT.,
MDQSAT-1D,Innova Space,Argentina,0.25U,2023-06-12,"Reentered, Was operational",Tech demo of Innova Space’s new pico-satellite constellation for IoT.,
"MISR-A (Modular Intelligence, Surveillance and Reconnaissance, Modular ISR, MISR-A-1)",Space Systems Command,US,6U,2023-06-12,"Reentered, Operational",,
"MISR-D (MISR-B, MISR-B-2, Modular Intelligence, Surveillance and Reconnaissance)",Space Systems Command,US,6U,2023-06-12,"Reentered, Operational",,
MRC-100 (SMOG-2?),Budapest University of Technology and Economics,Hungary,PocketQube 3p,2023-06-12,"Reentered, Operational","MRC-100 is the continuation of SMOG-P, SMOG-1 and ATL-1 spectrum monitoring PocketQube satellites.",
Outpost Mission 1 (Outpost Mission 0),Outpost,US,3U,2023-06-12,"Retired, Operational","Trial the flight software, avionics, power system, and radiofrequency links that could support future reusable satellites.",
"Pleiades - Squared (PROVES - X, PROVES-Xmera, Pleiades Rapid Orbital Verification Experimental System)",Cal Poly Pomona (Bronco Space),US,1U,2023-06-12,"Reentered, No signal",Will run on the Lovelace architecture as well as carry Cosmic Watch as its payload. It will feature more of the modular design.,
"ROM-2 (ROM2, HADES-C, Romanian Orbital Mission, Space Sparrow)",RomSpace (International Computing High School of Bucharest),Romania,PocketQube 1p,2023-06-12,"Reentered, No signal, ?","Amateur radio mission with 2MP camera, SSDV image transmission and repeater.",
SATLLA-2I (SATTLA-4),Ariel University,Israel,PocketQube 2p,2023-06-12,"Was semi-operational, ?","The latest educational 2p PocketQube platform from Ariel University, designed to test Free Space Optical Communication concepts.",
SpaceBEE-168,Swarm Technologies,US,0.25U,2023-06-12,"Reentered, Operational",World’s smallest two-way communications satellites for IoT.,
SpaceBEE-169,Swarm Technologies,US,0.25U,2023-06-12,"Reentered, Operational",World’s smallest two-way communications satellites for IoT.,
SpaceBEE-170,Swarm Technologies,US,0.25U,2023-06-12,"Reentered, Operational",World’s smallest two-way communications satellites for IoT.,
SpaceBEE-171,Swarm Technologies,US,0.25U,2023-06-12,"Reentered, Operational",World’s smallest two-way communications satellites for IoT.,
SpaceBEE-172,Swarm Technologies,US,0.25U,2023-06-12,"Reentered, Operational",World’s smallest two-way communications satellites for IoT.,
SpaceBEE-173,Swarm Technologies,US,0.25U,2023-06-12,"Reentered, Operational",World’s smallest two-way communications satellites for IoT.,
SpaceBEE-174,Swarm Technologies,US,0.25U,2023-06-12,"Reentered, Operational",World’s smallest two-way communications satellites for IoT.,
SpaceBEE-175,Swarm Technologies,US,0.25U,2023-06-12,"Reentered, Operational",World’s smallest two-way communications satellites for IoT.,
SpaceBEE-176,Swarm Technologies,US,0.25U,2023-06-12,"Reentered, Operational",World’s smallest two-way communications satellites for IoT.,
SpaceBEE-177,Swarm Technologies,US,0.25U,2023-06-12,"Reentered, Operational",World’s smallest two-way communications satellites for IoT.,
SpaceBEE-178,Swarm Technologies,US,0.25U,2023-06-12,"Reentered, Operational",World’s smallest two-way communications satellites for IoT.,
SpaceBEE-179,Swarm Technologies,US,0.25U,2023-06-12,"Reentered, Operational",World’s smallest two-way communications satellites for IoT.,
"SPEI-SATELLES (SpeiSat, “Guardian of Hope”)",Politecnico di Torino,Italy,3U,2023-06-12,"Reentered, Operational",SpeiSat physically keeps a nanobook with the Holy Father's book in his shell and a file containing the messages of hope to be spread during his journey.,
Tiger-4 (Layan-23),OQ Technology,Luxembourg,6U,2023-06-12,Operational,Provide 5G coverage for IoT devices based on NB-IoT,
Unicorn-2I,Alba Orbital,UK,PocketQube 2p,2023-06-12,"Reentered, No signal, ?",Earth Observation constellation to provide near-real time satellite imagery.,
"URESAT-1 (Hades-B, SO-120 Spain Oscar 120)",URE (Spanish Amateur Radio Union),Spain,PocketQube 1.5p,2023-06-12,"Reentered, Semi-operational",FM repeater and improved from the GENESIS missions.,
"XVI (Link-16 CubeSat, AFRL-XVI)",Viasat,US,12U,2023-06-12,"Unknown, ?",Test the first-ever Link 16-capable LEO spacecraft.,
"A-SEANSAT-PG1 (PG1, Penang1, KA CubeSat)",Angkasa-X,Malaysia,6U,2023-06-27,Operational,Earth Observation (EO) and Automatic Identification Systems (AIS) applications.,
"Akhmat-1 (RS41S, Space-PI, Space π)",Chechen State University,Russia,3U,2023-06-27,Operational,Equipped with ADS-B module for aircraft location monitoring.,
"ArcCUBE-01 (RS25S, Space-PI, Space π)",Firon,Russia,3U,2023-06-27,Operational,Designed for schoolchildren to conduct experiments on the organization of a secure transmission channel.,
Avion-Kaluga 650,Lomonosov Moscow State University,Russia,6U,2023-06-27,Operational,Study the temporal and spectral characteristics of electrons and gamma radiation.,
CSTP 1.1 (STC-1.1),STC (Spetsialny Tekhnologichesky Center),Russia,3U,2023-06-27,Operational,adio and radio engineering monitoring,
CSTP 1.2 (STC-1.2),STC (Spetsialny Tekhnologichesky Center),Russia,3U,2023-06-27,Operational,Radiowave propagation studies,
"Cube-SX-HSE-3 (RS42S, Space-PI, Space π)",HSE Tikhonov Moscow Institute of Electronics and Mathematics,Russia,3U,2023-06-27,Operational,Designed to receive signals from AIS transmitters installed on ships for the purpose of subsequent analysis of the data received from the spacecraft.,
"CubeBel-2 (BSUSat-2, BSUSat 2, EU-11S)",Belarusian State University,Belarus,3U,2023-06-27,Operational,Educational mission with multispectral cameras and amateur radio payload.,
"Impuls-1 (Impulse-1, Pulse-1, Impul's-1)",National University of Science and Technology MISiS,Russia,6U,2023-06-27,Operational,"Solar activity monitoring in soft X-ray range, laser and quantum communications development.",
"Khors 1 (Khors No. 1, Hors 1)",Bauman Moscow State Technical University,Russia,6U,2023-06-27,Operational,"Space weather, galactic rays studies, plasma thruster tests.",
"Khors 2 (Khors No. 2, Hors 2)",Bauman Moscow State Technical University,Russia,6U,2023-06-27,Operational,"Space weather, galactic rays studies, plasma thruster tests.",
"KuzGTU-1 (RS47S, Space-PI, Space π)",Kuzbass State Technical University (KuzGTU),Russia,3U,2023-06-27,Operational,"The payload consists of the PV control board, three vibration sensors ocated in mutually perpendicular orientations on the MSC frame, and an electromechanical emulator of a part with internal stresses.",
"Monitor-2 (RS39S, Space-PI, Space π)",Moscow State University,Russia,3U,2023-06-27,Operational,Kubsat SINP MSU for observations of cosmic flares in X-ray and gamma radiation.,
"Monitor-3 (RS-S, Space-PI, Space π)",Moscow State University,Russia,3U,2023-06-27,Operational,Kubsat SINP MSU for observations of cosmic flares in X-ray and gamma radiation.,
"Monitor-4 (Space-PI, Space π)",Moscow State University,Russia,3U,2023-06-27,Operational,Kubsat SINP MSU for observations of cosmic flares in X-ray and gamma radiation.,
"Nanosond-1 (RS49S, Space-PI, Space π, Nanoprobe-1)",Oryol State University,Russia,3U,2023-06-27,Operational,Investigate the conditions and factors in space that affect the SC surface.,
Norbi 2 (Norby),Novosibirsk University,Russia,6U,2023-06-27,Operational,"Solar corona observations with SOL telescope, avionics testing.",
PHI-Demo (Payload Hosting Initiative),Mohammed Bin Rashid Space Centre (MBRSC),United Arab Emirates,12U,2023-06-27,"Operational, ?",A 12U modular satellite platform for payload hosting.,
"Polytech Universe-3 (Space-PI, Space π)",Peter the Great St.Petersburg Polytechnic University,Russia,3U,2023-06-27,Operational,Creation of a three-dimensional non-stationary model of the distribution of the level of electromagnetic radiation near the Earth.,
"ReshUCube-2 (RS37S, Space-PI, Space π)",Siberian State University of Science and Technology,Russia,3U,2023-06-27,Operational,"Flight experiments with promising network protocols for building inter-satellite networks, Internet of things networks, low-speed integrated Internet networks.",
SamSat-ION,Samara University,Russia,3U,2023-06-27,Was operational,"Study of the parameters of the upper ionosphere, the state of the plasma and the Earth's magnetic field along the motion trajectory.",
Saturn,Kuban Technological University,Russia,6U,2023-06-27,"Unknown, ?",Space weather monitoring with AURA-3 detector.,
"Sirius-SINP-3U (Space-PI, Space π)",BG-Optics,Russia,3U,2023-06-27,Operational,"Study of electrons, protons and gamma radiation in low earth orbit.",
SITRO-AIS 5 (KATYS),Sitronics Group,Russia,3U,2023-06-27,Operational,Constellations for AIS for tracking ships and high-resolution optical remote sensing.,
SITRO-AIS 6 (CHIRKIN),Sitronics Group,Russia,3U,2023-06-27,Operational,Constellations for AIS for tracking ships and high-resolution optical remote sensing.,
SITRO-AIS 7 (FARTUSHNIY),Sitronics Group,Russia,3U,2023-06-27,Operational,Constellations for AIS for tracking ships and high-resolution optical remote sensing.,
SITRO-AIS 8 (ANOKHIN),Sitronics Group,Russia,3U,2023-06-27,Operational,Constellations for AIS for tracking ships and high-resolution optical remote sensing.,
SITRO-AIS 9 (SHCHUKIN),Sitronics Group,Russia,3U,2023-06-27,Operational,Constellations for AIS for tracking ships and high-resolution optical remote sensing.,
SITRO-AIS 10 (BURDAEV),Sitronics Group,Russia,3U,2023-06-27,Operational,Constellations for AIS for tracking ships and high-resolution optical remote sensing.,
SITRO-AIS 11 (SHEFFER),Sitronics Group,Russia,3U,2023-06-27,Operational,Constellations for AIS for tracking ships and high-resolution optical remote sensing.,
SITRO-AIS 12 (SMIRENNIY),Sitronics Group,Russia,3U,2023-06-27,Operational,Constellations for AIS for tracking ships and high-resolution optical remote sensing.,
StratoSat TK-1-A (RS45S),Stratonautica,Russia,TinySat 1TU,2023-06-27,"No signal, ?","New TinySat picosatellite format,",
StratoSat TK-1-B (RS52SV),Stratonautica,Russia,TinySat 1TU,2023-06-27,Operational,"New TinySat picosatellite format,",
"StratoSat TK-1-C (Stratosat TK-1-V, RS52SB)",Stratonautica,Russia,TinySat 1TU,2023-06-27,Operational,"New TinySat picosatellite format,",
StratoSat TK-1-D (RS52SD),Stratonautica,Russia,TinySat 2TU,2023-06-27,Operational,"New TinySat picosatellite format,",
StratoSat TK-1-E (RS52SE),Stratonautica,Russia,TinySat 2TU,2023-06-27,Operational,"New TinySat picosatellite format,",
"StratoSat TK-1-F (Stratosat TK-1-G, RS52SG)",Stratonautica,Russia,TinySat 1TU,2023-06-27,"Operational, ?","New TinySat picosatellite format,",
"StratoSat TK1 (RS52S, StratoSat-TK-1, Space-PI, Space π, StratoSat-TK1 )",Stratonautica,Russia,3U,2023-06-27,Operational,Will deploy 6 PocketQube-type picosatellites called TinySat and has 3 cameras.,
"Svyatobor-1 (RS-S, Space-PI, Space π)",National Research Nuclear University MEPhI,Russia,3U,2023-06-27,Operational,Modified plasma engine and 2 cameras to monitor forest fires.,
"UmKa-1 (UMKA-1, RS40S, UKMA-1, Space-PI, Space π)",MOU secondary school No. 29 named after P. I. Zabrodin,Russia,3U,2023-06-27,Operational,Equipped with the electro-optical system for educational astronomical purposes.,
"UTMN-2 (RS27S, Space-PI, Space π)",Tyumen State University (UTMN),Russia,3U,2023-06-27,Operational,Remote diagnostics of the troposphere and water bodies using satellite infrared thermometry with the possibility of using a satellite in the Smart City environment.,
"Vizard-Meteo (RS38S, Space-PI, Space π, Wizard)",NIS,Russia,3U,2023-06-27,Operational,Receive data and analyze it to study environmental and weather phenomena in the waters of the Northern Polar Region.,
"Yareelo 3 (Yareelo No. 3, Yarilo 3)",Bauman Moscow State Technical University,Russia,3U,2023-06-27,Operational,Space weather research.,
"Yareelo 4 (Yareelo No. 4, Yarilo 4)",Bauman Moscow State Technical University,Russia,3U,2023-06-27,No signal,Space weather research.,
Zorkiy-2M,Sputnix,Russia,12U,2023-06-27,Operational,"Multispectral camera with a higher resolution, as well as an increased data transfer rate to Earth.",
Lemur-2 169 Deverill-M-T,Spire,US,3U,2023-07-18,Operational,"Constellation for GPS-RO weather data, AIS and ADS-B.",
Lemur-2 170 Mano,Spire,US,3U,2023-07-18,Operational,"Constellation for GPS-RO weather data, AIS and ADS-B.",
Starling1 A (Starling 1),NASA Ames Research Center,US,6U,2023-07-18,Operational,"Test technologies for affordable, distributed spacecraft (“swarm”) missions.",
Starling1 B (Starling 2),NASA Ames Research Center,US,6U,2023-07-18,Operational,"Test technologies for affordable, distributed spacecraft (“swarm”) missions.",
Starling1 C (Starling 3),NASA Ames Research Center,US,6U,2023-07-18,Operational,"Test technologies for affordable, distributed spacecraft (“swarm”) missions.",
Starling1 D (Starling 4),NASA Ames Research Center,US,6U,2023-07-18,Operational,"Test technologies for affordable, distributed spacecraft (“swarm”) missions.",
Galassia 2 (GALASSIA-2),National University of Singapore,Singapore,3U,2023-07-30,Operational,Perform an inter-satellite link (ISL) with TeLEOS-1 and multispectral imagery.,
"NuLion (NULION, NuSpace LoRaWAN Internet-of-Things Network)",NuSpace,Singapore,3U,2023-07-30,Operational,Seed satellite for a LEO equatorial constellation providing continuous LoRaWAN IoT services.,
ORB-12 Strider,Orbital Astronautics,UK,12U,2023-07-30,"Unknown, ?",Test propulsion module for Aliena-Aurora and many internally developed subsystems.,
SCOOB-II (SCOOBII),Nanyang Technological University,Singapore,3U,2023-07-30,"No signal, ?",SCOOB-II utilizes a three-axis controlled reaction wheel assembly for attitude control.,
"NOUR 03 (NOOR, Noor 3)",Iran's Islamic Revolutionary Guards Corps (IRGC),Iran,6U,2023-09-27,"Reentered, Operational",Provides the Iranian elite force with the capability to monitor Earth from space.,
"ANSER A Leader (Advanced Nanosatellites Systems for Earth Observation Research, ANSWER-WQ, Water Quality)",National Institute of Aerospace Technology (INTA),Spain,3U,2023-10-09,"Reentered, Deployment failure",Constellation of 4 nanosatellites to monitor the quality of the water in reservoirs and swamps in Spain,
"ANSER B (Answer Follower 1,, Advanced Nanosatellites Systems for Earth Observation Research, ANSER-FLW1, ANSWER-WQ, Water Quality)",National Institute of Aerospace Technology (INTA),Spain,3U,2023-10-09,Operational,Constellation of 4 nanosatellites to monitor the quality of the water in reservoirs and swamps in Spain,
"ANSER C (Answer Follower 2, Advanced Nanosatellites Systems for Earth Observation Research, ANSER-FLW2, ANSWER-WQ, Water Quality)",National Institute of Aerospace Technology (INTA),Spain,3U,2023-10-09,Operational,Constellation of 4 nanosatellites to monitor the quality of the water in reservoirs and swamps in Spain,
"CSC-1 (CubeSat Carrier, ISISpace IOD 1, ∑yndeo-1)",ISISpace,Netherlands,6U,2023-10-09,Operational,Provide an In-Orbit Demonstration (IOD) and In-Orbit Verification (IOV) service in space.,
"CSC-2 (CubeSat Carrier, ISISpace IOD 2 Project2, ∑yndeo-2)",ISISpace,Netherlands,6U,2023-10-09,Operational,Provide an In-Orbit Demonstration (IOD) and In-Orbit Verification (IOV) service in space.,
ESTCube-2,University of Tartu,Estonia,3U,2023-10-09,"Reentered, Deployment failure","Test CubeSat platform for Moon missions, deployment of 300 m tether for deorbiting and cameras.",
"MACSAT (Finch-1, MAChine SATellite)",OQ Technology,Luxembourg,6U,2023-10-09,Operational,Demonstrator for 5G NB-IoT constellation.,
"NESS (N3SS, Nanosat 3U for civil spectrum monitoring)",CNES,France,3U,2023-10-09,Operational,"Validate in orbit miniaturized technologies intended for the detection and localization of interfering transmitters,",
PRETTY (Passive REflecTomeTrY),Beyond Gravity,Austria,3U,2023-10-09,Operational,Demonstrate GNSS reflectometry at low grazing angles for altimetry for sea ice detection using a new software-defined GNSS receiver.,
"Proba-V Companion CubeSat (PVCC, Proba V-CC)",ESA (European Space Agency),Belgium,12U,2023-10-09,Operational,Fly a cut-down version of the vegetation-monitoring instrument aboard the Earth-observing Proba-V with plans for constellation.,
BEAK,University of Tokyo,Japan,3U,2023-11-10,"Reentered, Unknown, ?",Dragsail and water resistojet propulsion demonstration.,
"Clark sat-1 (Ambitious, CLARKSAT-1)",CLARK NEXT TOKYO High School,Japan,1U,2023-11-10,"Reentered, Operational",Educational mission with amateur radio payload and a camera.,
"Barry (B1B2, Orbital Robot, OTP-1)",Rogue Space Systems,US,12U,2023-11-11,"Reentered, Was operational","Building a fleet of Orbital Robots (Orbots™) equipped with sensors, cameras, robotics and artificial intelligence (AI) software to enable up-close inspections and assistanc",
BRO-10 (Breizh Reconnaissance Orbiter),Unseenlabs,France,6U,2023-11-11,Operational,Spectrum monitoring service. Maritime surveillance. Electromagnetic intelligence service.,
BRO-11 (Breizh Reconnaissance Orbiter),Unseenlabs,France,6U,2023-11-11,Operational,Spectrum monitoring service. Maritime surveillance. Electromagnetic intelligence service.,
Connecta T3.1,Plan-S,Turkey,3U,2023-11-11,Operational,Main mission is Inter-Satellite Link technology demonstration.,
Connecta T3.2,Plan-S,Turkey,3U,2023-11-11,Operational,Main mission is Inter-Satellite Link technology demonstration.,
CRYPTO3,CryptoSat,US,3U,2023-11-11,"Reentered, Operational",Third satellite of a CubeSat constellation whose mission is to provide cryptographic applications in space.,
Djibouti-1A (HydroSat),University of Djibouti,Djibouti,1U,2023-11-11,Operational,Primarily educational misison with Earth observation and IoT payloads.,
"EPICHyper-3 (Wyvern-3, Dragonette-003, AAC-HSI-SAT3)",AAC Clyde Space,UK,6U,2023-11-11,Operational,AAC Clyde Space is building Wyvern’s first three satellites,
Exo-0 (EXO 0),Exotrail,France,8U,2023-11-11,"Operational, ?","Demonstrate Airbus Detumbler device, a magnetic damping device that will ensure satellites to remain more stable",
Flock-4q 1,Planet Labs,US,3U,2023-11-11,Operational,Constellation for optical Earth observation with 3-5m resolution.,
Flock-4q 2,Planet Labs,US,3U,2023-11-11,Operational,Constellation for optical Earth observation with 3-5m resolution.,
Flock-4q 3,Planet Labs,US,3U,2023-11-11,"Reentered, Operational",Constellation for optical Earth observation with 3-5m resolution.,
Flock-4q 4,Planet Labs,US,3U,2023-11-11,Operational,Constellation for optical Earth observation with 3-5m resolution.,
Flock-4q 5,Planet Labs,US,3U,2023-11-11,"Reentered, Operational",Constellation for optical Earth observation with 3-5m resolution.,
Flock-4q 6,Planet Labs,US,3U,2023-11-11,Operational,Constellation for optical Earth observation with 3-5m resolution.,
Flock-4q 7,Planet Labs,US,3U,2023-11-11,Operational,Constellation for optical Earth observation with 3-5m resolution.,
Flock-4q 8,Planet Labs,US,3U,2023-11-11,"Reentered, Operational",Constellation for optical Earth observation with 3-5m resolution.,
Flock-4q 9,Planet Labs,US,3U,2023-11-11,Operational,Constellation for optical Earth observation with 3-5m resolution.,
Flock-4q 10,Planet Labs,US,3U,2023-11-11,Operational,Constellation for optical Earth observation with 3-5m resolution.,
Flock-4q 11,Planet Labs,US,3U,2023-11-11,Operational,Constellation for optical Earth observation with 3-5m resolution.,
Flock-4q 12,Planet Labs,US,3U,2023-11-11,Operational,Constellation for optical Earth observation with 3-5m resolution.,
Flock-4q 13,Planet Labs,US,3U,2023-11-11,Operational,Constellation for optical Earth observation with 3-5m resolution.,
Flock-4q 14,Planet Labs,US,3U,2023-11-11,Operational,Constellation for optical Earth observation with 3-5m resolution.,
Flock-4q 15,Planet Labs,US,3U,2023-11-11,Operational,Constellation for optical Earth observation with 3-5m resolution.,
Flock-4q 16,Planet Labs,US,3U,2023-11-11,Operational,Constellation for optical Earth observation with 3-5m resolution.,
Flock-4q 17,Planet Labs,US,3U,2023-11-11,Operational,Constellation for optical Earth observation with 3-5m resolution.,
Flock-4q 18,Planet Labs,US,3U,2023-11-11,"Reentered, Operational",Constellation for optical Earth observation with 3-5m resolution.,
Flock-4q 19,Planet Labs,US,3U,2023-11-11,Operational,Constellation for optical Earth observation with 3-5m resolution.,
Flock-4q 20,Planet Labs,US,3U,2023-11-11,Operational,Constellation for optical Earth observation with 3-5m resolution.,
Flock-4q 21,Planet Labs,US,3U,2023-11-11,Operational,Constellation for optical Earth observation with 3-5m resolution.,
Flock-4q 22,Planet Labs,US,3U,2023-11-11,Operational,Constellation for optical Earth observation with 3-5m resolution.,
Flock-4q 23,Planet Labs,US,3U,2023-11-11,Operational,Constellation for optical Earth observation with 3-5m resolution.,
Flock-4q 24,Planet Labs,US,3U,2023-11-11,"Reentered, Operational",Constellation for optical Earth observation with 3-5m resolution.,
Flock-4q 25,Planet Labs,US,3U,2023-11-11,Operational,Constellation for optical Earth observation with 3-5m resolution.,
Flock-4q 26,Planet Labs,US,3U,2023-11-11,Operational,Constellation for optical Earth observation with 3-5m resolution.,
Flock-4q 27,Planet Labs,US,3U,2023-11-11,Operational,Constellation for optical Earth observation with 3-5m resolution.,
Flock-4q 28,Planet Labs,US,3U,2023-11-11,Operational,Constellation for optical Earth observation with 3-5m resolution.,
Flock-4q 29,Planet Labs,US,3U,2023-11-11,Operational,Constellation for optical Earth observation with 3-5m resolution.,
Flock-4q 30,Planet Labs,US,3U,2023-11-11,Operational,Constellation for optical Earth observation with 3-5m resolution.,
Flock-4q 31,Planet Labs,US,3U,2023-11-11,Operational,Constellation for optical Earth observation with 3-5m resolution.,
Flock-4q 32,Planet Labs,US,3U,2023-11-11,"Reentered, Operational",Constellation for optical Earth observation with 3-5m resolution.,
Flock-4q 33,Planet Labs,US,3U,2023-11-11,Operational,Constellation for optical Earth observation with 3-5m resolution.,
Flock-4q 34,Planet Labs,US,3U,2023-11-11,Operational,Constellation for optical Earth observation with 3-5m resolution.,
Flock-4q 35,Planet Labs,US,3U,2023-11-11,Operational,Constellation for optical Earth observation with 3-5m resolution.,
Flock-4q 36,Planet Labs,US,3U,2023-11-11,Operational,Constellation for optical Earth observation with 3-5m resolution.,
GENMAT-1,Quantum Generative Materials (GenMat),US,6U,2023-11-11,Operational,Equipped with a hyperspectral imager and demonstration for a constellation.,
"Hades-D (HYDRA-1, GENESIS)",AMSAT-EA,Spain,PocketQube 1.5p,2023-11-11,"Reentered, Operational",FM repeater as amateur radio payload.,
Hello Test 1,Hello Space,Turkey,PocketQube 2p,2023-11-11,"Reentered, Operational",,
Hello Test 2,Hello Space,Turkey,PocketQube 2p,2023-11-11,"Reentered, Operational",,
"HERON Mk II (Mark II, High frequency Educational Radio communications On a Nanosatellite)",University of Toronto,Canada,3U,2023-11-11,No signal,Unique biological payload aimed to assess the risk of infections during long-term space missions,
Intuition-1,KP Labs,Poland,6U,2023-11-11,Operational,Demonstrate an advanced hyperspectral imager and novel on-board processor.,
IRIS-C2 (Taurus-1),National Cheng Kung University,Taiwan,3U,2023-11-11,Operational,Educational mission with star tracker and S-band radio.,
JINJUSat-1,CONTEC,South Korea,2U,2023-11-11,"Reentered, Deployment failure",Cameras mounted on the satellite will carry out a mission to take pictures of the Earth.,
KAFASAT,Republic of Korea Air Force Academy,South Korea,3U,2023-11-11,"Reentered, Operational",Photograph the Earth using on-board camera and transmit the images.,
"Lemur-2 171 (SNC 1, LEMUR 2 THE-CLEANER)",Spire,US,6U,2023-11-11,Operational,Radio frequency (RF) collection and analysis.,
"Lemur-2 172 (SNC 2, LEMUR 2 DILIGHTFUL)",Spire,US,6U,2023-11-11,Operational,Radio frequency (RF) collection and analysis.,
"Lemur-2 173 (SNC 3, LEMUR 2 SANITA-VETRA)",Spire,US,6U,2023-11-11,Operational,Radio frequency (RF) collection and analysis.,
"Lemur-2 174 (SNC 4, LEMUR 2 GOOD-VIBES)",Spire,US,6U,2023-11-11,Operational,Radio frequency (RF) collection and analysis.,
"Lemur-2 175 Ella1 (Ella 1, LEMUR 2 MARAPAMASM)",Spire,US,4U,2023-11-11,"Reentered, Operational","Constellation for GPS-RO weather data, AIS and ADS-B.",
"Lemur-2 176 GHGSat 1 A (Bass, Juba)",Spire,US,16U,2023-11-11,Operational,Expand GHGSat satellite constellation for greenhouse gas emissions monitoring.,
"Lemur-2 177 GHGSat 2 B (JK0903EM1407, Elliot)",Spire,US,16U,2023-11-11,Operational,Expand GHGSat satellite constellation for greenhouse gas emissions monitoring.,
"Lemur-2 178 GHGSat 3 C (MJR092620, Vanguard)",Spire,US,16U,2023-11-11,Operational,Expand GHGSat satellite constellation for greenhouse gas emissions monitoring.,
Lemur-2 179 Mango Two 2A (MANGO2A),Spire,US,3U,2023-11-11,"Reentered, Operational","With the Mango Two mission, Spire seeks to test a new ISL payload manufactured by Jacobs.",
Lemur-2 180 Mango Two 2B (MANGO2B),Spire,US,3U,2023-11-11,"Reentered, Operational","With the Mango Two mission, Spire seeks to test a new ISL payload manufactured by Jacobs.",
Lemur-2 181 NANAZ,Spire,US,3U,2023-11-11,"Reentered, Operational","Constellation for GPS-RO weather data, AIS and ADS-B.",
"MANTIS (Mission and Agile Nanosatellite for Terrestrial Imagery Services, OpenConstellation?)",Open Cosmos,UK,12U,2023-11-11,Operational,Earth observation satellite with novel data analysis. Possibly a start of a constellation.,
NinjaSat,RIKEN,Japan,6U,2023-11-11,Operational,Observing persistently bright X-ray objects. Study black holes and neutron stars.,
Observer-1 A (Observer-1A),Nara Space,South Korea,16U,2023-11-11,Operational,Observer-1 is Nara Space’s first Earth observation nano satellite with its own Observer platform applied.,
OMNI-LER1,Quub,US,3U,2023-11-11,"No signal, ?","Experiments of on-board blockchain technology to measure performance, behavior, latency, and reliability of blockchain transactions in LEO.",
OrbAstro-PC1 (ORB-6 Digantara),Orbital Astronautics,UK,6U,2023-11-11,"Unknown, ?",Demonstrate LiDAR-based technology to provide space situational awareness service.,
"OrbAstro-TC1 (TR1, Xplore, OrbAstro ORB-6)",Xplore,US,6U,2023-11-11,"Unknown, ?","Xplore will utilize OrbAstro's satellite buses for a variety of innovative missions, beginning with OrbAstro's ORB-6 platform.",
OSW Cazorla,Odyssey SpaceWorks,US,3U,2023-11-11,Operational,"We build and operate satellites that house miniaturized R&D labs. First satellite, carries two labs.",
Outpost Mission 2 (Ferry-1),Outpost,US,3U,2023-11-11,Operational,"GasPak, a low mass, clean gas generator, engineered to optimize the functionality of NASA’s hypersonic inflatable aerodynamic decelerators.",
"PEARL 1C (Foxconn, Project Peal)",Foxconn,Taiwan,6U,2023-11-11,Operational,"Foxconn unveils space venture: ""Pearl"" to launch aboard SpaceX rocket in November 2023.",
"PEARL 1H (Foxconn, Project Peal)",Foxconn,Taiwan,6U,2023-11-11,Operational,"Foxconn unveils space venture: ""Pearl"" to launch aboard SpaceX rocket in November 2023.",
Picacho (Gossamer Vendelinus),Lunasonde,UK,1U,2023-11-11,"Reentered, Deployment failure, ?",Measure the power spectral density of low-frequency radio signals in the ionosphere.,
"PICO-1A-1 (PiCo-IoT 1, Apogeo Space, FEES, PICO-01A003)",Apogeo Space,Italy,0.3U,2023-11-11,"Was operational, ?",Constellation for connecting remote monitoring devices.,
"PICO-1A-2 (PiCo-IoT 2, Apogeo Space, FEES, PICO-01B009)",Apogeo Space,Italy,0.3U,2023-11-11,"Was operational, ?",Constellation for connecting remote monitoring devices.,
"PICO-1A-3 (PiCo-IoT 3, Apogeo Space, FEES, PICO-01C008)",Apogeo Space,Italy,0.3U,2023-11-11,"Reentered, Was operational, ?",Constellation for connecting remote monitoring devices.,
"PICO-1A-4 (PiCo-IoT 4, Apogeo Space, FEES, PICO-01D007)",Apogeo Space,Italy,0.3U,2023-11-11,"Reentered, Was operational, ?",Constellation for connecting remote monitoring devices.,
"PICO-1A-5 (PiCo-IoT 5, Apogeo Space, FEES, PICO-01E001)",Apogeo Space,Italy,0.3U,2023-11-11,"Reentered, Was operational, ?",Constellation for connecting remote monitoring devices.,
"PICO-1A-6 (PiCo-IoT 6, Apogeo Space, FEES, PICO-01F006)",Apogeo Space,Italy,0.3U,2023-11-11,"Reentered, Was operational, ?",Constellation for connecting remote monitoring devices.,
"PICO-1A-7 (PiCo-IoT 7, Apogeo Space, FEES, PICO-01G005)",Apogeo Space,Italy,0.3U,2023-11-11,"Was operational, ?",Constellation for connecting remote monitoring devices.,
"PICO-1A-8 (PiCo-IoT 8, Apogeo Space, FEES, PICO-01H004)",Apogeo Space,Italy,0.3U,2023-11-11,"Reentered, Was operational, ?",Constellation for connecting remote monitoring devices.,
"PICO-1A-9 (PiCo-IoT 9, Apogeo Space, FEES, PICO-01I002)",Apogeo Space,Italy,0.3U,2023-11-11,"Reentered, Was operational, ?",Constellation for connecting remote monitoring devices.,
PLATERO,Open Cosmos,Spain,6U,2023-11-11,Operational,6U satellite combining EO and real-time IoT data to track farming's impact and aid sustainable policies.,
Platform-5,EnduroSat,Bulgaria,3U,2023-11-11,"Reentered, Operational",,
ProtoMéthée-1 (ProtoMethee-1),Promethee,France,16U,2023-11-11,Operational,Demonstration for Earth observation constellation and image analysis platform.,
ROM-3 (Romanian Orbital Mission 3),RomSpace (International Computing High School of Bucharest),Romania,PocketQube 1.5p,2023-11-11,"No signal, ?","Amateur radio mission with digital repeater, SSDV image transmission and CW beacon.",
Spaceant-D (Space ANT-D),Universiti Sains Malaysia,Malaysia,PocketQube 1p,2023-11-11,"Reentered, No signal",Educational mission to collect sensor data and amateur radio payload.,
STORK-7 (Aman-1 Reflight),ETCO Space,Poland,3U,2023-11-11,"Reentered, Deployment failure",Oman’s first satellite.,
Tartan Artibeus-2 (TartanArtibeus-2),Carnegie Mellon University,US,PocketQube 1p,2023-11-11,"No signal, ?",Educational amateur radio mission with orbital edge computing elements.,
Tiger-5,OQ Technology,Luxembourg,6U,2023-11-11,Operational,Provide 5G coverage for IoT devices based on NB-IoT.,
Tiger-6,OQ Technology,Luxembourg,6U,2023-11-11,Operational,Provide 5G coverage for IoT devices based on NB-IoT.,
Time We’ll Tell (TrustPoint-2),TrustPoint,US,3U,2023-11-11,"Unknown, ?","Features an Position, Navigation, and Time (PNT) Payload that will demonstrate TrustPoint’s core technologies.",
Unicorn-2J,Alba Orbital,UK,PocketQube 2p,2023-11-11,"Reentered, Operational",Earth Observation constellation to provide near-real time satellite imagery.,
Unicorn-2K,Alba Orbital,UK,PocketQube 2p,2023-11-11,"Reentered, Operational",Earth Observation constellation to provide near-real time satellite imagery.,
Veronika,Spacemanic,Slovakia,1U,2023-11-11,Operational,"Two cameras and will operate in the amateur radio band, allowing our client to have a personal connection with space exploration. The first-ever pink satellite.",
"Ymir-1 (AAC-AIS-SAT-3, Saab Orbcomm VDES CubeSat)","AOS (AAC Clyde Space, Saab, Orbcomm)",Sweden,3U,2023-11-11,Operational,Carry a VDES (VHF Data Exchange System) payload from Saab for two-way communication between satellite and ground.,
"ALISIO (Advanced and Light Satellite for Infrared Observations, ALISIO1, ALISIO-1)",IACTec SPACE - Instituto de Astrofísica de Canarias,Spain,3U,2023-12-01,Operational,SWIR instrument and test a magnetic measurement card useful for LISA. Optical laser communication capabilities.,
"BEESAT-14 (NanoFF-A, NanoFF 1, NANOFF A)",Technical University of Berlin,Germany,2U,2023-12-01,Operational,Formation flying and multispectral camera.,
"BEESAT-15 (NanoFF-B, NanoFF 2, NANOFF B)",Technical University of Berlin,Germany,2U,2023-12-01,Operational,Formation flying and multispectral camera.,
EIRSAT-1 (Educational Irish Research Satellite),University College Dublin,Ireland,2U,2023-12-01,Operational,Test a novel gamma-ray detector module and an experiment with thermal coatings for spacecraft.,
"ENSO (ROBUSTA-1, Expleo Nanosat for Solar-irradiance Observations)",Expleo,France,1U,2023-12-01,Operational,Nanosatellite R&D platform that aims to help characterise the ionosphere by providing a signal to SANSA ground stations that measure solar activity and its impact on Earth.,
Hayasat-1,Bazoomq Space Research Lab,Armenia,1U,2023-12-01,Operational,,
Lilium-1 (IRIS-E),National Cheng Kung University,Taiwan,3U,2023-12-01,Operational,Lilium-1 CubeSat’s mission is focus on demonstrate image PAT operation and IoT S&F operation.,
LOGSATS (LOra Gateway Service and Aircraft Tracking Satellite),EOS Orbit,Thailand,3U,2023-12-01,"No signal, ?",Demonstrate both the first Thai space-based Internet-of-Things (IoT) communications systems and aviation monitoring system of Thailand.,
MDQubeSat-2 (MDQubesat-1),Innova Space,Argentina,PocketQube 2p,2023-12-01,Operational,Proof of concept for IoT communications through picosatellites in LEO.,
"SpIRIT (Space Industry – Responsive – Intelligent – Thermal, HERMES-SP)",University of Melbourne,Australia,6U,2023-12-01,Operational,Demonstrator cubesat carrying an X-ray detector and propulsion system.,
Unicorn-2L,Alba Orbital,UK,PocketQube 2p,2023-12-01,"Unknown, ?",Earth Observation constellation to provide near-real time satellite imagery.,
Unicorn-2M,Alba Orbital,UK,PocketQube 2p,2023-12-01,"Unknown, ?",Earth Observation constellation to provide near-real time satellite imagery.,
Unicorn-2N,Alba Orbital,UK,PocketQube 2p,2023-12-01,"Reentered, Operational",Earth Observation constellation to provide near-real time satellite imagery.,
"BaYi-08 (08 Star, Bayi-08)",Changguang Satellite Technology,China,6U,2024-01-17,"Reentered, Unknown, ?","Has a 3.5-meter resolution EO camera, optical communication payload, audio and video transmission, radio communication payload, and other scientific payloads.",
Hatef 1 (Hatef-1),Iran Electronic Industries (SAIRAN),Iran,3U,2024-01-28,"Unknown, ?",Test narrowband communication technology using the Internet of Things,
"Kaihan 2 (Kaihan-2, Keyhan2 )",Iran Electronic Industries (SAIRAN),Iran,3U,2024-01-28,"Unknown, ?",Demonstrate positioning technology for the spacecraft.,
"Skylark 1 (Lemur-2 182, FM178, LEMUR 2 CAEL)",NorthStar,Canada,16U,2024-01-31,Operational,Initial fleet for a constellation of space situational awareness (SSA) data.,
"Skylark 2 (Lemur-2 183, FM179, LEMUR 2 NIMBUS2000)",NorthStar,Canada,16U,2024-01-31,Operational,Initial fleet for a constellation of space situational awareness (SSA) data.,
"Skylark 3 (Lemur-2 184, FM180, LEMUR 2 VALHALLA)",NorthStar,Canada,16U,2024-01-31,Operational,Initial fleet for a constellation of space situational awareness (SSA) data.,
"Skylark 4 (Lemur-2 185, FM181, LEMUR 2 OBA-NI-JESU)",NorthStar,Canada,16U,2024-01-31,Operational,Initial fleet for a constellation of space situational awareness (SSA) data.,
TIRSAT (Thermal Infrared Nanosatellite),Japan Space Systems,Japan,3U,2024-02-17,Operational,LWIR infrared Earth observation instrument capable of 96 meter per pixel at 600 km altitude.,
SITRO-AIS 25,Sitronics Group,Russia,3U,2024-02-29,Operational,Constellations for AIS for tracking ships and high-resolution optical remote sensing.,
SITRO-AIS 26,Sitronics Group,Russia,3U,2024-02-29,Operational,Constellations for AIS for tracking ships and high-resolution optical remote sensing.,
SITRO-AIS 27,Sitronics Group,Russia,3U,2024-02-29,Operational,Constellations for AIS for tracking ships and high-resolution optical remote sensing.,
SITRO-AIS 28,Sitronics Group,Russia,3U,2024-02-29,Operational,Constellations for AIS for tracking ships and high-resolution optical remote sensing.,
SITRO-AIS 29,Sitronics Group,Russia,3U,2024-02-29,"Was operational, No signal, ?",Constellations for AIS for tracking ships and high-resolution optical remote sensing.,
SITRO-AIS 30,Sitronics Group,Russia,3U,2024-02-29,"Was operational, No signal, ?",Constellations for AIS for tracking ships and high-resolution optical remote sensing.,
SITRO-AIS 31,Sitronics Group,Russia,3U,2024-02-29,Operational,Constellations for AIS for tracking ships and high-resolution optical remote sensing.,
SITRO-AIS 32,Sitronics Group,Russia,3U,2024-02-29,Operational,Constellations for AIS for tracking ships and high-resolution optical remote sensing.,
SITRO-AIS 33,Sitronics Group,Russia,3U,2024-02-29,Operational,Constellations for AIS for tracking ships and high-resolution optical remote sensing.,
SITRO-AIS 34,Sitronics Group,Russia,3U,2024-02-29,Operational,Constellations for AIS for tracking ships and high-resolution optical remote sensing.,
SITRO-AIS 35,Sitronics Group,Russia,3U,2024-02-29,Operational,Constellations for AIS for tracking ships and high-resolution optical remote sensing.,
SITRO-AIS 36,Sitronics Group,Russia,3U,2024-02-29,Operational,Constellations for AIS for tracking ships and high-resolution optical remote sensing.,
SITRO-AIS 49,Sitronics Group,Russia,3U,2024-02-29,Operational,Constellations for AIS for tracking ships and high-resolution optical remote sensing.,
SITRO-AIS 50,Sitronics Group,Russia,3U,2024-02-29,Operational,Constellations for AIS for tracking ships and high-resolution optical remote sensing.,
SITRO-AIS 51,Sitronics Group,Russia,3U,2024-02-29,Operational,Constellations for AIS for tracking ships and high-resolution optical remote sensing.,
SITRO-AIS 52,Sitronics Group,Russia,3U,2024-02-29,Operational,Constellations for AIS for tracking ships and high-resolution optical remote sensing.,
Zorkiy-2M-2 (ZORKI-2M NO. 2),Sputnix,Russia,12U,2024-02-29,Operational,"Multispectral camera with a higher resolution, as well as an increased data transfer rate to Earth.",
BRO-12 (Breizh Reconnaissance Orbiter),Unseenlabs,France,8U,2024-03-04,Operational,Spectrum monitoring service. Maritime surveillance. Electromagnetic intelligence service.,
BRO-13 (Breizh Reconnaissance Orbiter),Unseenlabs,France,8U,2024-03-04,Operational,Spectrum monitoring service. Maritime surveillance. Electromagnetic intelligence service.,
"ContecSat-1 (CONTEC CubeSat, Oreum, Oreum SAT)",CONTEC,South Korea,16U,2024-03-04,Operational,"The payload will consist of imager with 1.5 m resolution, supplied by NanoAvionics partner, and Contec’s laser communication terminal (LCT).",
"HAMMER (IOD6, CogniSAT-6, Atlantic Constellation UK Pathfinder, Hyperspectral AI for Marine Monitoring and Emergency Response)",Open Cosmos,UK,6U,2024-03-04,Operational,"In partnership with the Satellite Applications Catapult, which will focus on monitoring the Atlantic coastal and maritime areas",
HORACIO,SATLANTIS,Spain,3U,2024-03-04,Operational,,
"Hubble 1 (Lemur-2 186, LEMUR 2 ROCINANTE)",Hubble,US,16U,2024-03-04,Operational,,
"Hubble 2 (Lemur-2 187, FM192, LEMR2421, LEMUR 2 JOHNNYTRUONG)",Hubble,US,16U,2024-03-04,Operational,,
IRIS-F1,SATORO Space,Taiwan,3U,2024-03-04,Operational,Scientific in-orbit verification mission with an innovative automatic identification system (AIS).,
"LaCE 1 (Lace A, LaCE-1, Laser Crosslink Experiment)",Naval Information Warfare Command (NIWC) Pacific,US,3U,2024-03-04,Operational,Demonstrate a low SWAP optical communications crosslink in LEO (Low Earth Orbit).,
"LaCE 2 (Lace B, LaCE-2, Laser Crosslink Experiment)",Naval Information Warfare Command (NIWC) Pacific,US,3U,2024-03-04,Was operational,Demonstrate a low SWAP optical communications crosslink in LEO (Low Earth Orbit).,
"Lemur-2 188 (LEMUR 2 CHARLIE-ROSE, Myriota?)",Spire,US,3U,2024-03-04,Operational,"Constellation for GPS-RO weather data, AIS and ADS-B.",
"Lemur-2 189 (LEMUR 2 FELDHUS, Myriota?)",Spire,US,3U,2024-03-04,Operational,"Constellation for GPS-RO weather data, AIS and ADS-B.",
"M3 (M3Sat, Multi-Mode Mission, USIP; Undergraduate Student Instrument Project)",Missouri University of Science and Technology,US,3U,2024-03-04,"Reentered, No signal, ?",Validates operation and performance of a multi-mode micro-propulsion system.,
"MH-1 (AEROS, AEROS-MH1)",CEiiA,Portugal,3U,2024-03-04,"Reentered, Operational, ?",Pathfinder toward a future ocean-observing constellation targeting the Portuguese Atlantic region,
"ONDOSAT-OWL-1 (OWL-1, OWLSAT-1)",ONDO Space,Mongolia,0.5U,2024-03-04,"Reentered, Operational",Imaging Mission (OVCAM) and Store & Forward (S&F) mission. Demonstrate CubeSat platform technologies.,
"ONDOSAT-OWL-2 (OWL-2, OWLSAT-2)",ONDO Space,Mongolia,0.5U,2024-03-04,Operational,Imaging Mission (OVCAM) and Store & Forward (S&F) mission. Demonstrate CubeSat platform technologies.,
OrbAstro TR2 (OrbAstro-TR2),Orbital Astronautics,UK,6U,2024-03-04,"Unknown, ?",Tech demo missions with radiofrequency payloads.,
"Pony Express 2 (PE2_FLT1 , TYVAK-0261)",Lockheed Martin,US,12U,2024-03-04,Operational,Prove out RF-enabled swarming formations and space-to-space networking.,
"Pony Express 3 (PE2_FLT2, TYVAK-0262)",Lockheed Martin,US,12U,2024-03-04,Operational,Prove out RF-enabled swarming formations and space-to-space networking.,
"PY4 A (PY4 SV1, PY4-1)",Carnegie Mellon University,US,3U,2024-03-04,Operational,Test cost-efficient swarm capabilities – the ability for multiple spacecraft to communicate and perform coordinated actions.,
"PY4 B (PY4 SV2, PY4-2)",Carnegie Mellon University,US,3U,2024-03-04,"Reentered, Operational",Test cost-efficient swarm capabilities – the ability for multiple spacecraft to communicate and perform coordinated actions.,
"PY4 C (PY4 SV3, PY4-3)",Carnegie Mellon University,US,3U,2024-03-04,Operational,Test cost-efficient swarm capabilities – the ability for multiple spacecraft to communicate and perform coordinated actions.,
"PY4 D (PY4 SV4, PY4-4)",Carnegie Mellon University,US,3U,2024-03-04,Operational,Test cost-efficient swarm capabilities – the ability for multiple spacecraft to communicate and perform coordinated actions.,
"RROCI-2 (EWS RROCI, Rapid Revisit Optical Cloud Imager)",U.S. Space Force,US,12U,2024-03-04,Operational,Demonstrate an Electro-Optical / Infrared (EO/IR) LEO-based cloud characterization solution that supports U.S. warfighter operations.,
"Sentry (Scout-1, Quantum Sentry Satellite, Quantum Sentry1)",Quantum Space,US,6U,2024-03-04,"Operational, ?","First mission will include a sensor and edge computing payload, and will communicate with the cloud-based mission management system.",
SONATE-2,University of Würzburg,Germany,6U,2024-03-04,Operational,Development and operation of a technology test satellite for highly autonomous payloads and artificial intelligence.,
Tiger-7,OQ Technology,Luxembourg,6U,2024-03-04,Operational,Provide 5G coverage for IoT devices based on NB-IoT,
Tiger-8,OQ Technology,Luxembourg,6U,2024-03-04,Operational,Provide 5G coverage for IoT devices based on NB-IoT,
"VEERY-0E “Ectobius” (Fledgling Veery, Veery v0.3-rc0)",Care Weather,US,1U,2024-03-04,"Operational, ?",Building phone—sized weather satellites to power a super accurate forecast.,
AeroCube-16A,Aerospace Corporation,US,6U,2024-03-21,Operational,Various advanced materials experiments and lasercomm payload for intersatellite link.,
AeroCube-16B,Aerospace Corporation,US,6U,2024-03-21,Operational,Various advanced materials experiments and lasercomm payload for intersatellite link.,
Big Red Sat-1 (BRS-1),University of Nebraska,US,1U,2024-03-21,"Reentered, Operational",Educational mission to demonstrate perovskite panel technology.,
BurstCube (UVI-BurstCube),NASA Goddard Space Flight Center,US,6U,2024-03-21,"Reentered, Operational",Autonomously detect gamma ray bursts (GRBs) onboard to detect fading broadband afterglows.,
CURTIS,Kyushu Institute of Technology,Japan,3U,2024-03-21,"Reentered, Operational",Thermal conductivity experiments of surface-coated graphite materials. Demonstration of a highly integrated OBC-EPS-UHF transceiver by Panasonic.,
HyTI (Hyperspectral Thermal Imager),University of Hawai’i at Mānoa,US,6U,2024-03-21,"Reentered, Operational",Demonstrate long-wave infrared imager to monitor water resources.,
KASHIWA,Chiba Institute of Technology,Japan,1U,2024-03-21,"Reentered, Operational",Educational mission with cameras and amateur radio payloads.,
Killick1 (Killick-1),Memorial University of Newfoundland,Canada,2U,2024-03-21,"Reentered, No signal, ?",Test technology to monitor oceans (sea-ice detection and sea-ice concentration estimation).,
MicroOrbiter (MicroOrbiter-1),MicroOrbiter,Japan,3U,2024-03-21,"Reentered, Operational",MicroOrbiter-1 is designed to store the small sensor data from the LoRa ground terminal and forward to the Earth Station.,
Mola,Naval Postgraduate School (NPS),US,3U,2024-03-21,Operational,A terahertz imaging camera (TIC) and an LED on-orbit payload (LOOP).,
"QMSat (Quantum Magneto Satellite, UdeSat)",Université de Sherbrooke,Canada,2U,2024-03-21,"Reentered, No signal, ?",In-orbit demonstration of a quantum magnetometer.,
SNoOPI (SigNals of Opportunity P-band Investigation),Purdue University,US,6U,2024-03-21,"Reentered, Operational",Demonstrate the measurement of the complex reflection coefficient over various land surface conditions.,
VIOLET (CubeSat NB),University of New Brunswick,Canada,2U,2024-03-21,"Reentered, No signal",Measure GPS signals after passing through atmosphere and several cameras for atmosphere and Earth imaging.,
Centauri-6,Fleet Space,Australia,12U,2024-04-07,Operational,IoT satellite network.,
"Gagarinets (GAGARINEC, RS85S)",Avant Space,Russia,3U,2024-04-11,"Reentered, Operational",We transmit data directly to smartphone’s cameras by sending short messages with hyperlinks connected to mass media resources.,
"Mass Dummy Cubesat (GMM KA, Satellite Mass Simulator)",?,Russia,3U,2024-04-11,"Reentered, Passive",,
ACS3 (Advanced Composite Solar Sail System),NASA Ames Research Center,US,12U,2024-04-23,Operational,Characterize solar sail structures technologies for future small spacecraft deep space missions.,
"iCUBE-Q (SJTU Siyuan 2, IST CubeSat Qamar, ICUBE-Qamar, ICUBE-Q CubeSat)",Islamabad Institute of Science and Technology,Pakistan,6.5 kg,2024-05-03,"Operational, ?",Detect traces of water-ice on the lunar surface.,
SITRO-AIS 53,Sitronics Group,Russia,3U,2024-05-16,Operational,Constellations for AIS for tracking ships and high-resolution optical remote sensing.,
SITRO-AIS 54,Sitronics Group,Russia,3U,2024-05-16,Operational,Constellations for AIS for tracking ships and high-resolution optical remote sensing.,
SITRO-AIS 55,Sitronics Group,Russia,3U,2024-05-16,Operational,Constellations for AIS for tracking ships and high-resolution optical remote sensing.,
SITRO-AIS 56,Sitronics Group,Russia,3U,2024-05-16,Operational,Constellations for AIS for tracking ships and high-resolution optical remote sensing.,
Zorkiy-2M-4 (ZORKI-2M NO. 4),Sputnix,Russia,12U,2024-05-16,Operational,"Multispectral camera with a higher resolution, as well as an increased data transfer rate to Earth.",
Zorkiy-2M-6 (ZORKI-2M NO. 6),Sputnix,Russia,12U,2024-05-16,Operational,"Multispectral camera with a higher resolution, as well as an increased data transfer rate to Earth.",
PREFIRE-2 (PREFIRE B. Polar Radiant Energy in the Far Infrared Experiment),University of Wisconsin,US,6U,2024-05-25,Operational,Measuring the Arctic’s radiant energy and how this energy is affecting the Arctic warming.,
"PREFIRE-1 (PREFIRE A, Polar Radiant Energy in the Far Infrared Experiment)",University of Wisconsin,US,6U,2024-06-05,Operational,Measuring the Arctic’s radiant energy and how this energy is affecting the Arctic warming.,
CATSAT,University of Arizona,US,6U,2024-07-04,Operational,Deploy and demonstrate an inflatable one-meter spherical antenna in Earth’s orbit.,
KUbeSat-1 (KUbeSat1),University of Kansas,US,3U,2024-07-04,"No signal, ?",Use cosmic ray detector to study exposure and effect on crewed missions.,
"MESAT-1 (MESAT1, Maine’s 1st Small Satellite, MEASAT-1)",University of Maine,US,3U,2024-07-04,"Operational, ?",Educational mission with amateur radio payloads.,
R5-S2 (R5-S2-2.0),NASA Johnson Space Center,US,3U,2024-07-04,Operational,Demonstrate technologies to speed up hosted payload and in-space inspection.,
R5-S4,NASA Johnson Space Center,US,3U,2024-07-04,Operational,Demonstrate technologies to speed up hosted payload and in-space inspection.,
Serenity III (Serenity (3)),Teachers in Space,US,3U,2024-07-04,Operational,Educational mission to allow interaction with the CubeSat and blockchain for inter-satellite transactions.,
SOC-i (Satellite for Optimal Control and Imaging),University of Washington,US,2U,2024-07-04,"No signal, ?","Advanced guidance, navigation and control (GNC) payload and Earth imaging camera.",
TechEdSat-11 (TES-11),NASA Ames Research Center,US,6U,2024-07-04,Operational,"6U-XL bus size, Largest TES Exo-Brake Yet: 2.0m². Gen-2 TES SDR S-band Radio, NOAA Radio.",
3Cat-4 (CubeCat-4),"Polytechnic University of Catalonia (UPC, BarcelonaTECH)",Spain,1U,2024-07-09,"Was operational, ?",Demonstrate Global Navigation Satellite System - Reflectometry (GNSS-R) and L - band microwave radiometry and AIS.,
CURIE A (CUbesat Radio Interferometry Experiment),"University of California, Berkeley",US,3U,2024-07-09,"No signal, ?",Radio astronomy missions to measure radio waves from 0.1-19MHz.,
CURIE B (CUbesat Radio Interferometry Experiment),"University of California, Berkeley",US,3U,2024-07-09,"No signal, ?, On spacecraft",Radio astronomy missions to measure radio waves from 0.1-19MHz.,
Curium One,Planetary Transportation System (PTS),Germany,12U,2024-07-09,"No signal, Was semi-operational",Operate an innovative redundant GPU processing platform powering the ‘Major Tom’ project.,
GRBBeta (GRB-Beta),Technical University of Kosice,Slovakia,2U,2024-07-09,Operational,Educational mission with digipeater and testing gamma-ray burst sensor.,
"ISTSat-1 (Istsat-1, ISTnanosat 1, ISTsat-1, ISTnanosat-1)",Instituto Superior Técnico (IST),Portugal,1U,2024-07-09,"Was semi-operational, Was operational, ?",Test an ADS-B receiver that aims to track aircraft in flight.,
Replicator,Orbital Matter,Poland,3U,2024-07-09,No signal,"Print a 50 cm-long beam while at an altitude of 580 km, out of a custom polymer material.",
"ROBUSTA 3A (Méditerranée, Mediterranean-Sat, Radiation on Bipolar Test for University Satellite Application, Robusta-3A, ROBUSTA-3)",University of Montpellier,France,3U,2024-07-09,Operational,Improve the accuracy of weather forecasts around the Mediterranean basin.,
Binar 2 (Binar-2),Curtin University,Australia,1U,2024-08-04,"Reentered, Operational",Test CubeSat technologies for deep space missions.,
Binar 3 (Binar-3),Curtin University,Australia,1U,2024-08-04,"Reentered, Operational",Test CubeSat technologies for deep space missions.,
Binar 4 (Binar-4),Curtin University,Australia,1U,2024-08-04,"Reentered, Operational",Test CubeSat technologies for deep space missions.,
"CosmoGirlSat (CosmoGirl-Sat, Emma)",CosmoGirl Satellite Project,Japan,1U,2024-08-04,"Reentered, Operational",Amateur radio mission with a camera.,
"CySat 1 (CySat-1, CY-SAT-1, Cyclone Satellite 1)",Iowa State University,US,3U,2024-08-04,"Reentered, No signal, ?",Educational training and demonstration of CubeSat platform technologies for asteroid surveying payload.,
DORA (Deployable Optical Receiver Array),Arizona State University,US,3U,2024-08-04,"Reentered, Operational",Demonstrate data rates of 1 Gbps over distances of thousands of kilometers with laser communications.,
SaganSat0 (SaganSat No. 0),Saga Prefectural Space and Science Museum,Japan,1U,2024-08-04,"Reentered, No signal","Infrared camera, Space radiation measurement, Automatic Packet Reporting System (APRS) Digipeater.",
Sakura,Chiba Institute of Technology,Japan,1U,2024-08-04,"Reentered, Operational",APRS mission with digipeater and cameras.,
Wisseed Sat,Wisseed Academy,Japan,3U,2024-08-04,"Reentered, Passive",Carry children's baby teeth to space in imitation of a Japanese custom of throwing their baby teeth onto the house rooves,
BRO-14 (Breizh Reconnaissance Orbiter),Unseenlabs,France,8U,2024-08-16,Operational,Spectrum monitoring service. Maritime surveillance. Electromagnetic intelligence service.,
BRO-15 (Breizh Reconnaissance Orbiter),Unseenlabs,France,8U,2024-08-16,Operational,Spectrum monitoring service. Maritime surveillance. Electromagnetic intelligence service.,
CAKRA-1,Ministry of Marine Affairs and Fisheries,Indonesia,8U,2024-08-16,Operational,Optimize satellite technology for monitoring national maritime resources and supporting local fisheries.,
Connecta IoT 1,Plan-S,Turkey,6U,2024-08-16,Operational,"Connecta IoT Network constellation project, which will provide Internet of Things (IoT) communication services.",
Connecta IoT 2,Plan-S,Turkey,6U,2024-08-16,Operational,"Connecta IoT Network constellation project, which will provide Internet of Things (IoT) communication services.",
Connecta IoT 3,Plan-S,Turkey,6U,2024-08-16,Operational,"Connecta IoT Network constellation project, which will provide Internet of Things (IoT) communication services.",
Connecta IoT 4 (ConnectaIoT-4),Plan-S,Turkey,6U,2024-08-16,Operational,"Connecta IoT Network constellation project, which will provide Internet of Things (IoT) communication services.",
CUAVA-2 (CUAVA2),University of Sydney,Australia,6U,2024-08-16,Operational,Main payloads are hyperspectral imaging & GPS reflectrometry.,
Deimos,Aethero Space,US,1.5U,2024-08-16,Operational,It carries two cameras and tests our ability to do over-the-air updates and ML tasks like reinforcement learning in orbit.,
ERNST (Experimental Spacecraft based on Nanosatellite Technology),Fraunhofer EMI,Germany,12U,2024-08-16,Operational,Main payload is an advanced cryocooled MWIR camera for monitoring the Earths infrared background.,
Flock-4be 1 (FLOCK 4BE-1),Planet Labs,US,3U,2024-08-16,Operational,Constellation for optical Earth observation with 3-5m resolution.,
Flock-4be 2,Planet Labs,US,3U,2024-08-16,Operational,Constellation for optical Earth observation with 3-5m resolution.,
Flock-4be 3,Planet Labs,US,3U,2024-08-16,Operational,Constellation for optical Earth observation with 3-5m resolution.,
Flock-4be 4,Planet Labs,US,3U,2024-08-16,Operational,Constellation for optical Earth observation with 3-5m resolution.,
Flock-4be 5,Planet Labs,US,3U,2024-08-16,Operational,Constellation for optical Earth observation with 3-5m resolution.,
Flock-4be 6,Planet Labs,US,3U,2024-08-16,Operational,Constellation for optical Earth observation with 3-5m resolution.,
Flock-4be 7,Planet Labs,US,3U,2024-08-16,Operational,Constellation for optical Earth observation with 3-5m resolution.,
Flock-4be 8,Planet Labs,US,3U,2024-08-16,Operational,Constellation for optical Earth observation with 3-5m resolution.,
Flock-4be 9,Planet Labs,US,3U,2024-08-16,Operational,Constellation for optical Earth observation with 3-5m resolution.,
Flock-4be 10,Planet Labs,US,3U,2024-08-16,Operational,Constellation for optical Earth observation with 3-5m resolution.,
Flock-4be 11,Planet Labs,US,3U,2024-08-16,Operational,Constellation for optical Earth observation with 3-5m resolution.,
Flock-4be 12,Planet Labs,US,3U,2024-08-16,Operational,Constellation for optical Earth observation with 3-5m resolution.,
Flock-4be 13,Planet Labs,US,3U,2024-08-16,Operational,Constellation for optical Earth observation with 3-5m resolution.,
Flock-4be 14,Planet Labs,US,3U,2024-08-16,Operational,Constellation for optical Earth observation with 3-5m resolution.,
Flock-4be 15,Planet Labs,US,3U,2024-08-16,Operational,Constellation for optical Earth observation with 3-5m resolution.,
Flock-4be 16,Planet Labs,US,3U,2024-08-16,Operational,Constellation for optical Earth observation with 3-5m resolution.,
Flock-4be 17,Planet Labs,US,3U,2024-08-16,Operational,Constellation for optical Earth observation with 3-5m resolution.,
Flock-4be 18,Planet Labs,US,3U,2024-08-16,Operational,Constellation for optical Earth observation with 3-5m resolution.,
Flock-4be 19,Planet Labs,US,3U,2024-08-16,Operational,Constellation for optical Earth observation with 3-5m resolution.,
Flock-4be 20,Planet Labs,US,3U,2024-08-16,Operational,Constellation for optical Earth observation with 3-5m resolution.,
Flock-4be 21,Planet Labs,US,3U,2024-08-16,"No signal, ?",Constellation for optical Earth observation with 3-5m resolution.,
Flock-4be 22,Planet Labs,US,3U,2024-08-16,Operational,Constellation for optical Earth observation with 3-5m resolution.,
Flock-4be 23,Planet Labs,US,3U,2024-08-16,Operational,Constellation for optical Earth observation with 3-5m resolution.,
Flock-4be 24,Planet Labs,US,3U,2024-08-16,Operational,Constellation for optical Earth observation with 3-5m resolution.,
Flock-4be 25,Planet Labs,US,3U,2024-08-16,Operational,Constellation for optical Earth observation with 3-5m resolution.,
Flock-4be 26,Planet Labs,US,3U,2024-08-16,Operational,Constellation for optical Earth observation with 3-5m resolution.,
Flock-4be 27,Planet Labs,US,3U,2024-08-16,Operational,Constellation for optical Earth observation with 3-5m resolution.,
Flock-4be 28,Planet Labs,US,3U,2024-08-16,Operational,Constellation for optical Earth observation with 3-5m resolution.,
Flock-4be 29,Planet Labs,US,3U,2024-08-16,Operational,Constellation for optical Earth observation with 3-5m resolution.,
Flock-4be 30,Planet Labs,US,3U,2024-08-16,Operational,Constellation for optical Earth observation with 3-5m resolution.,
Flock-4be 31,Planet Labs,US,3U,2024-08-16,Operational,Constellation for optical Earth observation with 3-5m resolution.,
Flock-4be 32,Planet Labs,US,3U,2024-08-16,Operational,Constellation for optical Earth observation with 3-5m resolution.,
Flock-4be 33,Planet Labs,US,3U,2024-08-16,Operational,Constellation for optical Earth observation with 3-5m resolution.,
Flock-4be 34,Planet Labs,US,3U,2024-08-16,Operational,Constellation for optical Earth observation with 3-5m resolution.,
Flock-4be 35,Planet Labs,US,3U,2024-08-16,Operational,Constellation for optical Earth observation with 3-5m resolution.,
Flock-4be 36,Planet Labs,US,3U,2024-08-16,Operational,Constellation for optical Earth observation with 3-5m resolution.,
GaindeSat (GaindeSAT-1A),Senegalese Space Project (SENSAT),Senegal,1U,2024-08-16,Operational,First satellite of Senegal with an educational mission.,
GNA-3,Swedish Defence Research Agency (FOI),Sweden,3U,2024-08-16,"Operational, ?",Space situational awareness (TBD).,
"Hubble 3 (Lemur-2, Lemur-2 190, Lemur-2 TomatoKechup?)",Hubble,US,16U,2024-08-16,Operational,,
Hyperfield-1A,Kuva Space,Finland,6U,2024-08-16,Operational,"Our constellation of nanosatellites is equipped with unique hyperspectral camera technology, providing unseen performance/size ratio.",
"HYPSO-2 (HYPer-spectral Satellite for ocean Observation, HYPSO-2)",Norwegian University of Science and Technology (NTNU),US,6U,2024-08-16,Operational,Hyperspectral imager to monitor algal blooms and other biological activity in the ocean.,
"IPERDRONE (Iperdrone.0, DAVID, Iperdrone.0, Autonomous Drone ISS Verification and Deorbit)",CIRA (Italian Aerospace Research Centre),Italy,8U,2024-08-16,Operational,Proximity operations mission of a long-term program developing a multi-functional re-entry system.,
"Kanyini (SASAT1, SASAT-1)",SmartSat CRC,Australia,6U,2024-08-16,Operational,Australian mission with IoT and Earth observation payloads.,
Lemu Nge (Forest Eye),Lemu,Chile,6U,2024-08-16,Operational,Hyperspectral nano-satellite dedicated to biodiversity observation.,
Lemur-2 191 Stella,Spire,US,6U,2024-08-16,Operational,"Constellation for GPS-RO weather data, AIS and ADS-B.",
Lemur-2 192 Marhisyam,Spire,US,6U,2024-08-16,Operational,"Constellation for GPS-RO weather data, AIS and ADS-B.",
Lemur-2 193 Ahmed-Asrar (Myriota?),Spire,US,6U,2024-08-16,Operational,"Constellation for GPS-RO weather data, AIS and ADS-B.",
Lemur-2 194 Lloyd (Myriota?),Spire,US,6U,2024-08-16,Operational,"Constellation for GPS-RO weather data, AIS and ADS-B.",
Lemur-2 195 SquirrelComm (Myriota?),Spire,US,6U,2024-08-16,Operational,"Constellation for GPS-RO weather data, AIS and ADS-B.",
Lemur-2 196 Sierrini (Myriota?),Spire,US,6U,2024-08-16,Operational,"Constellation for GPS-RO weather data, AIS and ADS-B.",
Lopen (Array Labs),Array Labs,US,1.5U,2024-08-16,Operational,"Determine the performance of a novel surface coating developed by Array Labs, one satellite (Lopen) has it and second one (Rock) does not.",
Nightjar (NanoAvionics IoD 1),Rapidtek Technologies,Taiwan,3U,2024-08-16,"Was operational, ?","Two 3U satellites, equipped with an RGB imager and a software-defined radio (SDR), are set to perform in-orbit demonstrations.",
OreSat0.5 (Pleiades – Persephone),Portland State University,US,1.5U,2024-08-16,Operational,"Test the attitude determination and control system (ADCS) of the modular, expandable, and open source OreSat bus.",
"PICO-1B-1 (PiCo-IoT 10, Apogeo Space, FEES)",Apogeo Space,Italy,0.3U,2024-08-16,Operational,Constellation for connecting remote monitoring devices.,
"PICO-1B-2 (PiCo-IoT 11, Apogeo Space, FEES)",Apogeo Space,Italy,0.3U,2024-08-16,Operational,Constellation for connecting remote monitoring devices.,
"PICO-1B-3 (PiCo-IoT 12, Apogeo Space, FEES)",Apogeo Space,Italy,0.3U,2024-08-16,Operational,Constellation for connecting remote monitoring devices.,
"PICO-1B-4 (PiCo-IoT 13, Apogeo Space, FEES)",Apogeo Space,Italy,0.3U,2024-08-16,"Was operational, ?",Constellation for connecting remote monitoring devices.,
"PICO-1B-5 (PiCo-IoT 14, Apogeo Space, FEES)",Apogeo Space,Italy,0.3U,2024-08-16,Operational,Constellation for connecting remote monitoring devices.,
"PICO-1B-6 (PiCo-IoT 15, Apogeo Space, FEES)",Apogeo Space,Italy,0.3U,2024-08-16,Operational,Constellation for connecting remote monitoring devices.,
"PICO-1B-7 (PiCo-IoT 16, Apogeo Space, FEES)",Apogeo Space,Italy,0.3U,2024-08-16,Operational,Constellation for connecting remote monitoring devices.,
"PICO-1B-8 (PiCo-IoT 17, Apogeo Space, FEES)",Apogeo Space,Italy,0.3U,2024-08-16,Operational,Constellation for connecting remote monitoring devices.,
"PICO-1B-9 (PiCo-IoT 18, Apogeo Space, FEES)",Apogeo Space,Italy,0.3U,2024-08-16,Operational,Constellation for connecting remote monitoring devices.,
"PTD-4 LISA (LISA-T, PTHFDR, Pathfinder Technology Demonstrator)",NASA Ames Research Center,US,6U,2024-08-16,Operational,Government-furnished technology payloads for a series of flight demonstrations.,
"PTD-R (PTD-5, PTHFDR, Pathfinder Technology Demonstrator, PTD-R (TYVAK-0127)",NASA Ames Research Center,US,6U,2024-08-16,"Operational, ?",Government-furnished technology payloads for a series of flight demonstrations.,
QUBE (QUBE-1),Zentrum für Telematik,Germany,3U,2024-08-16,Operational,Quantum Key Distribution Experiments.,
Rock (Array Labs),Array Labs,US,1.5U,2024-08-16,Operational,"Determine the performance of a novel surface coating developed by Array Labs, one satellite (Lopen) has it and second one (Rock) does not.",
Sateliot_1,Sateliot,Spain,6U,2024-08-16,Operational,"Offer commercial, satellite-based IoT connectivity under 3GPP NB-IoT NTN protocols.",
Sateliot_2,Sateliot,Spain,6U,2024-08-16,Operational,"Offer commercial, satellite-based IoT connectivity under 3GPP NB-IoT NTN protocols.",
Sateliot_3,Sateliot,Spain,6U,2024-08-16,Operational,"Offer commercial, satellite-based IoT connectivity under 3GPP NB-IoT NTN protocols.",
Sateliot_4,Sateliot,Spain,6U,2024-08-16,Operational,"Offer commercial, satellite-based IoT connectivity under 3GPP NB-IoT NTN protocols.",
SATORO-T2,SATORO Space,Taiwan,3U,2024-08-16,Operational,SATORO-T2 may be a new spacecraft from Taiwan’s SATORO Space.,
Sedna 1,AAC SpaceQuest,US,4U,2024-08-16,Operational,"Part of maritime services constellation, adding extra capacity to our ship tracking data and services.",
SR-0 DemoSAT,Space Rickshaw,India,0.56 kg,2024-08-16,"Reentered, Operational","The Satellite has an IMU and Digipeater, which would be transmitted as part of telemetry for Amateur and Educational Purposes.",
Tomorrow-S1,Tomorrow.io,US,6U,2024-08-16,Operational,18 Tomorrow.io CubeSats with passive microwave sounders.,
Tomorrow-S2,Tomorrow.io,US,6U,2024-08-16,Operational,18 Tomorrow.io CubeSats with passive microwave sounders.,
TORO (NanoAvionics IoD 2),Pyras Technology,Taiwan,3U,2024-08-16,Operational,A remote sensing ocean color detection across equator in some specific ocean area.,
"TROOP-F2 (TROOP F2, Train Rapid on Orbit Payload)",NearSpace Launch,US,6U,2024-08-16,Operational,Experiments in differential GPS and attitude control while providing risk reduction on-orbit testing for a variety of payloads.,
UM5-EOSat,Mohammed V University in Rabat (UM5R),Morocco,3U,2024-08-16,"Unknown, ?","""UM5-EOSat"" is fitted with an Earth observation camera.",
UM5-Ribat (UM5Sat-Ribat),Mohammed V University in Rabat (UM5R),Morocco,3U,2024-08-16,"Unknown, ?","""UM5-Ribat"" is equipped with a software-defined radio (SDR).",
"Waratah-1 (Warath Seed (WS-1, Waratah Seed-1)",University of Sydney,Australia,6U,2024-08-16,Operational,Australian ride-share satellite so that industry and researchers can use to test and prove the functionality of their tech.,
"WREN (WREN-1, OWL, Water Resources in Efficient Networks)",C3S,Hungary,6U,2024-08-16,Operational,Create a real-time complex decision support system for drought monitoring. Carries hyperspectral sensor with autonomous on-board data management.,
"Φsat-2 (Phi-Sat-2, PhiSat-2, PHISAT 2)",ESA (European Space Agency),France,6U,2024-08-16,Operational,The ESA Φsat-2 mission consists of on-board processing capabilities (including AI) and a medium to high resolution multispectral instrument.,
Juventas,ESA (European Space Agency),France,6U,2024-10-07,On spacecraft,Carry a low-frequency radar for subsurface sounding as well as a gravimeter to measure both asteroids' gravity fields.,
Milani (Hera's Milani CubeSat),Politecnico di Milano,Italy,6U,2024-10-07,On spacecraft,Companion CubeSat to Hera spacecraft to map Didymos and determine composition.,
Altair (RS65S),Moscow State University,Russia,6U,2024-11-04,Operational,Collect data on radiation conditions using cosmic radiation detectors,
"ArcticSat-1 (RS74S, Arctic-Sat, Octo-Pax)",Northern (Arctic) Federal University,Russia,3U,2024-11-04,Operational,Study of the influence of space weather factors on small spacecraft in the polar regions. Obtaining and analyzing data on vessel traffic in the waters of the Northern Sea Route.,
ASRTU-1 (Druzhba-ATURK),Harbin Institute of Technology,China,12U,2024-11-04,Operational,Educational mission from with camera from Russian and Chinese university students.,
"Colibri-S (RS67S, Colibri S)",Samara University,Russia,3U,2024-11-04,Operational,Satellite of the Samara National Research University named after Academician S.P. Korolev with a hyperspectrometer.,
CSTP-2.1,STC (Spetsialny Tekhnologichesky Center),Russia,3U,2024-11-04,Operational,Radio and radio engineering monitoring.,
CSTP-2.2,STC (Spetsialny Tekhnologichesky Center),Russia,3U,2024-11-04,Operational,Radio and radio engineering monitoring.,
CSTP-2.11,STC (Spetsialny Tekhnologichesky Center),Russia,12U,2024-11-04,Operational,Camera with resolution of up to 3.5 m.,
"HOD-HOD-1A (Hodhod, HOD-HOD)",SpaceOMID,Iran,3U,2024-11-04,Operational,First in the “HOD-HOD” constellation (IOD).,
"Horizon (Horizons, RS59S, Space-PI, Space π)",Baltic State Technical University “VOENMEH”,Russia,3U,2024-11-04,Operational,"Studying the effect of radiation on electronic components, testing an active orientation system based on flywheel engines, photographing the Earth's surface.",
HyperView-1G (RS66S),Samara University,Russia,3U,2024-11-04,Operational,Hyperspectral imaging of the Earth's surface.,
"Khors 3 (Khors No. 3, Hors 3)",Bauman Moscow State Technical University,Russia,3U,2024-11-04,Operational,"Space weather, galactic rays studies, plasma thruster tests.",
"Khors 4 (Khors No. 4, Hors 4)",Bauman Moscow State Technical University,Russia,3U,2024-11-04,Operational,"Space weather, galactic rays studies, plasma thruster tests.",
Mordovia-IoT (RS50S),Saransk Polytechnic College,Russia,3U,2024-11-04,Operational,Amateur radio satellite for IoT (Internet of Things) technology experiments and for testing perovskite solar cells.,
"MTUSI-1 (MTUCI 1, MTUSI)",Moscow Technical University of Communications and Informatics (MTUSI),Russia,6U,2024-11-04,Operational,Payloads include galactic cosmic ray detector and ADS-B receiver.,
"Nokhcho (AHMAT-2, Nohcho, Nokhchi, RS79S)",Chechen State University,Russia,3U,2024-11-04,"No signal, ?",Module for receiving ADS-B messages. Module for measuring the Earth's magnetic field.,
Norby-3 (Norbi),Novosibirsk University,Russia,3U,2024-11-04,"Operational, ?",,
"Polytech Universe-4 (PU-4, RS71S)",Peter the Great St.Petersburg Polytechnic University,Russia,3U,2024-11-04,Operational,Remote sensing of the Earth in the radio frequency and optical ranges.,
"Polytech Universe-5 (PU-5, RS70S)",Peter the Great St.Petersburg Polytechnic University,Russia,3U,2024-11-04,Operational,"Measure electromagnetic radiation is various frequencies, AIS receiver and IoT receiver.",
"RTU MIREA1 (RS51S, Space-PI, Space π)",Mirea- Russian Technological University,Russia,3U,2024-11-04,Operational,Educational amateur radio mission with a camera.,
Ruzaevka-390 (RS44S),Saransk Polytechnic College,Russia,3U,2024-11-04,Operational,"Measuring the noise pollution of radio using an FM repeater, observing cosmic flares, measuring radiation using a photomatrix, testing inter-satellite communications.",
SamSat-Ionosphere (RS75S),Samara University,Russia,3U,2024-11-04,Operational,Perform educational tasks in the field of radio communications and research on the Earth’s ionosphere.,
SIT-2086 (RC2335),GBOU School No. 2086 (Moscow),Russia,3U,2024-11-04,Operational,IoT and remote sensing.,
SIT-HSE (RC2336),HSE Tikhonov Moscow Institute of Electronics and Mathematics,Russia,3U,2024-11-04,Operational,IoT and remote sensing.,
SITRO-AIS 13,Sitronics Group,Russia,3U,2024-11-04,Operational,Constellations for AIS for tracking ships and high-resolution optical remote sensing.,
SITRO-AIS 14,Sitronics Group,Russia,3U,2024-11-04,Operational,Constellations for AIS for tracking ships and high-resolution optical remote sensing.,
SITRO-AIS 15,Sitronics Group,Russia,3U,2024-11-04,Operational,Constellations for AIS for tracking ships and high-resolution optical remote sensing.,
SITRO-AIS 16,Sitronics Group,Russia,3U,2024-11-04,Operational,Constellations for AIS for tracking ships and high-resolution optical remote sensing.,
SITRO-AIS 17,Sitronics Group,Russia,3U,2024-11-04,Operational,Constellations for AIS for tracking ships and high-resolution optical remote sensing.,
SITRO-AIS 18,Sitronics Group,Russia,3U,2024-11-04,Operational,Constellations for AIS for tracking ships and high-resolution optical remote sensing.,
SITRO-AIS 19,Sitronics Group,Russia,3U,2024-11-04,Operational,Constellations for AIS for tracking ships and high-resolution optical remote sensing.,
SITRO-AIS 20,Sitronics Group,Russia,3U,2024-11-04,Operational,Constellations for AIS for tracking ships and high-resolution optical remote sensing.,
SITRO-AIS 21,Sitronics Group,Russia,3U,2024-11-04,Operational,Constellations for AIS for tracking ships and high-resolution optical remote sensing.,
SITRO-AIS 22,Sitronics Group,Russia,3U,2024-11-04,Operational,Constellations for AIS for tracking ships and high-resolution optical remote sensing.,
SITRO-AIS 23,Sitronics Group,Russia,3U,2024-11-04,Operational,Constellations for AIS for tracking ships and high-resolution optical remote sensing.,
SITRO-AIS 24,Sitronics Group,Russia,3U,2024-11-04,Operational,Constellations for AIS for tracking ships and high-resolution optical remote sensing.,
SITRO-AIS 37,Sitronics Group,Russia,3U,2024-11-04,Operational,Constellations for AIS for tracking ships and high-resolution optical remote sensing.,
SITRO-AIS 38,Sitronics Group,Russia,3U,2024-11-04,Operational,Constellations for AIS for tracking ships and high-resolution optical remote sensing.,
SITRO-AIS 39,Sitronics Group,Russia,3U,2024-11-04,Operational,Constellations for AIS for tracking ships and high-resolution optical remote sensing.,
SITRO-AIS 40,Sitronics Group,Russia,3U,2024-11-04,Operational,Constellations for AIS for tracking ships and high-resolution optical remote sensing.,
SITRO-AIS 41,Sitronics Group,Russia,3U,2024-11-04,Operational,Constellations for AIS for tracking ships and high-resolution optical remote sensing.,
SITRO-AIS 42,Sitronics Group,Russia,3U,2024-11-04,Operational,Constellations for AIS for tracking ships and high-resolution optical remote sensing.,
SITRO-AIS 43,Sitronics Group,Russia,3U,2024-11-04,Operational,Constellations for AIS for tracking ships and high-resolution optical remote sensing.,
SITRO-AIS 44,Sitronics Group,Russia,3U,2024-11-04,Operational,Constellations for AIS for tracking ships and high-resolution optical remote sensing.,
SITRO-AIS 45,Sitronics Group,Russia,3U,2024-11-04,Operational,Constellations for AIS for tracking ships and high-resolution optical remote sensing.,
SITRO-AIS 46,Sitronics Group,Russia,3U,2024-11-04,Operational,Constellations for AIS for tracking ships and high-resolution optical remote sensing.,
SITRO-AIS 47,Sitronics Group,Russia,3U,2024-11-04,Operational,Constellations for AIS for tracking ships and high-resolution optical remote sensing.,
SITRO-AIS 48,Sitronics Group,Russia,3U,2024-11-04,Operational,Constellations for AIS for tracking ships and high-resolution optical remote sensing.,
"SWSU-60 (YUZGU-60, RS6S, FRANK-1, RS41S)",Southwest State University,Russia,3U,2024-11-04,"No signal, ?",Testing the radio resistance of protective materials. Radiation measurement module. Module for measuring the Earth's magnetic field.,
TUSUR GO (RS78S),Tomsk State University,Russia,3U,2024-11-04,Operational,"Flight testing of a satellite communication device for transmitting data from monitoring objects to a ground terminal, including the possibility of relaying through other spacecraft.",
"Vizard-Ion (Wizard, RS59S, RS68S)",MGU-STANDARD,Russia,3U,2024-11-04,Operational,"Flight tests of a signal receiver for global navigation satellite systems GLONASS/GPS, a plasma propulsion system and a visible optical camera.",
"Vladivostok-1 (CSTP-2.10, Владивосток -1)",Far Eastern Federal University,Russia,8U,2024-11-04,Operational,Record dangerous heliogeophysical phenomena in near-Earth space and for radio measurements.,
"ZimSat-2 (Z2AS, Amaisat)",National Geospatial and Space Agency,Zimbabwe,3U,2024-11-04,"Operational, ?",Created as part of an international project commissioned by the National Geospatial and Space Agency of Zimbabwe.,
DENDEN-01 (ultra-DENse power DEmoNstrator),Meijo University,Japan,3U,2024-11-05,"Reentered, No signal, ?",Confirm our designed VO2-based solid-solid PCM battery’s temperature mitigation device.,
LignoSat,Kyoto University,Japan,1U,2024-11-05,"Reentered, No signal, ?",Outside structure is mainly composed of wood.,
"ONGLAISAT (ONboard Globe-Looking And Imaging Satellite, NSPO-01)",ArkEdge Space,Japan,6U,2024-11-05,"Reentered, Operational, ?",Demonstrate low-cost Earth observation satellite. Equipped with TASA’s newly developed optical observation components,
"YODAKA (AE1b, TANKA)",ArkEdge Space,Japan,3U,2024-11-05,"Reentered, Operational, ?",Unique experiment of composing Japanese tanka poems.,
YOMOGI (GARDENS-01),Chiba Institute of Technology,Japan,1U,2024-11-05,"Reentered, Operational",ARPS mission and camera payload.,
ISHIKI,Hiroo Gakuen,Japan,3U,2024-12-18,Launch failure,Educational high school mission supported by LAGRAPO.,
NARIT-Cube1 (NARIT Cube-1),National Astronomical Research Institute (NARIT),Thailand,3U,2024-12-18,Launch failure,Demonstration that Thai engineers can build a satellite using domestically produced and COTS parts.,
Parus-T1A,National Formosa University,Japan,3U,2024-12-18,Launch failure,Facilitate real- time voice communication between amateur radio operator.,
SC-Sat1,Space Cubics,Japan,3U,2024-12-18,Launch failure,Flight demonstration of the SC-OBC module.,
CroCube,Društvo EVO (Society for Out-of-Frame Education),Croatia,1U,2024-12-21,Operational,"Drive Croatia into the space era, increase interest in astronomy and space projects, and develop STEM and tech entrepreneurship",
CTC 0 (CTC-0),"Spacecoin (Space Telecommunications, Inc)",US,8U,2024-12-21,"Operational, ?",Demonstrating space-enabled text messaging to a specialized handheld antenna but ultimately directly to standard smartphones.,
Djibouti-1B,University of Djibouti,Djibouti,3U,2024-12-21,Operational,Primarily educational misison with Earth observation and IoT payloads.,
LASARSat (LAZARSat),Spacemanic,Czechia,1U,2024-12-21,Operational,Test laser technology designed to repair malfunctioning satellites and mitigate the growing threat of space debris.,
"ONDOSAT-OWL-3 (OWL-3, OWLSAT-3)",ONDO Space,Mongolia,0.5U,2024-12-21,"Reentered, Operational",,
"ONDOSAT-OWL-4 (OWL-4, OWLSAT-4)",ONDO Space,Mongolia,0.5U,2024-12-21,Operational,,
"ONDOSAT-OWL-5 (OWL-5, OWLSAT-5)",ONDO Space,Mongolia,0.5U,2024-12-21,Operational,,
"ONDOSAT-OWL-6 (OWL-6, OWLSAT-6)",ONDO Space,Mongolia,0.5U,2024-12-21,"No signal, ?",,
"ONDOSAT-OWL-7 (OWL-7, OWLSAT-7)",ONDO Space,Mongolia,0.5U,2024-12-21,Operational,,
"ONDOSAT-OWL-8 (OWL-8, OWLSAT-8)",ONDO Space,Mongolia,0.5U,2024-12-21,"No signal, ?",,
"ONDOSAT-OWL-9 (OWL-9, OWLSAT-9)",ONDO Space,Mongolia,0.5U,2024-12-21,Operational,,
"ONDOSAT-OWL-10 (OWL-10, OWLSAT-10)",ONDO Space,Mongolia,0.5U,2024-12-21,Operational,,
"ONDOSAT-OWL-11 (OWL-11, OWLSAT-11)",ONDO Space,Mongolia,0.5U,2024-12-21,"No signal, ?",,
"ONDOSAT-OWL-12 (OWL-12, OWLSAT-12)",ONDO Space,Mongolia,0.5U,2024-12-21,"No signal, ?",,
Pleiades - Orpheus,Irvington High School,US,1U,2024-12-21,Operational,Educational mission using the PROVES (Pleiades Rapid Orbital Verification Experimental System) open-source CubeSat architecture with camera payload.,
SC1 (GITAI-SC1),GITAI,US,16U,2024-12-21,Operational,"Deploy a tethered payload cube and will observe the cube with two wide field-of-view visual cameras, a 3D LiDAR sensor, a laser rangefinder, and an infrared camera.",
Tomorrow-S3,Tomorrow.io,US,6U,2024-12-21,"Operational, ?",18 Tomorrow.io CubeSats with passive microwave sounders.,
Tomorrow-S4,Tomorrow.io,US,6U,2024-12-21,"Operational, ?",18 Tomorrow.io CubeSats with passive microwave sounders.,
XCUBE-1,Xplore,US,6U,2024-12-21,"Operational, ?",Collect hyperspectral data sets for Earth observation.,
CASAA-Sat (Casaasat),Université d'Aix - Marseille,France,2U,2024-12-27,Launch failure,Characterize the Magnetic Anomaly of the South Atlantic (a particle sensor and a tiny camera).,
AE1C,ArkEdge Space,Japan,6U,2025-01-14,"Operational, ?",Demonstrate “standard model” of 6U satellite bus.,
AE1D,ArkEdge Space,Japan,6U,2025-01-14,"Operational, ?","This mission features our 6U satellite platform in its“large antenna model,” equipped with a deployable antenna.",
"ALainSat-1 (AlAinSat-1, 3Cat-6)",The National Space Science and Technology Center (NSSTC),United Arab Emirates,3U,2025-01-14,"Operational, ?",Allow student teams to develop Earth Observation payloads for a small satellite.,
"ANSER Leader-S (ANSER-L-S, Advanced Nanosatellites Systems for Earth Observation Research, ANSWER-WQ, Water Quality)",National Institute of Aerospace Technology (INTA),Spain,3U,2025-01-14,"Operational, ?",Constellation of 4 nanosatellites to monitor the quality of the water in reservoirs and swamps in Spain,
Balkan-1,EnduroSat,Bulgaria,16U,2025-01-14,Operational,The pilot mission for the Balkan Constellation.,
BlueBon,TelePIX,South Korea,6U,2025-01-14,Operational,Delivering 3.8-meter optical observation satellite imagery data.,
BRO-16 (Breizh Reconnaissance Orbiter),Unseenlabs,France,8U,2025-01-14,Operational,Spectrum monitoring service. Maritime surveillance. Electromagnetic intelligence service.,
BUZZER-1,Unseenlabs,France,6U,2025-01-14,Operational,,
Centauri-7,Fleet Space,Australia,12U,2025-01-14,Operational,IoT satellite network.,
Centauri-8,Fleet Space,Australia,12U,2025-01-14,Operational,IoT satellite network.,
Connecta IoT 5 (CONNECTA IOT-5),Plan-S,Turkey,6U,2025-01-14,Operational,"Connecta IoT Network constellation project, which will provide Internet of Things (IoT) communication services.",
Connecta IoT 6 (CONNECTA IOT-6),Plan-S,Turkey,6U,2025-01-14,Operational,"Connecta IoT Network constellation project, which will provide Internet of Things (IoT) communication services.",
Connecta IoT 7 (CONNECTA IOT-7),Plan-S,Turkey,6U,2025-01-14,Operational,"Connecta IoT Network constellation project, which will provide Internet of Things (IoT) communication services.",
Connecta IoT 8 (CONNECTA IOT-8),Plan-S,Turkey,6U,2025-01-14,Operational,"Connecta IoT Network constellation project, which will provide Internet of Things (IoT) communication services.",
"Edison-1 (EDISON, Space Inventor Pioneer Cubesat)",Space Inventor,Denmark,8U,2025-01-14,Operational,Satellite with hosted payload and demonstrate laser communication system and flexible solar panel.,
Elevation-1,XDLINK Labs,India,6U,2025-01-14,Operational,Test E-band technology.,
Flock-4g 1,Planet Labs,US,3U,2025-01-14,Operational,Constellation for optical Earth observation with 3-5m resolution.,
Flock-4g 2,Planet Labs,US,3U,2025-01-14,Operational,Constellation for optical Earth observation with 3-5m resolution.,
Flock-4g 3,Planet Labs,US,3U,2025-01-14,Operational,Constellation for optical Earth observation with 3-5m resolution.,
Flock-4g 4,Planet Labs,US,3U,2025-01-14,Operational,Constellation for optical Earth observation with 3-5m resolution.,
Flock-4g 5,Planet Labs,US,3U,2025-01-14,Operational,Constellation for optical Earth observation with 3-5m resolution.,
Flock-4g 6,Planet Labs,US,3U,2025-01-14,Operational,Constellation for optical Earth observation with 3-5m resolution.,
Flock-4g 7,Planet Labs,US,3U,2025-01-14,Operational,Constellation for optical Earth observation with 3-5m resolution.,
Flock-4g 8,Planet Labs,US,3U,2025-01-14,Operational,Constellation for optical Earth observation with 3-5m resolution.,
Flock-4g 9,Planet Labs,US,3U,2025-01-14,Operational,Constellation for optical Earth observation with 3-5m resolution.,
Flock-4g 10,Planet Labs,US,3U,2025-01-14,Operational,Constellation for optical Earth observation with 3-5m resolution.,
Flock-4g 11,Planet Labs,US,3U,2025-01-14,Operational,Constellation for optical Earth observation with 3-5m resolution.,
Flock-4g 12,Planet Labs,US,3U,2025-01-14,Operational,Constellation for optical Earth observation with 3-5m resolution.,
Flock-4g 13,Planet Labs,US,3U,2025-01-14,Operational,Constellation for optical Earth observation with 3-5m resolution.,
Flock-4g 14,Planet Labs,US,3U,2025-01-14,Operational,Constellation for optical Earth observation with 3-5m resolution.,
Flock-4g 15,Planet Labs,US,3U,2025-01-14,Operational,Constellation for optical Earth observation with 3-5m resolution.,
Flock-4g 16,Planet Labs,US,3U,2025-01-14,Operational,Constellation for optical Earth observation with 3-5m resolution.,
Flock-4g 17,Planet Labs,US,3U,2025-01-14,Operational,Constellation for optical Earth observation with 3-5m resolution.,
Flock-4g 18,Planet Labs,US,3U,2025-01-14,Operational,Constellation for optical Earth observation with 3-5m resolution.,
Flock-4g 19,Planet Labs,US,3U,2025-01-14,"Operational, ?",Constellation for optical Earth observation with 3-5m resolution.,
Flock-4g 20,Planet Labs,US,3U,2025-01-14,Operational,Constellation for optical Earth observation with 3-5m resolution.,
Flock-4g 21,Planet Labs,US,3U,2025-01-14,Operational,Constellation for optical Earth observation with 3-5m resolution.,
Flock-4g 22,Planet Labs,US,3U,2025-01-14,Operational,Constellation for optical Earth observation with 3-5m resolution.,
Flock-4g 23,Planet Labs,US,3U,2025-01-14,Operational,Constellation for optical Earth observation with 3-5m resolution.,
Flock-4g 24,Planet Labs,US,3U,2025-01-14,Operational,Constellation for optical Earth observation with 3-5m resolution.,
Flock-4g 25,Planet Labs,US,3U,2025-01-14,Operational,Constellation for optical Earth observation with 3-5m resolution.,
Flock-4g 26,Planet Labs,US,3U,2025-01-14,Operational,Constellation for optical Earth observation with 3-5m resolution.,
Flock-4g 27,Planet Labs,US,3U,2025-01-14,Operational,Constellation for optical Earth observation with 3-5m resolution.,
Flock-4g 28,Planet Labs,US,3U,2025-01-14,Operational,Constellation for optical Earth observation with 3-5m resolution.,
Flock-4g 29,Planet Labs,US,3U,2025-01-14,Operational,Constellation for optical Earth observation with 3-5m resolution.,
Flock-4g 30,Planet Labs,US,3U,2025-01-14,Operational,Constellation for optical Earth observation with 3-5m resolution.,
Flock-4g 31,Planet Labs,US,3U,2025-01-14,Operational,Constellation for optical Earth observation with 3-5m resolution.,
Flock-4g 32,Planet Labs,US,3U,2025-01-14,Operational,Constellation for optical Earth observation with 3-5m resolution.,
Flock-4g 33,Planet Labs,US,3U,2025-01-14,Operational,Constellation for optical Earth observation with 3-5m resolution.,
Flock-4g 34,Planet Labs,US,3U,2025-01-14,Operational,Constellation for optical Earth observation with 3-5m resolution.,
Flock-4g 35,Planet Labs,US,3U,2025-01-14,Operational,Constellation for optical Earth observation with 3-5m resolution.,
Flock-4g 36,Planet Labs,US,3U,2025-01-14,Operational,Constellation for optical Earth observation with 3-5m resolution.,
"FOREST-3 (OT-FOREST-3 BJOERNTBW, Forest Observation and Recognition Experimental Smallsat Thermal Detector)",OroraTech,Germany,8U,2025-01-14,Operational,FOREST-3 will be the first satellite of a multipurpose nanosatellite constellation with an expected revisit time of 30 minutes by 2026.,
"FOSSASat TAT-A (WISeSat?, FOSSASAT-2E18, FO018)",Fossa Systems,Switzerland,3U,2025-01-14,Operational,"Establish secure, scalable satellite constellation supporting machine-to-machine (M2M) communication via space.",
"FOSSASat TAT-E (WISeSat-3?, FOSSASAT-2E19, FO019)",Fossa Systems,Switzerland,3U,2025-01-14,Operational,"Establish secure, scalable satellite constellation supporting machine-to-machine (M2M) communication via space.",
"FOSSASat TAT-O (WISeSat?, FOSSASAT2E20)",Fossa Systems,Switzerland,3U,2025-01-14,Operational,"Establish secure, scalable satellite constellation supporting machine-to-machine (M2M) communication via space.",
FUSION-1,?,Japan,6U,2025-01-14,"Unknown, ?",Manifested by Japan's BD Space and D-Orbit.,
"GESat (GEN1, GESAT GEN1)",Absolut Sensing,France,16U,2025-01-14,Operational,Validate instrument measurement concept for man-made greenhouse emissions and the associated ground processing chain.,
"HADES-R (SmartSat, SO 124, Spain-OSCAR 124)",AMSAT-EA,Spain,PocketQube 1.5p,2025-01-14,Operational,FM repeater and low-power active radiator.,
HCT-SAT 1,Mohammed Bin Rashid Space Centre (MBRSC),United Arab Emirates,1U,2025-01-14,"No signal, ?",Educational mission with a 5MP camera.,
HYDRA-2 (HYDRA-T),Hydra Space,Spain,PocketQube 1.5p,2025-01-14,"Semi-operational, ?",Developing satellite solutions for global IoT connectivity and affordable access to space.,
HYPE (Hype),AGH University of Science and Technology,Poland,PocketQube 1p,2025-01-14,"Operational, ?",A selfie stick for stellar snapshots with an OLED screen. A spectroscope to observe vegetation and atmospheric water content.,
InnoCube (TUBSAT-31),University of Würzburg,Germany,3U,2025-01-14,Operational,Demonstrate structure that can store energy and ultra-broadband radio that does not require internal cabling. Using a fully wireless data bus for all subsystems,
IRIS-F2 (NCKU-IRIS-F2),SATORO Space,Taiwan,3U,2025-01-14,Operational,Scientific in-orbit verification mission with an innovative automatic identification system (AIS).,
IRIS-F3 (NCKU-IRIS-F3),SATORO Space,Taiwan,3U,2025-01-14,Operational,Scientific in-orbit verification mission with an innovative automatic identification system (AIS).,
Lemur-2 197 ALISIA,Spire,US,3U,2025-01-14,"Operational, ?","Constellation for GPS-RO weather data, AIS and ADS-B.",
Lemur-2 198 ARIANNA,Spire,US,3U,2025-01-14,"Operational, ?","Constellation for GPS-RO weather data, AIS and ADS-B.",
Lemur-2 199 MYNAMEISJEFF,Spire,US,3U,2025-01-14,"Operational, ?","Constellation for GPS-RO weather data, AIS and ADS-B.",
Lemur-2 200 ROUNDTRIPPER,Spire,US,3U,2025-01-14,"Operational, ?","Constellation for GPS-RO weather data, AIS and ADS-B.",
"Lemur-2 201 STAR-FOX (Lemur-3, Myriota?)",Spire,US,3U,2025-01-14,"Operational, ?","Constellation for GPS-RO weather data, AIS and ADS-B.",
"Lemur-2 202 WILSON (Lemur-3, Myriota?)",Spire,US,3U,2025-01-14,"Operational, ?","Constellation for GPS-RO weather data, AIS and ADS-B.",
"LIME (Low-latency Intelligence and Monitoring Experiment, NOVI)",NOVI,US,3U,2025-01-14,Operational,Characterizing the availability of Iridium short burst data links in orbit.,
LOGSATS 2,EOS Orbit,Thailand,3U,2025-01-14,Operational,Demonstrate both the first Thai space-based Internet-of-Things (IoT) communications systems and aviation monitoring system of Thailand.,
Otter,Naval Postgraduate School (NPS),US,6U,2025-01-14,Operational,Communications payloads including line-of-sight communications using two banks of LEDs.,
Parus-T1,National Formosa University,Japan,3U,2025-01-14,"Was operational, Unknown, ?",Dedicated to receive APRS signals on three major global frequencies.,
PAUSAT1 (PAUSAT-1),Pakistan Air University,Pakistan,16U,2025-01-14,Operational,Carries a high-resolution multispectral imager and will operate in Low Earth Orbit (LEO),
POQUITO (PocketQube for In Orbit Technology Operations),University of Luxembourg,Luxembourg,PocketQube 1p,2025-01-14,"No signal, ?",In-orbit demonstration of inter & intra satellite links between pico & femto satellite platforms.,
PoSAT-2 (LusoSpace 0),LusoSpace,Portugal,3U,2025-01-14,Operational,VDES communications constellation.,
PROMETHEUS-1,University of Minho,Portugal,PocketQube 1p,2025-01-14,"No signal, ?",Providing easy access to space for the research and education (R&E) community.,
"SAT GUS (SatGus, SEOPS-SATGUS)",CrunchLabs,US,12U,2025-01-14,Operational,Take selfies with Earth in the background.,
SATurnin-1 (ISL-46A-CS1),VZLU AEROSPACE,Czechia,12U,2025-01-14,Operational,Scientific and research mission focusing on modern remote sensing technologies.,
"SCOT (OrbAstro, Space Climate and Object Tracker, SCOT - Digantara)",Digantara,,6U,2025-01-14,"?, Operational",Track space objects and monitor space weather.,
Sedna 2 (SEDNA-2),AAC SpaceQuest,US,4U,2025-01-14,Operational,"Part of maritime services constellation, adding extra capacity to our ship tracking data and services.",
SKYLINK-1 (Hello Space PocketQube 2),Hello Space,Turkey,PocketQube 2p,2025-01-14,"No signal, ?","Operate together as part of a wider fleet of picosats, delivering global IoT data services via LoRaWAN network.",
SKYLINK-2 (Hello Space PocketQube 3),Hello Space,Turkey,PocketQube 2p,2025-01-14,"No signal, ?","Operate together as part of a wider fleet of picosats, delivering global IoT data services via LoRaWAN network.",
"TechEdSat-22 (TES-22, TECHnology EDucation SATellite (TechEdSat) series)",NASA Ames Research Center,US,1U,2025-01-14,Unknown,"Test Exo-Brake, a sail that will create drag.",
TROLL,TRL Space,Czechia,6U,2025-01-14,Operational,"Demonstrate new technologies, to build up experience and heritage in our territory and to be the biggest Czech satellite.",
"VEERY-0F (VEERY-V0.4, Fledgling Veery, Fledgling Veery “Barb"")",Care Weather,US,1U,2025-01-14,Operational,Care Weather's fourth test satellite and first weather radar sensing ocean surface wind speed.,
Orbit Guard #2,Infinite Orbits,France,16U,2025-02-27,"Deployment failure, ?",Second GEO nanosatellite.,
AeroCube-18 A (AC18),Aerospace Corporation,US,6U,2025-03-15,Operational,"Demonstrate a space hyperspectral imaging unit, a variety of nanotechnology payloads, and test the performance of advanced solar cells.",
AeroCube-18 B (AC18),Aerospace Corporation,US,6U,2025-03-15,Operational,"Demonstrate a space hyperspectral imaging unit, a variety of nanotechnology payloads, and test the performance of advanced solar cells.",
Al-Munther (Al Munther),NSSA – Kingdom of Bahrain National Space Agency,Bahrain,3U,2025-03-15,Operational,First locally manufactured satellite. Payloads include a camera with AI onboard image processing.,
BOTSAT-1 (Botsat-1),Botswana International University of Science and Technology (BIUST),Botswana,3U,2025-03-15,Operational,Hyperspectral sensor to gather ground composition data to support mining and agriculture businesses in the country.,
"Buccaneer Main Mission (BMM, Apogee, BUCCANEER MM)",Australian Defence Science and Technology Organisation,Australia,6U,2025-03-15,Operational,"Contribute to JORN Calibration Research. Digital High Frequency Receiver, Laser terminal and Identification Tag.",
EZIE A (Electrojet Zeeman Imaging Explorer),Johns Hopkins APL,US,6U,2025-03-15,Operational,Study the electric currents that play a crucial role in the interactions between Earth and the surrounding magnetosphere.,
EZIE B (Electrojet Zeeman Imaging Explorer),Johns Hopkins APL,US,6U,2025-03-15,Operational,Study the electric currents that play a crucial role in the interactions between Earth and the surrounding magnetosphere.,
EZIE C (Electrojet Zeeman Imaging Explorer),Johns Hopkins APL,US,6U,2025-03-15,Operational,Study the electric currents that play a crucial role in the interactions between Earth and the surrounding magnetosphere.,
HADES-ICM (HYDRA-4?),AMSAT-EA,Spain,PocketQube 1.5p,2025-03-15,"Operational, ?",Main mission is to act as a FM voice repeater.,
"HERMES H1 (HERMES-SP A, High Energy Modular Ensemble of Satellites Scientific Pathfinder)",INAF (National Institute for Astrophysics),Italy,3U,2025-03-15,"No signal, ?",Constellation of six 3U CubeSats that will mainly act as a pathfinder for GRBs detection with a distributed-astronomy concept.,
"HERMES H2 (HERMES-SP B, High Energy Modular Ensemble of Satellites Scientific Pathfinder)",INAF (National Institute for Astrophysics),Italy,3U,2025-03-15,"Semi-operational, ?",Constellation of six 3U CubeSats that will mainly act as a pathfinder for GRBs detection with a distributed-astronomy concept.,
"HERMES H3 (HERMES-SP C, High Energy Modular Ensemble of Satellites Scientific Pathfinder)",INAF (National Institute for Astrophysics),Italy,3U,2025-03-15,Operational,Constellation of six 3U CubeSats that will mainly act as a pathfinder for GRBs detection with a distributed-astronomy concept.,
"HERMES H4 (HERMES-TP A, High Energy Modular Ensemble of Satellites Technological Pathfinder)",INAF (National Institute for Astrophysics),Italy,3U,2025-03-15,"Semi-operational, ?",Constellation of six 3U CubeSats that will mainly act as a pathfinder for GRBs detection with a distributed-astronomy concept.,
"HERMES H5 (HERMES-TP B, High Energy Modular Ensemble of Satellites Technological Pathfinder)",INAF (National Institute for Astrophysics),Italy,3U,2025-03-15,"Semi-operational, ?",Constellation of six 3U CubeSats that will mainly act as a pathfinder for GRBs detection with a distributed-astronomy concept.,
"HERMES H6 (HERMES-TP C, High Energy Modular Ensemble of Satellites Technological Pathfinder)",INAF (National Institute for Astrophysics),Italy,3U,2025-03-15,"Semi-operational, ?",Constellation of six 3U CubeSats that will mainly act as a pathfinder for GRBs detection with a distributed-astronomy concept.,
HYDRA-W (HYDRA-3),Hydra Space,Spain,PocketQube 1.5p,2025-03-15,"Operational, ?",Developing satellite solutions for global IoT connectivity and affordable access to space.,
HYVRID,Yonsei University,South Korea,3U,2025-03-15,"Unknown, ?",Equipped with a thin film deployment device.,
"IOD-1 (IOD-2, Startical 1, ECHOES, IOD1_STARTICAL)",Startical,Spain,16U,2025-03-15,Operational,Demonstrate novel global air traffic management service from space.,
JINJUSat-1b,CONTEC,South Korea,2U,2025-03-15,Operational,Cameras mounted on the satellite will carry out a mission to take pictures of the Earth.,
Lemur-2 203 BALTO,Spire,US,3U,2025-03-15,Operational,"Constellation for GPS-RO weather data, AIS and ADS-B.",
Lemur-2 204 DELOITTE-1,Spire,US,3U,2025-03-15,Operational,"Constellation for GPS-RO weather data, AIS and ADS-B.",
Lemur-2 205 EMERSONROSE,Spire,US,3U,2025-03-15,Operational,"Constellation for GPS-RO weather data, AIS and ADS-B.",
Lemur-2 206 LEIA-PHILIP,Spire,US,3U,2025-03-15,Operational,"Constellation for GPS-RO weather data, AIS and ADS-B.",
Lemur-2 207 LIA-MARTIN,Spire,US,3U,2025-03-15,Operational,"Constellation for GPS-RO weather data, AIS and ADS-B.",
Lemur-2 208 MARACHE-FRAN,Spire,US,3U,2025-03-15,Operational,"Constellation for GPS-RO weather data, AIS and ADS-B.",
Lemur-2 209 THEFALCONER,Spire,US,3U,2025-03-15,Operational,"Constellation for GPS-RO weather data, AIS and ADS-B.",
NILA,HEX20,India,3U,2025-03-15,"Operational, ?",In-orbit demonstration and elevate the HEX20 AX series satellite bus to TRL9.,
"NUSHSAT (NUSHSat1, NUSHSat-)",NUS High School of Mathematics and Science,Singapore,1U,2025-03-15,Operational,Educational mission with a camera payload.,
"OrCa2b (Orbital Calibration 2, OrCa2b, TDO-6?)",Georgia Institute of Technology (Georgia Tech),US,12U,2025-03-15,"Unknown, ?","12U CubeSat with reflective panels covering much of the exterior, but also including a full suite of active electronics.",
"OTP-2 (Barry 2, Orbital Robot, Orbot)",Rogue Space Systems,US,8U,2025-03-15,Operational,Demonstrate orbit raising and lowering capabilities and test two disparate experimental thruster systems.,
PANDORE,U-Space,France,12U,2025-03-15,Operational,"First space system fully designed, built, and operated by the company.",
"RAPSat A (Rapid Agile Production of ThinSats, RAP-Sat, RapSat-1)",NearSpace Launch,US,ThinSat (2Ux3U),2025-03-15,"Unknown, ?",Deliver a 4 ThinSat slot constellation to improve the rapid demonstration of Space Force subsystems to the Warfighter.,
"RAPSat B (Rapid Agile Production of ThinSats, RAP-Sat, RapSat-1)",NearSpace Launch,US,ThinSat (2Ux3U),2025-03-15,"Unknown, ?",Deliver a 4 ThinSat slot constellation to improve the rapid demonstration of Space Force subsystems to the Warfighter.,
"RAPSat C (Rapid Agile Production of ThinSats, RAP-Sat, RapSat-1)",NearSpace Launch,US,ThinSat (2Ux3U),2025-03-15,"Unknown, ?",Deliver a 4 ThinSat slot constellation to improve the rapid demonstration of Space Force subsystems to the Warfighter.,
"RAPSat D (Rapid Agile Production of ThinSats, RAP-Sat, RapSat-1)",NearSpace Launch,US,ThinSat (2Ux3U),2025-03-15,"Unknown, ?",Deliver a 4 ThinSat slot constellation to improve the rapid demonstration of Space Force subsystems to the Warfighter.,
RED5 (OrbAstro TR-5),Liftero,Poland,6U,2025-03-15,Operational,In-house built propulsion system demonstrator.,
SOAP,U-Space,France,12U,2025-03-15,Operational,In-orbit demonstration (IOD) that will test several technologies.,
Tevel 2-1,Tel Aviv University,Israel,1U,2025-03-15,Operational,Educational amateur radio mission with 8 identical CubeSats.,
Tevel 2-2,Tel Aviv University,Israel,1U,2025-03-15,Operational,Educational amateur radio mission with 8 identical CubeSats.,
Tevel 2-3,Tel Aviv University,Israel,1U,2025-03-15,Operational,Educational amateur radio mission with 8 identical CubeSats.,
Tevel 2-4,Tel Aviv University,Israel,1U,2025-03-15,Operational,Educational amateur radio mission with 8 identical CubeSats.,
Tevel 2-5,Tel Aviv University,Israel,1U,2025-03-15,Operational,Educational amateur radio mission with 8 identical CubeSats.,
Tevel 2-6,Tel Aviv University,Israel,1U,2025-03-15,Operational,Educational amateur radio mission with 8 identical CubeSats.,
Tevel 2-7,Tel Aviv University,Israel,1U,2025-03-15,Operational,Educational amateur radio mission with 8 identical CubeSats.,
Tevel 2-8,Tel Aviv University,Israel,1U,2025-03-15,Operational,Educational amateur radio mission with 8 identical CubeSats.,
Tevel 2-9,Tel Aviv University,Israel,1U,2025-03-15,Operational,Educational amateur radio mission with 8 identical CubeSats.,
Tomorrow-S5 (Tomorrow-S7),Tomorrow.io,US,6U,2025-03-15,Operational,18 Tomorrow.io CubeSats with passive microwave sounders.,
Tomorrow-S6 (Tomorrow-S8),Tomorrow.io,US,6U,2025-03-15,Operational,18 Tomorrow.io CubeSats with passive microwave sounders.,
Unicorn-2O,Alba Orbital,UK,PocketQube 2p,2025-03-15,"On spacecraft, ?",Earth Observation constellation to provide near-real time satellite imagery.,
Unicorn-2P,Alba Orbital,UK,PocketQube 2p,2025-03-15,"On spacecraft, ?",Earth Observation constellation to provide near-real time satellite imagery.,
Unicorn-2Q,Alba Orbital,UK,PocketQube 2p,2025-03-15,"Operational, ?",Earth Observation constellation to provide near-real time satellite imagery.,
UVSQ-Sat NG,University of Versailles Saint-Quentin-en-Yvelines (UVSQ),France,6U,2025-03-15,Operational,,
"OTC P1-1 (LEMUR 2 ESPERANZA, Lemur-2 210, Phase 1)",OroraTech,Germany,8U,2025-03-26,Operational,,
"OTC P1-2 (LEMUR 2 KREMPEL-BRO2, Lemur-2 211, Phase 1)",OroraTech,Germany,8U,2025-03-26,Operational,,
"OTC P1-3 (LEMUR 2 TILLINFINITY, Lemur-2 212, Phase 1)",OroraTech,Germany,8U,2025-03-26,Operational,,
"OTC P1-4 (LEMUR 2 UNTITLED-SC, Lemur-2 213, Phase 1)",OroraTech,Germany,8U,2025-03-26,Operational,,
"OTC P1-5 (LEMUR 2 THERMORAPTOR, Lemur-2 214, Phase 1)",OroraTech,Germany,8U,2025-03-26,Operational,,
"OTC P1-6 (LEMUR 2 NEUROSPICY, Lemur-2 215, Phase 1)",OroraTech,Germany,8U,2025-03-26,Operational,,
"OTC P1-7 (LEMUR 2 KREMPEL-BRO1, Lemur-2 216, Phase 1)",OroraTech,Germany,8U,2025-03-26,Operational,,
"OTC P1-8 (LEMUR 2 LANGER2SPACE, Lemur-2 217, Phase 1)",OroraTech,Germany,8U,2025-03-26,Operational,,
Tomorrow-S7 (Tomorrow-S9),Tomorrow.io,US,6U,2025-04-22,"Operational, ?",18 Tomorrow.io CubeSats with passive microwave sounders.,
SunRISE 1 (Sun Radio Interferometer Space Experiment),NASA Jet Propulsion Laboratory,US,6U,not launched,not launched,Study how the Sun creates and releases Giant Solar Particle Storms in GEO.,
SunRISE 2 (Sun Radio Interferometer Space Experiment),NASA Jet Propulsion Laboratory,US,6U,not launched,not launched,Study how the Sun creates and releases Giant Solar Particle Storms in GEO.,
SunRISE 3 (Sun Radio Interferometer Space Experiment),NASA Jet Propulsion Laboratory,US,6U,not launched,not launched,Study how the Sun creates and releases Giant Solar Particle Storms in GEO.,
SunRISE 4 (Sun Radio Interferometer Space Experiment),NASA Jet Propulsion Laboratory,US,6U,not launched,not launched,Study how the Sun creates and releases Giant Solar Particle Storms in GEO.,
SunRISE 5 (Sun Radio Interferometer Space Experiment),NASA Jet Propulsion Laboratory,US,6U,not launched,not launched,Study how the Sun creates and releases Giant Solar Particle Storms in GEO.,
SunRISE 6 (Sun Radio Interferometer Space Experiment),NASA Jet Propulsion Laboratory,US,6U,not launched,not launched,Study how the Sun creates and releases Giant Solar Particle Storms in GEO.,
SPRITE (Supernova Remnants and Proxies for Re-Ionization Testbed Experiment),University of Colorado Boulder,US,12U,not launched,not launched,Determine how gas and dust are processed in galaxies by star-formation and supernovae.,
MUNAL,Nepal Academy of Science and Technology (NAST),Nepal,1U,not launched,not launched,In-house design and development of Nepal's First high-school CubeSat.,
Phoenix (Lunasonde),Lunasonde,UK,1U,not launched,not launched,Lunasonde’s next 1U test satellite.,
SOWA (Sowa-1),SatRev,Poland,6U,not launched,not launched,"Extended EO-capable platform aimed at shared in-orbit service provision – imagery, data, services for external payloads and solutions.",
Ant-1,CShark,Italy,3U,not launched,not launched,Based on CSHARK's proprietary bus to test Ku-band communications.,
ARCSTONE,NASA Langley Research Center,US,6U,not launched,not launched,Provide more accurate lunar spectral reflectance measurements to establish an absolute lunar calibration standard,
Balkan-2,EnduroSat,Bulgaria,6U,not launched,not launched,Part of the Balkan extension of Europe’s Copernicus Earth observation constellation.,
BRO-17 (Breizh Reconnaissance Orbiter),Unseenlabs,France,8U,not launched,not launched,Spectrum monitoring service. Maritime surveillance. Electromagnetic intelligence service.,
BRO-18 (Breizh Reconnaissance Orbiter),Unseenlabs,France,8U,not launched,not launched,Spectrum monitoring service. Maritime surveillance. Electromagnetic intelligence service.,
Dione,NASA Goddard Space Flight Center,US,6U,not launched,not launched,Study how Earth’s upper atmospheric layers react to the ever-changing flow of solar energy into the magnetosphere.,
"DISCO-2 (DISCO-II, Danish Student CubeSat Program)",Aarhus University,Denmark,3U,not launched,not launched,Flying student experiments for in-orbit testing.,
DUTHSat-2,Democritus University of Thrace,Greece,6U,not launched,not launched,Sea pollution from oil spills will be detected by the remote sensing nanosatellite.,
Emergency Communication Satellite,Good Ancestor Foundation,US,2U,not launched,not launched,An emergency satellite to transmit information to regular cell phones on response intervention.,
ERMINAZ-2U,AMSAT-Germany,Germany,PocketQube 1p,not launched,not launched,"Promote, advance and develop knowledge about space and amateur radio.",
ERMINAZ-2V,AMSAT-Germany,Germany,PocketQube 1p,not launched,not launched,"Promote, advance and develop knowledge about space and amateur radio.",
ERMINAZ-2X,AMSAT-Germany,Germany,PocketQube 1p,not launched,not launched,"Promote, advance and develop knowledge about space and amateur radio.",
FOSSASat (WISeSAT-4),Fossa Systems,Switzerland,3U,not launched,not launched,"Establish secure, scalable satellite constellation supporting machine-to-machine (M2M) communication via space.",
HORIS-1,ACME AtronOmatic (MyRadar),US,1U,not launched,not launched,"Forest fire monitoring and detetcing other surface hazards. Thermal, hyperspectral and visible light payloads.",
HORIS-2,ACME AtronOmatic (MyRadar),US,1U,not launched,not launched,"Forest fire monitoring and detetcing other surface hazards. Thermal, hyperspectral and visible light payloads.",
Hubble 4 (Lemur-2),Hubble,US,16U,not launched,not launched,,
Hubble 5 (Lemur-2),Hubble,US,16U,not launched,not launched,,
Hubble 6 (HUBBLE-6),Hubble,US,16U,not launched,not launched,,
Hubble 7 (HUBBLE-7),Hubble,US,16U,not launched,not launched,,
Kestrel-0A,HawkEye 360,US,8U,not launched,not launched,Testing a new satellite form factor with Iridium transceiver.,
Observer-1 B (Observer-1B),Nara Space,South Korea,16U,not launched,not launched,Observer-1 is Nara Space’s first Earth observation nano satellite with its own Observer platform applied.,
OCL-1,University of Palermo,Argentina,3U,not launched,not launched,Early prototype for an upcoming Orbital Communications Lab developed by the Engineering School of the University of Palermo - Argentina,
PADRE (solar PolArization and Directivity X-Ray Experiment),"University of California, Berkeley",US,12U,not launched,not launched,Study and decipher the secrets of the Sun.,
RIDU-Sat 1,Republic of Indonesia Defense University,Indonesia,1U,not launched,not launched,Used for educational purposes in amateur satellite communications.,
SAGE,ETH Zurich (Federal Institute of Technology),Switzerland,3U,not launched,not launched,Investigate the aging process of human cells in the microgravity and UHF to S-Band linear transponder.,
San Xavier,Lunasonde,UK,6U,not launched,not launched,First on-orbit test of proprietary VLF radar technological stack capable of detecting subsurface mineral deposits up to two km underground.,
SPARCS (Star-Planet Activity Research CubeSat),Arizona State University,US,6U,not launched,not launched,Monitor the flares and sunspots of small stars to assess habitability of orbiting planets.,
SPEQTRE (QKD Cubesat),RAL Space,UK,12U,not launched,not launched,Deploy a satellite quantum key distribution (QKD) test bed.,
SZESAT,Széchenyi István University of Győr,Hungary,PocketQube 1p,not launched,not launched,"Experiments with Tiny GS, Earth observation, Gathering of sensor data, Propagation experiments and Satellite imagery decodable by amateurs.",
Time Flies (TrustPoint-3),TrustPoint,US,3U,not launched,not launched,"Features an Position, Navigation, and Time (PNT) Payload that will demonstrate TrustPoint’s core technologies.",
Tomorrow-S8,Tomorrow.io,US,6U,not launched,not launched,18 Tomorrow.io CubeSats with passive microwave sounders.,
Tomorrow-S9,Tomorrow.io,US,6U,not launched,not launched,18 Tomorrow.io CubeSats with passive microwave sounders.,
Tomorrow-S10,Tomorrow.io,US,6U,not launched,not launched,18 Tomorrow.io CubeSats with passive microwave sounders.,
TRACE (TU Darmstadt ReseArch Cubesat for Education),TU Darmstadt Space Technology (TUDSat),Germany,3U,not launched,not launched,Demonstrate corner reflectors and a gamma sensor and an experiment to measure free charges within the high atmosphere.,
TRL Rwanda CubeSat,TRL Space,Rwanda,6U,not launched,not launched,Rwandan satellite with hyperspectral camera.,
"TROOP-F3 (TROOP F3, Train Rapid on Orbit Payload)",NearSpace Launch,US,3U,not launched,not launched,,
UND Roads 1,University of North Dakota,US,3U,not launched,not launched,Establish a satellite operations training facility and demonstate autonomous navigation and docking techniques,
UND Roads 2,University of North Dakota,US,3U,not launched,not launched,Establish a satellite operations training facility and demonstate autonomous navigation and docking techniques,
VEERY-0G,Care Weather,US,1U,not launched,not launched,Care Weather's fourth test satellite and first weather radar sensing ocean surface wind speed.,
"νSOL (NuSol, neutrino Solar Orbiting Laboratory, vSOL,)",Wichita State University,US,3U,not launched,not launched,"Testing the neutrino detector’s passive shielding design, active vetoing system, and the rate of false double-pulse signals in a space environment.",
"Alpha (CayugaSat, CU-Alpha)",Cornell University,US,1U,not launched,not launched,Technology demonstration mission to deploy a 1x1m light sail with four tiny “chipsats” .,
BLAST (Bouchet Low-Earth Alpha/Beta Space Telescope),Yale University,US,2U,not launched,not launched,Map the distribution of galactic cosmic radiation across the night sky.,
EagleSat-2,"Embry-Riddle Aeronautical University, Prescott",US,3U,not launched,not launched,Detect cosmic rays and study effects of radiation on various memory chips.,
"Foras Promineo (""Foras Promineo"")",Perkins Local School District,US,3U,not launched,not launched,"Education mission where the payload is a dynamic game that will inspire, engage, and educate the public.",
Knacksat II (Knacksat-2 TGPS),King Mongkut's University of Technology,Thailand,3U,not launched,not launched,"Monitor the position and speed of Thai trains via satellite, test photography from space, and examine radiation shielding technology.",
UiTMSAT-2,Universiti Teknologi MARA (UiTM),Malaysia,1U,not launched,not launched,"obtain practical exposure, participate in hands-on training, learn and involve in the entire process of developing and launching the Nanosatellite.",
AEPEX (Atmospheric Effects of Precipitation through Energetic X-rays),University of Colorado Boulder,US,6U,not launched,not launched,Investigate electrons that fall into Earth’s atmosphere from the Van Allen radiation belts. Image the Earth's upper atmosphere in X-rays,
CANVAS (Climatology of Anthropogenic and Natural VLF wave Activity in Space),University of Colorado Boulder,US,4U,not launched,not launched,"Map the transmission of VLF energy from the ground into space, injected by both lightning and VLF transmitters.",
"DARLA (Demonstration of Artificial Reasoning, Learning, and Analysis)",Saint Louis University,US,3U,not launched,not launched,Educational mission to test spacecraft platform and on-board event detection using commercial imagers and SDRs.,
IGOR,Astrion,US,3U,not launched,not launched,First 3U CubeSat of Axient (now Astrion) with a deployable drag.,
Odyssey,?,US,6U,not launched,not launched,,
"OrCa2 (Orbital Calibration 2, TDO-5?)",Georgia Institute of Technology (Georgia Tech),US,12U,not launched,not launched,"12U CubeSat with reflective panels covering much of the exterior, but also including a full suite of active electronics.",
R5-S3,NASA Johnson Space Center,US,3U,not launched,not launched,Demonstrate technologies to speed up hosted payload and in-space inspection.,
R5-S5,NASA Johnson Space Center,US,3U,not launched,not launched,Demonstrate technologies to speed up hosted payload and in-space inspection.,
SeaLion (VSCP-1A),Old Dominion University,US,3U,not launched,not launched,Deployable composite structure (DeCS) and S-band antenna. Validate the operation of the Impedance Probe (IP).,
"Skylark 5 (NorthStar 5, Lemur-2)",NorthStar,Canada,16U,not launched,not launched,Initial fleet for a constellation of space situational awareness (SSA) data.,
"Skylark 6 (NorthStar 6, Lemur-2)",NorthStar,Canada,16U,not launched,not launched,Initial fleet for a constellation of space situational awareness (SSA) data.,
"Skylark 7 (NorthStar 7, Lemur-2)",NorthStar,Canada,16U,not launched,not launched,Initial fleet for a constellation of space situational awareness (SSA) data.,
"Skylark 8 (NorthStar 8, Lemur-2)",NorthStar,Canada,16U,not launched,not launched,Initial fleet for a constellation of space situational awareness (SSA) data.,
SM-2,Swedish Defence Research Agency (FOI),Sweden,3U,not launched,not launched,,
TechEdSat-16 (TES-16),NASA Ames Research Center,US,12U,not launched,not launched,"12U Upcoming tech-demo in development, with 12U Exo-Brake validation.",
Ut ProSat-1 (VSCP-1B),Virginia Tech,US,3U,not launched,not launched,"Deploy a bistable coiled tape spring in a controlled, reliable, and repeatable manner on a SmallSat.",
CrestP-Sat (CrestP-Sat1),Crest Astra,Japan,1U,not launched,not launched,Test satellite-to-ground Visible light communication (VLC).,
DUPLEX (Dual Propulsion Experiment),CU Aerospace,US,6U,not launched,not launched,Equipped with two different propulsion systems.,
GXIBA (Gxiba-1),Universidad Popular Autónoma del Estado de Puebla A.C,Mexico,1U,not launched,not launched,Equipped as an I-Gate node thanks to its connection with the satellite internet system. Provide radio amateurs with an APRS internet access point.,
RHOK-SAT (RHodes-OKlahoma Collaboration),Rhodes College,US,1U,not launched,not launched,Education mission to test the space hardiness of novel perovskite photovoltaic devices for lunar and planetary missions.,
SilverSat,SilverSat,US,1U,not launched,not launched,Educational mission and technology demonstration using social media to send information directly from a satellite to its users.,
TAURUS 1,GUMUSH,Turkey,0.25U,not launched,not launched,Taurus picosatellite designed for agricultural and IoT applications.,
TAURUS 2,GUMUSH,Turkey,0.25U,not launched,not launched,Taurus picosatellite designed for agricultural and IoT applications.,
TAURUS 3,GUMUSH,Turkey,0.25U,not launched,not launched,Taurus picosatellite designed for agricultural and IoT applications.,
TAURUS 4,GUMUSH,Turkey,0.25U,not launched,not launched,Taurus picosatellite designed for agricultural and IoT applications.,
"239PTS (239Alferov, 239-PTS, RS61S, Space-PI, Space π)",Saint Petersburg Lyceum 239,Russia,3U,not launched,not launched,Amateur and Educational missions connected with children. Monitor of gamma-rays. VERA ablative pulsed plasma engine.,
Aist-ST (RS86S),Samara University,Russia,16U,not launched,not launched,Satellite of the Samara National Research University named after Academician S. P. Korolev with radar imaging equipment.,
Lobachevsky (RS83S),Nizhny Novgorod University,Russia,16U,not launched,not launched,The satellite's payload will consist of two spectral cameras and an FM radio signal repeater.,
Luca (Luča),Montenegro Space Research,Montenegro,1U,not launched,not launched,Educational mission with a camera.,
Parus-T2,National Formosa University,Japan,3U,not launched,not launched,"Provide essential services to the global amateur radio community, continue the PARUS-T1A mission.",
Polytech Universe-6 (RS10S),Peter the Great St.Petersburg Polytechnic University,Russia,16U,not launched,not launched,Measurement of electromagnetic radiation in various frequency ranges. Receiving signals from AIS.,
QMR-KWT_2,Orbital Space,Kuwait,1U,not launched,not launched,Amateur radio mission with a camera.,
SamSat-Orion (RS76S),Samara University,Russia,3U,not launched,not launched,Perform educational tasks in the field of radio communications and research on the Earth’s ionosphere.,
"CLICK B (CubeSat Laser Infrared CrosslinK, CLICK-B)",MIT (Massachusetts Institute of Technology),US,3U,not launched,not launched,Demonstrate the optical crosslink.,
"CLICK C (CubeSat Laser Infrared CrosslinK, CLICK-C)",MIT (Massachusetts Institute of Technology),US,3U,not launched,not launched,Demonstrate the optical crosslink.,
LIDE (Direct Access Live Demonstration),Tyvak,Italy,12U,not launched,not launched,"LIDE involves designing, manufacturing, and testing a 12U spacecraft and two dedicated ground terminals for a live demonstration.",
Amber 2 (Phoenix),Horizon Technologies,UK,6U,not launched,not launched,Become part of the Horizon Space Technologies’ Amber™ constellation dedicated to delivering Maritime Domain Awareness (MDA) intelligence data.,
ARICA-2 (AGU Remote Innovative CubeSat Alert System-2),Aoyama Gakuin University,Japan,2U,not launched,not launched,"Demonstrate the real-time alert system of transient astronomical sources, such as gamma-ray bursts, using commercial satellite network services.",
FSI-SAT2,Happy Science University,Japan,1U,not launched,not launched,Educational mission with a camera and to test spacecraft platform technologies.,
KOSEN-2R,National Institute of Technology,Japan,3U,not launched,not launched,Demonstrate CubeSat platform technologies including 360-degree camera.,
"MAGNARO-II - Piscis (MAGNARO-Piscis, Magnaro-II B Child, MAGnetically separating NAno-satellite with Rotation for Orbit control)",Nagoya University,Japan,1U,not launched,not launched,Joint CubeSats are separated after spin-up and then continue formation flying. Formation of microsatellites using rotational separation.,
"MAGNARO-II - Tigris (MAGNARO-Tigris, Magnaro-II A Parent, MAGnetically separating NAno-satellite with Rotation for Orbit control)",Nagoya University,Japan,2U,not launched,not launched,Joint CubeSats are separated after spin-up and then continue formation flying. Formation of microsatellites using rotational separation.,
Mono-Nikko,Dainikko Engineering,Japan,1U,not launched,not launched,In-orbit demonstration of intelligent power supply unit for micro spacecraft.,
OrigamiSat-2 (OrgamiSat-2),Tokyo Institute of Technology,Japan,3U,not launched,not launched,A 3U Cubesat with a 5.8 GHz downlink mission.,
PRELUDE (Precursory electric field observation CubeSat demonstrator),Nihon University,Japan,6U,not launched,not launched,"Aiming at elucidation of the precursory mechanism of earthquake, and the development situation of hybrid sensor (electric field and plasma measurement).",
RSP-02,Rymansat Project (Lehman Sat),Japan,1U,not launched,not launched,Educational mission with cameras and general-purpose communication module and sub-satellites connected by wires.,
WASEDA-SAT-ZERO-II (Waseda-SAT0 2),Waseda University,Japan,1U,not launched,not launched,Educational mission with drag chute for deorbiting.,
Dragonfly (BIRDS-X),Kyushu Institute of Technology,Japan,2U,not launched,not launched,"Performs the following missions: APRS digipeater, Store-and-Forward and New UHF transceiver.",
Slipper2Sat,Antarikchya Pratisthan Nepal,Nepal,1U,not launched,not launched,Slippers2Sat will be a technological demonstration and educational satellite following Munal.,
Solaras S2,Grahaa Space (Akshath Aerospace),India,1U,not launched,not launched,Observe solar radiation and transmit along with beacon signal.,
CAS-11,CAMSAT (Chinese Amateur Satellite Group),China,6U,not launched,not launched,Carries several VHF uplink and UHF downlink transponders.,
CubIXSS (CubeSat Imaging X-Ray Solar Spectrometer),Southwest Research Institute,US,6U,not launched,not launched,Study the origins of hot plasma in solar flares and active regions.,
SunCET (Sun Coronal Ejection Tracker),University of Colorado Boulder,US,6U,not launched,not launched,Examine the dominant physical mechanisms that accelerate coronal mass ejections (CME),
SPIRONE,Sejong University,South Korea,2U,not launched,not launched,IR camera array and transponder.,
6GStarLab,i2CAT,Spain,6U,not launched,not launched,Main in-orbit infrastructure in which multiple technology validations can be uploaded.,
FOSSASat (WISeSAT-5),Fossa Systems,Switzerland,3U,not launched,not launched,"Establish secure, scalable satellite constellation supporting machine-to-machine (M2M) communication via space.",
FOSSASat (WISeSAT-6),Fossa Systems,Switzerland,3U,not launched,not launched,"Establish secure, scalable satellite constellation supporting machine-to-machine (M2M) communication via space.",
FOSSASat (WISeSAT-7),Fossa Systems,Switzerland,3U,not launched,not launched,"Establish secure, scalable satellite constellation supporting machine-to-machine (M2M) communication via space.",
GENA-OT,OroraTech,Germany,16U,not launched,not launched,In-Orbit Demonstration (IOD) of an IOD/IOV commercial service.,
"LISA-1 (LOOKUP, LeO Observation U-space Precursor, LISA1, TOUTATIS)",U-Space,France,12U,not launched,not launched,Space environment monitoring service based on the development of a specially designed satellite to observe space debris and objects in orbit.,
MAUVE,Blue Skies Space,UK,16U,not launched,not launched,"Measuring stellar activity of nearby stars. Contains an UltraViolet (UV) spectrometer, a 15cm class telescope.",
NMHH-1,Budapest University,Hungary,PocketQube 3p,not launched,not launched,Half duplex digital repeater using GMSK modulation at selectable data rates up to 12k5. Also LoRa.,
Samwise,Stanford University,US,2U,not launched,not launched,Demonstrate platform technologies and amateur radio payload.,
TRYAD 1 (Terrestrial Rays Analysis and Detection),Auburn University,US,6U,not launched,not launched,Detect Terrestrial Gamma Ray Flashes in coincidence with ground lighting strike data.,
TRYAD 2 (Terrestrial Rays Analysis and Detection),Auburn University,US,6U,not launched,not launched,Detect Terrestrial Gamma Ray Flashes in coincidence with ground lighting strike data.,
3UCubed (3U3-A),University of New Hampshire,US,3U,not launched,not launched,Investigate how the polar regions of Earth’s atmosphere respond to varying solar wind conditions and particle precipitation.,
GPDM (Green Propulsion Dual Mode),NASA Marshall Space Flight Center,US,6U,not launched,not launched,Test chemical and electrospray capability of the low-toxicity or “green” rocket propellant known as Advanced Spacecraft Energetic Non-Toxic (ASCENT).,
REAL (Relativistic Electron Atmospheric Loss),Trustees of Dartmouth College,US,3U,not launched,not launched,Characterize the loss of particles from Earth’s Van Allen radiation belts.,
BRO-X (Breizh Reconnaissance Orbiter),Unseenlabs,France,8U,not launched,not launched,Spectrum monitoring service. Maritime surveillance. Electromagnetic intelligence service.,
HORN L,BULL,Japan,6U,not launched,not launched,Space demonstration of a PMD (Post Mission Disposal) device using atmospheric resistance.,
HORN R,BULL,Japan,6U,not launched,not launched,Space demonstration of a PMD (Post Mission Disposal) device using atmospheric resistance.,
VERTECS (Visible Extragalactic background RadiaTion Exploration by CubeSat),Kyushu Institute of Technology,Japan,6U,not launched,not launched,Astronomical 6U satellite for observation of visible extragalactic background light to study cosmic star formation history.,
CyBEEsat (Cybersecurity Berlin Experimental & Educational Satellite),Technical University of Berlin,Germany,1U,not launched,not launched,"Miniaturized transceiver for newly defined frequency bands for short-term missions, as well as radiation-tolerant solar cells.",
FRAMSat-1,Norwegian University of Science and Technology (NTNU),Norway,1U,not launched,not launched,Demonstrate platform for tech demonstration of Norwegian technology.,
"OTTER (Optical Traffic Tracking Experiment for Responsive Space, MSAE-OTTERS)",DLR (German Aerospace Center),Germany,3U,not launched,not launched,Picks up AIS (Automatic Identification System) signals from co-operating ships and takes optical images of the transmitter area.,
SpaceTeamSat1 (STS1),TU Wien Space Team,Austria,1U,not launched,not launched,Give pupils in Austria the possibility to run self-developed software on the educational payload of the satellite.,
TOM 1 (Telematics earth Observation Mission),Zentrum für Telematik,Germany,1U,not launched,not launched,Photogrammetric Ash Cloud Observation by a Formation of three Small Satellites.,
TOM 2 (Telematics earth Observation Mission),Zentrum für Telematik,Germany,1U,not launched,not launched,Photogrammetric Ash Cloud Observation by a Formation of three Small Satellites.,
TOM 3 (Telematics earth Observation Mission),Zentrum für Telematik,Germany,1U,not launched,not launched,Photogrammetric Ash Cloud Observation by a Formation of three Small Satellites.,
TRISAT-S,University of Maribor,Slovenia,3U,not launched,not launched,A technology demonstration for a miniaturized transceiver that will enable encrypted communication with several ground stations around the world.,
"OTC P2-1 (Lemur-2, Phase 1)",OroraTech,Germany,8U,not launched,not launched,,
"OTC P2-2 (Lemur-2, Phase 1)",OroraTech,Germany,8U,not launched,not launched,,
"OTC P2-3 (Lemur-2, Phase 1)",OroraTech,Germany,8U,not launched,not launched,,
"OTC P2-4 (Lemur-2, Phase 1)",OroraTech,Germany,8U,not launched,not launched,,
"OTC P2-5 (Lemur-2, Phase 1)",OroraTech,Germany,8U,not launched,not launched,,
"OTC P2-6 (Lemur-2, Phase 1)",OroraTech,Germany,8U,not launched,not launched,,
"OTC P2-7 (Lemur-2, Phase 1)",OroraTech,Germany,8U,not launched,not launched,,
"OTC P2-8 (Lemur-2, Phase 1)",OroraTech,Germany,8U,not launched,not launched,,
3CAT-8 (CubeCat-8),"Polytechnic University of Catalonia (UPC, BarcelonaTECH)",Spain,6U,not launched,not launched,3Cat-8 is a scientific mission to monitor and characterise ionospheric scintillation. Deploys PocketQubes and has deployable Fresnel zone plate antenna.,
Curium Two,Planetary Transportation System (PTS),Germany,12U,not launched,not launched,,
ERMINAZ-1U,AMSAT-Germany,Germany,PocketQube 1p,not launched,not launched,"ERMINAZ-1U & ERMINAZ-1V will transmit telemetry, images, provide a digipeat/store/forward functionally to all radio amateurs worldwide.",
ERMINAZ-1V,AMSAT-Germany,Germany,PocketQube 1p,not launched,not launched,"ERMINAZ-1U & ERMINAZ-1V will transmit telemetry, images, provide a digipeat/store/forward functionally to all radio amateurs worldwide.",
MARIA-G (HADES-F),AMSAT-EA,Spain,PocketQube 1.5p,not launched,not launched,FM repeater with a guess game by students and TS-UNB waveform transmission.,
MOVE-III (MOVE-BEYOND),Technical University of Munich (TUM),Germany,6U,not launched,not launched,Conduct in-situ measurements of submillimeter space debris and micro-meteoroid particles.,
Platform-9,EnduroSat,Bulgaria,16U,not launched,not launched,Technology demonstrations and commercial payloads.,
PW-Sat3,Warsaw University of Technology,Poland,3U,not launched,not launched,Demonstrating orbit control with propulsion system and educational mission.,
QUBIK-5,Libre Space Foundation,Greece,PocketQube 1p,not launched,not launched,Designed for amateur radio service. Experiment with LEOP and passive RF orbit determination.,
SIDLOC-PQ-1,Libre Space Foundation,Greece,PocketQube 1p,not launched,not launched,SIDLOC (Spacecraft Identification and Localization) is a project funded by the European Space Agency on non-amateur frequencies.,
SIDLOC-PQ-2,Libre Space Foundation,Greece,PocketQube 1p,not launched,not launched,SIDLOC (Spacecraft Identification and Localization) is a project funded by the European Space Agency on non-amateur frequencies.,
UNNE-1 (HADES-E),AMSAT-EA,Spain,PocketQube 1.5p,not launched,not launched,UNNE-1 will offer licensed radio-amateur around the world the opportunity to relay FM voice and AX.25 / APRS 300 / 1200 bps communications.,
VIBES Pioneer (VIBES-Pioneer),University of Applied Sciences Bremen,Germany,3U,not launched,not launched,Improve the optical performance of spacecraft using digital technologies.,
KvarkenSat,Kvarken Space Center,Finland,3U,not launched,not launched,Educational and capacity building mission while demonstrating new commercial space business models.,
ODALISS (ODALISS_AMA),EMXYS,Spain,3U,not launched,not launched,"ODALISS nanosatellite platform, equipped with an innovative optical communications transceiver for Space-Earth links based on Emxys’ proprietary technology.",
Platform-10,EnduroSat,Bulgaria,12U,not launched,not launched,Precursor for an end-to-end space traffic management (STM) solution for increased spacecraft safety.,
PLUTO (PayLoad Under Test Orbiter),DLR Institute of Space Systems,Germany,6U,not launched,not launched,"The hardware to be tested includes the Integrated Core Avionics (ICA), an ultra-wideband wireless camera and a deployable solar array.",
AIOTY-CUBE,Rapid Cubes,US,12U,not launched,not launched,In-orbit verification opportunity.,
Hub IOD,Quantum Communications Hub,UK,12U,not launched,not launched,"Usse light and infrared signals, as well as a radio channel, to communicate with the quantum receiver positioned at the Hub’s OGS site in Scotland.",
MAVERIC (Magnetic Vector and Remote Imaging Communication satellite),University of Southern California,US,3U,not launched,not launched,Scientific payload is magnetometers that take magnetic field readings and compare them to the current Earth modeling satellites.,
RSP-03,Rymansat Project (Lehman Sat),Japan,1U,not launched,not launched,"The main mission is to capture the star data by camera, convert it to audible data and deliver the data to the ground.",
"AERO (Auroral Emission Radio Observer, AERO-VISTA)",MIT (Massachusetts Institute of Technology),US,3U,not launched,not launched,Terrestrial auroral science and radio interferometric technology demonstration.,
"ATISE (Auroral Thermosphere Ionosphere Spectrometer Experiment, Zegrensat )",CSUG-IPAG (Univ. Grenoble Alpes),France,12U,not launched,not launched,Auroral visible spectrometry and imaging at the limb.,
Grissom-1 (GM1),Air Force Institute of Technology (AFIT),US,6U,not launched,not launched,Educational mission to demonstrate a new CubeSat platform for future DoD payloads.,
Gunsmoke-G,US Army Space and Missile Defense Command,US,6U,not launched,not launched,Demonstrate a diverse situational awareness capability from LEO that will directly benefit the Army Warfighter in theater.,
Gunsmoke-J 1 (Jacob's Ladder),US Army Space and Missile Defense Command,US,3U,not launched,not launched,Demonstrate a diverse situational awareness capability from LEO that will directly benefit the Army Warfighter in theater.,
Gunsmoke-L 2 (Lonestar),US Army Space and Missile Defense Command,US,6U,not launched,not launched,Demonstrate an important test mission from LEO that will directly benefit the Army Warfighter in theater.,
IRIS-B (Intelligent Remote-Sensing and Internet Satellite),National Cheng Kung University,Taiwan,3U,not launched,not launched,Demonstrate in-orbit intelligent remote sensing technology.,
"KÂ´OTO (K’OTO, K'OTO, KOTO, KAOTO)",National Autonomous University of Mexico,Mexico,1U,not launched,not launched,Educational mission to contribute to technological and human resources development.,
LAICE (Lower Atmosphere/Ionosphere Coupling Experiment),University of Illinois Urbana-Champaign,US,6U,not launched,not launched,Observe gravity waves with large vertical wavelengths.,
MAGNETO (Magento),University of Southern California,US,1.5U,not launched,not launched,Educational mission to take magnetometer measurements with no uplink capability.,
MAXWELL,University of Colorado Boulder,US,6U,not launched,not launched,Demonstrate X-band communication and reflectarray system compatible with the NASA Near-Earth Network.,
MOESS Demonstrator (Miniaturised Orbital Electronic Warfare Sensor System),DEWC Systems,Australia,3U,not launched,not launched,"Provide the first fully Australian developed, owned and operated space based Electronic Warfare capability.",
n-ART One,GUMUSH,Turkey,3U,not launched,not launched,Test & Demonstration Satellite n-ART Bus.,
OGMS-SA (OutGassing Material Study by Spectroscopy Analysis),Paris-Est Créteil Val-de-Marne University,France,3U,not launched,not launched,Part of QB50 to study lower termosphere.,
"OPS-Cube (Optical Plasma Spectroscopy CubeSat, OPS Cube)",Western Michigan University,US,6U (1x6U),not launched,not launched,Demonstrate space-based characterization of an electric propulsion (EP) system using optical emission spectroscopy (OES).,
OzQube-1,Picosat Systems,Australia,PocketQube 1p,not launched,not launched,Validate complete PocketQube platform and capture images.,
Pakal,Colibri Mission - Universidad Panamericana México & Aguascalientes,Mexico,3U,not launched,not launched,Make measurements of atmospheric drag in order to contribute to space debris mitigation efforts,
PIRI-SAT,ITU (Istanbul Technical University),Turkey,6U,not launched,not launched,Modular 6U paltform for hosted paylods: to provide free platform and launch for payload developers without the burden of finding a satellite/launch. Experimental AIS demonstration.,
PISat-2,PES Institute of Technology,India,10 kg,not launched,not launched,Ultraviolet imager that will stare at a single point in space for the lifetime of the mission.,
Polaris,US Army Space and Missile Defense Command,US,6U,not launched,not launched,Beyond-Line-of-Sight Communications to handheld tactical radios in a contested environment.,
SABOR Capability Demonstration,US Army Space and Missile Defense Command,US,6U,not launched,not launched,Radar calibration mission to benefit Army Warfighter in theater.,
SatDuino,Innova Space,Argentina,PocketQube 1p,not launched,not launched,"Democratization of IOT communications. Communication Technology, LoRa.",
STARS-Me2,Shizuoka University,Japan,1U,not launched,not launched,Educational mission with camera and amateur radio activities.,
STORK-8,SatRev,Poland,3U,not launched,not launched,Innovative shared platform with Earth-Observation capabilities. Aimed at in-orbit services.,
TechEdSat-12 (TES-12),NASA Ames Research Center,US,3U,not launched,not launched,Test several technologies intended to help better track and identify CubeSats.,
"VISTA (Vector Interferometry Space Technology using AERO, AERO-VISTA)",MIT (Massachusetts Institute of Technology),US,3U,not launched,not launched,Terrestrial auroral science and radio interferometric technology demonstration.,
Anant (Team Anant),"Birla Institute of Technology and Science, Pilani (BITS Pilani)",India,3U,not launched,not launched,Hyperspectral camera to perform water quality monitoring.,
ContentCube (Content-Cube),Virginia Tech,US,1U,not launched,not launched,Selfie-stick for space will external LCD screen.,
CubeSOTA,University of Tokyo,Japan,6U,not launched,not launched,10 Gbit/s lasercom terminal for intersatellite links with GEO and downlinks to ground.,
Garatéa-L (Garatea-L),Airvantis,Brazil,6U,not launched,not launched,Study the effects of the microgravity environment on different life forms.,
HORYU-VI (HORYU-6),Kyushu Institute of Technology,Japan,6U,not launched,not launched,Specialized in lunar horizon glow (LHG) observations will be put into lunar orbit to detect the light scattering above the lunar terminator.,
KufaSat,University of Kufa,Iraq,1U,not launched,not launched,Remote sensing and imaging.,
MAMBO (Mini Astrophysical MeV Background Observatory),Los Alamos National Laboratory (LANL),US,12U,not launched,not launched,Gamma-ray astrophysics investigation that will answer three decades old questions about the mysterious Cosmic Diffuse Gamma-ray (CDG) background.,
METEOR (METEORIX),Université Pierre et Marie Curie,France,3U,not launched,not launched,Detect and characterize meteors by UV photometry and spectroscopy.,
RADMIA (RADiation Measurement and Image Acquire),Northwestern Polytechnical University,China,16U,not launched,not launched,Going to lunar orbit and primary payload of the probe is a mini radiometer and PAN/multispectral camera.,
REALOP (Remote Experimentation and Analysis of Low Orbit Phenomena),"University of California, Davis",US,2U,not launched,not launched,Provide data from a variety of environmental and remote sensors for students and test HDDs as reaction wheels.,
Sapling Magnifica,Stanford University,US,1U,not launched,not launched,Technology demonstration mission aimed to prove several key technologies necessary for SSI's satellites to host scientific payloads in the future.,
SWAP-E A (Space Weather ThinSat constellation Array Experiment),NearSpace Launch,US,ThinSat (2Ux3U),not launched,not launched,SWAP-E is a Space Weather ThinSat constellation Array Experiment with Prompt data for forecasting and decision making.,
SWAP-E B (Space Weather ThinSat constellation Array Experiment),NearSpace Launch,US,ThinSat (2Ux3U),not launched,not launched,SWAP-E is a Space Weather ThinSat constellation Array Experiment with Prompt data for forecasting and decision making.,
SWAP-E C (Space Weather ThinSat constellation Array Experiment),NearSpace Launch,US,ThinSat (2Ux3U),not launched,not launched,SWAP-E is a Space Weather ThinSat constellation Array Experiment with Prompt data for forecasting and decision making.,
SWAP-E D (Space Weather ThinSat constellation Array Experiment),NearSpace Launch,US,ThinSat (2Ux3U),not launched,not launched,SWAP-E is a Space Weather ThinSat constellation Array Experiment with Prompt data for forecasting and decision making.,
ALEASAT,University of British Columbia,Canada,1U,not launched,not launched,Picture the earth and investigate the physiological effects of long-term human spaceflight.,
AmbaSat-1 CubeSat,Ambasat,UK,3U,not launched,not launched,Deploy AmbaSat-1 sprites or chipsats.,
BAMA-2,University of Alabama,US,3U,not launched,not launched,Flight demonstration of a drag sail module by rapidly deorbiting the satellite.,
"GTOSat (GTO-Sat, Dellingr-X, Geosynchronous Transfer Orbit Satellite to Study Radiation Belt Dynamics)",NASA Goddard Space Flight Center,US,6U,not launched,not launched,Advancing understanding of acceleration and loss of relativistic electrons in the Earth’s outer radiation belt.,
IonSat (Ion-Sat),Ecole Polytechnique,France,6U,not launched,not launched,Demonstrate iodine thruster developed by ThrustMe.,
LoLaSat (Low Latency Satellite),Smart Small Satellite Systems (S4),Germany,3U,not launched,not launched,Test satellite for broadband internet in very low Earth orbit (VLEO).,
NITESat (Night Imaging & Tracking Experiment Satellite) ),Adler Planetarium,US,2U,not launched,not launched,Acquire high quality nighttime imagery of the Midwest from orbit to measure the quantity and quality of light pollution.,
SWARM-EX A (Space Weather Atmospheric Reconfigurable Multiscale EXperiment),Olin College,US,3U,not launched,not launched,Three CubeSat constellation to investigate the relationship between charged particles and neutral particles in the thermosphere.,
SWARM-EX B (Space Weather Atmospheric Reconfigurable Multiscale EXperiment),Olin College,US,3U,not launched,not launched,Three CubeSat constellation to investigate the relationship between charged particles and neutral particles in the thermosphere.,
SWARM-EX C (Space Weather Atmospheric Reconfigurable Multiscale EXperiment),Olin College,US,3U,not launched,not launched,Three CubeSat constellation to investigate the relationship between charged particles and neutral particles in the thermosphere.,
6S (Spinning Sun-Synchronous Satellite for Station-keeping Structural battery and Solar cell testing),Politecnico di Milano,Italy,1U,not launched,not launched,Frst satellite entirely designed and built by students of Politecnico di Milano.,
AcubeSAT,SpaceDot,Greece,3U,not launched,not launched,Demonstrate lab-on-a-chip technology for biological experiments in Low Earth Orbit.,
Aldebaran-1 (Alderbaran-1),Federal University of Maranhao,Brazil,1U,not launched,not launched,Educational mission with a LoRa transmitter.,
Amber 3,Horizon Technologies,UK,6U,not launched,not launched,Become part of the Horizon Space Technologies’ Amber™ constellation dedicated to delivering Maritime Domain Awareness (MDA) intelligence data.,
AQUIS (Aachen's QUbe In Space),RWTH Aachen,Germany,PocketQube 1p,not launched,not launched,"Take our very own pictures of the beautiful planet Earth from Space, and design one of the most advanced 1p PocketQubes ever created.",
ARKSAT-2,University of Arkansas,US,2U,not launched,not launched,"In space demonstration of an agile, low-cost, non-toxic, biocompatible, and non-pressurized micro-propulsion system.",
AuroraSat-2,Aurora Propulsion Technologies,Finland,3U,not launched,not launched,2U CubeSat with similar specs to the AuroraSat-1.,
BeaverCube II (BeaverCube-2),MIT (Massachusetts Institute of Technology),US,3U,not launched,not launched,Educational mission with visible and infrared imagers.,
Bifrost,Danish Defence Acquisition and Logistics Organization (DALO),Denmark,6U,not launched,not launched,Explore AI based surveillance applications from space.,
Binar 5 (Binar-5),Curtin University,Australia,1U,not launched,not launched,Test CubeSat technologies for deep space missions.,
Binar 6 (Binar-6),Curtin University,Australia,1U,not launched,not launched,Test CubeSat technologies for deep space missions.,
Binar 7 (Binar-7),Curtin University,Australia,1U,not launched,not launched,Test CubeSat technologies for deep space missions.,
BlackCAT (Black Hole Coded Aperture Telescope),Pennsylvania State University (Penn State),US,6U,not launched,not launched,Soft X-ray sky monitor for high-energy astrophysics.,
BOTAN,Chiba Institute of Technology,Japan,1U,not launched,not launched,Amateur radio digipeater mission with camera.,
BRO-19 (Breizh Reconnaissance Orbiter),Unseenlabs,France,8U,not launched,not launched,Spectrum monitoring service. Maritime surveillance. Electromagnetic intelligence service.,
BRO-20 (Breizh Reconnaissance Orbiter),Unseenlabs,France,8U,not launched,not launched,Spectrum monitoring service. Maritime surveillance. Electromagnetic intelligence service.,
BRO-21 (Breizh Reconnaissance Orbiter),Unseenlabs,France,8U,not launched,not launched,Spectrum monitoring service. Maritime surveillance. Electromagnetic intelligence service.,
BurkinaSat-1,Norbert-Zongo University,Burkina Faso,1U,not launched,not launched,An Earth observation nanosatellite with educational mission.,
BYU-MAYANSAT,Brigham Young University,US,3U,not launched,not launched,Educational mission with amateur radio mission and digital mailbox.,
CaNOP (Canopy Near-IR Observing Project),Carthage College,US,3U,not launched,not launched,Replicate early Landsat remote sensing capabilities.,
CASSINI IHE1-1 A,Elecnor Deimos,Spain,6U,not launched,not launched,Two CubeSat missions housing a range of experiments pre-selected by the European Commission.,
CASSINI IHE1-1 B,Elecnor Deimos,Spain,6U,not launched,not launched,Two CubeSat missions housing a range of experiments pre-selected by the European Commission.,
Catarina-A1,Federal University of Santa Catarina,Brazil,2U,not launched,not launched,Educational and amateur radio mission. Validate the functioning of the EDC (Environmental Data Collector) module.,
CLIMB,University of Applied Sciences Wiener Neustadt,Austria,3U,not launched,not launched,Use a propulsion system to reach the inner Van-Allen belt and measure the radiation environment.,
CloudCT 1,Technion - Israel Institute of Technology,Israel,3U,not launched,not launched,Reveal detailed images of clouds structures and properties by using technologies from medical CT.,
CloudCT 2,Technion - Israel Institute of Technology,Israel,3U,not launched,not launched,Reveal detailed images of clouds structures and properties by using technologies from medical CT.,
CloudCT 3,Technion - Israel Institute of Technology,Israel,3U,not launched,not launched,Reveal detailed images of clouds structures and properties by using technologies from medical CT.,
CloudCT 4,Technion - Israel Institute of Technology,Israel,3U,not launched,not launched,Reveal detailed images of clouds structures and properties by using technologies from medical CT.,
CloudCT 5,Technion - Israel Institute of Technology,Israel,3U,not launched,not launched,Reveal detailed images of clouds structures and properties by using technologies from medical CT.,
CloudCT 6,Technion - Israel Institute of Technology,Israel,3U,not launched,not launched,Reveal detailed images of clouds structures and properties by using technologies from medical CT.,
CloudCT 7,Technion - Israel Institute of Technology,Israel,3U,not launched,not launched,Reveal detailed images of clouds structures and properties by using technologies from medical CT.,
CloudCT 8,Technion - Israel Institute of Technology,Israel,3U,not launched,not launched,Reveal detailed images of clouds structures and properties by using technologies from medical CT.,
CloudCT 9,Technion - Israel Institute of Technology,Israel,3U,not launched,not launched,Reveal detailed images of clouds structures and properties by using technologies from medical CT.,
CloudCT 10,Technion - Israel Institute of Technology,Israel,3U,not launched,not launched,Reveal detailed images of clouds structures and properties by using technologies from medical CT.,
CloudCT Precursor,Technion - Israel Institute of Technology,Israel,3U,not launched,not launched,Reveal detailed images of clouds structures and properties by using technologies from medical CT.,
Connecta IoT 9,Plan-S,Turkey,6U,not launched,not launched,"Connecta IoT Network constellation project, which will provide Internet of Things (IoT) communication services.",
Connecta IoT 10,Plan-S,Turkey,6U,not launched,not launched,"Connecta IoT Network constellation project, which will provide Internet of Things (IoT) communication services.",
Connecta IoT 11,Plan-S,Turkey,6U,not launched,not launched,"Connecta IoT Network constellation project, which will provide Internet of Things (IoT) communication services.",
Connecta IoT 12,Plan-S,Turkey,6U,not launched,not launched,"Connecta IoT Network constellation project, which will provide Internet of Things (IoT) communication services.",
CORAL,Sapienza University of Rome,Italy,2U,not launched,not launched,"Exploring using a constellation of LEO satellites to offer IoT connectivity for TT&C purposes, as an alternative to ground stations.",
COSMO (COmpact Spaceborne Magnetic Observatory),University of Colorado Boulder,US,6U (1x6U),not launched,not launched,Efficient and economical collection of high-resolution magnetic field data.,
CougSat (CougSat‑1),Washington State University,US,1U,not launched,not launched,Educational mission and CubeSat platform development.,
CTC 1 (CTC-1),"Spacecoin (Space Telecommunications, Inc)",US,16U,not launched,not launched,Demonstrating space-enabled text messaging to a specialized handheld antenna but ultimately directly to standard smartphones.,
DOGE-1,Geometric Energy Corporation,Canada,12U,not launched,not launched,DOGE-1 Mission to the Moon—the first-ever commercial lunar payload in history paid entirely with DOGE.,
e-kagaku-1,The e-kagaku Association of Global Science and Education,Japan,1U,not launched,not launched,Educational and amateur radio mission.,
EarthTV-2,Sen,UK,16U,not launched,not launched,Constellation to stream real-time and timely videos from space.,
EdgeAISat,EMXYS,Spain,3U,not launched,not launched,Bring artificial intelligence to space.,
"ERMIS-1 (ERMIS A, Hellenic Cubesat Demonstration Mission)",National and Kapodistrian University of Athens,Greece,6U,not launched,not launched,"Demonstrate an optical communications, space-based 5G IoT services, as well as hyperspectral Earth observation.",
"ERMIS-2 (ERMIS B, Hellenic Cubesat Demonstration Mission)",National and Kapodistrian University of Athens,Greece,6U,not launched,not launched,"Demonstrate an optical communications, space-based 5G IoT services, as well as hyperspectral Earth observation.",
"ERMIS-3 (ERMIS C, Hellenic Cubesat Demonstration Mission)",National and Kapodistrian University of Athens,Greece,8U,not launched,not launched,"Demonstrate an optical communications, space-based 5G IoT services, as well as hyperspectral Earth observation.",
FINCH (Field Imaging Nanosatellite for Crop residue Hyperspectral mapping),University of Toronto,Canada,3U,not launched,not launched,Hyperspectral SWIR remote sensing CubeSat undertaking a crop residue mapping demo mission.,
Foresail-1p,Finnish Centre of Excellence for Sustainable Space,Finland,3U,not launched,not launched,Particle detector to measure electrons and protons and Electrostatic Plasma Brake deorbiting experiment.,
FRAMSat-1.5,Norwegian University of Science and Technology (NTNU),Norway,3U,not launched,not launched,Demonstrate platform for tech demonstration of Norwegian technology.,
"FrontierSat (CalgaryToSpace-1, CTS-SAT-1, CTS Sat1)",University of Calgary (CalgaryToSpace),Canada,3U,not launched,not launched,"Carrying payloads designed and made in UCalgary labs. Launching a camera to space, allowing for photo opportunities of the satellite and Earth.",
GENA-GOS-3 (GROOVE-EVO 2),German Orbital Systems,Germany,3U,not launched,not launched,Shared In-Orbit-Demonstration missions.,
GHS-01,Gifu University,Japan,2U,not launched,not launched,"Equipped with a camera for photographing the earth, a sensor for checking the state of the satellite, and an attitude control device .",
GLADOS (Glint Analyzing Data Observation Satellite),University at Buffalo (UB),US,6U,not launched,not launched,Gather light data on space debris in geostationary orbit.,
GOLDS-UFSC (FloripaSat-2),Federal University of Santa Catarina,Brazil,2U,not launched,not launched,Educational mission with amateur radio payload.,
HATOSAT,Tokyo Denki University,Japan,3U,not launched,not launched,Conducting various technical tests for practical satellite development.,
Hellenic Space Dawn A (HELIOS),EMTech Space,Greece,8U,not launched,not launched,"Short real-time response time during Earth observation, meaning that the user receives the image within a few minutes",
Hellenic Space Dawn B (SELENE),EMTech Space,Greece,8U,not launched,not launched,"Short real-time response time during Earth observation, meaning that the user receives the image within a few minutes",
Hello Space PocketQube 4,Hello Space,Turkey,PocketQube 2p,not launched,not launched,,
Hello Space PocketQube 5,Hello Space,Turkey,PocketQube 2p,not launched,not launched,,
HYDRA-4,Hydra Space,Spain,PocketQube 1.5p,not launched,not launched,Developing satellite solutions for global IoT connectivity and affordable access to space.,
iCUBE-N,Islamabad Institute of Science and Technology,Pakistan,3U,not launched,not launched,All the major modules of the satellite will be developed in-house.,
IGOSat (Ionosphere and Gamma -ray Observation Satellite),Université de Paris 7 - Diderot,France,3U,not launched,not launched,Measure the ionosphere and reconstruct ionospheric electron density profile using radio occultation technique.,
Io-1,Iota Technology,US,4U,not launched,not launched,"End-to-end satellite mission for Iota Technology as part of MagQuest, a competition to advance measuring Earth's magnetic field.",
Janus 2 (JANUS-2),Antaris,US,6U,not launched,not launched,Second demonstration satellite.,
Kaladin,Array Labs,US,3U,not launched,not launched,Mature technology and operational concepts. Novel surface coating to increase the amount of drag a spacecraft in LEO experiences.,
Kernow Sat 1,University of Exeter,UK,6U,not launched,not launched,Payload changed from a camera based payload to low rate data packet communications payload.,
KSS-BOBCAT,Kawa Space,India,6U,not launched,not launched,"Demonstrate the technology for a future constellation of satellites, supporting Kawa Space's existing ocean monitoring platform.",
LabSat IoT,Copitec,Argentina,12U,not launched,not launched,"Monitor rural areas, where it will help measure soil moisture, harvest different cereals, track livestock , and offer connectivity where terrestrial mobile phone networks do not reach.",
LappiSat-1,Sodankylä Geophysical Observatory,Finland,6U,not launched,not launched,Obtain new information about the polar lights and changes in the geoenvironment.,
Lemur-2 GHGSat 4 D,Spire,US,16U,not launched,not launched,Expand GHGSat satellite constellation for greenhouse gas emissions monitoring.,
Lemur-2 GHGSat 5 E,Spire,US,16U,not launched,not launched,Expand GHGSat satellite constellation for greenhouse gas emissions monitoring.,
Lemur-2 GHGSat 6 F,Spire,US,16U,not launched,not launched,Expand GHGSat satellite constellation for greenhouse gas emissions monitoring.,
Lemur-2 GHGSat 7 G,Spire,US,16U,not launched,not launched,Expand GHGSat satellite constellation for greenhouse gas emissions monitoring.,
Lemur-2 Sentinel,Spire,US,3U,not launched,not launched,Lemur-2 satellite with additional camera and star tracker.,
LEOPARD (Light intensity Experiment with On-orbit Positioning and satellite Ranging Demonstration),Kyushu Institute of Technology,Japan,3U,not launched,not launched,Perform technology demonstration for an on-orbit positioning system and observe the horizon for light-intensity experiment.,
Lilium-2,National Cheng Kung University,Taiwan,6U,not launched,not launched,Fly an improved remote sensing payload.,
Lilium-3,National Cheng Kung University,Taiwan,3U,not launched,not launched,The Lilium-3 will perform in-orbit tests of electric propulsion and deployment mechanism experiments.,
LusoSpace 1,LusoSpace,Portugal,8U,not launched,not launched,VDES communications constellation.,
LusoSpace 2,LusoSpace,Portugal,8U,not launched,not launched,VDES communications constellation.,
LusoSpace 3,LusoSpace,Portugal,8U,not launched,not launched,VDES communications constellation.,
LusoSpace 4,LusoSpace,Portugal,8U,not launched,not launched,VDES communications constellation.,
LusoSpace 5,LusoSpace,Portugal,8U,not launched,not launched,VDES communications constellation.,
LusoSpace 6,LusoSpace,Portugal,8U,not launched,not launched,VDES communications constellation.,
LusoSpace 7,LusoSpace,Portugal,8U,not launched,not launched,VDES communications constellation.,
LusoSpace 8,LusoSpace,Portugal,8U,not launched,not launched,VDES communications constellation.,
LusoSpace 9,LusoSpace,Portugal,8U,not launched,not launched,VDES communications constellation.,
LusoSpace 10,LusoSpace,Portugal,8U,not launched,not launched,VDES communications constellation.,
LusoSpace 11,LusoSpace,Portugal,8U,not launched,not launched,VDES communications constellation.,
MEMEsat-1 (Mission for Education and Multimedia Engagement,University of Georgia,US,2U,not launched,not launched,Primary mission is to serve as a digital Repeater and to downlink donor submitted memes via UHF amateur band.,
MICE-1,Prisma Electronics,Greece,3U,not launched,not launched,The ability to communicate with ships even in areas where there is no coverage.,
MIST (MIiniature Student saTellite),Royal Institute of Technology (KTH),Sweden,3U,not launched,not launched,"Test various technologies including propulsion system, mass spectrometer and piezoelectric motor.",
MOBIUS,Galaxia,Canada,3U,not launched,not launched,One the first Software Defined Satellite (SDS) platforms in commercial space market. Our demo flight will show the performance of our AI compute capability in space for our commercial and defence clients.,
"MOCI (Multi-view Onboard Computational Imager, Mapping and Ocean Color Imager)",University of Georgia,US,6U,not launched,not launched,Generate 3D point clouds of large scale structures on the Earth's surface.,
MOXY-1,Geometric Energy Corporation,Canada,6U,not launched,not launched,Equipped with internal imaging sensors and screen to display and share/advertise digital tokens in space.,
NanoEOAP,National Autonomous University of Mexico,Mexico,3U,not launched,not launched,Two main payloads: (i) a particle detector and (ii) a 6-channel multispectral camera.,
NIMPH (Nanosat to Investigate Microwave Photonic Hardware),Centre Spatial Universitaire de Toulouse (CSUT),France,3U,not launched,not launched,Technology validation of optical components and degradation measurements.,
NOCLIP-1,Pointblank,Canada,6U,not launched,not launched,Equipped with a wide field 4K resolution camera optimized for the sensory experience.,
NPS-CENETIX-Orbital 1,AT&T,US,3U,not launched,not launched,Bursty Orbital Mesh Networking.,
Observa-1 (Observa - Earth Observation),Plan-S,Turkey,6U,not launched,not launched,"In 2024,5 the first earth observation satellite will also come into operation.",
OptiSat (SPOC-3127),Planetek,Greece,6U,not launched,not launched,EO-image-processing and optical communications CubeSat.,
Oracle 1,University of Edinburgh (Asteria),UK,3U,not launched,not launched,Earth observation.,
OreSat-1 (OreSat1),Portland State University,US,2U,not launched,not launched,STEM outreach by sending live video space-to-ground stations plus camera.,
OwlSat,Rice University,US,1U,not launched,not launched,Analyze the relationship between solar activity and the Earth's lower atmosphere by measuring ultraviolet radiation of the Sun.,
PeakSat,The Aristotle University of Thessaloniki,Greece,3U,not launched,not launched,Achieve safe optical communication using a laser with a ground station.,
Phasma A,Libre Space Foundation,Greece,3U,not launched,not launched,Monitor the electromagnetic spectrum and identify the frequencies used around the world to create an open database.,
Phasma B,Libre Space Foundation,Greece,3U,not launched,not launched,Monitor the electromagnetic spectrum and identify the frequencies used around the world to create an open database.,
Phobos,Aethero Space,US,2U,not launched,not launched,,
PIAST A (Polish Imaging Satellites),Poland’s Armed Forces,Poland,6U,not launched,not launched,Earth observation constellation capable of acquiring roughly 5-meter-resolution imagery.,
PIAST B (Polish Imaging Satellites),Poland’s Armed Forces,Poland,6U,not launched,not launched,Earth observation constellation capable of acquiring roughly 5-meter-resolution imagery.,
PIAST C (Polish Imaging Satellites),Poland’s Armed Forces,Poland,6U,not launched,not launched,Earth observation constellation capable of acquiring roughly 5-meter-resolution imagery.,
"PICO-1C-1 (PiCo-IoT 19, Apogeo Space, FEES)",Apogeo Space,Italy,0.3U,not launched,not launched,Constellation for connecting remote monitoring devices.,
"PICO-1C-2 (PiCo-IoT 20, Apogeo Space, FEES)",Apogeo Space,Italy,0.3U,not launched,not launched,Constellation for connecting remote monitoring devices.,
"PICO-1C-3 (PiCo-IoT 21, Apogeo Space, FEES)",Apogeo Space,Italy,0.3U,not launched,not launched,Constellation for connecting remote monitoring devices.,
"PICO-1C-4 (PiCo-IoT 22, Apogeo Space, FEES)",Apogeo Space,Italy,0.3U,not launched,not launched,Constellation for connecting remote monitoring devices.,
"PICO-1C-5 (PiCo-IoT 23, Apogeo Space, FEES)",Apogeo Space,Italy,0.3U,not launched,not launched,Constellation for connecting remote monitoring devices.,
"PICO-1C-6 (PiCo-IoT 24, Apogeo Space, FEES)",Apogeo Space,Italy,0.3U,not launched,not launched,Constellation for connecting remote monitoring devices.,
"PICO-1C-7 (PiCo-IoT 25, Apogeo Space, FEES)",Apogeo Space,Italy,0.3U,not launched,not launched,Constellation for connecting remote monitoring devices.,
"PICO-1C-8 (PiCo-IoT 26, Apogeo Space, FEES)",Apogeo Space,Italy,0.3U,not launched,not launched,Constellation for connecting remote monitoring devices.,
"PICO-1C-9 (PiCo-IoT 27, Apogeo Space, FEES)",Apogeo Space,Italy,0.3U,not launched,not launched,Constellation for connecting remote monitoring devices.,
Platform-6,EnduroSat,Bulgaria,6U,not launched,not launched,Technology demonstrations and commercial payloads.,
QAC-1 A,Quub,US,PocketQube 6p,not launched,not launched,"Test the satellite bus design for commercial application, as well as to perform a radio experiment.",
QAC-1 B,Quub,US,PocketQube 6p,not launched,not launched,"Test the satellite bus design for commercial application, as well as to perform a radio experiment.",
QAC-1 C,Quub,US,PocketQube 6p,not launched,not launched,"Test the satellite bus design for commercial application, as well as to perform a radio experiment.",
QAC-1 D,Quub,US,PocketQube 6p,not launched,not launched,"Test the satellite bus design for commercial application, as well as to perform a radio experiment.",
QUBE-II,Zentrum für Telematik,Germany,6U,not launched,not launched,Demonstrate the first quantum key exchange between a CubeSat and ground.,
QUBIK-6,Libre Space Foundation,Greece,PocketQube 1p,not launched,not launched,Designed for amateur radio service. Experiment with LEOP and passive RF orbit determination.,
R5-S6,NASA Johnson Space Center,US,3U,not launched,not launched,Demonstrate technologies to speed up hosted payload and in-space inspection.,
R5-S9,NASA Johnson Space Center,US,3U,not launched,not launched,Demonstrate technologies to speed up hosted payload and in-space inspection.,
SABHASAT,Nebula Space Organisation,India,3U,not launched,not launched,India's first Gamma- Ray burst detection CubeSat.,
SATLLA-3 (SATTLA-3),Ariel University,Israel,2U,not launched,not launched,"Remote Sensing, AI, LaserCom",
SCION-X (SCintillation and IONosphere eXtended),National Central University,Taiwan,12U,not launched,not launched,"Inderstand the variation of ionospheric irregularities, remote sensing methods for PM2.5 pollution distribution, and thermospheric photochemistry while serving as a relay station for amateur radio.",
SERPENT,The Arctic University of Norway,Norway,3U,not launched,not launched,,
SERPENT A Chaser (Satellite Evaluation of Relative Pose Estimation of a Noncooperative Target),University of Texas at Austin,US,6U,not launched,not launched,Develop an autonomous pose estimation and prediction algorithm through the use of neural networks and computer vision.,
Skoltech-F,Skolkovo Institute of Science and Technology (Skoltech),Russia,3U,not launched,not launched,"Testing an adapter for the launch of femtosatellites from the CubeSat, fibre-optic modem testing and inter-satellite modem testing for radio link.",
SleeperSat-1,University of Texas at El Paso,US,4U (2Ux2U),not launched,not launched,Two payload modules: an artificial intelligence/machine learning (AI/ML) module and a robotic arm module.,
Slippers2sat,Antarikchya Pratisthan Nepal,Nepal,3U,not launched,not launched,"Novel highly integrated, highly compact Next Generation CubeSat Bus (Next Gen CuBus) designed in-house,",
SOURCE (Stuttgart Operated University Research CubeSat for Evaluation and Education),University of Stuttgart,Germany,3U,not launched,not launched,"Technology demonstrators including solar panels, a composite sandwich structure and other Earth observation sensors.",
SR-SAT (Space Ranger Satellite),Beihang University,China,3U,not launched,not launched,Designed to monitor small space debris in Low Earth Orbit (LEO).,
STORK-9,SatRev,Poland,3U,not launched,not launched,Innovative shared platform with Earth-Observation capabilities. Aimed at in-orbit services.,
Stratus,Michigan Technological University,US,3U,not launched,not launched,"Demonstrate measuring cloud fraction, cloud top height, and cloud top wind with performance comparable to NASA’s spacecraft.",
TCU-100 (TCU-00),Tokyo City University,Japan,1U,not launched,not launched,One of the child satellites carried by STARS-X with radio amateur payloads.,
TechEdSat-14 (TES-14),NASA Ames Research Center,US,12U,not launched,not launched,"12U Upcoming tech-demo in development, with 12U Exo-Brake validation.",
TeideSat (TEIDESAT-I),Universidad de La Laguna,Spain,1U,not launched,not launched,Test optical communications without the need of lasers between Earth and space.,
TEMUULEL,National University of Mongolia,Mongolia,1U,not launched,not launched,The main goal of this mission is to take the picture of Mongolian landmass from space.,
Ten-koh 3,Nihon University,Japan,3U,not launched,not launched,Amateur radio mission with a digipeater system using LoRa modulation and a camera.,
TPA-1 (e Te Pūnaha Ātea),University of Auckland,New Zealand,3U,not launched,not launched,"3 payloads: a drag sail for deorbiting, a deployable boom aka “the selfie stick” and Earth Observation cameras.",
TPA-2 (Te Pūnaha Ātea),University of Auckland,New Zealand,3U,not launched,not launched,"Demonstrate in-house avionics elements, flown here as payloads on primary NanoAvionics bus.",
TriSAT,OKB Fifth Generation,Russia,0.5 kg,not launched,not launched,"TriSAT is a single-board picosatellite, up to 0.5 kg. In transport position, it folds into a triangular prism. In working position, it unfolds into a plane.",
UCAnFly,University of Cadiz,Spain,1U,not launched,not launched,Measure magnetic fields with low noise using shielded magnetoresistive sensors to test emerging technologies for space-based gravitational wave detectors,
UTNH-SAJILO-SAT (Sanosat-2),ORION Space,Nepal,PocketQube 1p,not launched,not launched,Follow-up mission to SanoSat-1 with a camera payload.,
VISORS A (Virtual Super-resolution Optics with Reconfigurable Swarms),University of Illinois Urbana-Champaign,US,6U,not launched,not launched,Study the regions in the sun’s corona where energy is released. Flying in formation 40 meters apart as a distributed solar telescope,
VISORS B (Virtual Super-resolution Optics with Reconfigurable Swarms),University of Illinois Urbana-Champaign,US,6U,not launched,not launched,Study the regions in the sun’s corona where energy is released. Flying in formation 40 meters apart as a distributed solar telescope,
WormSail,University of Nottingham,UK,2U,not launched,not launched,Aims to use small satellites as affordable tools for biomedical research in space.,
WVSAT A,NearSpace Launch,US,ThinSat 1x2T+3x1T,not launched,not launched,"Deploy small satellites with two form factors, to test ground station radar tracking, and demonstrate rapid turnaround and deployment of these satellites.",
WVSAT B,NearSpace Launch,US,ThinSat 2x1T,not launched,not launched,"Deploy small satellites with two form factors, to test ground station radar tracking, and demonstrate rapid turnaround and deployment of these satellites.",
WVSAT C,NearSpace Launch,US,1U,not launched,not launched,"Deploy small satellites with two form factors, to test ground station radar tracking, and demonstrate rapid turnaround and deployment of these satellites.",
WVSAT D,NearSpace Launch,US,1U,not launched,not launched,"Deploy small satellites with two form factors, to test ground station radar tracking, and demonstrate rapid turnaround and deployment of these satellites.",
xSPANCION 1,AAC Clyde Space,UK,6U,not launched,not launched,Constellation as a service demonstration with 4 satellites to be launched and 10 built. Customers and payloads to be signed up.,
xSPANCION 2,AAC Clyde Space,UK,6U,not launched,not launched,Constellation as a service demonstration with 4 satellites to be launched and 10 built. Customers and payloads to be signed up.,
xSPANCION 3,AAC Clyde Space,UK,6U,not launched,not launched,Constellation as a service demonstration with 4 satellites to be launched and 10 built. Customers and payloads to be signed up.,
xSPANCION 4,AAC Clyde Space,UK,6U,not launched,not launched,Constellation as a service demonstration with 4 satellites to be launched and 10 built. Customers and payloads to be signed up.,
Ymir-2 (Saab Orbcomm VDES CubeSat),"AOS (AAC Clyde Space, Saab, Orbcomm)",Sweden,3U,not launched,not launched,Carry a VDES (VHF Data Exchange System) payload from Saab for two-way communication between satellite and ground.,
"Yotsuba-KUlover (YOTSUBA-KULOVER, YOTSUBA-KUlover)",Kyushu Institute of Technology,Japan,2U,not launched,not launched,Observe the small perturbation of the geomagnetic field at the LEO.,
Zeus 2 (Qosmosys),Qosmosys,Singapore,3U,not launched,not launched,Qosmosys aims to connect every citizen of the world with the vastness of space,
ABEX (Alabama Burst Energetics eXplorer),University of Alabama,US,12U,not launched,not launched,Scientific and educational mission to investigate Gamma-Ray Bursts (GRB).,
ACMES (Active Cooling for Multispectral Earth Sensors),Utah State University,US,16U,not launched,not launched,Validate Active Thermal Architectures (ATA) and the HyTI (Hyperspectral Thermal Imager).,
AlbaSat,University of Padova,Italy,2U,not launched,not launched,A small-scale space debris impact sensor is under development at the University of Padova in the frame of a student CubeSat project.,
ANTAEUS (Astrophysical Nanosatellite for Technological Advancement and high-Energy Universe Studies),University of Beira Interior,Portugal,2U,not launched,not launched,CubeSat for high energy astrophysics polarimetry.,
Apsara-1 (UT-ITC Cube),Institute of Technology of Cambodia,Cambodia,1U,not launched,not launched,Technology demonstration CubeSat with multi-spectral camera for land and water resource monitoring in Cambodia.,
ASTRAEUS-01 (Astraeus),GU Orbit (University of Glasgow),UK,3U,not launched,not launched,Detect the risk and severity of wildfires in selected locations.,
Astrocast 21,Astrocast,Switzerland,3U,not launched,not launched,Constellation for IoT/M2M services.,
Astrocast 22,Astrocast,Switzerland,3U,not launched,not launched,Constellation for IoT/M2M services.,
Astrocast 23,Astrocast,Switzerland,3U,not launched,not launched,Constellation for IoT/M2M services.,
Astrocast 24,Astrocast,Switzerland,3U,not launched,not launched,Constellation for IoT/M2M services.,
Auris,Michigan Technological University,US,6U,not launched,not launched,Monitor communications emissions from geostationary satellites.,
Balkan GeoScan,Montenegro Space Research,Montenegro,3U,not launched,not launched,"Scan and monitor Earth’s surface, delving into crucial data regarding land composition, vegetation, urban sprawls, topography, geology, and other facets of our planet.",
BISS (Bi-directional IoT Satellite Service),IMT (Ingegneria Marketing Technologies),Italy,6U,not launched,not launched,First Italian CubeSat for Internet of Things (IoT) mission,
BIXO (Bacteriological Intercommunication eXperiment in Orbit),University of Vigo,Spain,2U,not launched,not launched,Astrobiology experiment to study how microorganisms behave in the space environment; specifically to monitor bacterial communication.,
BUSANSAT,Nara Space,South Korea,12U,not launched,not launched,"BusanSat is a 12U nano satellite, designed to measure fine dust in the sea atmosphere with a polarimetric camera.",
BUTCube,Brno University of Technology,Czechia,1U,not launched,not launched,Perform space-based Corona observation during Sun eclipse by Moon,
Cape IV-GTO,University of Louisiana at Lafayette,US,0.2 kg,not launched,not launched,Educational mission with radio communications payload.,
CAPE-4 (Cajun Advanced Picosatellite Experience),University of Louisiana at Lafayette,US,3U,not launched,not launched,Developing the building blocks for economical deep space CubeSat-based experimentation.,
"Chasqui-II (CHASQUI-A, CHASQUI-II)",National University of Engineering,Peru,3U,not launched,not launched,"Monitor the disappearance of the Plasmaspheric Hiss and the weakening of the geomagnetic field in the South Atlantic Magnetic Anomaly region, due to geomagnetic storms caused by interplanetary shocks.",
Coconut,Arizona State University,US,3U,not launched,not launched,Coconut will enable the creation of a communication network between different LoRa devices.,
COEPSAT-2,"College of Engineering, Pune",India,9 kg,not launched,not launched,Custom nanosatelltie with solar sail to raise orbit and measure charged particles.,
CREME (Cubesat for Radiation Environment Monitoring Experiment),University of Toulouse Space Center (CSUT),France,3U,not launched,not launched,Measuring the radiation induced by the Van Allen belts.,
CROCUS (ChaRging On CUbeSat),ONERA,France,2U,not launched,not launched,"Relate charging and discharging events to auroral arcs induced by GEO substorms by comparing to other spacecraft data such as DMSP, FREIJA, Jason-3 at LEO.",
"CSC-3? (CubeSat Carrier, ISISpace IOD 3, CASSINI)",ISISpace,Netherlands,6U,not launched,not launched,The European Space Agency (ESA) has again selected ISISPACE to provide an In-Orbit Demonstration (IOD) and In-Orbit Verification (IOV) service in space.,
"CSC-4? (CubeSat Carrier, ISISpace IOD 4, CASSINI)",ISISpace,Netherlands,6U,not launched,not launched,The European Space Agency (ESA) has again selected ISISPACE to provide an In-Orbit Demonstration (IOD) and In-Orbit Verification (IOV) service in space.,
CUbesat-1,Columbia University,US,3U,not launched,not launched,House a spectrograph capable of capturing spatially resolved spectra of ionized hydrogen (H-alpha) for a range of astronomical bodies.,
"CXBN 3 (CXBN-3, Cosmic X-Ray Background NanoSat-3)",Morehead State University,US,2U,not launched,not launched,,
DAPHNE (Demonstrative Application of a multi-Payload Hub for Nano Experimentation),Università di Napoli “Federico II”,Italy,3U,not launched,not launched,,
DarkNESS (Dark matter as a sterile NEutrino Search Satellite),Fermi National Accelerator Laboratory (Fermilab),US,6U,not launched,not launched,CubeSat mission to hunt for dark matter in the Milky Way.,
Dock-Sat 1U Target,Stellenbosch University,South Africa,1U,not launched,not launched,"Multiple undocking and re-docking demonstrations will be attempted, with increasing separation distance between the satellites at each iteration.",
Dock-Sat 2U,Stellenbosch University,South Africa,2U,not launched,not launched,"Multiple undocking and re-docking demonstrations will be attempted, with increasing separation distance between the satellites at each iteration.",
"E.T.PACK DMM & EEM (Electrodynamic Tether technology for PAssive Consumable-less deorbit Kit, E.T.PACK-F)",Universidad Carlos III de Madrid,Spain,12U,not launched,not launched,Develop a deorbit device based on 500m electrodynamic tether.,
ESRA (Experiment for Space Radiation Analysis),Los Alamos National Laboratory (LANL),US,12U,not launched,not launched,Focus on testing a new generation of plasma and energetic particle sensors. Observe the energetic charged particles that populate the radiation belts.,
FlyLab-1 (FlyLab1),ONERA,France,8U,not launched,not launched,Validate the design of an uncooled thermal camera.,
FlyLab-2 (FlyLab2),ONERA,France,6U,not launched,not launched,Two RF payloads to characterize ionosphere and radar analysis.,
FUTURE (Fully aUtonomous feaTUre Recognition planetary Explorer),Tyvak,Italy,6U,not launched,not launched,Technology demonstrator for optical navigation in LEO.,
GamaSat-1,University of Brasilia,Brazil,1U,not launched,not launched,,
GuaraniSat-2 (GuaraníSAT-2),Kyushu Institute of Technology,Paraguay,3U,not launched,not launched,Country's second satellite.,
Harvard College CubeSat,Harvard College,US,3U,not launched,not launched,Test the utility and viability of Shape-Memory Alloys as a means to reduce cost and complexity for instrumentation in a microgravity environment. T,
Hyperion 1,Inovor,US,12U,not launched,not launched,"Support global SSA effort using a constellation of 12U in LEO, observing the MEO and GEO orbital bands.",
IMAP CubeSat,Sonoma State University,US,2U,not launched,not launched,Observe the phenomena in the Earth’s magnetic field near the cusp.,
INCA-2,New Mexico State University,US,3U,not launched,not launched,Reflight of INCA.,
KARDSAT Chaser (KAri Rvd Demonstration nanoSATellite),Gyeongsang National University,South Korea,6U,not launched,not launched,,
KARDSAT Target (KAri Rvd Demonstration nanoSATellite),Gyeongsang National University,South Korea,6U,not launched,not launched,,
KuauhtliSAT the Ulises 2.0,National Autonomous University of Mexico,Mexico,TubeSat,not launched,not launched,Take low-resolution photos for training of Mexican space engineers and technological demonstration.,
LBSat,Indian Institute of Technology,India,3U,not launched,not launched,LactoBacillus Species testing under Microgravity Environment. The First Biosatellite program of IIT Guwahati.,
Lemur-2 DARPA VLEO,Spire,US,6U,not launched,not launched,Carry a sensor in a very low Earth orbit experiment intended to learn how radio signals behave in the ionosphere.,
Lemur-2 Mission Control (Persistence Mission),Spire,US,3U,not launched,not launched,,
LEOpar (MISC-3),Universidad Industrial de Santander,Colombia,3U,not launched,not launched,First Colombian satellite built by multiple universities and a hyperspectral camera with VISNIR spectral bands as payload.,
LOGSATS 3,EOS Orbit,Thailand,3U,not launched,not launched,Demonstrate both the first Thai space-based Internet-of-Things (IoT) communications systems and aviation monitoring system of Thailand.,
MANTIS,Dalhousie University,Canada,3U,not launched,not launched,Larger Bus with Sophisticated Imaging Instruments. Lots of Autonomy / On-Board Data Processing. Climate Change Research Objectives.,
MOI-1 (MOI-TD),TakeMe2Space,India,3U,not launched,not launched,Amateur radio mission with access to camera and possibility to upload sandboxed code.,
MRZ-SAT,Universidad Autónoma de Honduras (UNAH),Honduras,1U,not launched,not launched,Develop the proof-of-concept of an early warning system for the mitigation of hydrometeorological hazards such as floods and landslides,
NanoBob,CSUG-IPAG (Univ. Grenoble Alpes),France,12U,not launched,not launched,Demonstrate the experimental feasibility of fully quantum communication over a distance of 500 km.,
NaSPUoN-0GPM2030 (Nanosatellite Platform for the University of Nairobi),University of Nairobi,Kenya,3U,not launched,not launched,Educational mission for developing nanosatellite capacity-building in Kenya.,
OTP-3,Rogue Space Systems,US,3U,not launched,not launched,"There is still capacity for OTP-3 mission launching next year for hardware and software hostings as well. The satellite is also equipped with a slew of optical sensors, as well as our edge computing Scalable Compute Platform (SCP) to host both internal and customer algorithms.",
"PHI-1 (Payload Hosting Initiative, Danfe, AMAN)",Mohammed Bin Rashid Space Centre (MBRSC),United Arab Emirates,12U,not launched,not launched,A 12U modular satellite platform with Nepal DANFE and Bahrein AMAN hosted payload.,
"PICO-1D-1 (PiCo-IoT 28, Apogeo Space, FEES)",Apogeo Space,Italy,0.3U,not launched,not launched,Constellation for connecting remote monitoring devices.,
"PICO-1D-2 (PiCo-IoT 29, Apogeo Space, FEES)",Apogeo Space,Italy,0.3U,not launched,not launched,Constellation for connecting remote monitoring devices.,
"PICO-1D-3 (PiCo-IoT 30, Apogeo Space, FEES)",Apogeo Space,Italy,0.3U,not launched,not launched,Constellation for connecting remote monitoring devices.,
"PICO-1D-4 (PiCo-IoT 31, Apogeo Space, FEES)",Apogeo Space,Italy,0.3U,not launched,not launched,Constellation for connecting remote monitoring devices.,
"PICO-1D-5 (PiCo-IoT 32, Apogeo Space, FEES)",Apogeo Space,Italy,0.3U,not launched,not launched,Constellation for connecting remote monitoring devices.,
"PICO-1D-6 (PiCo-IoT 33, Apogeo Space, FEES)",Apogeo Space,Italy,0.3U,not launched,not launched,Constellation for connecting remote monitoring devices.,
"PICO-1D-7 (PiCo-IoT 34, Apogeo Space, FEES)",Apogeo Space,Italy,0.3U,not launched,not launched,Constellation for connecting remote monitoring devices.,
"PICO-1D-8 (PiCo-IoT 35, Apogeo Space, FEES)",Apogeo Space,Italy,0.3U,not launched,not launched,Constellation for connecting remote monitoring devices.,
"PICO-1D-9 (PiCo-IoT 36, Apogeo Space, FEES)",Apogeo Space,Italy,0.3U,not launched,not launched,Constellation for connecting remote monitoring devices.,
Pleiades - Cerberus,Cal Poly Pomona (Bronco Space),US,1U,not launched,not launched,"Establish a space-based laboratory platform and offer flight heritage for a variety of affordable, open-source hardware components.",
PoCat-1 (PoCat-LEKTRON),Universitat Politècnica de Catalunya,Spain,PocketQube 1p,not launched,not launched,PoCat-LEKTRON is a twin satellite mission for radio frequency interference (RFI) monitoring.,
PoCat-2 (PoCat-LEKTRON),Universitat Politècnica de Catalunya,Spain,PocketQube 1p,not launched,not launched,PoCat-LEKTRON is a twin satellite mission for radio frequency interference (RFI) monitoring.,
PowerSat,California Polytechnic State University (Cal Poly),US,3U,not launched,not launched,Technology demonstration mission on the use of a new generation of deployable solar arrays.,
PradeepSat,Aadyah Aerospace,India,6U,not launched,not launched,Technology demonstration for sustainable space.,
QubeSat-2,"University of California, Berkeley",US,3U,not launched,not launched,Research the effects of LEO conditions on a quantum gyroscope based on nitrogen vacancy centers in diamond.,
"RedPill (J2050, Red Pill)",University of Padova,Italy,PocketQube 2p,not launched,not launched,"Educational mission with 3 payloads: a miniaturised debris detector, an optical dimming system for cameras and telescopes and ADCS.",
"ROKS (Responsive Operations and Key Services, QUARC-ROKS)",Craft Prospect,UK,6U,not launched,not launched,Demonstrate satellite-to-Earth Quantum Key Distribution (QKD) for augmentation of future encryption services.,
RS-1 (RebelSat-1),University of Nevada,US,3U,not launched,not launched,"Doped Poly-CO shall remain stable in conditions of Low Earth Orbit, demonstrating its usability in such conditions.",
RVSAT-1,R V College of Engineering,India,2U,not launched,not launched,Educational training for students and biological payload.,
SamSat-LED (SLED),Samara University,Russia,3U,not launched,not launched,"Investigate how active lighting could help to provide optical identification, tracking and attitude determination of small spacecrafts.",
SCOPE-1 (Spacecraft for Optical-based Position Estimation-1),University of Texas at Austin,US,3U,not launched,not launched,"Demonstrate the use of an optical navigation method for position, navigation, and timing based on primary-body surface features, e.g., lunar craters, islands, etc.",
SEASALT (Satellite for Estimating Aquatic Salinity and Temperature),MIT (Massachusetts Institute of Technology),US,3U,not launched,not launched,Explore the estimation of salinity in coastal environments using ocean color,
SEIRIOS Line 1,University of Tokyo,Japan,6U,not launched,not launched,Two CubeSats reflect the light from a celestial body and the micro-sat combines the two light to observe interferometric fringe with densified pupil spectroscopy interferometer.,
SEIRIOS Line 2,University of Tokyo,Japan,6U,not launched,not launched,Two CubeSats reflect the light from a celestial body and the micro-sat combines the two light to observe interferometric fringe with densified pupil spectroscopy interferometer.,
Sharjah-Sat-2,University of Sharjah,United Arab Emirates,6U,not launched,not launched,Hyperspectral Imager capable of capturing high-resolution images with GSD of <5 meters from an altitude of 500 km.,
SIGMASAT-1,QSTC,Canada,16U,not launched,not launched,Provide In Orbit services.,
SpinLaunch 12U Unnamed CubeSat,SpinLaunch,US,3U,not launched,not launched,Demonstrate the CubeSat platform.,
SpudNik-1,University of Prince Edward Island,Canada,3U,not launched,not launched,Develop and test an imaging system for precision agriculture.,
ST3LLAR-Sat1 BOIRA (ST3LLARsat1),Universidad Carlos III de Madrid,Spain,2U,not launched,not launched,Determining atmospheric moisture using a state-of-the-art radiometer.,
STEM-SAT1,Athens State University,US,1U,not launched,not launched,"Collect and store Low Frequency (LF) and Very Low Frequency (VLF) signals, normally blocked by the earth's atmosphere.",
STEP-1 (Staged Electrospray Pathfinder 1),MIT (Massachusetts Institute of Technology),US,3U,not launched,not launched,Technology demonstration mission for the staged electrospray propulsion system.,
STORK-10,SatRev,Poland,3U,not launched,not launched,Innovative shared platform with Earth-Observation capabilities. Aimed at in-orbit services.,
STORK-11,SatRev,Poland,3U,not launched,not launched,Innovative shared platform with Earth-Observation capabilities. Aimed at in-orbit services.,
THIS-SAT (TeraHertz in Space Satellite),Northeastern University,US,3U,not launched,not launched,Establish the first THz inter-satellite links.,
TOLIMAN ((Telescope for Orbit Locus Interferometric Monitoring of our Astronomical Neighbourhood)),University of Sydney,Australia,16U,not launched,not launched,Perform high-precision astrometric measurements on the Alpha Centauri system.,
TOLOSAT,ASTRE (Association Spatiale Toulousaine de Recherche Étudiante),France,3U,not launched,not launched,Gravity field study & Iridium link.,
Unicorn-2,Alba Orbital,UK,PocketQube 2p,not launched,not launched,Earth Observation constellation to provide near-real time satellite imagery.,
Unicorn-2,Alba Orbital,UK,PocketQube 2p,not launched,not launched,Earth Observation constellation to provide near-real time satellite imagery.,
USAT I (USAT-1),National University of La Plata,Argentina,3U,not launched,not launched,Demonstration of scientific techniques using GNSS for Earth observation.,
USNA-16 (PSAT3),US Naval Academy Satellite Lab,US,3U,not launched,not launched,Educational amateur radio mission with LoRa digipeater.,
VariSat-1 B(2),VariSat (Omniteq),US,6U,not launched,not launched,Experiment and gain flight heritage with a satellite designed to support HF marine data communications.,
VIA-SEEs (Variability In Atmosphere from Solar Energetic Electron Study),University of Hawai’i at Mānoa,US,3U,not launched,not launched,"Establishing a direct correlation between Solar Radiation Events (SREs) and Variability in Atmospheric gases, specifically Nitric and Nitrous Oxide, as well as Ozone.",
WindCube,National Center for Atmospheric Research (NCAR),US,6U,not launched,not launched,Study the influence of thermospheric winds on the Earth’s ionosphere.,
WolfSat-1,The Aerospace and Innovation Academy,US,1U,not launched,not launched,CubeSat to Monitor Enzyme Activity of Ideonella Sakaiensis in the Microgravity Environment,
FOSSASat (WISeSAT-8),Fossa Systems,Switzerland,3U,not launched,not launched,"Establish secure, scalable satellite constellation supporting machine-to-machine (M2M) communication via space.",
FOSSASat (WISeSAT-9),Fossa Systems,Switzerland,3U,not launched,not launched,"Establish secure, scalable satellite constellation supporting machine-to-machine (M2M) communication via space.",
DECIMAL-SAT1,OCULLOSPACE,Malaysia,PocketQube 1p,not launched,not launched,Host a DNA storage payload developed in collaboration with BioSistemika and XexiconSat.,
LEO-PNT Pathfinder A,German Orbital Systems,Germany,16U,not launched,not launched,Demonstrate payloads for the LEO-PNT (Low Earth Orbit - Positioning Navigation Timing) satellite programme.,
LEOPARDSat-1 (Low Earth Orbit Platform for Aerospace Research and Development CubeSat),University of Cincinnati,US,1U,not launched,not launched,Educational mission to teach in-depth space mission and systems engineering to undergraduate and high school students.,
"SAL-E (CP16, Streamlined Assembled Learning Experiment)",California Polytechnic State University (Cal Poly),US,3U,not launched,not launched,"Rapid and affordable design, testing, and integration of a 3U CubeSat. Measure and make public LEO radiation data.",
TAMARIW A “TeilAutonome Montage/Aufbau und Rekonfiguration Im Weltraum”,University of Würzburg,Germany,3U,not launched,not launched,Two identical 3U CubeSats with autonomous docking capability.,
TAMARIW B “TeilAutonome Montage/Aufbau und Rekonfiguration Im Weltraum”,University of Würzburg,Germany,3U,not launched,not launched,Two identical 3U CubeSats with autonomous docking capability.,
"GOLF-TEE (Greater Orbit, Larger Footprint – Technology Exploration Environment)",AMSAT,US,3U,not launched,not launched,Vanderbilt University Low Energy Proton (LEP) experiment.,
OPS-SAT ORIOLE (Optical Relay and Infrared Optics for LEO Experiments),Spaceit,Estonia,12U,not launched,not launched,In-Orbit Demonstration (IOD) of a hybrid optical communication and thermal infrared camera as the main payload on a 12U OPS-SAT satellite.,
TanzaniteSat1,Dar Es Salaam Institute of Technology,Tanzania,1U,not launched,not launched,Educational mission with a camera and to track animals.,
CubeSpec,KU Leuven,Belgium,6U,not launched,not launched,Demonstrate high spectral spectroscopy for astroseismology and exoplanet transits.,
Hyperfield-2 (Hyperfield Next Generation),Kuva Space,Finland,16U,not launched,not launched,"Our constellation of nanosatellites is equipped with unique hyperspectral camera technology, providing unseen performance/size ratio.",
KENSAT,Swordholder Technologies,Malaysia,2U,not launched,not launched,Personal 2U CubeSat intended to be the first Malaysian private individual’s satellite in orbit.,
OPS-SAT VOLT (Versatile Optical Laboratory for Telecommunications),Craft Prospect,UK,16U,not launched,not launched,Test and evaluate real-time techniques and technologies with a focus on optical and quantum direct to earth communication.,
SROC (Space Rider Observer Cube),Politecnico di Torino,Italy,12U,not launched,not launched,Perform in-situ observations of Space Rider and docking for re-entering with the mothership.,
GASRATS (Get Away Special Radio and Antenna Transparency Satellite),Utah State University,US,3U,not launched,not launched,Demonstrate optically transparent solar panel-integrated S-band patch antenna to downlink.,
GOMX-5 (GOMX5),GomSpace,Denmark,8U,not launched,not launched,Demonstrate new operational concepts s high delta-V orbit raising to higher LEO.,
OirthirSAT,University of Glasgow,UK,3U,not launched,not launched,Demonstrate the onboard extraction of coastal and vegetation boundary data from Earth Observation (EO) images.,
MOMIJI (Gardens-05),Chiba Institute of Technology,Japan,1U,not launched,not launched,Amateur radio digipeater mission with camera.,
APTAS (Atmospheric Polar Transmission Alignment Satellite),Luleå University of Technology (LTU),Sweden,1U,not launched,not launched,Educational mission with antenna calibration and camera payloads.,
Aalto-3,Aalto University,Finland,1U,not launched,not launched,Demonstrate complex signal analysis with a Software-Defined Radio payload.,
"ARKSAT-3C (ASTROSS, Active SpecTROmeter for Small Satellites System)",University of Arkansas,US,3U,not launched,not launched,"Spectroscopic measurements of the atmosphere. Follow-on technology demo for the ASTROSS system, featuring a 1.5U and 3U CubeSat pair.",
"ARKSAT-3E (ASTROSS, Active SpecTROmeter for Small Satellites System)",University of Arkansas,US,1.5U,not launched,not launched,"Spectroscopic measurements of the atmosphere. Follow-on technology demo for the ASTROSS system, featuring a 1.5U and 3U CubeSat pair.",
BRNOsat,Spacemanic,Czechia,6U,not launched,not launched,CubeSat with many hosted payloads.,
Da Vinci CubeSat,Delft University of Technology,Netherlands,2U,not launched,not launched,Educational mission with amateur radio payload.,
EXACT (Experiment for X-ray Characterization and Timing),University of Minnesota,US,3U,not launched,not launched,Study hard x-ray (HXR) emissions from solar flare activity.,
GENA-GOS-4 (GROOVE-EVO 3),German Orbital Systems,Germany,6U,not launched,not launched,Shared In-Orbit-Demonstration missions.,
IMPRESS (IMpulsive Phase Rapid Energetic Solar Spectrometer),University of Minnesota,US,3U,not launched,not launched,Hard X-ray spectrometer that will investigate particle acceleration in solar flares.,
JamSail,University of Nottingham,UK,2U,not launched,not launched,"In-orbit demonstration for a GNSS interference mapping payload, and a refractive solar sail.",
LEIC,University of Leicester,UK,4U,not launched,not launched,Landing on the Moon with a suite of instruments similar to BioSentinel CubeSat.,
LunaCube A (Lunar Navigation CubeSat),University of Tokyo,Japan,6U,not launched,not launched,Dual-satellite lunar navigation system technology demonstration.,
LunaCube B (Lunar Navigation CubeSat),University of Tokyo,Japan,6U,not launched,not launched,Dual-satellite lunar navigation system technology demonstration.,
NanoMagSat A,Open Cosmos,UK,16U,not launched,not launched,"Three identical 16U nanosatellites, using two inclined (~ 60°) and one polar orbit, for investigating the Earth’s magnetic field and ionospheric environment.",
Narsha,Nara Space,South Korea,16U,not launched,not launched,"A methane-monitoring satellite, the first step toward a full-scale global constellation.",
NyanSat,Oakwood School,US,2U,not launched,not launched,A technology demonstration and educational outreach satellite built by high school students at Oakwood.,
PhotSat,Institute of Space Studies of Catalonia (IEEC),Spain,12U,not launched,not launched,Obtain a full sky photometric monitoring of the approximately 40 million brighter astrophysical sources down to magnitude 15.,
Platform-7,EnduroSat,Bulgaria,6U,not launched,not launched,Technology demonstrations and commercial payloads.,
Platform-8,EnduroSat,Bulgaria,6U,not launched,not launched,Technology demonstrations and commercial payloads.,
PolyOrbite's 3U EO CubeSat,Polytechnique Montreal,Canada,3U,not launched,not launched,Observe the Earth’s with infrared and visible spectrum cameras and test AI and smart image downlink system.,
PRESET (Pitch REsolving Spectroscopy for Electron Transport),McMaster University,Canada,3U,not launched,not launched,Measure time-dependent electron pitch-angle densities in the outer Van Allen Belt.,
PVDX (Perovskite Visuals and Degradation eXperiment),Brown University,US,3U,not launched,not launched,Test and characterize a novel photovoltaic technology in space: perovskite solar cells (PSCs).,
"REC 1 (ScopeSat, DeploScope)",SatRev,Poland,6U,not launched,not launched,Provide imaging with resolution <1m in the smallest time intervals for Poland.,
"REC 2 (ScopeSat, DeploScope)",SatRev,Poland,6U,not launched,not launched,Provide imaging with resolution <1m in the smallest time intervals for Poland.,
"REC 3 (ScopeSat, DeploScope)",SatRev,Poland,6U,not launched,not launched,Provide imaging with resolution <1m in the smallest time intervals for Poland.,
"REC 4 (ScopeSat, DeploScope)",SatRev,Poland,6U,not launched,not launched,Provide imaging with resolution <1m in the smallest time intervals for Poland.,
"REC 5 (ScopeSat, DeploScope)",SatRev,Poland,6U,not launched,not launched,Provide imaging with resolution <1m in the smallest time intervals for Poland.,
"REC 6 (ScopeSat, DeploScope)",SatRev,Poland,6U,not launched,not launched,Provide imaging with resolution <1m in the smallest time intervals for Poland.,
"REC 7 (ScopeSat, DeploScope)",SatRev,Poland,6U,not launched,not launched,Provide imaging with resolution <1m in the smallest time intervals for Poland.,
"REC 8 (ScopeSat, DeploScope)",SatRev,Poland,6U,not launched,not launched,Provide imaging with resolution <1m in the smallest time intervals for Poland.,
"Skylark 9 (NorthStar 9, Lemur-2)",NorthStar,Canada,16U,not launched,not launched,Initial fleet for a constellation of space situational awareness (SSA) data.,
"Skylark 10 (NorthStar 10, Lemur-2)",NorthStar,Canada,16U,not launched,not launched,Initial fleet for a constellation of space situational awareness (SSA) data.,
"Skylark 11 (NorthStar 11, Lemur-2)",NorthStar,Canada,16U,not launched,not launched,Initial fleet for a constellation of space situational awareness (SSA) data.,
"Skylark 12 (NorthStar 12, Lemur-2)",NorthStar,Canada,16U,not launched,not launched,Initial fleet for a constellation of space situational awareness (SSA) data.,
SpeQtral-1,SpeQtral,Singapore,16U,not launched,not launched,Transmit QKD photons from the satellite down to optical ground stations.,
TechEdSat-17 (TES-15),NASA Ames Research Center,US,12U,not launched,not launched,TES-17 in dev. Core capacity significantly higher than Loihi 1. 1M+ neurons per chip in 3D mesh of 128 neural cores.,
TechEdSat-18 (TES-18),NASA Ames Research Center,US,12U,not launched,not launched,Technology demonstrator CubeSats with de-orbit devices.,
TechEdSat-19 (TES-19),NASA Ames Research Center,US,3U,not launched,not launched,Tube Deployed Re-entry Vehicle,
UNICube,The Arctic University of Norway,Norway,2U,not launched,not launched,,
AISSat-4,Norwegian Space Centre,Norway,6U,not launched,not launched,"AISSat-4 will be controlled in orbit by Statsat, with the Norwegian Space Center as the coordinator.",
Astrocast 25,Astrocast,Switzerland,3U,not launched,not launched,Constellation for IoT/M2M services.,
Astrocast 26,Astrocast,Switzerland,3U,not launched,not launched,Constellation for IoT/M2M services.,
Astrocast 27,Astrocast,Switzerland,3U,not launched,not launched,Constellation for IoT/M2M services.,
Astrocast 28,Astrocast,Switzerland,3U,not launched,not launched,Constellation for IoT/M2M services.,
Astrocast 29,Astrocast,Switzerland,3U,not launched,not launched,Constellation for IoT/M2M services.,
Astrocast 30,Astrocast,Switzerland,3U,not launched,not launched,Constellation for IoT/M2M services.,
Astrocast 31,Astrocast,Switzerland,3U,not launched,not launched,Constellation for IoT/M2M services.,
Astrocast 32,Astrocast,Switzerland,3U,not launched,not launched,Constellation for IoT/M2M services.,
BOREALIS (Biofilm Onboard Radiation Exposure Assessment Lab In Space),Università di Bologna,Italy,6U,not launched,not launched,Evaluating the effects of microgravity and ionizing radiation on microbial biofilms and test the combined effectiveness of radiation protection systems,
CADENCE A (Cubesat Autonomous Detection and Enhanced Networked Computing Experiment),Cal Poly Pomona (Bronco Space),US,3U,not launched,not launched,"Demonstrate the ability to autonomously detect ground-based phenomena, responsively track them, and perform preliminary analysis using AI algorithms.",
CADENCE B (Cubesat Autonomous Detection and Enhanced Networked Computing Experiment),Cal Poly Pomona (Bronco Space),US,3U,not launched,not launched,"Demonstrate the ability to autonomously detect ground-based phenomena, responsively track them, and perform preliminary analysis using AI algorithms.",
"CAPE-Twiggs (CAPE-Twiggs-CubeSat , Cajun Advanced Picosatellite Experiment)",University of Louisiana at Lafayette,US,3U,not launched,not launched,First prototype of a 3U CubeSat designed to contain and launch tethered SlimSat modules into very low-Earth orbit.,
Chinese 12U Exoplanet CubeSat,Dalian University of Technology,China,12U,not launched,not launched,"Analyze the physical property, habitability, and search biosignature for the planet Proxima b",
CHIPS (Cubesat with HIgh Performance for Skyhopper),Italian National Institute for Astrophysics (INAF),Italy,12U,not launched,not launched,Infrared telescope with the focal plane chamber actively cooled for observational astronomy missions.,
COSPAR-1,COSPAR,France,3U,not launched,not launched,"Carrying a solar spectral sensor, Earth radiation sensor and dosimeter payload.",
CREPES (CubeSat Relativistic Electron and Proton Energy Separator),University of Hawai’i at Mānoa,US,3U,not launched,not launched,"Mmonitor high energy protons and electrons, and their incoming direction, while employing new technology that furthers particle detection in space.",
"CSC-5? (CubeSat Carrier, ISISpace IOD 5, CASSINI)",ISISpace,Netherlands,6U,not launched,not launched,The European Space Agency (ESA) has again selected ISISPACE to provide an In-Orbit Demonstration (IOD) and In-Orbit Verification (IOV) service in space.,
"DARLA-02 (Demonstration of Artificial Reasoning, Learning, and Analysis)",Saint Louis University,US,3U,not launched,not launched,Demonstrate autonomous event response and create a dynamic map of the radio frequency background noise in the amateur UHF band.,
DISCO-3 (Danish Student CubeSat Program),Aarhus University,Denmark,3U,not launched,not launched,Flying student experiments for in-orbit testing.,
e-CUBE (e.Cube),D-Orbit,Italy,6U,not launched,not launched,Advancement of technologies and methodologies dedicated to space debris mitigation and remediation.,
Flock-xx xx,Planet Labs,US,3U,not launched,not launched,Constellation for optical Earth observation with 3-5m resolution.,
Flock-xx xx,Planet Labs,US,3U,not launched,not launched,Constellation for optical Earth observation with 3-5m resolution.,
Flock-xx xx,Planet Labs,US,3U,not launched,not launched,Constellation for optical Earth observation with 3-5m resolution.,
Flock-xx xx,Planet Labs,US,3U,not launched,not launched,Constellation for optical Earth observation with 3-5m resolution.,
Flock-xx xx,Planet Labs,US,3U,not launched,not launched,Constellation for optical Earth observation with 3-5m resolution.,
Flock-xx xx,Planet Labs,US,3U,not launched,not launched,Constellation for optical Earth observation with 3-5m resolution.,
Flock-xx xx,Planet Labs,US,3U,not launched,not launched,Constellation for optical Earth observation with 3-5m resolution.,
Flock-xx xx,Planet Labs,US,3U,not launched,not launched,Constellation for optical Earth observation with 3-5m resolution.,
Flock-xx xx,Planet Labs,US,3U,not launched,not launched,Constellation for optical Earth observation with 3-5m resolution.,
Flock-xx xx,Planet Labs,US,3U,not launched,not launched,Constellation for optical Earth observation with 3-5m resolution.,
Flock-xx xx,Planet Labs,US,3U,not launched,not launched,Constellation for optical Earth observation with 3-5m resolution.,
Flock-xx xx,Planet Labs,US,3U,not launched,not launched,Constellation for optical Earth observation with 3-5m resolution.,
Flock-xx xx,Planet Labs,US,3U,not launched,not launched,Constellation for optical Earth observation with 3-5m resolution.,
Flock-xx xx,Planet Labs,US,3U,not launched,not launched,Constellation for optical Earth observation with 3-5m resolution.,
Flock-xx xx,Planet Labs,US,3U,not launched,not launched,Constellation for optical Earth observation with 3-5m resolution.,
Flock-xx xx,Planet Labs,US,3U,not launched,not launched,Constellation for optical Earth observation with 3-5m resolution.,
Flock-xx xx,Planet Labs,US,3U,not launched,not launched,Constellation for optical Earth observation with 3-5m resolution.,
Flock-xx xx,Planet Labs,US,3U,not launched,not launched,Constellation for optical Earth observation with 3-5m resolution.,
Flock-xx xx,Planet Labs,US,3U,not launched,not launched,Constellation for optical Earth observation with 3-5m resolution.,
Flock-xx xx,Planet Labs,US,3U,not launched,not launched,Constellation for optical Earth observation with 3-5m resolution.,
Flock-xx xx,Planet Labs,US,3U,not launched,not launched,Constellation for optical Earth observation with 3-5m resolution.,
Flock-xx xx,Planet Labs,US,3U,not launched,not launched,Constellation for optical Earth observation with 3-5m resolution.,
Flock-xx xx,Planet Labs,US,3U,not launched,not launched,Constellation for optical Earth observation with 3-5m resolution.,
Flock-xx xx,Planet Labs,US,3U,not launched,not launched,Constellation for optical Earth observation with 3-5m resolution.,
Flock-xx xx,Planet Labs,US,3U,not launched,not launched,Constellation for optical Earth observation with 3-5m resolution.,
Flock-xx xx,Planet Labs,US,3U,not launched,not launched,Constellation for optical Earth observation with 3-5m resolution.,
Flock-xx xx,Planet Labs,US,3U,not launched,not launched,Constellation for optical Earth observation with 3-5m resolution.,
Flock-xx xx,Planet Labs,US,3U,not launched,not launched,Constellation for optical Earth observation with 3-5m resolution.,
Flock-xx xx,Planet Labs,US,3U,not launched,not launched,Constellation for optical Earth observation with 3-5m resolution.,
Flock-xx xx,Planet Labs,US,3U,not launched,not launched,Constellation for optical Earth observation with 3-5m resolution.,
Flock-xx xx,Planet Labs,US,3U,not launched,not launched,Constellation for optical Earth observation with 3-5m resolution.,
Flock-xx xx,Planet Labs,US,3U,not launched,not launched,Constellation for optical Earth observation with 3-5m resolution.,
Flock-xx xx,Planet Labs,US,3U,not launched,not launched,Constellation for optical Earth observation with 3-5m resolution.,
Flock-xx xx,Planet Labs,US,3U,not launched,not launched,Constellation for optical Earth observation with 3-5m resolution.,
Flock-xx xx,Planet Labs,US,3U,not launched,not launched,Constellation for optical Earth observation with 3-5m resolution.,
Flock-xx xx,Planet Labs,US,3U,not launched,not launched,Constellation for optical Earth observation with 3-5m resolution.,
Flock-xx xx,Planet Labs,US,3U,not launched,not launched,Constellation for optical Earth observation with 3-5m resolution.,
Flock-xx xx,Planet Labs,US,3U,not launched,not launched,Constellation for optical Earth observation with 3-5m resolution.,
Flock-xx xx,Planet Labs,US,3U,not launched,not launched,Constellation for optical Earth observation with 3-5m resolution.,
Flock-xx xx,Planet Labs,US,3U,not launched,not launched,Constellation for optical Earth observation with 3-5m resolution.,
Flock-xx xx,Planet Labs,US,3U,not launched,not launched,Constellation for optical Earth observation with 3-5m resolution.,
Flock-xx xx,Planet Labs,US,3U,not launched,not launched,Constellation for optical Earth observation with 3-5m resolution.,
Flock-xx xx,Planet Labs,US,3U,not launched,not launched,Constellation for optical Earth observation with 3-5m resolution.,
Flock-xx xx,Planet Labs,US,3U,not launched,not launched,Constellation for optical Earth observation with 3-5m resolution.,
Flock-xx xx,Planet Labs,US,3U,not launched,not launched,Constellation for optical Earth observation with 3-5m resolution.,
Flock-xx xx,Planet Labs,US,3U,not launched,not launched,Constellation for optical Earth observation with 3-5m resolution.,
Flock-xx xx,Planet Labs,US,3U,not launched,not launched,Constellation for optical Earth observation with 3-5m resolution.,
Flock-xx xx,Planet Labs,US,3U,not launched,not launched,Constellation for optical Earth observation with 3-5m resolution.,
Flock-xx xx,Planet Labs,US,3U,not launched,not launched,Constellation for optical Earth observation with 3-5m resolution.,
Flock-xx xx,Planet Labs,US,3U,not launched,not launched,Constellation for optical Earth observation with 3-5m resolution.,
Flock-xx xx,Planet Labs,US,3U,not launched,not launched,Constellation for optical Earth observation with 3-5m resolution.,
Flock-xx xx,Planet Labs,US,3U,not launched,not launched,Constellation for optical Earth observation with 3-5m resolution.,
Flock-xx xx,Planet Labs,US,3U,not launched,not launched,Constellation for optical Earth observation with 3-5m resolution.,
Flock-xx xx,Planet Labs,US,3U,not launched,not launched,Constellation for optical Earth observation with 3-5m resolution.,
Flock-xx xx,Planet Labs,US,3U,not launched,not launched,Constellation for optical Earth observation with 3-5m resolution.,
Flock-xx xx,Planet Labs,US,3U,not launched,not launched,Constellation for optical Earth observation with 3-5m resolution.,
Flock-xx xx,Planet Labs,US,3U,not launched,not launched,Constellation for optical Earth observation with 3-5m resolution.,
Flock-xx xx,Planet Labs,US,3U,not launched,not launched,Constellation for optical Earth observation with 3-5m resolution.,
Flock-xx xx,Planet Labs,US,3U,not launched,not launched,Constellation for optical Earth observation with 3-5m resolution.,
Flock-xx xx,Planet Labs,US,3U,not launched,not launched,Constellation for optical Earth observation with 3-5m resolution.,
Flock-xx xx,Planet Labs,US,3U,not launched,not launched,Constellation for optical Earth observation with 3-5m resolution.,
Flock-xx xx,Planet Labs,US,3U,not launched,not launched,Constellation for optical Earth observation with 3-5m resolution.,
Flock-xx xx,Planet Labs,US,3U,not launched,not launched,Constellation for optical Earth observation with 3-5m resolution.,
Flock-xx xx,Planet Labs,US,3U,not launched,not launched,Constellation for optical Earth observation with 3-5m resolution.,
Flock-xx xx,Planet Labs,US,3U,not launched,not launched,Constellation for optical Earth observation with 3-5m resolution.,
Flock-xx xx,Planet Labs,US,3U,not launched,not launched,Constellation for optical Earth observation with 3-5m resolution.,
Flock-xx xx,Planet Labs,US,3U,not launched,not launched,Constellation for optical Earth observation with 3-5m resolution.,
Flock-xx xx,Planet Labs,US,3U,not launched,not launched,Constellation for optical Earth observation with 3-5m resolution.,
Flock-xx xx,Planet Labs,US,3U,not launched,not launched,Constellation for optical Earth observation with 3-5m resolution.,
Flock-xx xx,Planet Labs,US,3U,not launched,not launched,Constellation for optical Earth observation with 3-5m resolution.,
Flock-xx xx,Planet Labs,US,3U,not launched,not launched,Constellation for optical Earth observation with 3-5m resolution.,
Flock-xx xx,Planet Labs,US,3U,not launched,not launched,Constellation for optical Earth observation with 3-5m resolution.,
Flock-xx xx,Planet Labs,US,3U,not launched,not launched,Constellation for optical Earth observation with 3-5m resolution.,
Foresail-2,Finnish Centre of Excellence for Sustainable Space,Finland,6U,not launched,not launched,CubeSat to GTO with tether for Coulomb Drag Experiment and measuring radiation in the Van Allen belts.,
HENON (HEliospheric pioNeer for sOlar and interplanetary threats defeNce),Argotec,Italy,12U,not launched,not launched,Demonstrate near real-time in-situ monitoring of the space environment to provide near real time alerts with increased warning time.,
ITASAT-2 A (ITA-SAT2),Technological Institute of Aeronautics,Brazil,12U,not launched,not launched,A formation flight mission to provide data for space weather spatiotemporal events and interactions; and to provide a geolocation option.,
ITASAT-2 B (ITA-SAT2),Technological Institute of Aeronautics,Brazil,12U,not launched,not launched,A formation flight mission to provide data for space weather spatiotemporal events and interactions; and to provide a geolocation option.,
ITASAT-2 C (ITA-SAT2),Technological Institute of Aeronautics,Brazil,12U,not launched,not launched,A formation flight mission to provide data for space weather spatiotemporal events and interactions; and to provide a geolocation option.,
Jervis-1,Rhea Space Activity,US,12U,not launched,not launched,Launch CubeSat into a Moon resonant orbit to demonstrate spacecraft navigation module and surveil cislunar space.,
Jovian-1 (FUNcube-Lite),University of Surrey,UK,3U,not launched,not launched,Payloads include: camera; a FUNcube; elements of a future Dark Matter experiment; a space radiation monitor: a Tiny Machine Learning payload.,
KOSEN-3,National Institute of Technology,Japan,3U,not launched,not launched,Technical demonstration of extending orbital life with a PPT (Pulsed Plasma Thruster) propulsion system.,
Lemur-2,Spire,US,3U,not launched,not launched,"Constellation for GPS-RO weather data, AIS and ADS-B.",
Lemur-2,Spire,US,3U,not launched,not launched,"Constellation for GPS-RO weather data, AIS and ADS-B.",
Lemur-2,Spire,US,3U,not launched,not launched,"Constellation for GPS-RO weather data, AIS and ADS-B.",
Lemur-2,Spire,US,3U,not launched,not launched,"Constellation for GPS-RO weather data, AIS and ADS-B.",
Lemur-2,Spire,US,3U,not launched,not launched,"Constellation for GPS-RO weather data, AIS and ADS-B.",
Lemur-2,Spire,US,3U,not launched,not launched,"Constellation for GPS-RO weather data, AIS and ADS-B.",
Lemur-2,Spire,US,3U,not launched,not launched,"Constellation for GPS-RO weather data, AIS and ADS-B.",
Lemur-2,Spire,US,3U,not launched,not launched,"Constellation for GPS-RO weather data, AIS and ADS-B.",
Lemur-2,Spire,US,3U,not launched,not launched,"Constellation for GPS-RO weather data, AIS and ADS-B.",
Lemur-2,Spire,US,3U,not launched,not launched,"Constellation for GPS-RO weather data, AIS and ADS-B.",
Lemur-2,Spire,US,3U,not launched,not launched,"Constellation for GPS-RO weather data, AIS and ADS-B.",
Lemur-2,Spire,US,3U,not launched,not launched,"Constellation for GPS-RO weather data, AIS and ADS-B.",
Lunar Falcon (Foxsat),Infinity Space,UK,8U (2Ux2Ux2U),not launched,not launched,Equipped with Hall effect ion thruster and journey into lunar orbit as to explore the mysteries of Earths closest celestial neighbour.,
MANTIS (Monitoring Activity from Nearby sTars with UV Imaging and Spectroscopy),University of Colorado Boulder,US,12U,not launched,not launched,Conduct ultraviolet observation of stars to analyze exoplanet conditions.,
PanSat-1 (HARPISAT),UTP (Technological University of Panama),Panama,1U,not launched,not launched,Capacity building and investigations on the effectiveness of novel CubeSat-based methods of environmental and maritime traffic monitoring.,
Pleiades Five,Cal Poly Pomona (Bronco Space),US,1U,not launched,not launched,"Offer a pathway enabling students to design, test, launch, and operate a low-cost educational 1U CubeSat within one academic year.",
PULSE-A (Polarization modUlated Laser Satellite Experiment),University of Chicago,US,2U,not launched,not launched,Demonstrate a way to increase the speed of space-to-ground communications.,
"QlevEr-Sat (QlevEr Sat, QlevEr Sat)",CSUG-IPAG (Univ. Grenoble Alpes),France,6U,not launched,not launched,Artificial Intelligence (AI) Earth observation demonstration satellite designed to test AI routines on board and reduce ground data transmission.,
QSAT-1,INTEC (Santo Domingo Institute of Technology),Dominican Republic,1U,not launched,not launched,Capacity building and investigations on the effectiveness of novel CubeSat-based methods of environmental and maritime traffic monitoring.,
RAMSESS (RAdiation Measurement Sensor with Enhanced Sensibility for Space exploration),Centro Italiano Ricerche Aerospaziali (CIRA),Italy,6U,not launched,not launched,Validation of an innovative cosmic radiation sensor.,
ROSIsat (Radiation Orbital Shielding Investigation Satellite),"Embry-Riddle Aeronautical University, Daytona",US,1U,not launched,not launched,Shield onboard flight computer memory modules from space radiation using various materials and substances,
ROSPIN-SAT-1,ROSPIN,Romania,3U,not launched,not launched,Educational CubeSat mission with camera payload.,
SAILS (Spaceborne Autonomous Identification and Localization System),RadarSensing,Italy,12U,not launched,not launched,Demonstration of an innovative Spaceborne Autonomous Identification and Localization System (SAILS),
SEAGULL (SEArching origin of Gravitational wave by 3U SateLLrite),Aoyama Gakuin University,Japan,3U,not launched,not launched,Searching the electromagnetic counterpart of gravitational waves in the soft Xray band (0.4 ~ 4 keV).,
SharkSat-1,California State University,US,3U,not launched,not launched,Monitor LED-induced blue light pollution across Earth.,
SkyHopper,University of Melbourne,Australia,12U,not launched,not launched,Rapid follow-up of Gamma Ray Bursts using telescope for 1-1.7 micron observations with actively cooled detector.,
Skyris,Inovor,US,12U,not launched,not launched,Uses on-board machine learning to enhance capability over existing Earth imaging systems.,
SpEye Free Flyer (Space Eye),TSD Space,Italy,6U,not launched,not launched,Validation of on-orbit inspection and formation-flying techniques for nano-satellite applications.,
Startical 2,Startical,Spain,6U,not launched,not launched,Demonstrate novel global air traffic management service from space.,
Startical 3,Startical,Spain,6U,not launched,not launched,Demonstrate novel global air traffic management service from space.,
STORK-12,SatRev,Poland,3U,not launched,not launched,Innovative shared platform with Earth-Observation capabilities. Aimed at in-orbit services.,
STORK-13,SatRev,Poland,3U,not launched,not launched,Innovative shared platform with Earth-Observation capabilities. Aimed at in-orbit services.,
STORK-14,SatRev,Poland,3U,not launched,not launched,Innovative shared platform with Earth-Observation capabilities. Aimed at in-orbit services.,
STRATHcube,University of Strathclyde,UK,2U,not launched,not launched,Aims to be first student-led Scottish CubeSat and demonstrate space-based passive bistatic radar (PBR) for space debris detection.,
TALISMAN,SATLANTIS,Spain,16U,not launched,not launched,Carrying a short-wave infrared (SWIR) optical instrument coupled with a liquid crystal polarimeter.,
TSUKUTO,University of Tsukuba,Japan,1U,not launched,not launched,The technology demonstration of CubeSat Mission Piggyback Platform,
Unicorn-2,Alba Orbital,UK,PocketQube 2p,not launched,not launched,Earth Observation constellation to provide near-real time satellite imagery.,
Unicorn-2,Alba Orbital,UK,PocketQube 2p,not launched,not launched,Earth Observation constellation to provide near-real time satellite imagery.,
VISION A (Very high-speed Inter-satellite link Systems using Infrared Optical terminal and Nanosatellite),Yonsei University,South Korea,6U,not launched,not launched,"Demonstrating cutting-edge laser communication, orbital maneuvering and formation-keeping.",
VISION B (Very high-speed Inter-satellite link Systems using Infrared Optical terminal and Nanosatellite),Yonsei University,South Korea,6U,not launched,not launched,"Demonstrating cutting-edge laser communication, orbital maneuvering and formation-keeping.",
xSPANCION 5,AAC Clyde Space,UK,6U,not launched,not launched,Constellation as a service demonstration with 4 satellites to be launched and 10 built. Customers and payloads to be signed up.,
xSPANCION 6,AAC Clyde Space,UK,6U,not launched,not launched,Constellation as a service demonstration with 4 satellites to be launched and 10 built. Customers and payloads to be signed up.,
xSPANCION 7,AAC Clyde Space,UK,6U,not launched,not launched,Constellation as a service demonstration with 4 satellites to be launched and 10 built. Customers and payloads to be signed up.,
xSPANCION 8,AAC Clyde Space,UK,6U,not launched,not launched,Constellation as a service demonstration with 4 satellites to be launched and 10 built. Customers and payloads to be signed up.,
xSPANCION 9,AAC Clyde Space,UK,6U,not launched,not launched,Constellation as a service demonstration with 4 satellites to be launched and 10 built. Customers and payloads to be signed up.,
xSPANCION 10,AAC Clyde Space,UK,6U,not launched,not launched,Constellation as a service demonstration with 4 satellites to be launched and 10 built. Customers and payloads to be signed up.,
"GOLF-1 (Greater Orbit, Larger Footprint – Mission 1)",AMSAT,US,3U,not launched,not launched,Educational mission with amateur radio payload.,
MERLIS,University of Science and Technology of China,China,12U,not launched,not launched,Missions of investigating advanced millimeter-wave satellite communication and UHD video transmission technologies.,
AMDROHPSat (Additively Manufactured Deployable Radiator with Oscillating Heat Pipes),California Polytechnic State University (Cal Poly),US,3U,not launched,not launched,Demonstrate the use of a new generation of deployable radiators.,
"ANSER-AT A (ATmosphere, Advanced Nanosatellites Systems for Earth Observation Research)",National Institute of Aerospace Technology (INTA),Spain,6U,not launched,not launched,Monitoring the Earth atmosphere quality.,
"ANSER-AT B (ATmosphere, Advanced Nanosatellites Systems for Earth Observation Research)",National Institute of Aerospace Technology (INTA),Spain,6U,not launched,not launched,Monitoring the Earth atmosphere quality.,
"ANSER-AT C (ATmosphere, Advanced Nanosatellites Systems for Earth Observation Research)",National Institute of Aerospace Technology (INTA),Spain,6U,not launched,not launched,Monitoring the Earth atmosphere quality.,
"ANSER-AT D (ATmosphere, Advanced Nanosatellites Systems for Earth Observation Research)",National Institute of Aerospace Technology (INTA),Spain,6U,not launched,not launched,Monitoring the Earth atmosphere quality.,
Binar Prospector A (Binar Explorer Class Demonstrator),Curtin University,Australia,12U,not launched,not launched,"Binar Prospector will perform high resolution magnetometry of the Moon over targets of interest, to identify economically viable resources.",
"CHESS A (CHESS Pathfinder 1, Constellation of High Energy Swiss Satellites)",Swiss Federal Institute of Technology in Lausanne (EFPL),Switzerland,3U,not launched,not launched,Study the chemical composition of Earth’s exosphere using time-of-flight mass spectrometry.,
CUSP A (CUbesat Solar Polarimeter),Italian National Institute for Astrophysics (INAF),Italy,6U,not launched,not launched,Measure the linear polarization of the X-rays coming from solar flares using a Compton diffusion polarimeter.,
CUSP B (CUbesat Solar Polarimeter),Italian National Institute for Astrophysics (INAF),Italy,6U,not launched,not launched,Measure the linear polarization of the X-rays coming from solar flares using a Compton diffusion polarimeter.,
DAPPEr (Delaware Atmospheric Plasma Probe Experiment),University of Delaware,US,3U,not launched,not launched,Map average variations in electron density and temperature versus latitude and time of day in the ionosphere’s F2 layer.,
e.Inspector (e-INSPECTOR),Politecnico di Milano,Italy,12U,not launched,not launched,Flying around the VESPA debris to precisely reconstruct its shape and dynamics in preparation of its capture for removal.,
Edge Node A,Aerospace Corporation,US,3U,not launched,not launched,"Multi-small satellite free-flying, collaborative testbed for formation flight and rendezvous and proximity operations (RPO).",
Edge Node B,Aerospace Corporation,US,3U,not launched,not launched,"Multi-small satellite free-flying, collaborative testbed for formation flight and rendezvous and proximity operations (RPO).",
INNOVATOR A (INtersatellite liNk fOr graVity and ATmOspheRic science),Distretto Tecnologico Aerospaziale,Italy,6U,not launched,not launched,"Innovative payload that allows to carry out of very precise radio science observations, in the field of gravity science and atmospheric science.",
INNOVATOR B (INtersatellite liNk fOr graVity and ATmOspheRic science),Distretto Tecnologico Aerospaziale,Italy,6U,not launched,not launched,"Innovative payload that allows to carry out of very precise radio science observations, in the field of gravity science and atmospheric science.",
LUMIO (Lunar Meteoroid Impact Observer),Politecnico di Milano,Italy,12U,not launched,not launched,Observation of meteoroid impacts on the dark side of the Moon to complement Earth based observations,
M-ARGO (Miniaturised Asteroid Remote Geophysical Observer),ESA (European Space Agency),France,12U,not launched,not launched,Rendezvous with an asteroid and characterise the physical properties.,
NanoMagSat B,Open Cosmos,UK,16U,not launched,not launched,"Three identical 16U nanosatellites, using two inclined (~ 60°) and one polar orbit, for investigating the Earth’s magnetic field and ionospheric environment.",
NanoMagSat C,Open Cosmos,UK,16U,not launched,not launched,"Three identical 16U nanosatellites, using two inclined (~ 60°) and one polar orbit, for investigating the Earth’s magnetic field and ionospheric environment.",
"NESS+ 2 (N3SS, Nanosat 3U for civil spectrum monitoring)",CNES,France,3U,not launched,not launched,"Validate in orbit miniaturized technologies intended for the detection and localization of interfering transmitters,",
"NESS+ 3 (N3SS, Nanosat 3U for civil spectrum monitoring)",CNES,France,3U,not launched,not launched,"Validate in orbit miniaturized technologies intended for the detection and localization of interfering transmitters,",
Orbit Guard #3,Infinite Orbits,France,16U,not launched,not launched,Third GEO nanosatellite.,
PolSIR A (Polarized Submillimeter Ice-cloud Radiometer),Vanderbilt University,US,12U,not launched,not launched,Monthly sampling of the diurnal cycle of ice clouds and their microphysical properties in the tropics and sub-tropics.,
PolSIR B (Polarized Submillimeter Ice-cloud Radiometer),Vanderbilt University,US,12U,not launched,not launched,Monthly sampling of the diurnal cycle of ice clouds and their microphysical properties in the tropics and sub-tropics.,
QBDebris,The Arctic University of Norway,Norway,3U,not launched,not launched,Capable of detecting space debris in situ.,
ROBUSTA 4? (TBD),University of Montpellier,France,3U,not launched,not launched,Detecting plastic waste in the Mediterranean Sea by satellite,
SLAVIA A (Space Laboratory for Advanced Variable Instruments and Applications),Czech Academy of Sciences,Czechia,16U,not launched,not launched,Prove a concept of a low-cost satellite able to provide spectral analysis of NEO composition.,
SLAVIA B (Space Laboratory for Advanced Variable Instruments and Applications),Czech Academy of Sciences,Czechia,16U,not launched,not launched,Prove a concept of a low-cost satellite able to provide spectral analysis of NEO composition.,
SUTS (Strategic Upgrades Test Satellite),Estonian Student Satellite Foundation,Estonia,PocketQube 3p,not launched,not launched,"Planned payloads for SUTS are: Encrypted optical communication,, Fast moving object camera, Moon regolith solar cell.",
TANGO Carbon (Twin Anthropogenic Greenhouse gas Observers),TNO (Netherlands Organisation for Applied Scientific Research),Netherlands,16U,not launched,not launched,Quantify and monitor greenhouse gas emissions at the level of individual power plants and industrial facilities,
"TANGO Nitro (Twin Anthropogenic Greenhouse gas Observers, Nitro)",TNO (Netherlands Organisation for Applied Scientific Research),Netherlands,16U,not launched,not launched,Quantify and monitor greenhouse gas emissions at the level of individual power plants and industrial facilities,
TechEdSat-21 (TES-21),NASA Ames Research Center,US,6U,not launched,not launched,"Design a 4” arc-jet model, including a mini-spectrometer, for an intended future arc-jet test (eventually compatible with the future TES-21 (6U) flight experiment.",
VULCAIN A,Politecnico di Milano,Italy,12U,not launched,not launched,Acquiring multispectral images of selected volcanoes to monitor the important scientific activity.,
VULCAIN B,Politecnico di Milano,Italy,12U,not launched,not launched,Acquiring multispectral images of selected volcanoes to monitor the important scientific activity.,
AetherSat-1,Aetherspace,Belgium,3U,not launched,not launched,CubeSat re-entry mission with an inflatable Thermal Protection System.,
Binar Prospector B (Binar Prospector),Curtin University,Australia,12U,not launched,not launched,"Binar Prospector will perform high resolution magnetometry of the Moon over targets of interest, to identify economically viable resources.",
BioSat,Norwegian University of Science and Technology (NTNU),Norway,3U,not launched,not launched,Develop and construct the necessary systems needed to keep a plant alive in the harshest environment known to humanity.,
COSPAR-2,COSPAR,France,6U,not launched,not launched,Lunar orbiter to be deployed in lunar orbit by ispace lunar lander-3.,
CyberCUBE,GMV,Romania,3U,not launched,not launched,Validate the ESA CSOC’s RF capabilities and provide a real-world demonstration of tools to detect and counter potential cyber threats.,
DYNAGLO A (DYNamics Atmosphere GLObal-Connection),University of Colorado Boulder,US,6U,not launched,not launched,The DYNamics Atmosphere GLObal-Connection two 6U CubeSat mission fills a crucial observation gap in the ionosphere-thermosphere (I-T) region.,
DYNAGLO B (DYNamics Atmosphere GLObal-Connection),University of Colorado Boulder,US,6U,not launched,not launched,The DYNamics Atmosphere GLObal-Connection two 6U CubeSat mission fills a crucial observation gap in the ionosphere-thermosphere (I-T) region.,
EarthNext,Officina Stellare,Italy,16U,not launched,not launched,"Hosting eletrical propulsion, a multispectral payload and on-board automation based on AI to demonstrate Earth Observation from VLEO.",
ELECTRA,Politecnico di Torino,Italy,2U,not launched,not launched,A groundbreaking satellite for the upper atmosphere observation.,
EXCITE (EXtended Cubesat for Innovative Technology Experiments),University of Pisa,Italy,12U,not launched,not launched,Validate in orbit several innovative technologies for small satellites.,
IGNIS (Infrared Geological Nano Imaging System),Università di Napoli “Federico II”,Italy,3U,not launched,not launched,"Adapt a COTS thermal camera to the space environment, combining an educational and an Earth Observation program.",
Lemur-2,Spire,US,3U,not launched,not launched,"Constellation for GPS-RO weather data, AIS and ADS-B.",
Lemur-2,Spire,US,3U,not launched,not launched,"Constellation for GPS-RO weather data, AIS and ADS-B.",
Lemur-2,Spire,US,3U,not launched,not launched,"Constellation for GPS-RO weather data, AIS and ADS-B.",
Lemur-2,Spire,US,3U,not launched,not launched,"Constellation for GPS-RO weather data, AIS and ADS-B.",
LignoSat 2 (LignoSat-2),Kyoto University,Japan,2U,not launched,not launched,Developing the second wooden satellite.,
LISAT,Técnico Lisboa,Portugal,3U,not launched,not launched,Participating in the CubeSat Portugal competition.,
Mars Solar Hawk (GraceSat),Infinity Space,UK,3U,not launched,not launched,Solar Sailing and Ion Powered CubeSat that acts as an experimental testbed for evaluating and advancing new integrated deep space propulsion technologies.,
METUCube,Middle East Technical University (METU),Turkey,3U,not launched,not launched,First satellite of METU with visible and thermal cameras.,
MiniCOR (Miniature CORonagraph),?,US,12U,not launched,not launched,"Demonstrate capturing high-cadence, high-quality solar imagery with equal or superior sensitivity to existing solar coronagraphs.",
PoliBaSat (Polytechnic University of Bari Satellite),Polytechnic University of Bari,Italy,3U,not launched,not launched,Electro-optical payload to make observations of objects passing close to the satellite. Partial demonstration of an autonomous concept of collision avoidance system.,
RODiO A (Radar for Earth Observation by synthetic aperture DIstributed on a cluster of cubesats equipped with high-technology micro-propellers for new Operative services),Università di Napoli “Federico II”,Italy,12U,not launched,not launched,Combines the advantages of a sensor distributed onboard different CubeSats with those of a bistatic radar working with an illuminator of opportunity.,
RODiO B (Radar for Earth Observation by synthetic aperture DIstributed on a cluster of cubesats equipped with high-technology micro-propellers for new Operative services),Università di Napoli “Federico II”,Italy,12U,not launched,not launched,Combines the advantages of a sensor distributed onboard different CubeSats with those of a bistatic radar working with an illuminator of opportunity.,
RODiO C (Radar for Earth Observation by synthetic aperture DIstributed on a cluster of cubesats equipped with high-technology micro-propellers for new Operative services),Università di Napoli “Federico II”,Italy,12U,not launched,not launched,Combines the advantages of a sensor distributed onboard different CubeSats with those of a bistatic radar working with an illuminator of opportunity.,
RODiO D (Radar for Earth Observation by synthetic aperture DIstributed on a cluster of cubesats equipped with high-technology micro-propellers for new Operative services),Università di Napoli “Federico II”,Italy,12U,not launched,not launched,Combines the advantages of a sensor distributed onboard different CubeSats with those of a bistatic radar working with an illuminator of opportunity.,
SelenITA,Technological Institute of Aeronautics,Brazil,12U,not launched,not launched,"Science mission supporting the Artemis, planned to operate at Low-Lunar Orbit below 200 km, gathering space weather and geophysics observations.",
Snuglite-III A (Snuglite-IIIa),Seoul National University,South Korea,3U,not launched,not launched,Our mission aims to demonstrate three world-first technologies in Low Earth Orbit (LEO): The first-ever real-time kinematic (RTK)-based relative navigation in LEO. The first-ever propellant-free autonomous rendezvous and formation flying using aerodynamic forces. The first-ever real-time CubeSat GPS-only attitude determination system.,
Snuglite-III B (Snuglite-IIIb),Seoul National University,South Korea,3U,not launched,not launched,Our mission aims to demonstrate three world-first technologies in Low Earth Orbit (LEO): The first-ever real-time kinematic (RTK)-based relative navigation in LEO. The first-ever propellant-free autonomous rendezvous and formation flying using aerodynamic forces. The first-ever real-time CubeSat GPS-only attitude determination system.,
Sun cubE onE (SEE),University of Rome Tor Vergata,Italy,6U,not launched,not launched,"Study the ultraviolet (UV), soft-X and Gamma emission of our star.",
TejoOne,Espaço³,Portugal,3U,not launched,not launched,Detecting space debris smaller than 10 cm using a grroundbreaking algorithm.,
TPA-3 (Te Pūnaha Ātea – Space Institute 12U CubeSat),University of Auckland,New Zealand,12U,not launched,not launched,"Improve monitoring of the quality of water in and around Aotearoa New Zealand for researchers, decision makers and the public at large.",
Estigia,Polytechnic University of Valencia,Spain,2U,not launched,not launched,Payload is a chatbot capable of conversing with users in Earth by using a small ground terminal.,
InhollandSat-1,Inholland University of Applied Sciences,Netherlands,3U,not launched,not launched,Two-way optical communication via Infrared LEDs and Photodiode and EO payload facilitating NOx monitoring.,
VMMO (Volatile and Mineralogy Mapping Orbiter),MPB Communications,Canada,16U,not launched,not launched,"Focus on a permanently shadowed crater near the lunar south pole, searching deposits of water ice and other volatiles while also measuring lunar radiation.",
ANIME (Asteroid Nodal Intersection Multiple Encounters),Italian National Institute for Astrophysics (INAF),Italy,12U,not launched,not launched,"Explore, from a heliocentric deep space orbit, three ""near-Earth asteroids"",",
SOURCE-2,University of Stuttgart,Germany,6U,not launched,not launched,"Demonstrate propulsion system, relative navigation and high performance downlink.",
TASTE Lander (Terrain Analyzer and Sample Tester Explorer),Italian National Institute for Astrophysics (INAF),Italy,4U,not launched,not launched,"Composed by a 12U orbiter and a 4U lander, aiming to explore the Martian moon Deimos.",
TASTE Orbiter (Terrain Analyzer and Sample Tester Explorer),Italian National Institute for Astrophysics (INAF),Italy,12U,not launched,not launched,"Composed by a 12U orbiter and a 4U lander, aiming to explore the Martian moon Deimos.",
The RAMSES CubeSat-1 (RCS-1),Tyvak,Italy,6U,not launched,not launched,Study material possibly released from Apophis surface.,
"CHESS B (CHESS Pathfinder 1, Constellation of High Energy Swiss Satellites)",Swiss Federal Institute of Technology in Lausanne (EFPL),Switzerland,3U,not launched,not launched,Study the chemical composition of Earth’s exosphere using time-of-flight mass spectrometry.,
THEIA (Telescope Housing Event-based Imaging Apparatus),University of Maryland,US,6U,not launched,not launched,Mature event-based imaging technologies for use in orbital applications.,
Satis,ESA (European Space Agency),Belgium,12U,not launched,not launched,Apophis Rendezvous Mission.,
3-STAR (3STAR),Politecnico di Torino,Italy,3U,x_cancelled,cancelled,Radio communications and GNSS-RO payloads.,
"3CAT-3 (3CAT3, MOTS, CubeCat-3)","Polytechnic University of Catalonia (UPC, BarcelonaTECH)",Spain,6U,x_cancelled,cancelled,Demonstrate multispectral camera and an L-band radiometer.,
14-BISat,Instituto Federal Fluminense,Brazil,2U,x_cancelled,cancelled,Part of QB50 to study lower termosphere.,
AAReST MirrorSat 1 (Autonomous Assembly of a Reconfigurable Space Telescope),Indian Institute of Space Science and Technology,India,7 kg,x_cancelled,cancelled,Part of the AAReST project for reconfigurable space telescope.,
AAReST MirrorSat 2 (Autonomous Assembly of a Reconfigurable Space Telescope),University of Surrey,UK,7 kg,x_cancelled,cancelled,Part of the AAReST project for reconfigurable space telescope.,
AAUSAT6,Aalborg University,Denmark,1U,x_cancelled,cancelled,,
ADORE Sat (ADCS and Orbit Raising with Electrospray Ionization),Boston Space Alliance,US,1U,x_cancelled,cancelled,Incorporate new Electrospray Thrusters from the MIT Space Propulsion Laboratory and demonstrate their technological readiness for spaceflight.,
AeroCube-9 (LMPC CubeSat),Aerospace Corporation,US,3U,x_cancelled,cancelled,Flight demonstration of a Photon-counting infrared detector.,
Aggiesat-1,Texas A&M University,US,1U,x_cancelled,cancelled,Demonstrate CubeSat platform including propulsion method and shape memory alloys.,
Aggiesat-3,Texas A&M University,US,1U,x_cancelled,cancelled,Demonstrate close proximity navigation utilizing a stereo vision system.,
AISTECH6U (HYDRA) 1,Aistech,Spain,6U,x_cancelled,cancelled,Commercial constellation for ADS-B and IoT/M2M.,
AISTECH6U (HYDRA) 2,Aistech,Spain,6U,x_cancelled,cancelled,Commercial constellation for ADS-B and IoT/M2M.,
AISTECH6U (HYDRA) 3,Aistech,Spain,6U,x_cancelled,cancelled,Commercial constellation for ADS-B and IoT/M2M.,
AISTECH6U (HYDRA) 4,Aistech,Spain,6U,x_cancelled,cancelled,Commercial constellation for ADS-B and IoT/M2M.,
"AK-EDUSAT (AK-EDU-SAT, Abdul Kalam Educational Satellite)",Consortium of universities,India,3U,x_cancelled,cancelled,Provide high rate of connectivity to remote parts of the globe.,
AlbiSat,IMT Mines Albi,France,1U,x_cancelled,cancelled,3D printed structure and study behavior in space conditions.,
ALCEK,BOREAS Space (Bulgarian Orbital REsearch and Satellites),Bulgaria,6U,x_cancelled,cancelled,Lunar orbiter tasked with conducting spectroscopic research of the Moon’s surface.,
Aleksandr (Consat-2),Concordia University,Canada,3U,x_cancelled,cancelled,Test the self-healing material in space.,
"Alpha (ɑ, CubeMessenger)",BOREAS Space (Bulgarian Orbital REsearch and Satellites),Bulgaria,1U,x_cancelled,cancelled,Testbed for various communication and power generation instruments.,
ALSAT#1,ADAA (Associazione per la Divulgazione Astronomica e Astronautica),Italy,1U,x_cancelled,cancelled,ArduinoSiPM as main payload to monitor the cosmic radiation in LEO.,
AMAJ Mother,Innova Space,Argentina,1U,x_cancelled,cancelled,"Constellation of three satellites, one Cubesat and two 1P Pocketqubes, trying to support a simple IoT mission and test some of the technologies in orbit.",
AMS (Agricultural Monitoring),ISISpace,Netherlands,12U,x_cancelled,cancelled,Demonstrate MWIR instrument in a CubeSat.,
Amur State University CubeSat,Amur State University,Russia,12U,x_cancelled,cancelled,,
ANIRSAT,Nextronic,Morocco,1U,x_cancelled,cancelled,Internet of Things.,
"ANSER D (Advanced Nanosatellites Systems for Earth Observation Research, ANSWER-WQ, Water Quality)",National Institute of Aerospace Technology (INTA),Spain,3U,x_cancelled,"cancelled, ?",Constellation of 4 nanosatellites to monitor the quality of the water in reservoirs and swamps in Spain,
Antarctic Broadband Nanosatellite Demonstration Mission,Australian Space Research Program,Australia,6.82 kg,x_cancelled,cancelled,Establish a high-quality communications service for the international research community in Antarctica.,
ANUSAT-2,Anna University,India,2U,x_cancelled,cancelled,Part of QB50 to study lower termosphere.,
"AOSAT (AOSAT1, Asteroid Origins Satellite 1)",Arizona State University,US,3U,x_cancelled,cancelled,Science laboratory that will be the world’s first CubeSat centrifuge.,
Aoxiang,Northwestern Polytechnical University,China,100 g,x_cancelled,cancelled,Planning to investigate polarisation patterns.,
APEX (Advanced Propulsion Experiment),Missouri University of Science and Technology,US,6U,x_cancelled,cancelled,Precise orbit determination to verify the performance of the Multi-Mode Ionic Monopropellant thruster payload.,
APEX (Asteroid Prospection Explorer),ESA (European Space Agency),France,6U,x_cancelled,cancelled,Operate as a mineral prospector in deep space.,
APSS-2 Kessler (APSS-II),University of Auckland,New Zealand,1U,x_cancelled,cancelled,Electrodynamic tether for CubeSats deorbiting.,
AquilaSat,Special Concepts,Bulgaria,3U,x_cancelled,cancelled,Demonstrate advanced CubeSat platform for deep space missions.,
AragoSat-1,Institut Polytechnique des Sciences Avancées (IPSA),France,3U,x_cancelled,cancelled,Test miniature Helicon RF (Radio Frequency) thruster.,
Aramis-C1,Politecnico di Torino,Italy,1U,x_cancelled,cancelled,Demonstrate modular platform technologies.,
ARAPAIMA (Application for RSO Autonomous Proximity Analysis and Imaging),Embry-Riddle Aeronautical University,US,6U,x_cancelled,cancelled,"Conduct 3D, visual and IR imaging of resident space objects for Space Situational Awareness.",
ARC2 (Alaska Research CubeSat),University of Alaska,US,1U,x_cancelled,cancelled,Demonstrate CubeSat platform technologies.,
ArduOrbiter-1,Reid Technologies,UK,PocketQube 1p,x_cancelled,cancelled,,
ARGO,EICAS Automazione,Italy,6U,x_cancelled,cancelled,On-Orbit Demonstration Mission aimed at validation of a new generation of star trackers.,
Arkyd 6B (A6B),Planetary Resources,US,6U,x_cancelled,cancelled,Test the instruments and deep space technologies for asteroid prospecting missions.,
Astrogate CubeSat,Astrogate Labs,India,3U,x_cancelled,cancelled,Demonstrating space-to-ground laser communications from its Optical Downlink terminal.,
Athenoxat-2,Microspace,Singapore,3U,x_cancelled,cancelled,Demonstrate nigh-vision optical payload and reflectarray antenna.,
AtmoCube,University of Trieste,Italy,1U,x_cancelled,cancelled,Measurement of the Radiation Flux impinging on the satellite. Measurement of the Magnetic Field.,
Auahitūroa (AYCI CubeSat),Australasian Youth Cubesat Initiative,Australia,1.5U,x_cancelled,cancelled,"Transmit live video back to earth, along with data from two student-built Arduino experiments to be selected from a competition.",
Auriga,Dauria Aerospace,Russia,16U,x_cancelled,cancelled,Earth surface imaging in 5 spectral bands with 2.5m GSD at circular SSO 600 km.,
Azad-1,Maulana Azad National Institute of Technology,India,1U,x_cancelled,cancelled,Capture solar images from space.,
Beckman CubeSat,Arnold O. Beckman High School,US,1U,x_cancelled,cancelled,Educational training for high school pupils.,
BeliefSat-1,K J Somaiya Institute of Engineering and Information Technology,India,PocketQube 2p,x_cancelled,cancelled,Educational mission and demonstrating PocketQube technologies.,
BeoCube (Braunschweig Educational Orbital CubeSat),Technische Universität Braunschweig,Germany,1U,x_cancelled,cancelled,Educational training and GNSS receiver and laser retro reflector.,
Bhaarathiya-Sat,Space Kidz India,India,0.5U,x_cancelled,cancelled,,
Biarri-Point,US Air Force Space Command,US,3U,x_cancelled,cancelled,International collaboration with multiple military related payloads.,
BIRDY,National Cheng Kung University,Taiwan,3U,x_cancelled,cancelled,To Mars and back to collect radiation data. Counts energetic particles in the maximum range 1 MeV/nucleon to 1 GeV/nucleon.,
BIRDY-GTO (GTO-BIRDY),National Cheng Kung University,Taiwan,3U,x_cancelled,cancelled,GTO precursor flight to test required technologies.,
blair3sat (BlairSat),Montgomery Blair High School,US,3U,x_cancelled,cancelled,"Measure charge density and high energy particle emissions in the ionosphere, contributing to radio propagation models and space weather research.",
Bluefield 1,Bluefield,US,16U,x_cancelled,cancelled,Methane tracking constellation with 20x20 meter pixel resolution.,
Bluefield 2,Bluefield,US,16U,x_cancelled,cancelled,Methane tracking constellation with 20x20 meter pixel resolution.,
BlueWalker 2 (BW 2),AST,Lithuania,6U,x_cancelled,cancelled,"Series of satellites for AST & Science, to be used for testing the company’s patented technologies in space.",
BlueWalker 3 (BW 3),AST,Lithuania,6U,x_cancelled,cancelled,"Series of satellites for AST & Science, to be used for testing the company’s patented technologies in space.",
"BRICSat-T (Ballistic Reinforced Communication Satellite, PSat B, ParkinsonSat B)",US Naval Academy Satellite Lab,US,3U,x_cancelled,cancelled,First fully operational Space Tug.,
BS-0,Aerozono Space Technologies Project,Argentina,PocketQube 1p,x_cancelled,cancelled,,
BUAA-Picosat,Beihang University,China,2U,x_cancelled,cancelled,,
Buccaneer Flight 3 A,University of New South Wales (UNSW Canberra),Australia,3U,x_cancelled,cancelled,"Satellite formation mission, demonstrating formation GNC and communications.",
Buccaneer Flight 3 B,University of New South Wales (UNSW Canberra),Australia,3U,x_cancelled,cancelled,"Satellite formation mission, demonstrating formation GNC and communications.",
Buccaneer Flight 4 A,University of New South Wales (UNSW Canberra),Australia,3U,x_cancelled,cancelled,"Satellite formation mission, demonstrating formation GNC and communications.",
Buccaneer Flight 4 B,University of New South Wales (UNSW Canberra),Australia,3U,x_cancelled,cancelled,"Satellite formation mission, demonstrating formation GNC and communications.",
Buccaneer Flight 4 C,University of New South Wales (UNSW Canberra),Australia,3U,x_cancelled,cancelled,"Satellite formation mission, demonstrating formation GNC and communications.",
Buccaneer Flight 4 D,University of New South Wales (UNSW Canberra),Australia,3U,x_cancelled,cancelled,"Satellite formation mission, demonstrating formation GNC and communications.",
BUSAT-1,Beihang University,China,2U,x_cancelled,cancelled,Part of QB50 to study lower termosphere.,
CADRE 1 Chaser (CubeSat Active Debris Removal),Swiss Federal Institute of Technology in Lausanne (EFPL),Switzerland,8U (2Ux2Ux2U),x_cancelled,cancelled,Testing of miniaturized rendezvous sensors (far and close range).,
CADRE 1 Target (CubeSat Active Debris Removal),Swiss Federal Institute of Technology in Lausanne (EFPL),Switzerland,4U,x_cancelled,cancelled,Testing of miniaturized rendezvous sensors (far and close range).,
"CaLeMPSat (Cathode-Less Micro Propulsion Satellite, M12P)",SpaceSATS,Singapore,12U,x_cancelled,cancelled,Test miniature Hall effect thrusters (HETs) that operate at power classes never before achieved.,
Calypso,ARES Institute (Aerospace Research & Engineering Systems Institute),US,1U,x_cancelled,cancelled,Demonstrate the applicability of our new propellant blend to cubesat propulsion requirements.,
Cannae,Theseus,US,16U,x_cancelled,cancelled,EmDrive / Cannae Drive test to test propellantless propulsion.,
CAPE - MIRCA2 (Cubesat Application for Planetary Entry Missions - Micro Return Capsule 2),NASA Goddard Space Flight Center,US,3U,x_cancelled,cancelled,High atmospheric research for the spatially resolved characterization of the lower thermosphere.,
CAPE (CubeSat Atmospheric Probe for Education),University of Stuttgart,Germany,3U,x_cancelled,cancelled,Has a separable capsule called micro-return capsule 2 (MIRKA2).,
"CAS 2A (Chinese Amateur Radio Satellite 2T, Fengtai-1)",CAMSAT (Chinese Amateur Satellite Group),China,3U,x_cancelled,cancelled,FM transponder.,
CAS-8C,CAMSAT (Chinese Amateur Satellite Group),China,3U,x_cancelled,cancelled,Educational mission and amateur radio communications.,
CAS-8D,CAMSAT (Chinese Amateur Satellite Group),China,3U,x_cancelled,cancelled,Educational mission and amateur radio communications.,
CASPA (Cold Atom Space Payload),Teledyne e2v,UK,6U,x_cancelled,cancelled,Using quantum technology to create ultra-sensitive ‘cold atoms’ in space for precision navigation.,
CE-SAT-III (CE-SAT 3),Canon,US,3U,x_cancelled,cancelled,Work continues at Canon Electronics lab in Japan to create smaller and more powerful satellites.,
Centauri-9,Fleet Space,Australia,12U,x_cancelled,cancelled,IoT satellite network.,
Centauri-10,Fleet Space,Australia,6U,x_cancelled,cancelled,IoT satellite network.,
Centauri-11,Fleet Space,Australia,6U,x_cancelled,cancelled,IoT satellite network.,
Centauri-12,Fleet Space,Australia,6U,x_cancelled,cancelled,IoT satellite network.,
Centauri-13,Fleet Space,Australia,6U,x_cancelled,cancelled,IoT satellite network.,
Centauri-14,Fleet Space,Australia,6U,x_cancelled,cancelled,IoT satellite network.,
Centauri-15,Fleet Space,Australia,6U,x_cancelled,cancelled,IoT satellite network.,
CEPHEUS,Solar MEMS (Test In Space),Spain,3U,x_cancelled,cancelled,Educational and research project with multiple payloads including fuel cell system.,
Ceres 1 (Arkyd-100),Planetary Resources,US,12U,x_cancelled,cancelled,Constellation for weekly hyperspectral and mid-wave infrared data.,
Ceres 2 (Arkyd-100),Planetary Resources,US,12U,x_cancelled,cancelled,Constellation for weekly hyperspectral and mid-wave infrared data.,
Ceres 3 (Arkyd-100),Planetary Resources,US,12U,x_cancelled,cancelled,Constellation for weekly hyperspectral and mid-wave infrared data.,
Ceres 4 (Arkyd-100),Planetary Resources,US,12U,x_cancelled,cancelled,Constellation for weekly hyperspectral and mid-wave infrared data.,
Ceres 5 (Arkyd-100),Planetary Resources,US,12U,x_cancelled,cancelled,Constellation for weekly hyperspectral and mid-wave infrared data.,
Ceres 6 (Arkyd-100),Planetary Resources,US,12U,x_cancelled,cancelled,Constellation for weekly hyperspectral and mid-wave infrared data.,
Ceres 7 (Arkyd-100),Planetary Resources,US,12U,x_cancelled,cancelled,Constellation for weekly hyperspectral and mid-wave infrared data.,
Ceres 8 (Arkyd-100),Planetary Resources,US,12U,x_cancelled,cancelled,Constellation for weekly hyperspectral and mid-wave infrared data.,
Ceres 9 (Arkyd-100),Planetary Resources,US,12U,x_cancelled,cancelled,Constellation for weekly hyperspectral and mid-wave infrared data.,
Ceres 10 (Arkyd-100),Planetary Resources,US,12U,x_cancelled,cancelled,Constellation for weekly hyperspectral and mid-wave infrared data.,
ChargerSat-2,University of Alabama,US,2U,x_cancelled,cancelled,Conduct relevant microgravity science on boiling properties in extreme microgravity.,
CHASQUI-B (CHASQUI-II),National University of Engineering,Peru,1U,x_cancelled,cancelled,"Monitor the disappearance of the Plasmaspheric Hiss and the weakening of the geomagnetic field in the South Atlantic Magnetic Anomaly region, due to geomagnetic storms caused by interplanetary shocks.",
CHIRad-Sat,Concordia University,Canada,3U,x_cancelled,cancelled,Test hyperspectral camera for dust measurements and study the effect of climate change in the Kluane Lake region.,
CHiRP,NASA Jet Propulsion Laboratory,US,6U,x_cancelled,cancelled,Study Ionospheric dispersion of Radio Pulses.,
CINEMA 4,University of California,US,3U,x_cancelled,cancelled,Space weather measurements measuring electron and ions in the range of 2-200 keV.,
CIRAS (CubeSat Infrared Atmospheric Sounder),NASA Jet Propulsion Laboratory,US,6U,x_cancelled,cancelled,Enable hyperspectral infrared atmospheric sounding to measure temperature and water vapour.,
CIRCUS (Characterization of the Ionosphere using a Radio receiver on a CUbeSat),Université Pierre et Marie Curie,France,2U,x_cancelled,cancelled,Study in situ I / F layer of the ionosphere using a radio receiver and to measure the plasma power spectrum.,
"Cislunar Explorers (3UA, 3UB)",Cornell University,US,6U,x_cancelled,cancelled,Demonstrate using water as propellant.,
CLE A (Netherlands China Low Frequency Explorer),ISISpace,Netherlands,12U,x_cancelled,cancelled,3 satellites with intersatellite link for real time interferometry and Lunar Radio Astronomy.,
CLE B (Netherlands China Low Frequency Explorer),ISISpace,Netherlands,12U,x_cancelled,cancelled,3 satellites with intersatellite link for real time interferometry and Lunar Radio Astronomy.,
CLE C (Netherlands China Low Frequency Explorer),ISISpace,Netherlands,12U,x_cancelled,cancelled,3 satellites with intersatellite link for real time interferometry and Lunar Radio Astronomy.,
Compact optical EO demo,ESA (European Space Agency),France,3U,x_cancelled,cancelled,Compact optical EO demo.,
Compact RF EO demo,ESA (European Space Agency),France,3U,x_cancelled,cancelled,Compact RF EO demo.,
CONASAT A,National Institute for Space Research,Brazil,8U (2Ux2Ux2U),x_cancelled,cancelled,Gather environmental data collected and transmitted to satellite by remote platforms on ground.,
CONASAT B,National Institute for Space Research,Brazil,8U (2Ux2Ux2U),x_cancelled,cancelled,Gather environmental data collected and transmitted to satellite by remote platforms on ground.,
Consat-1,Concordia University,Canada,3U,x_cancelled,cancelled,Study the South Atlantic Anomaly.,
Constellation Pathfinder,Boston University,US,1 kg,x_cancelled,cancelled,Demonstrate CubeSat platform technologies.,
COPPER 2 (Close Orbiting Propellant Plume and Elemental Recognition),Saint Louis University,US,3U,x_cancelled,cancelled,Reflight of COPPER to demonstrate compact uncooled microbolometer array to take infrared images of Earth’s oceans and atmosphere.,
COURIER SEP DEMO (Exoterra CubeSat),Exoterra Resource,US,12U,x_cancelled,cancelled,Demonstrate compact and high impulse solar electric propulsion module.,
"CP14 (ADE, Aerodynamic Deorbit Experiment)",California Polytechnic State University (Cal Poly),US,1U,x_cancelled,cancelled,Demonstrate the viability of a deployable drag sail for deorbiting.,
CRaBSS (Characterizing Radiation Belt Sources and Sinks),NASA Goddard Space Flight Center,US,6U,x_cancelled,cancelled,Characterizing Radiation Belt Sources and Sinks.,
Cresst Dream Comet,University of Cambridge,US,3U,x_cancelled,cancelled,Demonstrate new propulsion system.,
"CRON-1 (NanoMirax, nanoMIRAX)",CRON Systems and Technology,Brazil,2U,x_cancelled,cancelled,Measure the hard X-ray diffuse emission in LEO orbit and test novel X-ray detector technology in space.,
CryoCube 2,NASA Kennedy Space Center,US,3U,x_cancelled,cancelled,"CryoCube-2: Stratification, Mixing, and Slosh of a Cryogenic Fluid in Microgravity.",
CS-1,University of Melbourne,Australia,12U,x_cancelled,cancelled,,
CSIP,Air Force Research Laboratory (AFRL),US,3U,x_cancelled,cancelled,Technology demonstration.,
CSIROSat-1,Commonwealth Scientific and Industrial Research Organisation (CSIRO),Australia,3U,x_cancelled,cancelled,Infrared imaging and advanced on-board data processing.,
CSTB-3,Boeing,US,3U,x_cancelled,cancelled,Demonstrate advanced CubeSat platform.,
CTAAP (CubeSat To Accept Any Payload ),University of North Dakota,US,1U,x_cancelled,cancelled,Educational training and CubeSat platform demonstration.,
CU-E3 (Colorado University Earth Escape Explorer),University of Colorado Boulder,US,6U,x_cancelled,cancelled,Advancing deep space CubeSat communication techniques in heliocentric orbit.,
Cu-REO,University of Petroleum and Energy Studies (UPES),India,1U,x_cancelled,cancelled,Aid in prediction of the earthquakes prior to their occurrence.,
Cuballute,Bundeswehr University Munich,Germany,3U,x_cancelled,cancelled,CubeSat to Mars to probe the atmosphere using hypersonic drag balloon.,
CubeSAIL,SSTL,UK,3U,x_cancelled,cancelled,Deploy a large (5x5 metre) aluminised Kapton sail using novel CFRP deployable booms.,
CubeSat Imaging Radar for Earth Science (CIRES),SRI International,US,16U,x_cancelled,cancelled,Miniaturized Synthetic Aperture Radar (SAR) payload for interferometric (InSAR) operation up to 500 km.,
CubeSat-UD,District University of Bogotá,Colombia,1U,x_cancelled,cancelled,Educational training and telemedicine pilot project.,
CubeSTAR,University of Oslo,Norway,2U,x_cancelled,cancelled,Demonstrate novel Langmuir probe system for determination of absolute electron density in ionospheric plasma.,
CubETH,ETH Zurich (Federal Institute of Technology),Switzerland,1U,x_cancelled,cancelled,Capable of calculating its own altitude and position in space with unprecedented precision.,
CuSPP,Southwest Research Institute,US,3U,x_cancelled,cancelled,Demonstrate a novel miniaturized Suprathermal Ion Sensor to measure solar energetic particles.,
czCube,czCube,Czechia,1U,x_cancelled,cancelled,Demonstrate CubeSat platform technologies.,
CzechTechSat,Czech Technical University of Prague,Czechia,1U,x_cancelled,cancelled,Test various technologies for CubeSat subsystems.,
DAC0,Romanian InSpace Engineering,Romania,1U,x_cancelled,cancelled,Perform self training in small satellites and satellite communications and investigations on a precise positioning system for space.,
DANU 1 (AISTECHSAT),Aistech,Spain,2U,x_cancelled,cancelled,Commercial constellation for ADS-B and IoT/M2M.,
DANU 2 (AISTECHSAT),Aistech,Spain,2U,x_cancelled,cancelled,Commercial constellation for ADS-B and IoT/M2M.,
DANU 3 (AISTECHSAT),Aistech,Spain,2U,x_cancelled,cancelled,Commercial constellation for ADS-B and IoT/M2M.,
DANU 4 (AISTECHSAT),Aistech,Spain,2U,x_cancelled,cancelled,Commercial constellation for ADS-B and IoT/M2M.,
DANU 5 (AISTECHSAT),Aistech,Spain,2U,x_cancelled,cancelled,Commercial constellation for ADS-B and IoT/M2M.,
DANU 6 (AISTECHSAT),Aistech,Spain,2U,x_cancelled,cancelled,Commercial constellation for ADS-B and IoT/M2M.,
DANU 7 (AISTECHSAT),Aistech,Spain,2U,x_cancelled,cancelled,Commercial constellation for ADS-B and IoT/M2M.,
DANU 8 (AISTECHSAT),Aistech,Spain,2U,x_cancelled,cancelled,Commercial constellation for ADS-B and IoT/M2M.,
DANU 9 (AISTECHSAT),Aistech,Spain,2U,x_cancelled,cancelled,Commercial constellation for ADS-B and IoT/M2M.,
DANU 10 (AISTECHSAT),Aistech,Spain,2U,x_cancelled,cancelled,Commercial constellation for ADS-B and IoT/M2M.,
DARS (Deployable Alaska Research Sail),University of Alaska,US,3U,x_cancelled,cancelled,Demonstrate successful deployment of a large scale solar sail zero gravity.,
DELFFI-1 (DelFFi Phi),Delft University of Technology,Netherlands,3U,x_cancelled,cancelled,Part of QB50 to study lower termosphere.,
DELFFI-2 (DelFFi Delta),Delft University of Technology,Netherlands,3U,x_cancelled,cancelled,Part of QB50 to study lower termosphere.,
Delta-Dsat,Cranfield University,UK,2U,x_cancelled,cancelled,Part of QB50 to study lower termosphere.,
DETECTOR (DE-BRIS TEChnology demonstraTOR),German Network of Young Scientists – juFORUM,Germany,6U,x_cancelled,cancelled,Remote sensing and state modeling of the (passive) client object.,
Diamond 6U 1,Sky and Space,UK,6U,x_cancelled,cancelled,"Constellation for voice, M2M and IoT communicaftion services.",
Diamond 6U 2,Sky and Space,UK,6U,x_cancelled,cancelled,"Constellation for voice, M2M and IoT communicaftion services.",
Diamond 6U 3,Sky and Space,UK,6U,x_cancelled,cancelled,"Constellation for voice, M2M and IoT communicaftion services.",
Diamond 6U 4,Sky and Space,UK,6U,x_cancelled,cancelled,"Constellation for voice, M2M and IoT communicaftion services.",
Diamond 6U 5,Sky and Space,UK,6U,x_cancelled,cancelled,"Constellation for voice, M2M and IoT communicaftion services.",
Diamond 6U 6,Sky and Space,UK,6U,x_cancelled,cancelled,"Constellation for voice, M2M and IoT communicaftion services.",
Diamond 6U 7,Sky and Space,UK,6U,x_cancelled,cancelled,"Constellation for voice, M2M and IoT communicaftion services.",
Diamond 6U 8,Sky and Space,UK,6U,x_cancelled,cancelled,"Constellation for voice, M2M and IoT communicaftion services.",
DIME (Double-probe Instrumentation for Measuring Electric-fields),"Orion Space Solutions (ASTRA, Atmosphericc & Space Technology Research Associates)",US,1.5U,x_cancelled,cancelled,Monitoring electric fields in LEO for space weather monitoring.,
DISCO One,Vienna University of Technology,Austria,1U,x_cancelled,cancelled,Reflective free-space optical communication demonstration for CubeSats.,
DISCOSAT 1 (DISCOvery Museum Satellite),The Discovery Museum and Planetarium,US,2U,x_cancelled,cancelled,Educational training for children.,
Discovery (Discovery 1a),Quub,US,PocketQube 1p,x_cancelled,cancelled,Optical camera payload.,
Discovery (QBUS 3),Stanford University,US,2U,x_cancelled,cancelled,Part of QB50 to study lower termosphere.,
DneprCubeSat,Youth Aerospace Education National Center,Ukraine,2U,x_cancelled,cancelled,,
DODONA-2?,University of Southern California,US,1.5U,x_cancelled,"cancelled, ?",Software-defined satellite to dynamically change their missions on orbit.,
DODONA-3?,University of Southern California,US,1.5U,x_cancelled,"cancelled, ?",Software-defined satellite to dynamically change their missions on orbit.,
DODONA-4?,University of Southern California,US,1.5U,x_cancelled,"cancelled, ?",Software-defined satellite to dynamically change their missions on orbit.,
Doppler Wind Temperature Sounder,?,US,6U,x_cancelled,cancelled,Doppler Wind Temperature Sounder: A Constellation of Small Weather Satellites for Upper Atmospheric Dynamics.,
DOSS (Differential Optical Shadow Sensor CubeSat),University of Florida,US,3U,x_cancelled,cancelled,Drag-free and attitude control design and simulation.,
DOTS-X (NanoTug),Deep Space Industries,US,3U,x_cancelled,cancelled,Technology demonstration. Nanotug to actively capture satellites and move them.,
DRACO A (Detection of RAdiation in Cislunar space Orbit),ISAE-Supaero University of Toulouse,France,6U,x_cancelled,cancelled,Deployed in the cislunar space to study its radiation environment and proving the ability of nanosatellites to operate in this environment.,
DRACO B (Detection of RAdiation in Cislunar space Orbit),ISAE-Supaero University of Toulouse,France,6U,x_cancelled,cancelled,Deployed in the cislunar space to study its radiation environment and proving the ability of nanosatellites to operate in this environment.,
Drag-Free CubeSat,Stanford University,US,3U,x_cancelled,cancelled,Demonstrate inexpensive drag-free technology ( Gravitational Reference Sensor) in a nanosatellite mission.,
Dream Sat 01,Osaka Institute of Technology,Japan,1U,x_cancelled,cancelled,Amateur radio communications and CubeSat platform demonstration.,
DSM-BRAC (M-BARC 1),University of Michigan,US,2U,x_cancelled,cancelled,Demonstrate CubeSat platform technologies.,
DUSTIE (DUst Sounder and Temperature Imager Experiment),Virginia Tech,US,3U,x_cancelled,cancelled,Determine the global distribution of cosmic smoke in the atmosphere.,
Dynacube,Denel Dynamics,South Africa,1U,x_cancelled,cancelled,Radiation sensors to study a phenomenon known as the South Atlantic Anomaly.,
DynaSat,BHDynamics,Spain,PocketQube 1p,x_cancelled,cancelled,First PocketQube by BHDynamics.,
e2E 1 (IOD),e2E,UK,3U,x_cancelled,cancelled,In-Orbit Demonstration (IOD) mission to space-qualify e2E’s NEATaccess radio communications module.,
e2E 2 (IOV),e2E,UK,3U,x_cancelled,cancelled,In-Orbit Validation (IOV) mission which will demonstrate its Niche Managed Communications Services (NMCS).,
EAGLET-NG,OHB Italia,Italy,3U,x_cancelled,cancelled,Precursor to 20 satellite constellation planned for 2018. Upgraded version.,
EARS-PocketQube,University of Surrey,UK,PocketQube 1p,x_cancelled,cancelled,,
EarthTV-3,Sen,UK,16U,x_cancelled,"cancelled, ?",Constellation to stream real-time and timely videos from space.,
EarthTV-4,Sen,UK,16U,x_cancelled,"cancelled, ?",Constellation to stream real-time and timely videos from space.,
EarthTV-5,Sen,UK,16U,x_cancelled,"cancelled, ?",Constellation to stream real-time and timely videos from space.,
ECE3SAT,ECE Paris,France,1U,x_cancelled,cancelled,Verify a physical theory permitting a fast deorbiting.,
ECOSAT-III,University of Victoria,Canada,3U,x_cancelled,cancelled,Educational training with multiple payloads and amateur radio communication plus de-orbiting system.,
Efir,SAT-1 Initiative,Bulgaria,1U,x_cancelled,cancelled,Technology demonstration and Earth observation.,
ELEOsat (Extremely Low Earth Orbit Satellite),Taylor University,US,2U,x_cancelled,cancelled,Test novel and innovative mechanical boom system to deploy sensors away from the spacecraft after launch.,
EON-MW,MIT (Massachusetts Institute of Technology),US,12U,x_cancelled,cancelled,Replicate ATMS satellite and measure atmospheric temperature and moisture.,
ERPSat01 (ERPSat-1),Sfax School of Engineering,Tunisia,1U,x_cancelled,cancelled,Educational training for students plus camera to capture images to detect forest fires.,
ESCAPE (Earth Science CubeSat for Advanced Payload Experiments),NASA Goddard Space Flight Center,US,3U,x_cancelled,cancelled,Demonstrate new Fabry-Perot sensor technology with real-time on-board processing.,
ET-SAT,Addis Ababa Institute of Technology (AAiT),Ethiopia,2U,x_cancelled,cancelled,Was pre-selected by the QB50 project team.,
eve-1,OroraTech,Germany,3U,x_cancelled,cancelled,First prototype for wildfire detection constellation.,
F-2,FPT University,Vietnam,2U,x_cancelled,cancelled,,
FACE 1 (Formation Autonomous CubeSats Experiment),ESA (European Space Agency),France,3U,x_cancelled,cancelled,Formation flying.,
FACE 2 (Formation Autonomous CubeSats Experiment),ESA (European Space Agency),France,3U,x_cancelled,cancelled,Formation flying.,
FALCON A (Formation Attitude Laser Communication Orbital Navigator),University at Buffalo (UB),US,6U,x_cancelled,cancelled,Provide relative attitude and orbit information between spacecraft using beam pointing and synchronization to maintain the link between laser communication devices.,
FALCON B (Formation Attitude Laser Communication Orbital Navigator),University at Buffalo (UB),US,6U,x_cancelled,cancelled,Provide relative attitude and orbit information between spacecraft using beam pointing and synchronization to maintain the link between laser communication devices.,
Faraday-1c,In-Space Missions,UK,6U,x_cancelled,cancelled,Hosted payload opportunities for early service and technology demonstration.,
Faraday-1d,In-Space Missions,UK,6U,x_cancelled,cancelled,Hosted payload opportunities for early service and technology demonstration.,
FEFU (Far Eastern Federal University),Far Eastern Federal University,Russia,3U,x_cancelled,cancelled,Solar sail for deorbiting and materials science experiment.,
FemtoXat,University of Vigo,Spain,1U,x_cancelled,cancelled,3D printed satellite. Repeater nertowrk for Humsat.,
FIRST-S (Fibered Imager foR a Single Telescope),Observatoire de Paris,France,3U,x_cancelled,cancelled,Study the visible emission of exozodiacal light in the habitable zone around the closest star,
FossaSat-2,Fossa Systems,Spain,PocketQube 2p,x_cancelled,cancelled,First of a PocketQube constellation to provide LoRa-based IoT communications.,
FossaSat-2F,Fossa Systems,Spain,PocketQube 1p,x_cancelled,cancelled,First of a PocketQube constellation to provide LoRa-based IoT communications.,
Fukui Prefectural Satellite,Fukui Satellite Technology & Research Association (FSTRA),Japan,3U,x_cancelled,cancelled,The satellites will be used in Rwanda in East Africa and will be used to collect data such as disaster monitoring and soil moisture levels.,
Funsat (Flosat),University of Central Florida,US,1U,x_cancelled,cancelled,Thermal experiments and weather instrument to detect nitrogen oxides.,
GALAMSAT2 (GALAMSAT-2),All Nations University,Ghana,3U,x_cancelled,cancelled,Monitor illegal mining activities with high resolution camera.,
GamaSat,University of Porto,Portugal,3U,x_cancelled,cancelled,Part of QB50 to study lower termosphere.,
GE1: Golden Eagle 1 (GoldenEagle-1),Marquette University,US,1U,x_cancelled,cancelled,Educational training and take images in visible spectrum and infrared spectrum.,
GEMS-2 (Global Environmental Monitoring System),Orbital Micro Systems,UK,6U,x_cancelled,cancelled,Commercial constellation to provide weather data.,
GEMS-3 ( Global Environmental Monitoring System),Orbital Micro Systems,UK,3U,x_cancelled,cancelled,Commercial constellation to provide weather data.,
GEMS-4 ( Global Environmental Monitoring System),Orbital Micro Systems,UK,3U,x_cancelled,cancelled,Commercial constellation to provide weather data.,
GEMS-5 ( Global Environmental Monitoring System),Orbital Micro Systems,UK,3U,x_cancelled,cancelled,Commercial constellation to provide weather data.,
GEMS-6 ( Global Environmental Monitoring System),Orbital Micro Systems,UK,6U,x_cancelled,cancelled,Commercial constellation to provide weather data.,
GENA-GOS-2 (GROOVE-EVO 1),German Orbital Systems,Germany,3U,x_cancelled,cancelled,Shared In-Orbit-Demonstration missions.,
GEOSAT,Infinity Space,UK,3U,x_cancelled,cancelled,"GeoSat AgriSense CubeSat will provide farmers with analytical data and insights, transforming the way they approach crop cultivation, resource management, and sustainability.",
"GIOT 1? (Global IoT, M6P)",NanoAvionics,Lithuania,6U,x_cancelled,cancelled,Demonstrator for a constellation-as-a-service IoT constellation.,
"GIOT 2? (Global IoT, M6P)",NanoAvionics,Lithuania,6U,x_cancelled,cancelled,Demonstrator for a constellation-as-a-service IoT constellation.,
"GIOT 3? (Global IoT, M6P)",NanoAvionics,Lithuania,6U,x_cancelled,cancelled,Demonstrator for a constellation-as-a-service IoT constellation.,
GNSSaS A (Global Navigation Satellite augmentation System),The National Space Science and Technology Center (NSSTC),United Arab Emirates,3U,x_cancelled,cancelled,GNSS RF signaling technology demonstrator satellite.,
GNSSaS B (Global Navigation Satellite augmentation System),The National Space Science and Technology Center (NSSTC),United Arab Emirates,3U,x_cancelled,cancelled,GNSS RF signaling technology demonstrator satellite.,
GOLDCREST (GlObal Land Dampness Characterization using Reflectometry by STudents),University of Luxembourg,Luxembourg,1U,x_cancelled,cancelled,Remote sensing mission using GNSS-R for measurement of the soil moisture across the globe.,
GOSTE 1,University of Hawai’i at Mānoa,US,3U,x_cancelled,cancelled,Develop GNSS radio occulation system that will contribute to our understanding of tropical cyclogenesis.,
GranaSat,University of Granada,Spain,2U,x_cancelled,cancelled,,
GRE-1,Université Joseph Fourier de Grenoble,France,2U,x_cancelled,cancelled,Measuring the magnetic field using a magnetometer based on a very low power consumption technology.,
GROUP-C (GPS Radio Occultation and Ultraviolet Photometer on a Cubesat),US Naval Research Laboratory,US,3U,x_cancelled,cancelled,GPS Radio Occultation and Ultraviolet Photometer on a Cubesat.,
GSat,University of Florida,US,1U,x_cancelled,cancelled,Demonstrate inflatable device for deorbiting.,
GSat (Genso Test Satellite),University of Applied Sciences Vienna,Austria,2U,x_cancelled,cancelled,Genso network test .,
GT-2,Georgia Institute of Technology (Georgia Tech),US,1U,x_cancelled,cancelled,Educational proof of concept and satellite bus demonstrator.,
GW-Sat (GWSat),George Washington University,US,3U,x_cancelled,cancelled,"Test micro-cathode arc thruster (μCAT) that uses a solid metallic propellant, such as titanium.",
Hamilton 1,Kubos,US,1U,x_cancelled,cancelled,Test flight of Kubos's flight control open-source flight control and mission management software.,
HeDI (Helium Doppler Imager),NASA Goddard Space Flight Center,US,3U,x_cancelled,cancelled,Helium Doppler Imager. Monitoring the Sun.,
Heidelsat,Heidelberg University of Applied Sciences,Germany,1U,x_cancelled,cancelled,Cosmic rays measurement.,
Helios 4 (SIRION),Helios Wire,US,6U,x_cancelled,cancelled,Commercial constellation for IoT/M2M.,
Helios 5 (SIRION),Helios Wire,US,6U,x_cancelled,cancelled,Commercial constellation for IoT/M2M.,
Helios 6 (SIRION),Helios Wire,US,6U,x_cancelled,cancelled,Commercial constellation for IoT/M2M.,
Helios 7 (SIRION),Helios Wire,US,6U,x_cancelled,cancelled,Commercial constellation for IoT/M2M.,
Helios 8 (SIRION),Helios Wire,US,6U,x_cancelled,cancelled,Commercial constellation for IoT/M2M.,
Helios 9 (SIRION),Helios Wire,US,6U,x_cancelled,cancelled,Commercial constellation for IoT/M2M.,
Helios 10 (SIRION),Helios Wire,US,6U,x_cancelled,cancelled,Commercial constellation for IoT/M2M.,
Helios 11 (SIRION),Helios Wire,US,6U,x_cancelled,cancelled,Commercial constellation for IoT/M2M.,
Helios 12 (SIRION),Helios Wire,US,6U,x_cancelled,cancelled,Commercial constellation for IoT/M2M.,
Helios 13 (SIRION),Helios Wire,US,6U,x_cancelled,cancelled,Commercial constellation for IoT/M2M.,
Helios 14 (SIRION),Helios Wire,US,6U,x_cancelled,cancelled,Commercial constellation for IoT/M2M.,
Helios 15 (SIRION),Helios Wire,US,6U,x_cancelled,cancelled,Commercial constellation for IoT/M2M.,
Helios 16 (SIRION),Helios Wire,US,6U,x_cancelled,cancelled,Commercial constellation for IoT/M2M.,
Helios 17 (SIRION),Helios Wire,US,6U,x_cancelled,cancelled,Commercial constellation for IoT/M2M.,
Helios 18 (SIRION),Helios Wire,US,6U,x_cancelled,cancelled,Commercial constellation for IoT/M2M.,
Helios 19 (SIRION),Helios Wire,US,6U,x_cancelled,cancelled,Commercial constellation for IoT/M2M.,
Helios 20 (SIRION),Helios Wire,US,6U,x_cancelled,cancelled,Commercial constellation for IoT/M2M.,
Helios 21 (SIRION),Helios Wire,US,6U,x_cancelled,cancelled,Commercial constellation for IoT/M2M.,
Helios 22 (SIRION),Helios Wire,US,6U,x_cancelled,cancelled,Commercial constellation for IoT/M2M.,
Helios 23 (SIRION),Helios Wire,US,6U,x_cancelled,cancelled,Commercial constellation for IoT/M2M.,
Helios 24 (SIRION),Helios Wire,US,6U,x_cancelled,cancelled,Commercial constellation for IoT/M2M.,
Helios 25 (SIRION),Helios Wire,US,6U,x_cancelled,cancelled,Commercial constellation for IoT/M2M.,
Helios 26 (SIRION),Helios Wire,US,6U,x_cancelled,cancelled,Commercial constellation for IoT/M2M.,
Helios 27 (SIRION),Helios Wire,US,6U,x_cancelled,cancelled,Commercial constellation for IoT/M2M.,
Helios 28 (SIRION),Helios Wire,US,6U,x_cancelled,cancelled,Commercial constellation for IoT/M2M.,
Helios 29 (SIRION),Helios Wire,US,6U,x_cancelled,cancelled,Commercial constellation for IoT/M2M.,
Helios 30 (SIRION),Helios Wire,US,6U,x_cancelled,cancelled,Commercial constellation for IoT/M2M.,
Hera-2,Hera Systems,US,12U,x_cancelled,cancelled,Commercial constellation for Earth observation.,
Hera-3,Hera Systems,US,12U,x_cancelled,cancelled,Commercial constellation for Earth observation.,
Hera-4,Hera Systems,US,12U,x_cancelled,cancelled,Commercial constellation for Earth observation.,
Hera-5,Hera Systems,US,12U,x_cancelled,cancelled,Commercial constellation for Earth observation.,
Hera-6,Hera Systems,US,12U,x_cancelled,cancelled,Commercial constellation for Earth observation.,
Hera-7,Hera Systems,US,12U,x_cancelled,cancelled,Commercial constellation for Earth observation.,
Hera-8,Hera Systems,US,12U,x_cancelled,cancelled,Commercial constellation for Earth observation.,
Hera-9,Hera Systems,US,12U,x_cancelled,cancelled,Commercial constellation for Earth observation.,
Hermes 2,University of Colorado Boulder,US,1U,x_cancelled,cancelled,Verification of spacecraft bus and of high speed communication system (115 kbaud / 8 W (?)) . Reflight of Hermes.,
HERO-1,HEO Robotics,Australia,6U,x_cancelled,cancelled,Space telescope to track GEO assets and debris from high Earth orbit.,
HFSAT,US Naval Academy Satellite Lab,US,1.5U,x_cancelled,cancelled,15 metre to 10 metre linear transponder with 30kHz bandwidth.,
HiLITE (High Latitude Ionospheric Thermospheric Experiment),University of Colorado Boulder,US,3U,x_cancelled,cancelled,"Measure atmospheric density, which impacts satellite positioning and other space weather conditions.",
HORTA,IMT (Ingegneria Marketing Technologies),Italy,6U,x_cancelled,cancelled,GNSS-R passive reflectometry and Ka-band transmitter.,
HORYU-1,Kyushu Institute of Technology,Japan,1U,x_cancelled,cancelled,,
HORYU-3,Kyushu Institute of Technology,Japan,3U,x_cancelled,cancelled,Demonstrate various technologies focusing on high voltage power buses plus camera.,
HOST,Modularity Space,US,16U,x_cancelled,cancelled,Payload rideshare opportunities.,
HumbiSat,HumbiSat,Algeria,2U,x_cancelled,cancelled,1st Pan-African NanoSatellite development and Capacity building program with the collaboration of individuals from all states in Africa.,
HyperCube 1 (CubeSat-FTS),L3Harris,US,6U,x_cancelled,"cancelled, ?","3D sounding instrument designed to measure the speed, direction, and elevation of wind in Earth’s atmosphere (3D wind data).",
HyperCube 2 (CubeSat-FTS),L3Harris,US,6U,x_cancelled,"cancelled, ?",Constellation for 3D wind data.,
HyperCube 3 (CubeSat-FTS),L3Harris,US,6U,x_cancelled,"cancelled, ?",Constellation for 3D wind data.,
HyperCube 4 (CubeSat-FTS),L3Harris,US,6U,x_cancelled,"cancelled, ?",Constellation for 3D wind data.,
HyperCube 5 (CubeSat-FTS),L3Harris,US,6U,x_cancelled,"cancelled, ?",Constellation for 3D wind data.,
HyperCube 6 (CubeSat-FTS),L3Harris,US,6U,x_cancelled,"cancelled, ?",Constellation for 3D wind data.,
HyperCube 7 (CubeSat-FTS),L3Harris,US,6U,x_cancelled,"cancelled, ?",Constellation for 3D wind data.,
HyperCube 8 (CubeSat-FTS),L3Harris,US,6U,x_cancelled,"cancelled, ?",Constellation for 3D wind data.,
HyperCube 9 (CubeSat-FTS),L3Harris,US,6U,x_cancelled,"cancelled, ?",Constellation for 3D wind data.,
HyperCube 10 (CubeSat-FTS),L3Harris,US,6U,x_cancelled,"cancelled, ?",Constellation for 3D wind data.,
HyperCube 11 (CubeSat-FTS),L3Harris,US,6U,x_cancelled,"cancelled, ?",Constellation for 3D wind data.,
HyperCube 12 (CubeSat-FTS),L3Harris,US,6U,x_cancelled,"cancelled, ?",Constellation for 3D wind data.,
Hypergiant Lagrange CubeSat,OmniTeq,US,12U,x_cancelled,cancelled,Demonstrate interplanetary network and Earth's data archive.,
"i-INSPIRE (Inspire2, Integrated Spectrograph Imaging and Radiation Explorer)",University of Sydney,Australia,2U,x_cancelled,cancelled,Demonstrate new type of spectrograph called Nanospec based on photonic technology.,
iCUBE-2,Islamabad Institute of Science and Technology,Pakistan,3U,x_cancelled,cancelled,Develop in-house CubeSat platform for future missions.,
Ignis,Astro Digital,US,6U,x_cancelled,cancelled,Demonstrate propulsion module for Apollo Fusion.,
Imperial College London CubeSat,Imperial College London,UK,3U,x_cancelled,cancelled,"Aid search and rescue by locating distress signals, and will have the highest resolution (1.5m per pixel).",
Infante,Tekever,Portugal,16U,x_cancelled,cancelled,Precursor to a constellation with multiple payloads.,
InKlajn-1,Israel Institute Of Technology,Israel,3U,x_cancelled,cancelled,Demonstrate CubeSat platform technologies.,
InnoSAT,ATSB (Astronautic Technology Sdn Bhd),Malaysia,3U,x_cancelled,cancelled,Demonstrate various attitude control algorithms.,
InQube,Paradox Sonic Space Research Agency,India,1U,x_cancelled,cancelled,Demonstrate the applicability of commercial and inexpensive electronics.,
INSPIRE-A (Interplanetary NanoSpacecraft Pathfinder In Relevant Environment),NASA Jet Propulsion Laboratory,US,3U,x_cancelled,cancelled,"Demonstrate functionality in deep space: command & data handling communication, and navigation.",
INSPIRE-B (Interplanetary NanoSpacecraft Pathfinder In Relevant Environment),NASA Jet Propulsion Laboratory,US,3U,x_cancelled,cancelled,"Demonstrate functionality in deep space: command & data handling communication, and navigation.",
IOD Mission 2 (IOD-2),Satellite Applications Catapult,UK,3U,x_cancelled,cancelled,Not yet selected IOD mission by Satellite Applications Catapult.,
IOD Mission 4 (IOD-4),Satellite Applications Catapult,UK,3U,x_cancelled,cancelled,Not yet selected IOD mission by Satellite Applications Catapult.,
"IP2SAT (PICARD, SAT-IP2, FR03)",University of Picardy Jules Verne,France,2U,x_cancelled,cancelled,Part of QB50 to study lower termosphere.,
IRVINE03,University High School,US,1U,x_cancelled,cancelled,Technology demonstration of an X-ray Cadmium Zinc Telluride (CZT) sensor and electrospray thrusters.,
IRVINE04,University High School,US,1U,x_cancelled,cancelled,Educational mission with dosimeter and biology payloads.,
"iSAT-1 (Iodine Hall, iodine Satellite)",NASA Marshall Space Flight Center,US,12U,x_cancelled,cancelled,"Propulsion testing, iodine Hall technology.",
Iskra 5 (Iskra-5),Moscow Aviation Institute (MAI),Russia,1U,x_cancelled,cancelled,"Provide amateur communications, including transmission of images in SSTV format.",
ITF-3,University of Tsukuba,Japan,3U,x_cancelled,"cancelled, ?","Structure, Communication, Power supply and MPU board systems are DIY.",
Jugnu-2,"Indian Institute of Technology, Kanpur",India,3U,x_cancelled,cancelled,,
Jumpsat,Institut Supérieur de l'Aéronautique et de l'Espace,France,3U,x_cancelled,cancelled,Space qualification of a Star Tracker and mapping the Earth radiation belt.,
Kalam,"National Institute of Technology, Rourkela",India,10 kg,x_cancelled,cancelled,Earth observation for agriculture and forestation with focus on mining areas.,
Ke Ao,University of Hawai’i at Mānoa,US,1U,x_cancelled,cancelled,Educational mission to take photos from space and use machine learning in-orbit.,
KEOSat (Karten Earth Observation Satellite),Karten Space,Spain,6U,x_cancelled,cancelled,Demonstrator for a 5-m GSD and AIS constellation.,
KLETSkous 1,AMSAT-SA,South Africa,1U,x_cancelled,cancelled,Amateur radio communication mission.,
KN-SAT1,University of Khartoum,Sudan,1U,x_cancelled,cancelled,Educational training for students.,
Kumu A'o,University of Hawai’i at Mānoa,US,1U,x_cancelled,cancelled,Demonstrate CubeSat platform for educational training.,
LACCE (LouisianA Coronal mass ejection Correlation Experiment),University of Louisiana at Lafayette,US,3U,x_cancelled,cancelled,"Highly elliptical geosynchronous transfer orbit to study the impacts of solar storms to the Earth’s magnetic field, light spectra and radiation belts.",
Lagrange-1 CubeSat,Politecnico di Torino,Italy,6U,x_cancelled,cancelled,Solar observations for in situ measurements of space weather.,
"Landmapper-BC 6 (Corvus-BC, Perseus-O)",Astro Digital,US,6U,x_cancelled,cancelled,Commercial constellation providing multispectral Earth observation data.,
"Landmapper-BC 7 (Corvus-BC, Perseus-O)",Astro Digital,US,6U,x_cancelled,cancelled,Commercial constellation providing multispectral Earth observation data.,
"Landmapper-BC 8 (Corvus-BC, Perseus-O)",Astro Digital,US,6U,x_cancelled,cancelled,Commercial constellation providing multispectral Earth observation data.,
Landmapper-HD 1 (Corvus-HD),Astro Digital,US,16U,x_cancelled,cancelled,Commercial constellation providing multispectral Earth observation data.,
Landmapper-HD 2 (Corvus-HD),Astro Digital,US,16U,x_cancelled,cancelled,Commercial constellation providing multispectral Earth observation data.,
Landmapper-HD 3 (Corvus-HD),Astro Digital,US,16U,x_cancelled,cancelled,Commercial constellation providing multispectral Earth observation data.,
Landmapper-HD 4 (Corvus-HD),Astro Digital,US,16U,x_cancelled,cancelled,Commercial constellation providing multispectral Earth observation data.,
Landmapper-HD 5 (Corvus-HD),Astro Digital,US,16U,x_cancelled,cancelled,Commercial constellation providing multispectral Earth observation data.,
Landmapper-HD 6 (Corvus-HD),Astro Digital,US,16U,x_cancelled,cancelled,Commercial constellation providing multispectral Earth observation data.,
Landmapper-HD 7 (Corvus-HD),Astro Digital,US,16U,x_cancelled,cancelled,Commercial constellation providing multispectral Earth observation data.,
Landmapper-HD 8 (Corvus-HD),Astro Digital,US,16U,x_cancelled,cancelled,Commercial constellation providing multispectral Earth observation data.,
Landmapper-HD 9 (Corvus-HD),Astro Digital,US,16U,x_cancelled,cancelled,Commercial constellation providing multispectral Earth observation data.,
Landmapper-HD 10 (Corvus-HD),Astro Digital,US,16U,x_cancelled,cancelled,Commercial constellation providing multispectral Earth observation data.,
Landmapper-HD 11 (Corvus-HD),Astro Digital,US,16U,x_cancelled,cancelled,Commercial constellation providing multispectral Earth observation data.,
Landmapper-HD 12 (Corvus-HD),Astro Digital,US,16U,x_cancelled,cancelled,Commercial constellation providing multispectral Earth observation data.,
Landmapper-HD 13 (Corvus-HD),Astro Digital,US,16U,x_cancelled,cancelled,Commercial constellation providing multispectral Earth observation data.,
Landmapper-HD 14 (Corvus-HD),Astro Digital,US,16U,x_cancelled,cancelled,Commercial constellation providing multispectral Earth observation data.,
Landmapper-HD 15 (Corvus-HD),Astro Digital,US,16U,x_cancelled,cancelled,Commercial constellation providing multispectral Earth observation data.,
Landmapper-HD 16 (Corvus-HD),Astro Digital,US,16U,x_cancelled,cancelled,Commercial constellation providing multispectral Earth observation data.,
Landmapper-HD 17 (Corvus-HD),Astro Digital,US,16U,x_cancelled,cancelled,Commercial constellation providing multispectral Earth observation data.,
Landmapper-HD 18 (Corvus-HD),Astro Digital,US,16U,x_cancelled,cancelled,Commercial constellation providing multispectral Earth observation data.,
Landmapper-HD 19 (Corvus-HD),Astro Digital,US,16U,x_cancelled,cancelled,Commercial constellation providing multispectral Earth observation data.,
Landmapper-HD 20 (Corvus-HD),Astro Digital,US,16U,x_cancelled,cancelled,Commercial constellation providing multispectral Earth observation data.,
LeSTAR (Lessius Satellite for Teaching and Autonomous Research),Lessius University College,Belgium,3U,x_cancelled,cancelled,"Growing of photosynthetic, edible micro-algae under microgravity conditions.",
LetSat-1,LeTourneau University,US,3U,x_cancelled,cancelled,Use artificial intelligence image recognition to determine orbital position.,
Libertad-2,Sergio Arboleda University,Colombia,3U,x_cancelled,cancelled,Launch a nanosatellite into space with an optical camera in order to capture and transmit images from space to Earth.,
LibertyQube-1,Liberty Life,Japan,PocketQube 1p,x_cancelled,cancelled,Earth Observation mission with camera.,
Liger Sat (LigerSat),Liger Leadership Academy,Cambodia,1U,x_cancelled,cancelled,Capture images of Earth.,
LightSail-C (LightSail-3),The Planetary Society,US,3U,x_cancelled,cancelled,Demonstrate the deployment of a 32 m2 solar sail from a 3-unit CubeSat platform.,
LinkSat (BRIAN),University at Buffalo (UB),US,3U,x_cancelled,cancelled,Measure the orbital radio frequency noise environment across commonly used nano-satellite frequency bands.,
LIS-1 (Lunar Imaging Satellite 1),Kommunity Spaceflight Initiative on Kerbal Space Program,US,3U,x_cancelled,cancelled,Taking photos of the Moon's surface for possible future landing sites.,
Lokahi,University of Hawai’i at Mānoa,US,PocketQube 1p,x_cancelled,cancelled,,
LPUSAT (LPUSAT-1),Lovely Professional University,India,2U,x_cancelled,cancelled,"Study the structure, origin, and evolution and composition of the Universe by Diffuse X Ray Background",
Lunar OSCAR II,Harbin Institute of Technology,China,6U,x_cancelled,cancelled,Lunar OSCAR II is a lunar amateur radio payload.,
LunarSail,ARES Institute (Aerospace Research & Engineering Systems Institute),US,3U,x_cancelled,cancelled,Launch a CubeSat amateur satellite containing a solar sail and orbit the Moon.,
LunchSat,Astrium,UK,3U,x_cancelled,cancelled,Educational training for students plus camera payload.,
Lunette,Space Flight Laboratory,Canada,6 kg,x_cancelled,cancelled,Sub-satellite of ESMO for gravity mapping.,
MAESAT,Nanyang Technological University,Singapore,1U,x_cancelled,cancelled,Verify the structural integrity of the proposed Space Station developed using additive manufacturing.,
MaRBLES (MeAsuring Radiation Belt Low Earth Sources/Sinks),NASA Goddard Space Flight Center,US,6U,x_cancelled,cancelled,Characterize sources and sinks of energetic particles in the radiation belts.,
"MARSU (SPIRou/SPIP CubeSat, Millimag Astrophotometry of Red SPIRou/SPIP stars as a University space mission)",Research Institute in Astrophysics and Planetology (IRAP),France,6U,x_cancelled,cancelled,Study young and active dwarfs hosting transiting close-in exoplanets,
MaSat-2,Budapest University of Technology and Economics,Hungary,1U,x_cancelled,cancelled,Radiation dose measurement and improved CubeSat platform.,
MCNAIR,Akash Systems,US,12U,x_cancelled,cancelled,Demonstrate 5Gbps+ downlink from a 10-Watt 3U radio transmitter.,
mDOT Telescope-CubeSat (Miniaturized Distributed Occulter/Telescope),Stanford University,US,6U,x_cancelled,cancelled,Telescope-cubesat carries a 10cm-diameter telescope.,
MECSE (Magnetohydrodynamics / Electrohydrodynamics CubeSat Experiment),University of Beira Interior,Portugal,3U,x_cancelled,cancelled,Measure and Manipulate the Ionospheric Plasma Layer.,
"MeginaSat (MGMCube, CubeSatMGM)",Megina Gymnasium Mayen,Germany,1U,x_cancelled,cancelled,Take pictures of Earth both in the visible and infrared spectrum and send them down via a laser.,
MEPSI 3A (MEMS-based PicoSat Inspector),DARPA,US,1U,x_cancelled,cancelled,"Demonstrate autonomous inspector, to conduct visual inspection of host satellite.",
MEPSI 3B (MEMS-based PicoSat Inspector),DARPA,US,1U,x_cancelled,cancelled,"Demonstrate autonomous inspector, to conduct visual inspection of host satellite.",
MEPSI 4A (MEMS-based PicoSat Inspector),DARPA,US,1U,x_cancelled,cancelled,Tethered pair to demonstrate the capability of deploying an onboard miniature autonomous inspector.,
MEPSI 4B (MEMS-based PicoSat Inspector),DARPA,US,1U,x_cancelled,cancelled,Tethered pair to demonstrate the capability of deploying an onboard miniature autonomous inspector.,
Merida CubeSat,Merida Aerospace,US,6U,x_cancelled,cancelled,6U Earth Imaging Satellite (cubesat) with multispectral imaging capability.,
MicroMAS-2b (Micro-sized Microwave Atmospheric Satellite),MIT (Massachusetts Institute of Technology),US,3U,x_cancelled,cancelled,Validate new ultra-compact and low-power technology for CubeSat-sized microwave radiometers.,
MiniRomit 1,European Lunar Exploration Association,Denmark,2U,x_cancelled,cancelled,Demonstrate CubeSat platform technologies including propulsion.,
MisST (Microsatellite in-situ Space Technologies),NASA Ames Research Center,US,3U,x_cancelled,cancelled,Conducting automated biological experiments with fluidics system.,
"MiTEE-2 (MiTEE-B, Miniature Tether Electrodynamics Experiment)",University of Michigan,US,3U,x_cancelled,cancelled,Assess the feasibility of using miniature electrodynamic (ED) tethers in space as means to provide “propellantless”.,
Morgana (Meteoroid On-orbit Research in Geopsace for Advancing Near-earth Awareness),Stanford University,US,3U,x_cancelled,cancelled,Study the meteoroid population and electrical effects of hypervelocity impacts.,
MPSAT-2,Test in Space,Spain,3U,x_cancelled,cancelled,In orbit testing and demonstration service with CubeSats. Your own payload.,
Mursat-1,mur.at,Austria,TubeSat,x_cancelled,cancelled,Expected to have a 6-8 week life and will include a piezo microphone and small camera.,
MyanSat-1,?,Myanmar,PocketQube 1p,x_cancelled,cancelled,"Myanmar's first ever satellite, designed by an individual.",
myPocketQub 391,Sapienza University of Rome,Italy,PocketQube,x_cancelled,cancelled,Design and launch an open source satellite using only open source or free tools.,
Myriota 5,Myriota,Australia,3U,x_cancelled,cancelled,Constellation towards providing real-time IoT connectivity.,
Myriota 6,Myriota,Australia,3U,x_cancelled,cancelled,Constellation towards providing real-time IoT connectivity.,
NanoSpace-1,Uppsala University,Sweden,7 kg,x_cancelled,cancelled,Educational training and demonstrate CubeSat platform technologies including propulsion module.,
Narkissos-1,Spacebooth,Belgium,TubeSat,x_cancelled,cancelled,Educational training and upload pictures to space and display them on an OLED screen.,
"Nice3 (The Nice Cube, Nicecube)",Universite C´ ote d’Azur,France,1U,x_cancelled,cancelled,Demonstrate laser transmitter and optical link to ground in a 1U CubeSat.,
Nigeria EduSat-2,Federal University of Technology Akure,Nigeria,1U,x_cancelled,cancelled,"On board an infrared camera which will be used for detecting diseased crop, as well as employed for other agricultural purposes.",
NIRA (Nanosatellite for Intelligent Radio frequency Analysis),Mälardalen University,Sweden,1U,x_cancelled,cancelled,Scan the FM band radio frequencies (88 – 108 Mhz).,
NOVA (Exodus Orbitals CubeSat),Open Cosmos,UK,3U,x_cancelled,cancelled,Upload your own code to the real satellite.,
NSLSAT-1,NearSpace Launch,US,2U,x_cancelled,cancelled,Energetic particle detector to correlate solar activity to electron density.,
NUS QB50,National University of Singapore,Singapore,2U,x_cancelled,cancelled,Conduct scientific experiments in space. as part of QB50 project.,
NUTS (NTNU Test Satellite),Norwegian University of Science and Technology (NTNU),Norway,2U,x_cancelled,cancelled,Educational mission to develop CubeSat platform and possibly IR-camera.,
OCEAN-SCAN 1,SRT Marine,UK,3U,x_cancelled,cancelled,"Maritime monitoring satellite constellation, which will provide enhanced global vessel detection.",
OCEAN-SCAN 2,SRT Marine,UK,3U,x_cancelled,cancelled,"Maritime monitoring satellite constellation, which will provide enhanced global vessel detection.",
OCEAN-SCAN 3,SRT Marine,UK,3U,x_cancelled,cancelled,"Maritime monitoring satellite constellation, which will provide enhanced global vessel detection.",
OCEAN-SCAN 4,SRT Marine,UK,3U,x_cancelled,cancelled,"Maritime monitoring satellite constellation, which will provide enhanced global vessel detection.",
OCEAN-SCAN 5,SRT Marine,UK,3U,x_cancelled,cancelled,"Maritime monitoring satellite constellation, which will provide enhanced global vessel detection.",
OCEAN-SCAN 6,SRT Marine,UK,3U,x_cancelled,cancelled,"Maritime monitoring satellite constellation, which will provide enhanced global vessel detection.",
OE-1,Orbital.Express,Russia,1U,x_cancelled,cancelled,Test our space tug technologies and deliver customer payloads to low Earth orbit.,
OEDIPE,École Elisa,France,3U,x_cancelled,cancelled,"Technology validation MEMS resonators, replace 'quartz' in high performance applications (source RF (500MHz to 4GHz).",
OLLO (Open Little Luminary Observatory),University of Vigo,Spain,3U,x_cancelled,cancelled,Small orbital telescope system concept aimed to provide an open access platform for astronomical observations.,
OPAL (Optical Profiling of the Atmospheric Limb),Utah State University,US,3U,x_cancelled,cancelled,"Dynamic profiling of the lower thermosphere, 90 - 160 km.",
"OpenOrbiter-1 (OPEN, OPEN: Open Prototype for Educational NanoSats)",University of North Dakota,US,1U,x_cancelled,cancelled,Open source program and demonstrate tiny 3D printer in space.,
OPTOS 2G,National Institute of Aerospace Technology (INTA),Spain,3U,x_cancelled,cancelled,Improving many subsystems.,
Orbital Factory 4 (OF-4),University of Texas at El Paso,US,3U,x_cancelled,cancelled,Demonstrate S-Band communication capability from apogee of GTO orbit. Measure long-term radiation effects due to electrons & protons in GTO.,
ORS Squared (TechEdSat-2?),University of New Mexico,US,6U,x_cancelled,cancelled,"Measure vibration and shock during the launch of a Super Strypi and demonstrate HaWK solar array,",
"OSC (Optics Space Craft, Virtual Telescope for X-Ray Observations, VTXO)",New Mexico State University,US,6U,x_cancelled,cancelled,Part of VTXO project with 100 kg satellite and carries X-Ray optics.,
OSCaR (Obsolete Spacecraft Capture and Removal),Rensselaer Polytechnic Institute,US,3U,x_cancelled,cancelled,"Autonomously seek out, capture, and then de-orbit space debris.",
OUFTI-2,University of Liège,Belgium,1U,x_cancelled,cancelled,"D-STAR amateur-radio telecommunciations, just as for OUFTI-1. Will be designed totally from scratch.",
OUFTI-Next,University of Liège,Belgium,3U,x_cancelled,cancelled,Image in the mid-wave infrared (MWIR) with a resolution of 50 m for precision agriculture.,
Outernet 1U Demo 1,Outernet,US,1U,x_cancelled,cancelled,Demonstration for a constellation to transmit information for people without internet access.,
Outernet 1U Demo 2,Outernet,US,1U,x_cancelled,cancelled,Demonstration for a constellation to transmit information for people without internet access.,
Outernet 1U Demo 3,Outernet,US,1U,x_cancelled,cancelled,Demonstration for a constellation to transmit information for people without internet access.,
Outernet 3U Demo 4 High Power,Outernet,US,3U,x_cancelled,cancelled,Demonstration for a constellation to transmit information for people without internet access.,
OVER-Sat,SCOUT,US,6U,x_cancelled,cancelled,"Provide one-to-one observation for your high-value mission to enhance a successful outcome. In addition, it gives an observational safety net if needed.",
"Overview One (Overview 1A, SpaceVR)",SpaceVR,US,3U,x_cancelled,cancelled,Virtual reality satellite.,
PACE (Pre-capture Autonomous CubeSats Experiment),ESA (European Space Agency),France,3U,x_cancelled,cancelled,"CubeSat formation flying, rendezvous and docking.",
PAISIUS,BOREAS Space (Bulgarian Orbital REsearch and Satellites),Bulgaria,4U,x_cancelled,cancelled,Radio signal observation instrument – basically a small orbital radiotelescope.,
Parikshit,Manipal Institute of Technology,India,2U,x_cancelled,cancelled,Demonste electrodynamic tether for deorbiting and thermal imager.,
PATRIOT (A Cubesat NEO Assessment Precursor Mission)uni,University of Michigan,US,3U,x_cancelled,cancelled,Demonstrate CubeSat Ambipolar Thruster (CAT) engine.,
PEARL,Utah State University,US,3U,x_cancelled,cancelled,Demonstrate modular CubeSat platform with Vx Works operatiing system.,
PEARLS 1,Sky and Space,UK,8U,x_cancelled,cancelled,"Constellation for voice, M2M and IoT communicaftion services.",
PEARLS 2,Sky and Space,UK,8U,x_cancelled,cancelled,"Constellation for voice, M2M and IoT communicaftion services.",
PEARLS 3,Sky and Space,UK,8U,x_cancelled,cancelled,"Constellation for voice, M2M and IoT communicaftion services.",
PEARLS 4,Sky and Space,UK,8U,x_cancelled,cancelled,"Constellation for voice, M2M and IoT communicaftion services.",
PEARLS 5,Sky and Space,UK,8U,x_cancelled,cancelled,"Constellation for voice, M2M and IoT communicaftion services.",
PEARLS 6,Sky and Space,UK,8U,x_cancelled,cancelled,"Constellation for voice, M2M and IoT communicaftion services.",
PEARLS 7,Sky and Space,UK,8U,x_cancelled,cancelled,"Constellation for voice, M2M and IoT communicaftion services.",
PEARLS 8,Sky and Space,UK,8U,x_cancelled,cancelled,"Constellation for voice, M2M and IoT communicaftion services.",
PEARLS 9,Sky and Space,UK,8U,x_cancelled,cancelled,"Constellation for voice, M2M and IoT communicaftion services.",
PEARLS 10,Sky and Space,UK,8U,x_cancelled,cancelled,"Constellation for voice, M2M and IoT communicaftion services.",
PEARLS 11,Sky and Space,UK,8U,x_cancelled,cancelled,"Constellation for voice, M2M and IoT communicaftion services.",
PEARLS 12,Sky and Space,UK,8U,x_cancelled,cancelled,"Constellation for voice, M2M and IoT communicaftion services.",
PEARLS 13,Sky and Space,UK,8U,x_cancelled,cancelled,"Constellation for voice, M2M and IoT communicaftion services.",
PEARLS 14,Sky and Space,UK,8U,x_cancelled,cancelled,"Constellation for voice, M2M and IoT communicaftion services.",
PEARLS 15,Sky and Space,UK,8U,x_cancelled,cancelled,"Constellation for voice, M2M and IoT communicaftion services.",
PEARLS 16,Sky and Space,UK,8U,x_cancelled,cancelled,"Constellation for voice, M2M and IoT communicaftion services.",
PEARLS 17,Sky and Space,UK,8U,x_cancelled,cancelled,"Constellation for voice, M2M and IoT communicaftion services.",
PEARLS 18,Sky and Space,UK,8U,x_cancelled,cancelled,"Constellation for voice, M2M and IoT communicaftion services.",
PEARLS 19,Sky and Space,UK,8U,x_cancelled,cancelled,"Constellation for voice, M2M and IoT communicaftion services.",
PEARLS 20,Sky and Space,UK,8U,x_cancelled,cancelled,"Constellation for voice, M2M and IoT communicaftion services.",
PEARLS 21,Sky and Space,UK,8U,x_cancelled,cancelled,"Constellation for voice, M2M and IoT communicaftion services.",
PEARLS 22,Sky and Space,UK,8U,x_cancelled,cancelled,"Constellation for voice, M2M and IoT communicaftion services.",
PEARLS 23,Sky and Space,UK,8U,x_cancelled,cancelled,"Constellation for voice, M2M and IoT communicaftion services.",
PEARLS 24,Sky and Space,UK,8U,x_cancelled,cancelled,"Constellation for voice, M2M and IoT communicaftion services.",
PEARLS 25,Sky and Space,UK,8U,x_cancelled,cancelled,"Constellation for voice, M2M and IoT communicaftion services.",
PEARLS 26,Sky and Space,UK,8U,x_cancelled,cancelled,"Constellation for voice, M2M and IoT communicaftion services.",
PEARLS 27,Sky and Space,UK,8U,x_cancelled,cancelled,"Constellation for voice, M2M and IoT communicaftion services.",
PEARLS 28,Sky and Space,UK,8U,x_cancelled,cancelled,"Constellation for voice, M2M and IoT communicaftion services.",
PEARLS 29,Sky and Space,UK,8U,x_cancelled,cancelled,"Constellation for voice, M2M and IoT communicaftion services.",
PEARLS 30,Sky and Space,UK,8U,x_cancelled,cancelled,"Constellation for voice, M2M and IoT communicaftion services.",
PEARLS 31,Sky and Space,UK,8U,x_cancelled,cancelled,"Constellation for voice, M2M and IoT communicaftion services.",
PEARLS 32,Sky and Space,UK,8U,x_cancelled,cancelled,"Constellation for voice, M2M and IoT communicaftion services.",
PEARLS 33,Sky and Space,UK,8U,x_cancelled,cancelled,"Constellation for voice, M2M and IoT communicaftion services.",
PEARLS 34,Sky and Space,UK,8U,x_cancelled,cancelled,"Constellation for voice, M2M and IoT communicaftion services.",
PEARLS 35,Sky and Space,UK,8U,x_cancelled,cancelled,"Constellation for voice, M2M and IoT communicaftion services.",
PEARLS 36,Sky and Space,UK,8U,x_cancelled,cancelled,"Constellation for voice, M2M and IoT communicaftion services.",
PEARLS 37,Sky and Space,UK,8U,x_cancelled,cancelled,"Constellation for voice, M2M and IoT communicaftion services.",
PEARLS 38,Sky and Space,UK,8U,x_cancelled,cancelled,"Constellation for voice, M2M and IoT communicaftion services.",
PEARLS 39,Sky and Space,UK,8U,x_cancelled,cancelled,"Constellation for voice, M2M and IoT communicaftion services.",
PEARLS 40,Sky and Space,UK,8U,x_cancelled,cancelled,"Constellation for voice, M2M and IoT communicaftion services.",
PEARLS 41,Sky and Space,UK,8U,x_cancelled,cancelled,"Constellation for voice, M2M and IoT communicaftion services.",
PEARLS 42,Sky and Space,UK,8U,x_cancelled,cancelled,"Constellation for voice, M2M and IoT communicaftion services.",
PEARLS 43,Sky and Space,UK,8U,x_cancelled,cancelled,"Constellation for voice, M2M and IoT communicaftion services.",
PEARLS 44,Sky and Space,UK,8U,x_cancelled,cancelled,"Constellation for voice, M2M and IoT communicaftion services.",
PEARLS 45,Sky and Space,UK,8U,x_cancelled,cancelled,"Constellation for voice, M2M and IoT communicaftion services.",
PEARLS 46,Sky and Space,UK,8U,x_cancelled,cancelled,"Constellation for voice, M2M and IoT communicaftion services.",
PEARLS 47,Sky and Space,UK,8U,x_cancelled,cancelled,"Constellation for voice, M2M and IoT communicaftion services.",
PEARLS 48,Sky and Space,UK,8U,x_cancelled,cancelled,"Constellation for voice, M2M and IoT communicaftion services.",
PEARLS 49,Sky and Space,UK,8U,x_cancelled,cancelled,"Constellation for voice, M2M and IoT communicaftion services.",
PEARLS 50,Sky and Space,UK,8U,x_cancelled,cancelled,"Constellation for voice, M2M and IoT communicaftion services.",
PEARLS 51,Sky and Space,UK,8U,x_cancelled,cancelled,"Constellation for voice, M2M and IoT communicaftion services.",
PEARLS 52,Sky and Space,UK,8U,x_cancelled,cancelled,"Constellation for voice, M2M and IoT communicaftion services.",
PEARLS 53,Sky and Space,UK,8U,x_cancelled,cancelled,"Constellation for voice, M2M and IoT communicaftion services.",
PEARLS 54,Sky and Space,UK,8U,x_cancelled,cancelled,"Constellation for voice, M2M and IoT communicaftion services.",
PEARLS 55,Sky and Space,UK,8U,x_cancelled,cancelled,"Constellation for voice, M2M and IoT communicaftion services.",
PEARLS 56,Sky and Space,UK,8U,x_cancelled,cancelled,"Constellation for voice, M2M and IoT communicaftion services.",
PEARLS 57,Sky and Space,UK,8U,x_cancelled,cancelled,"Constellation for voice, M2M and IoT communicaftion services.",
PEARLS 58,Sky and Space,UK,8U,x_cancelled,cancelled,"Constellation for voice, M2M and IoT communicaftion services.",
PEARLS 59,Sky and Space,UK,8U,x_cancelled,cancelled,"Constellation for voice, M2M and IoT communicaftion services.",
PEARLS 60,Sky and Space,UK,8U,x_cancelled,cancelled,"Constellation for voice, M2M and IoT communicaftion services.",
PEARLS 61,Sky and Space,UK,8U,x_cancelled,cancelled,"Constellation for voice, M2M and IoT communicaftion services.",
PEARLS 62,Sky and Space,UK,8U,x_cancelled,cancelled,"Constellation for voice, M2M and IoT communicaftion services.",
PEARLS 63,Sky and Space,UK,8U,x_cancelled,cancelled,"Constellation for voice, M2M and IoT communicaftion services.",
PEARLS 64,Sky and Space,UK,8U,x_cancelled,cancelled,"Constellation for voice, M2M and IoT communicaftion services.",
PEARLS 65,Sky and Space,UK,8U,x_cancelled,cancelled,"Constellation for voice, M2M and IoT communicaftion services.",
PEARLS 66,Sky and Space,UK,8U,x_cancelled,cancelled,"Constellation for voice, M2M and IoT communicaftion services.",
PEARLS 67,Sky and Space,UK,8U,x_cancelled,cancelled,"Constellation for voice, M2M and IoT communicaftion services.",
PEARLS 68,Sky and Space,UK,8U,x_cancelled,cancelled,"Constellation for voice, M2M and IoT communicaftion services.",
PEARLS 69,Sky and Space,UK,8U,x_cancelled,cancelled,"Constellation for voice, M2M and IoT communicaftion services.",
PEARLS 70,Sky and Space,UK,8U,x_cancelled,cancelled,"Constellation for voice, M2M and IoT communicaftion services.",
PEARLS 71,Sky and Space,UK,8U,x_cancelled,cancelled,"Constellation for voice, M2M and IoT communicaftion services.",
PEARLS 72,Sky and Space,UK,8U,x_cancelled,cancelled,"Constellation for voice, M2M and IoT communicaftion services.",
PEARLS 73,Sky and Space,UK,8U,x_cancelled,cancelled,"Constellation for voice, M2M and IoT communicaftion services.",
PEARLS 74,Sky and Space,UK,8U,x_cancelled,cancelled,"Constellation for voice, M2M and IoT communicaftion services.",
PEARLS 75,Sky and Space,UK,8U,x_cancelled,cancelled,"Constellation for voice, M2M and IoT communicaftion services.",
PEARLS 76,Sky and Space,UK,8U,x_cancelled,cancelled,"Constellation for voice, M2M and IoT communicaftion services.",
PEARLS 77,Sky and Space,UK,8U,x_cancelled,cancelled,"Constellation for voice, M2M and IoT communicaftion services.",
PEARLS 78,Sky and Space,UK,8U,x_cancelled,cancelled,"Constellation for voice, M2M and IoT communicaftion services.",
PEARLS 79,Sky and Space,UK,8U,x_cancelled,cancelled,"Constellation for voice, M2M and IoT communicaftion services.",
PEARLS 80,Sky and Space,UK,8U,x_cancelled,cancelled,"Constellation for voice, M2M and IoT communicaftion services.",
PEARLS 81,Sky and Space,UK,8U,x_cancelled,cancelled,"Constellation for voice, M2M and IoT communicaftion services.",
PEARLS 82,Sky and Space,UK,8U,x_cancelled,cancelled,"Constellation for voice, M2M and IoT communicaftion services.",
PEARLS 83,Sky and Space,UK,8U,x_cancelled,cancelled,"Constellation for voice, M2M and IoT communicaftion services.",
PEARLS 84,Sky and Space,UK,8U,x_cancelled,cancelled,"Constellation for voice, M2M and IoT communicaftion services.",
PEARLS 85,Sky and Space,UK,8U,x_cancelled,cancelled,"Constellation for voice, M2M and IoT communicaftion services.",
PEARLS 86,Sky and Space,UK,8U,x_cancelled,cancelled,"Constellation for voice, M2M and IoT communicaftion services.",
PEARLS 87,Sky and Space,UK,8U,x_cancelled,cancelled,"Constellation for voice, M2M and IoT communicaftion services.",
PEARLS 88,Sky and Space,UK,8U,x_cancelled,cancelled,"Constellation for voice, M2M and IoT communicaftion services.",
PEARLS 89,Sky and Space,UK,8U,x_cancelled,cancelled,"Constellation for voice, M2M and IoT communicaftion services.",
PEARLS 90,Sky and Space,UK,8U,x_cancelled,cancelled,"Constellation for voice, M2M and IoT communicaftion services.",
PEARLS 91,Sky and Space,UK,8U,x_cancelled,cancelled,"Constellation for voice, M2M and IoT communicaftion services.",
PEARLS 92,Sky and Space,UK,8U,x_cancelled,cancelled,"Constellation for voice, M2M and IoT communicaftion services.",
PEARLS 93,Sky and Space,UK,8U,x_cancelled,cancelled,"Constellation for voice, M2M and IoT communicaftion services.",
PEARLS 94,Sky and Space,UK,8U,x_cancelled,cancelled,"Constellation for voice, M2M and IoT communicaftion services.",
PEARLS 95,Sky and Space,UK,8U,x_cancelled,cancelled,"Constellation for voice, M2M and IoT communicaftion services.",
PEARLS 96,Sky and Space,UK,8U,x_cancelled,cancelled,"Constellation for voice, M2M and IoT communicaftion services.",
PEARLS 97,Sky and Space,UK,8U,x_cancelled,cancelled,"Constellation for voice, M2M and IoT communicaftion services.",
PEARLS 98,Sky and Space,UK,8U,x_cancelled,cancelled,"Constellation for voice, M2M and IoT communicaftion services.",
PEARLS 99,Sky and Space,UK,8U,x_cancelled,cancelled,"Constellation for voice, M2M and IoT communicaftion services.",
PEARLS 100,Sky and Space,UK,8U,x_cancelled,cancelled,"Constellation for voice, M2M and IoT communicaftion services.",
PEARLS 101,Sky and Space,UK,8U,x_cancelled,cancelled,"Constellation for voice, M2M and IoT communicaftion services.",
PEARLS 102,Sky and Space,UK,8U,x_cancelled,cancelled,"Constellation for voice, M2M and IoT communicaftion services.",
PEARLS 103,Sky and Space,UK,8U,x_cancelled,cancelled,"Constellation for voice, M2M and IoT communicaftion services.",
PEARLS 104,Sky and Space,UK,8U,x_cancelled,cancelled,"Constellation for voice, M2M and IoT communicaftion services.",
PEARLS 105,Sky and Space,UK,8U,x_cancelled,cancelled,"Constellation for voice, M2M and IoT communicaftion services.",
PEARLS 106,Sky and Space,UK,8U,x_cancelled,cancelled,"Constellation for voice, M2M and IoT communicaftion services.",
PEARLS 107,Sky and Space,UK,8U,x_cancelled,cancelled,"Constellation for voice, M2M and IoT communicaftion services.",
PEARLS 108,Sky and Space,UK,8U,x_cancelled,cancelled,"Constellation for voice, M2M and IoT communicaftion services.",
PEARLS 109,Sky and Space,UK,8U,x_cancelled,cancelled,"Constellation for voice, M2M and IoT communicaftion services.",
PEARLS 110,Sky and Space,UK,8U,x_cancelled,cancelled,"Constellation for voice, M2M and IoT communicaftion services.",
PEARLS 111,Sky and Space,UK,8U,x_cancelled,cancelled,"Constellation for voice, M2M and IoT communicaftion services.",
PEARLS 112,Sky and Space,UK,8U,x_cancelled,cancelled,"Constellation for voice, M2M and IoT communicaftion services.",
PEARLS 113,Sky and Space,UK,8U,x_cancelled,cancelled,"Constellation for voice, M2M and IoT communicaftion services.",
PEARLS 114,Sky and Space,UK,8U,x_cancelled,cancelled,"Constellation for voice, M2M and IoT communicaftion services.",
PEARLS 115,Sky and Space,UK,8U,x_cancelled,cancelled,"Constellation for voice, M2M and IoT communicaftion services.",
PEARLS 116,Sky and Space,UK,8U,x_cancelled,cancelled,"Constellation for voice, M2M and IoT communicaftion services.",
PEARLS 117,Sky and Space,UK,8U,x_cancelled,cancelled,"Constellation for voice, M2M and IoT communicaftion services.",
PEARLS 118,Sky and Space,UK,8U,x_cancelled,cancelled,"Constellation for voice, M2M and IoT communicaftion services.",
PEARLS 119,Sky and Space,UK,8U,x_cancelled,cancelled,"Constellation for voice, M2M and IoT communicaftion services.",
PEARLS 120,Sky and Space,UK,8U,x_cancelled,cancelled,"Constellation for voice, M2M and IoT communicaftion services.",
PEARLS 121,Sky and Space,UK,8U,x_cancelled,cancelled,"Constellation for voice, M2M and IoT communicaftion services.",
PEARLS 122,Sky and Space,UK,8U,x_cancelled,cancelled,"Constellation for voice, M2M and IoT communicaftion services.",
PEARLS 123,Sky and Space,UK,8U,x_cancelled,cancelled,"Constellation for voice, M2M and IoT communicaftion services.",
PEARLS 124,Sky and Space,UK,8U,x_cancelled,cancelled,"Constellation for voice, M2M and IoT communicaftion services.",
PEARLS 125,Sky and Space,UK,8U,x_cancelled,cancelled,"Constellation for voice, M2M and IoT communicaftion services.",
PEARLS 126,Sky and Space,UK,8U,x_cancelled,cancelled,"Constellation for voice, M2M and IoT communicaftion services.",
PEARLS 127,Sky and Space,UK,8U,x_cancelled,cancelled,"Constellation for voice, M2M and IoT communicaftion services.",
PEARLS 128,Sky and Space,UK,8U,x_cancelled,cancelled,"Constellation for voice, M2M and IoT communicaftion services.",
PEARLS 129,Sky and Space,UK,8U,x_cancelled,cancelled,"Constellation for voice, M2M and IoT communicaftion services.",
PEARLS 130,Sky and Space,UK,8U,x_cancelled,cancelled,"Constellation for voice, M2M and IoT communicaftion services.",
PEARLS 131,Sky and Space,UK,8U,x_cancelled,cancelled,"Constellation for voice, M2M and IoT communicaftion services.",
PEARLS 132,Sky and Space,UK,8U,x_cancelled,cancelled,"Constellation for voice, M2M and IoT communicaftion services.",
PEARLS 133,Sky and Space,UK,8U,x_cancelled,cancelled,"Constellation for voice, M2M and IoT communicaftion services.",
PEARLS 134,Sky and Space,UK,8U,x_cancelled,cancelled,"Constellation for voice, M2M and IoT communicaftion services.",
PEARLS 135,Sky and Space,UK,8U,x_cancelled,cancelled,"Constellation for voice, M2M and IoT communicaftion services.",
PEARLS 136,Sky and Space,UK,8U,x_cancelled,cancelled,"Constellation for voice, M2M and IoT communicaftion services.",
PEARLS 137,Sky and Space,UK,8U,x_cancelled,cancelled,"Constellation for voice, M2M and IoT communicaftion services.",
PEARLS 138,Sky and Space,UK,8U,x_cancelled,cancelled,"Constellation for voice, M2M and IoT communicaftion services.",
PEARLS 139,Sky and Space,UK,8U,x_cancelled,cancelled,"Constellation for voice, M2M and IoT communicaftion services.",
PEARLS 140,Sky and Space,UK,8U,x_cancelled,cancelled,"Constellation for voice, M2M and IoT communicaftion services.",
PEARLS 141,Sky and Space,UK,8U,x_cancelled,cancelled,"Constellation for voice, M2M and IoT communicaftion services.",
PEARLS 142,Sky and Space,UK,8U,x_cancelled,cancelled,"Constellation for voice, M2M and IoT communicaftion services.",
PEARLS 143,Sky and Space,UK,8U,x_cancelled,cancelled,"Constellation for voice, M2M and IoT communicaftion services.",
PEARLS 144,Sky and Space,UK,8U,x_cancelled,cancelled,"Constellation for voice, M2M and IoT communicaftion services.",
PEARLS 145,Sky and Space,UK,8U,x_cancelled,cancelled,"Constellation for voice, M2M and IoT communicaftion services.",
PEARLS 146,Sky and Space,UK,8U,x_cancelled,cancelled,"Constellation for voice, M2M and IoT communicaftion services.",
PEARLS 147,Sky and Space,UK,8U,x_cancelled,cancelled,"Constellation for voice, M2M and IoT communicaftion services.",
PEARLS 148,Sky and Space,UK,8U,x_cancelled,cancelled,"Constellation for voice, M2M and IoT communicaftion services.",
PEARLS 149,Sky and Space,UK,8U,x_cancelled,cancelled,"Constellation for voice, M2M and IoT communicaftion services.",
PEARLS 150,Sky and Space,UK,8U,x_cancelled,cancelled,"Constellation for voice, M2M and IoT communicaftion services.",
PEARLS 151,Sky and Space,UK,8U,x_cancelled,cancelled,"Constellation for voice, M2M and IoT communicaftion services.",
PEARLS 152,Sky and Space,UK,8U,x_cancelled,cancelled,"Constellation for voice, M2M and IoT communicaftion services.",
PEARLS 153,Sky and Space,UK,8U,x_cancelled,cancelled,"Constellation for voice, M2M and IoT communicaftion services.",
PEARLS 154,Sky and Space,UK,8U,x_cancelled,cancelled,"Constellation for voice, M2M and IoT communicaftion services.",
PEARLS 155,Sky and Space,UK,8U,x_cancelled,cancelled,"Constellation for voice, M2M and IoT communicaftion services.",
PEARLS 156,Sky and Space,UK,8U,x_cancelled,cancelled,"Constellation for voice, M2M and IoT communicaftion services.",
PEARLS 157,Sky and Space,UK,8U,x_cancelled,cancelled,"Constellation for voice, M2M and IoT communicaftion services.",
PEARLS 158,Sky and Space,UK,8U,x_cancelled,cancelled,"Constellation for voice, M2M and IoT communicaftion services.",
PEARLS 159,Sky and Space,UK,8U,x_cancelled,cancelled,"Constellation for voice, M2M and IoT communicaftion services.",
PEARLS 160,Sky and Space,UK,8U,x_cancelled,cancelled,"Constellation for voice, M2M and IoT communicaftion services.",
PEARLS 161,Sky and Space,UK,8U,x_cancelled,cancelled,"Constellation for voice, M2M and IoT communicaftion services.",
PEARLS 162,Sky and Space,UK,8U,x_cancelled,cancelled,"Constellation for voice, M2M and IoT communicaftion services.",
PEARLS 163,Sky and Space,UK,8U,x_cancelled,cancelled,"Constellation for voice, M2M and IoT communicaftion services.",
PEARLS 164,Sky and Space,UK,8U,x_cancelled,cancelled,"Constellation for voice, M2M and IoT communicaftion services.",
PEARLS 165,Sky and Space,UK,8U,x_cancelled,cancelled,"Constellation for voice, M2M and IoT communicaftion services.",
PEARLS 166,Sky and Space,UK,8U,x_cancelled,cancelled,"Constellation for voice, M2M and IoT communicaftion services.",
PEARLS 167,Sky and Space,UK,8U,x_cancelled,cancelled,"Constellation for voice, M2M and IoT communicaftion services.",
PEARLS 168,Sky and Space,UK,8U,x_cancelled,cancelled,"Constellation for voice, M2M and IoT communicaftion services.",
PEARLS 169,Sky and Space,UK,8U,x_cancelled,cancelled,"Constellation for voice, M2M and IoT communicaftion services.",
PEARLS 170,Sky and Space,UK,8U,x_cancelled,cancelled,"Constellation for voice, M2M and IoT communicaftion services.",
PEARLS 171,Sky and Space,UK,8U,x_cancelled,cancelled,"Constellation for voice, M2M and IoT communicaftion services.",
PEARLS 172,Sky and Space,UK,8U,x_cancelled,cancelled,"Constellation for voice, M2M and IoT communicaftion services.",
PEARLS 173,Sky and Space,UK,8U,x_cancelled,cancelled,"Constellation for voice, M2M and IoT communicaftion services.",
PEARLS 174,Sky and Space,UK,8U,x_cancelled,cancelled,"Constellation for voice, M2M and IoT communicaftion services.",
PEARLS 175,Sky and Space,UK,8U,x_cancelled,cancelled,"Constellation for voice, M2M and IoT communicaftion services.",
PEARLS 176,Sky and Space,UK,8U,x_cancelled,cancelled,"Constellation for voice, M2M and IoT communicaftion services.",
PEARLS 177,Sky and Space,UK,8U,x_cancelled,cancelled,"Constellation for voice, M2M and IoT communicaftion services.",
PEARLS 178,Sky and Space,UK,8U,x_cancelled,cancelled,"Constellation for voice, M2M and IoT communicaftion services.",
PEARLS 179,Sky and Space,UK,8U,x_cancelled,cancelled,"Constellation for voice, M2M and IoT communicaftion services.",
PEARLS 180,Sky and Space,UK,8U,x_cancelled,cancelled,"Constellation for voice, M2M and IoT communicaftion services.",
PEARLS 181,Sky and Space,UK,8U,x_cancelled,cancelled,"Constellation for voice, M2M and IoT communicaftion services.",
PEARLS 182,Sky and Space,UK,8U,x_cancelled,cancelled,"Constellation for voice, M2M and IoT communicaftion services.",
PEARLS 183,Sky and Space,UK,8U,x_cancelled,cancelled,"Constellation for voice, M2M and IoT communicaftion services.",
PEARLS 184,Sky and Space,UK,8U,x_cancelled,cancelled,"Constellation for voice, M2M and IoT communicaftion services.",
PEARLS 185,Sky and Space,UK,8U,x_cancelled,cancelled,"Constellation for voice, M2M and IoT communicaftion services.",
PEARLS 186,Sky and Space,UK,8U,x_cancelled,cancelled,"Constellation for voice, M2M and IoT communicaftion services.",
PEARLS 187,Sky and Space,UK,8U,x_cancelled,cancelled,"Constellation for voice, M2M and IoT communicaftion services.",
PEARLS 188,Sky and Space,UK,8U,x_cancelled,cancelled,"Constellation for voice, M2M and IoT communicaftion services.",
PEARLS 189,Sky and Space,UK,8U,x_cancelled,cancelled,"Constellation for voice, M2M and IoT communicaftion services.",
PEARLS 190,Sky and Space,UK,8U,x_cancelled,cancelled,"Constellation for voice, M2M and IoT communicaftion services.",
PEARLS 191,Sky and Space,UK,8U,x_cancelled,cancelled,"Constellation for voice, M2M and IoT communicaftion services.",
PEARLS 192,Sky and Space,UK,8U,x_cancelled,cancelled,"Constellation for voice, M2M and IoT communicaftion services.",
PEARLS 193,Sky and Space,UK,8U,x_cancelled,cancelled,"Constellation for voice, M2M and IoT communicaftion services.",
PEARLS 194,Sky and Space,UK,8U,x_cancelled,cancelled,"Constellation for voice, M2M and IoT communicaftion services.",
PEARLS 195,Sky and Space,UK,8U,x_cancelled,cancelled,"Constellation for voice, M2M and IoT communicaftion services.",
PEARLS 196,Sky and Space,UK,8U,x_cancelled,cancelled,"Constellation for voice, M2M and IoT communicaftion services.",
PEARLS 197,Sky and Space,UK,8U,x_cancelled,cancelled,"Constellation for voice, M2M and IoT communicaftion services.",
PEARLS 198,Sky and Space,UK,8U,x_cancelled,cancelled,"Constellation for voice, M2M and IoT communicaftion services.",
PEARLS 199,Sky and Space,UK,8U,x_cancelled,cancelled,"Constellation for voice, M2M and IoT communicaftion services.",
PEARLS 200,Sky and Space,UK,8U,x_cancelled,cancelled,"Constellation for voice, M2M and IoT communicaftion services.",
Perseus-O 1,Dauria Aerospace,Russia,6U,x_cancelled,cancelled,Commercial constellation with multispectral imaging system.,
Perseus-O 2,Dauria Aerospace,Russia,6U,x_cancelled,cancelled,Commercial constellation with multispectral imaging system.,
Perseus-O 3,Dauria Aerospace,Russia,6U,x_cancelled,cancelled,Commercial constellation with multispectral imaging system.,
Perseus-O 4,Dauria Aerospace,Russia,6U,x_cancelled,cancelled,Commercial constellation with multispectral imaging system.,
Perseus-O 5,Dauria Aerospace,Russia,6U,x_cancelled,cancelled,Commercial constellation with multispectral imaging system.,
Perseus-O 6,Dauria Aerospace,Russia,6U,x_cancelled,cancelled,Commercial constellation with multispectral imaging system.,
Perseus-O 7,Dauria Aerospace,Russia,6U,x_cancelled,cancelled,Commercial constellation with multispectral imaging system.,
Perseus-O 8,Dauria Aerospace,Russia,6U,x_cancelled,cancelled,Commercial constellation with multispectral imaging system.,
Phasma C,Libre Space Foundation,Greece,3U,x_cancelled,"cancelled, ?",Monitor the electromagnetic spectrum and identify the frequencies used around the world to create an open database.,
Phoenix 1 (RAHS),Raisbeck Aviation High School,US,1U,x_cancelled,cancelled,Educational high-school CubeSat with 3D printed structure from PEEK.,
PiezoSat-1,Space Science and Technology Institute,Lithuania,3U,x_cancelled,cancelled,,
PilsenCUBE,University of West Bohemia,Czechia,1U,x_cancelled,cancelled,Demonstrate various CubeSat platform technologies.,
PilsenCube2,University of West Bohemia,Czechia,1U,x_cancelled,cancelled,Demonstrating Timepix-based hodoscope for cubesat applications for detecting passing charged particles.,
PINO (Payload-IN-Orbit demonstration),NLR (Netherlands Aerospace Centre),Netherlands,3U,x_cancelled,cancelled,Thermal experiment involving a mechanically pumped two-phase heat transport system.,
Pipit,ATSB (Astronautic Technology Sdn Bhd),Malaysia,PocketQube,x_cancelled,cancelled,,
PISAT (UK),ITE Space (Interactive Technical Enterprises Space),UK,PocketQube 1p,x_cancelled,cancelled,Test new operating system for Rasberry Pi based PocketQubes.,
PLUME (Picosatellite of Leicester University Micrometeoroid Experiment),University of Leicester,UK,1U,x_cancelled,cancelled,Micrometeoroids.,
Politech.1,Polytechnic University of Valencia,Spain,3U,x_cancelled,cancelled,A telescope camera for Earth Imaging and a high-data rate transmitter.,
Pono-1,Privateer,US,3U,x_cancelled,cancelled,"Carry a variety of sensors to track and characterize space objects, both optical and multispectral sensors. Will carry 42 sensors.",
Positron-1 (Positron Dynamics CubeSat),Positron Dynamics,US,6U,x_cancelled,cancelled,Positron powered CubeSat. Animatter propulsion system.,
PQ-Gemini++ 1,Micro-Space Inc,US,0.12 kg,x_cancelled,cancelled,Demonstrate platform technologies for picosatellites.,
PQ-Gemini++ 2,Micro-Space Inc,US,0.12 kg,x_cancelled,cancelled,Demonstrate platform technologies for picosatellites.,
PQ-Gemini++ 3,Micro-Space Inc,US,0.12 kg,x_cancelled,cancelled,Demonstrate platform technologies for picosatellites.,
PQ-Gemini++ 4,Micro-Space Inc,US,0.12 kg,x_cancelled,cancelled,Demonstrate platform technologies for picosatellites.,
PR CubeSat (Puerto Rico CubeSat),University of Puerto Rico,US,1U,x_cancelled,cancelled,Educational training and demonstrate CubeSat platform.,
Prometheus 2.5,USSOCOM (US Special Operations Command),US,1.5U,x_cancelled,cancelled,Demonstrate improved CubeSat platform.,
PropSat (ALL-STAR Propulsion Module Satellite),University of Colorado Boulder,US,1U,x_cancelled,cancelled,The PROPSAT module is a cold-gas thruster for the COSGC ALLSTAR cube satellite.,
Prospector-X,Deep Space Industries,US,3U,x_cancelled,cancelled,Demonstrate CubeSat platform technologies for asteroid prospecting missions.,
PROVE Pathfinder A (Pointable Radiometer for Observation of Volcanic Emissions),University of Bristol,UK,6U,x_cancelled,cancelled,Visual and TIR imaging payload optimized for observation of volcanic ash clouds for 3D reconstruction.,
PROVE Pathfinder B (Pointable Radiometer for Observation of Volcanic Emissions),University of Bristol,UK,6U,x_cancelled,cancelled,Visual and TIR imaging payload optimized for observation of volcanic ash clouds for 3D reconstruction.,
"PTD-2 (PTHFDR, Pathfinder Technology Demonstrator)",NASA Ames Research Center,US,6U,x_cancelled,cancelled,Government-furnished technology payloads for a series of flight demonstrations.,
PTecSat,University of Southern California,US,1U,x_cancelled,cancelled,Track cargo shipping containers using a custom built deployable dish antenna.,
"PTLS (Persistent Telemetry Monitoring, Tracking & Control Using Low Earth Orbit Satcom)",Air Force Institute of Technology (AFIT),US,1U,x_cancelled,cancelled,"Persistent Telemetry Monitoring, Tracking & Control Using Low Earth Orbit Satcom.",
PyCubed-1,Stanford University,US,PocketQube 1p,x_cancelled,cancelled,Demonstrate smallest-ever spacecraft with full 3-axis attitude determination and control.,
QuARCS A (Quad Amateur Radio Communications Satellite ),"University of California, Davis",US,1U,x_cancelled,cancelled,Test the capabilities of the Iridium and Globalstar radio communication.,
QuARCS B (Quad Amateur Radio Communications Satellite ),"University of California, Davis",US,1U,x_cancelled,cancelled,Test the capabilities of the Iridium and Globalstar radio communication.,
QUBSat-I,Qatar University,Qatar,1U,x_cancelled,cancelled,Educational mission including ground station.,
Quest-1,Valle Christian High School,US,1U,x_cancelled,cancelled,Educational training plus camera for taking photos of Earth.,
R2S (UND-Sat),University of North Dakota,US,1U,x_cancelled,cancelled,Optical payload to determine position while taking images.,
RACE 1 (Rendezvous Autonomous CubeSats Experiment),ESA (European Space Agency),France,6U,x_cancelled,"cancelled, ?",CubeSat rendezvous & docking.,
RACE 2 (Rendezvous Autonomous CubeSats Experiment),ESA (European Space Agency),France,6U,x_cancelled,"cancelled, ?",CubeSat rendezvous & docking.,
RADSat (Radiation Data Acquisition Satellite),"Embry-Riddle Aeronautical University, Daytona",US,1U,x_cancelled,cancelled,Technological demonstration of the Highly Miniaturized Radiation Monitor.,
"RAMPART (POPACS-RR, RApid prototyped Microelectromechanical system Propulsion And RadiationTest CUBEflow SATellite)",Air Force Research Laboratory (AFRL),US,2U,x_cancelled,cancelled,Demonstrate propulsion system and various CubeSat platform technologies.,
Rascal A,Saint Louis University,US,3U,x_cancelled,cancelled,"Demonstrate proximity operations and space situational awareness: infrared imaging, 6DOF propulsion, RF proximity sensing.",
Rascal B,Saint Louis University,US,3U,x_cancelled,cancelled,"Demonstrate proximity operations and space situational awareness: infrared imaging, 6DOF propulsion, RF proximity sensing.",
RavenSat,Northwest Indian College,US,1U,x_cancelled,cancelled,"Carbon-mitigated Radiation, Thermal Standoff, Ka-Band i.e. power beaming.",
RECONSO,Georgia Institute of Technology (Georgia Tech),US,6U,x_cancelled,cancelled,Optical payload in Low Earth Orbit (LEO) to enable low-cost unqueued space object detection and tracking.,
RESat,VKI (von Karman Institute),Belgium,2U,x_cancelled,cancelled,QB50 satellite from Belgium.,
RioSat,Graz University of Technology,Austria,2U,x_cancelled,cancelled,"As part of the QB50 mission, the RIOSAT spacecraft flies a riometer (relative ionospheric opacity).",
RoBiSat-1,Romanian Space Agency Institute of Space Science,Romania,2U,x_cancelled,cancelled,Part of QB50 to study lower termosphere.,
RoBiSat-2,Romanian Space Agency Institute of Space Science,Romania,2U,x_cancelled,cancelled,Part of QB50 to study lower termosphere.,
ROBUSTA-2,University of Montpellier,France,1U,x_cancelled,cancelled,Educational testing and space qualification of different memory chips.,
Roland-1,University of Bremen,Germany,2U,x_cancelled,cancelled,Demonstrate the feasibility of degradation experiments plus thruster payload.,
ROSE-1,Phase Four,US,6U,x_cancelled,cancelled,Smallest RF thruster on a satellite. First plasma engine on a CubeSat.,
RSat-D (Repair CubeSat Demonstrator),US Naval Academy Satellite Lab,US,3U,x_cancelled,cancelled,Autonomous Mobile On-orbit Diagnostic System (AMODS) to perform on-orbit inspections on conventional spacecraft.,
Rupercorp Constellation 1,Rupercorp,Argentina,6U,x_cancelled,cancelled,Commercial Earth Observation constellation based on NanoAvionics M6P platform.,
Rupercorp Constellation 2,Rupercorp,Argentina,6U,x_cancelled,cancelled,Commercial Earth Observation constellation based on NanoAvionics M6P platform.,
Rupercorp Constellation 3,Rupercorp,Argentina,6U,x_cancelled,cancelled,Commercial Earth Observation constellation based on NanoAvionics M6P platform.,
Rupercorp Constellation Demo,Rupercorp,Argentina,6U,x_cancelled,cancelled,Precursor for a succeeding Earth observation constellation.,
"RyeF3Ex-1 (Ryerson Femtosatellite Formation Flying Experiment, RyeFemSat, RYF3EX)",Ryerson University,Canada,PocketQube,x_cancelled,cancelled,Multiple tethered femto-satellites with tiny thrusters for technology demonstration.,
"RyeF3Ex-2 (Ryerson Femtosatellite Formation Flying Experiment, RyeFemSat, RYF3EX)",Ryerson University,Canada,PocketQube,x_cancelled,cancelled,Multiple tethered femto-satellites with tiny thrusters for technology demonstration.,
SAGE IV (Stratospheric Aerosol and Gas Experiment Pathfinder),NASA Langley Research Center,US,6U,x_cancelled,cancelled,Demonstrate a new capability for measuring stratospheric ozone by using a solar occultation technique.,
SAI-2,Space AI,US,6U,x_cancelled,cancelled,"Test and operate a prototype spacecraft bus for heritage, and performance feedback for the design.",
Sallesat-1,La Salle University,Spain,1U,x_cancelled,cancelled,Remote control and Telemetry acquisition and processing (world wide).,
Samara Earth Observation Unit,Samara University,Russia,2U,x_cancelled,cancelled,-,
SamSat-QB50,Samara University,Russia,3U,x_cancelled,cancelled,Part of QB50 to study lower termosphere.,
SAPTICARD,Laboratoire des technologies Innovantes,France,1U,x_cancelled,cancelled,Subsystems design and development,
SASSat,Singapore American School,Singapore,PocketQube 1p,x_cancelled,cancelled,,
SatRev Australia ASMN CubeSat,SatRev,Poland,6U,x_cancelled,"cancelled, ?",SatRev provides the platform and integrate it with a thruster by Neumann Space.,
SCION 1 (SCintillation and Ionospheric Occultation Nanosats),University of Michigan,US,1U,x_cancelled,cancelled,"Make multipoint, GPS TEC and scintillation observations of the ionosphere.",
SCION 2 (SCintillation and Ionospheric Occultation Nanosats),University of Michigan,US,1U,x_cancelled,cancelled,"Make multipoint, GPS TEC and scintillation observations of the ionosphere.",
"SCOUT-1 A (EPS-MACCS, Earth System Processes Monitored in the Atmosphere by a Constellation of CubeSats, SCOUT, CubeMap)",GomSpace,Denmark,12U,x_cancelled,cancelled,Quantifying atmospheric processes in the upper troposphere and in the stratosphere.,
"SCOUT-1 B (EPS-MACCS, Earth System Processes Monitored in the Atmosphere by a Constellation of CubeSats, SCOUT, CubeMap)",GomSpace,Denmark,12U,x_cancelled,cancelled,Quantifying atmospheric processes in the upper troposphere and in the stratosphere.,
"SCOUT-1 C (EPS-MACCS, Earth System Processes Monitored in the Atmosphere by a Constellation of CubeSats, SCOUT, CubeMap)",GomSpace,Denmark,12U,x_cancelled,cancelled,Quantifying atmospheric processes in the upper troposphere and in the stratosphere.,
SeaHawk-2,University of North Carolina Wilmington,US,3U,x_cancelled,cancelled,Demonstrate miniature ocean color sensor.,
SeaKing,Palos Verdes High School,US,1U,x_cancelled,cancelled,Open-source high school satellite to take pictures from space.,
SEDSat-2,Students for the Exploration and Development of Space (SEDS),UK,1U,x_cancelled,cancelled,Educational training plus camera and detecting radar sources.,
Selemela,Selemela,Botswana,1U,x_cancelled,cancelled,First nanosatellite of Botswana for research and educational purposes.,
"SERB (X-CubeSat 2, SUMO, Solar Ultraviolet Monitor and Ozone Nanosatellite)","LATMOS (Laboratoire Atmosphères, Milieux, Observations Spatiales)",France,3U,x_cancelled,cancelled,"Measure the Earth radiation budget (ERB), the solar energy input and the energy reemitted.",
SERPENT B Target (Satellite Evaluation of Relative Pose Estimation of a Noncooperative Target),University of Texas at Austin,US,6U,x_cancelled,cancelled,Develop an autonomous pose estimation and prediction algorithm through the use of neural networks and computer vision.,
Seven Sisters 1,Seven Sisters (Fleet Space),Australia,6U,x_cancelled,cancelled,The Australian lunar exploration mission to send nanosatellites and sensors to the Moon to search for accessible water.,
SharedSat 1,Sideralis Foundation,Ecuador,1U,x_cancelled,cancelled,The Space Access Acceleration Program provides its beneficiaries with slots for payloads in the SharedSats acquired by Sideralis.,
SHFT-2 (Space-based High Frequency Testbed),DARPA,US,3U,x_cancelled,cancelled,Collect radio frequency signals in the HF (5-30 MHz) band to study the galactic background emissions.,
Shiver A,Air Force Research Laboratory (AFRL),US,12U,x_cancelled,cancelled,Perform autonomous station keeping between four 12U spacecraft systems.,
Shiver B,Air Force Research Laboratory (AFRL),US,12U,x_cancelled,cancelled,Perform autonomous station keeping between four 12U spacecraft systems.,
Shiver C,Air Force Research Laboratory (AFRL),US,12U,x_cancelled,cancelled,Perform autonomous station keeping between four 12U spacecraft systems.,
Shiver D,Air Force Research Laboratory (AFRL),US,12U,x_cancelled,cancelled,Perform autonomous station keeping between four 12U spacecraft systems.,
SINOD-D 2 (SRI International NanoSat Orbital Demonstration),SRI International,US,2U,x_cancelled,cancelled,High-speed data downlink for wide-bandwidth CubeSat payloads via software defined radio communications.,
SIPS (Scanning Imaging Photometer Systems),"Orion Space Solutions (ASTRA, Atmosphericc & Space Technology Research Associates)",US,6U,x_cancelled,cancelled,Low cost and versatile sensor for UV remote sensing of the ionosphere.,
SiriusSat 3 (SiriusSat-3),Sirius Educational Centre,Russia,1U,x_cancelled,cancelled,Assembled by schoolchildren for educational training plus particle detector payload.,
SKCube-2,Slovak Organisation for Space Activities,Slovakia,3U,x_cancelled,cancelled,"Precursor or a demo mission for a fleet of at least nine 3U CubeSats, which shall be equipped with CsI gamma-ray detectors.",
SMARTSat (Shape Memory Alloy Research Technology Satellite),Texas A&M University,US,1U,x_cancelled,cancelled,Demonstrate the use of shape memory alloys to deploy solar panels plus camera.,
SMDC-ONE 2.5,US Army Space and Missile Defense Command,US,3U,x_cancelled,cancelled,Demonstrate the ability to rapidly design and develop militarily relevant low cost spacecraft and communications relay.,
SMDC-ONE 2.6,US Army Space and Missile Defense Command,US,3U,x_cancelled,cancelled,Demonstrate the ability to rapidly design and develop militarily relevant low cost spacecraft and communications relay.,
SMDC-ONE 2.7,US Army Space and Missile Defense Command,US,3U,x_cancelled,cancelled,Demonstrate the ability to rapidly design and develop militarily relevant low cost spacecraft and communications relay.,
SME-SAT (SMESAT),University of Surrey,UK,3U,x_cancelled,cancelled,Demonstrate CubeSat platform technologies.,
SMOG-2,Budapest University of Technology and Economics,Hungary,PocketQube 3p,x_cancelled,cancelled,Spectrum monitoring pocketqube class satellites with wider monitored spectrum range.,
Solar Blade,Carnegie Mellon University,US,5 kg,x_cancelled,cancelled,Develop the first spacecraft to utilize solar radiation pressure for attitude and orbit control.,
SORA (Spectrometry Observation for Reflectivity Analysis),University at Buffalo (UB),US,12U,x_cancelled,cancelled,Gather light data on space debris in either geostationary or low earth orbit.,
SpaceICE,University of Illinois Urbana-Champaign,US,3U,x_cancelled,cancelled,Test freeze-casting technique in space.,
SpaceTime 1,SpaceTime,UK,3U,x_cancelled,cancelled,"Real-time high-resolution video, imagery and immersive experiences from space.",
SpaceTime 2,SpaceTime,UK,3U,x_cancelled,cancelled,"Real-time high-resolution video, imagery and immersive experiences from space.",
SpectroCube,ESA (European Space Agency),France,3U,x_cancelled,"cancelled, ?",Astrochemistry & radiation demo in GTO orbit.,
Spectrolite,ISISpace,Netherlands,12U,x_cancelled,cancelled,Air quality monitoring with novel spectrometer to measure NO2 emissions.,
SporeSat2 (SporeSat-2),NASA Ames Research Center,US,3U,x_cancelled,cancelled,Space biology science experiment project to investigate biophysical mechanisms of plant gravity sensing.,
SriSat001,FishiFox,Sri Lanka,1U,x_cancelled,cancelled,CubeSat mission by private company in Sri Lanka.,
STARE C,Naval Postgraduate School (NPS),US,3U,x_cancelled,cancelled,Observe objects that are predicted to pass close to a valuable space asset,
Starling 1,Aerial & Maritime,Denmark,3U,x_cancelled,cancelled,Constellation for collecting AIS and ADS-B messages.,
Starling 2,Aerial & Maritime,Denmark,3U,x_cancelled,cancelled,Constellation for collecting AIS and ADS-B messages.,
Starling 3,Aerial & Maritime,Denmark,3U,x_cancelled,cancelled,Constellation for collecting AIS and ADS-B messages.,
Starling 4,Aerial & Maritime,Denmark,3U,x_cancelled,cancelled,Constellation for collecting AIS and ADS-B messages.,
Starling 5,Aerial & Maritime,Denmark,3U,x_cancelled,cancelled,Constellation for collecting AIS and ADS-B messages.,
Starling 6,Aerial & Maritime,Denmark,3U,x_cancelled,cancelled,Constellation for collecting AIS and ADS-B messages.,
Starling 7,Aerial & Maritime,Denmark,3U,x_cancelled,cancelled,Constellation for collecting AIS and ADS-B messages.,
Starling 8,Aerial & Maritime,Denmark,3U,x_cancelled,cancelled,Constellation for collecting AIS and ADS-B messages.,
STARS-NT A,Shizuoka University,Japan,1U,x_cancelled,cancelled,"Robotic satellite operated by amateur radio, which aims to develop the technology for space debris capture by a net tether.",
STARS-NT B,Shizuoka University,Japan,1U,x_cancelled,cancelled,"Robotic satellite operated by amateur radio, which aims to develop the technology for space debris capture by a net tether.",
STARS-NT C,Shizuoka University,Japan,1U,x_cancelled,cancelled,"Robotic satellite operated by amateur radio, which aims to develop the technology for space debris capture by a net tether.",
STRaND-2A,SSTL,UK,3U,x_cancelled,cancelled,Test a novel in-orbit docking system based on the XBOX Kinect technology.,
STRaND-2B,SSTL,UK,3U,x_cancelled,cancelled,Test a novel in-orbit docking system based on the XBOX Kinect technology.,
STU-1,ShanghaiTech University,China,2U,x_cancelled,cancelled,Part of QB50 to study lower termosphere.,
STUDSAT-2A,Nitte Meenakshi Institute of Technology,India,10 kg,x_cancelled,cancelled,AIS for ship-tracking. HAM radio payload.,
STUDSAT-2B,Nitte Meenakshi Institute of Technology,India,10 kg,x_cancelled,cancelled,Demonstrate drag sail and inter-satellite links plus camera.,
SULIS-A1 (Solar cUbesats for Linked Imaging Spectropolarimetry),Northumbria University,UK,12U,x_cancelled,cancelled,Place three pairs of formation-flying coronagraphs within CubeSats in 1AU orbits around the Sun for Sun magnetic field observations.,
SULIS-A2 (Solar cUbesats for Linked Imaging Spectropolarimetry),Northumbria University,UK,12U,x_cancelled,cancelled,Place three pairs of formation-flying coronagraphs within CubeSats in 1AU orbits around the Sun for Sun magnetic field observations.,
SULIS-B1 (Solar cUbesats for Linked Imaging Spectropolarimetry),Northumbria University,UK,12U,x_cancelled,cancelled,Place three pairs of formation-flying coronagraphs within CubeSats in 1AU orbits around the Sun for Sun magnetic field observations.,
SULIS-B2 (Solar cUbesats for Linked Imaging Spectropolarimetry),Northumbria University,UK,12U,x_cancelled,cancelled,Place three pairs of formation-flying coronagraphs within CubeSats in 1AU orbits around the Sun for Sun magnetic field observations.,
SULIS-E1 (Solar cUbesats for Linked Imaging Spectropolarimetry),Northumbria University,UK,12U,x_cancelled,cancelled,Place three pairs of formation-flying coronagraphs within CubeSats in 1AU orbits around the Sun for Sun magnetic field observations.,
SULIS-E2 (Solar cUbesats for Linked Imaging Spectropolarimetry),Northumbria University,UK,12U,x_cancelled,cancelled,Place three pairs of formation-flying coronagraphs within CubeSats in 1AU orbits around the Sun for Sun magnetic field observations.,
SunCube 1 (AOSAT1),Arizona State University,US,SunCube,x_cancelled,cancelled,"First SunCube, 3 cm by 3 cm by 3 cm.",
SunewnewSat,Yamouk University,Jordan,PocketQube 1p,x_cancelled,cancelled,Promoting space science and education among Jordanian students.,
SunSat,University of Sheffield,UK,2U,x_cancelled,cancelled,Understand the rate of deforestation by observing the Earth.,
SWEET 0 (Sweet Water Earth Education Technologies),Technical University of Munich (TUM),Germany,2U,x_cancelled,cancelled,Water level and water quality monitoring of medium-to-large sweet water reservoirs in Africa.,
SWIMSat (Science Weather and Meteor Impact Monitoring),Arizona State University,US,6U,x_cancelled,cancelled,Monitor space weather and provide warnings.,
"SWITCH (Stratospheric Water Inventory, Tomography of Convective Hydration)",NASA Jet Propulsion Laboratory,US,6U,x_cancelled,cancelled,Measure water vapor in the upper troposphere and lower stratosphere with microwave sensor.,
T-sat1,University of Manitoba,Canada,3U,x_cancelled,cancelled,,
TalTech PocketQube (Picosatellite),Tallinn University of Technology,Estonia,PocketQube 1p,x_cancelled,cancelled,,
TARO,National Cheng Kung University,Taiwan,2U,x_cancelled,cancelled,Precursor of PACE satellite to verify sensors and actuators.,
TBA (IRIM),IRIM - Croatian Makers,Croatia,PocketQube 1p,x_cancelled,cancelled,"Launched by Croatian high school students, organized by an educational non-profit IRIM – Croatian Makers.",
TechCube 1,NASA Goddard Space Flight Center,US,3U,x_cancelled,cancelled,The satellite carries a REPT (Relativistic Electron Proton Telescope) sensor and cam,
TechEdSat-2,San Jose State University,US,6U,x_cancelled,cancelled,Mission to test Iridium-modem was integrated into PhoneSat 1.0b.,
Tempo3 (Tethered Expperiment for Mars interPlanetary Operations Cubed),Mars Society,US,2U,x_cancelled,cancelled,Demonstrate artificial gravity generation.,
TetherSat 1,Naval Postgraduate School (NPS),US,1.5U,x_cancelled,cancelled,Splits into two joined by a 1 km tether to test electrodynamic tether propulsion.,
TetherSat 2,Naval Postgraduate School (NPS),US,1.5U,x_cancelled,cancelled,Splits into two joined by a 1 km tether to test electrodynamic tether propulsion.,
TFTqube,The Flame Trench,US,PocketQube 1p,x_cancelled,cancelled,Demonstrate various PocketQube platform technologies.,
ThaiIOT,The Navaminda Kasatriyadhiraj Royal Thai Air Force Academy,Thailand,3U,x_cancelled,cancelled,Receive uplink data via LoRa module and private LoRaWAN-server to store data and then use S-band transceiver to downlink the data to ground station.,
ThapSat,Thapar Institute of Engineering & Technology,India,2U,x_cancelled,cancelled,Monitoring the environmental greenhouse gases present in the Punjab region.,
TINYSCOPE (Tactical Imaging Nanosat Yielding Small-Cost Operations for Persistent Earth-coverage),Naval Postgraduate School (NPS),US,6U,x_cancelled,cancelled,Low-cost and easily replaceable imaging spacecraft that can produce tactically relevant imagery data.,
Tomsk-TPU 1 TBD,Tomsk Polytechnic University,Russia,3U,x_cancelled,cancelled,Measuring the position among them and towards the Earth – these are the first actions of the ‘swarm.,
Tomsk-TPU 2 TBD,Tomsk Polytechnic University,Russia,3U,x_cancelled,cancelled,Measuring the position among them and towards the Earth – these are the first actions of the ‘swarm.,
Topside Sounder,"Orion Space Solutions (ASTRA, Atmosphericc & Space Technology Research Associates)",US,12U,x_cancelled,cancelled,Low power FMCW HF Sounding instrument to make topside measurements of the ionosphere.,
Triton-2,ISISpace,Netherlands,3U,x_cancelled,cancelled,Test AIS payload for ocean traffic monitoring for future constellation.,
TU Sat 1,Taylor University,US,2U,x_cancelled,cancelled,Gravity gradient boom of 30 m Nitinol tether to receive very low frequency radio waves.,
TUDSat,TU Darmstadt Space Technology (TUDSat),Germany,1U,x_cancelled,cancelled,Technology demonstration of transparent reflector array mounted on a solar cell.,
TwinCube,West Pomeraian University of Technology,Poland,3U,x_cancelled,cancelled,Divided in orbit into two subsatellites connected by a 1 km long tether.,
TwinSat-1N,University College London,UK,2U,x_cancelled,cancelled,Detection and monitoring of earthquake precursors. Companion to Russian TwinSat microsatellite.,
TY-1,Northwestern Polytechnical University,China,2U,x_cancelled,cancelled,"Communication experiment and testing the performance of our component, such as the star tracker and the solar panel.",
TY-3 (TY3),Spacety,China,6U,x_cancelled,cancelled,A camera to take photos for deep space. and amateur radio communications.,
TY-5 (TY5),Spacety,China,6U,x_cancelled,cancelled,Test software defined radio technology.,
TY1-03,Hunan Amateur Radio Society,China,6U,x_cancelled,cancelled,"The mission includes Telecommand & telemetry in UHF band, APRS Relay in VHF band and Digipeater in S band.",
TY1-04,Hunan Amateur Radio Society,China,6U,x_cancelled,cancelled,"The mission includes Telecommand & telemetry in UHF band, APRS Relay in VHF band and Digipeater in S band.",
TY7-01,Hunan Amateur Radio Society,China,6U,x_cancelled,cancelled,9k6 APRS relay.,
U2U,Air Force Research Laboratory (AFRL),US,2U,x_cancelled,cancelled,Carries the Electron and Globalstar Mapping (EGM) Experiment.,
UAPSAT-2,Alas Peruanas University,Peru,6U,x_cancelled,cancelled,,
UCISat 1,"University of California, Irvine",US,1U,x_cancelled,cancelled,Educational training and capture images of Earth.,
UCISat 2 (UCI Satellite-II),"University of California, Irvine",US,3U,x_cancelled,cancelled,Determine whether natural sunlight and high energy radiation can break down pollutant compounds in water for recycling during extended space explorations.,
Ukko A,ReOrbit,Finland,6U,x_cancelled,cancelled,"Demonstrate autonomous station keeping, fault handling, formation flying, as well as rendezvous and proximity operations using a set of CubeSats-",
Ukko B,ReOrbit,Finland,6U,x_cancelled,cancelled,"Demonstrate autonomous station keeping, fault handling, formation flying, as well as rendezvous and proximity operations using a set of CubeSats-",
Ulises 1,National Polytechnic Institute,Mexico,TubeSat,x_cancelled,cancelled,Put a spatial opera into orbit,
Ulises 2,National Autonomous University of Mexico,Mexico,TubeSat,x_cancelled,cancelled,,
Unicorn (D),Alba Orbital,Germany,PocketQube 1p,x_cancelled,cancelled,Amateur radio mission.,
UNSA-SAT1,National University of St Agustin of Arequipa,Peru,2U,x_cancelled,cancelled,"High-rate downlink 3.4GHZ, 5.8GHz, 2.4GHz.",
UoMBSat1 (UMBSAT1),University of Malta,Malta,PocketQube 1p,x_cancelled,cancelled,Study the properties of an ionised region of the Earth’s upper atmosphere.,
"UoS3 (Project BLAST, University of Southampton Small Satellite)",University of Southampton,UK,1U,x_cancelled,cancelled,Obtain position and attitude data for the validation of re-entry prediction software plus camera.,
UWECUBE-1,University of the West of England,UK,3U,x_cancelled,cancelled,Monitor the Great Pacific Garbage Patch.,
VariSat-2 1,VariSat (Omniteq),US,6U,x_cancelled,"cancelled, ?",6 satellite constellation for HF marine data communications.,
VariSat-2 2,VariSat (Omniteq),US,6U,x_cancelled,"cancelled, ?",6 satellite constellation for HF marine data communications.,
VariSat-2 3,VariSat (Omniteq),US,6U,x_cancelled,"cancelled, ?",6 satellite constellation for HF marine data communications.,
VariSat-2 4,VariSat (Omniteq),US,6U,x_cancelled,"cancelled, ?",6 satellite constellation for HF marine data communications.,
VariSat-2 5,VariSat (Omniteq),US,6U,x_cancelled,"cancelled, ?",6 satellite constellation for HF marine data communications.,
VariSat-2 6,VariSat (Omniteq),US,6U,x_cancelled,"cancelled, ?",6 satellite constellation for HF marine data communications.,
VELOX-P,Nanyang Technological University,Singapore,1U,x_cancelled,cancelled,Demonstrate CubeSat platform technologies plus camera.,
Waypoint 1,Spacefab.US,US,12U,x_cancelled,cancelled,21 centimeter mirror with extended optics and hyperspectral camera for Earth observation and astronomy.,
Weebill,KoncarX,US,1U,x_cancelled,cancelled,Keep data safe by uploading it to satellites.,
WiPTherm,University of Porto,Portugal,3U,x_cancelled,cancelled,Wireless Energy Transfer solution via a photo-thermoelectric plasmonic (HPTP) generator that can convert photonic energy to electrical energy via thermal gradient.,
Wisa Woodsat,Arctic Astronautics,Finland,1U,x_cancelled,"cancelled, ?",WISA Woodsat is a Kitsat with a plywood surfaces and substructure with upgraded systems for spaceflight.,
WISCER (Wideband Ionospheric Sounder Cubesat Experiment),Thales Alenia Space,UK,3U,x_cancelled,cancelled,Wideband (~100 MHz) beacon on a low cost cubesat in order to measure and evaluate the ionospheric channel.,
WroSat,Wroclaw University of Science and Technology,Poland,2U,x_cancelled,cancelled,Robotic arm driven by SMA (Shape Memory Alloys) actuators. Perovskite photovoltaic cells. Experimental platform for testing flexible absorbers of ionizing radiation.,
WUSAT-3,University of Warwick,UK,3U,x_cancelled,cancelled,Technology for wildlife monitoring and educational mission.,
X-1,NASA Ames Research Center,US,3U,x_cancelled,cancelled,Test a high-performance processor in space and retroreflectors and light-emitting diodes for ground tracking.,
XNavSat,Indian Institute of Space Science and Technology,India,6U,x_cancelled,cancelled,Demonstrate autonomous navigation by using millisecond X-ray pulsars.,
XS-Sat,Sonoma State University,US,1U,x_cancelled,cancelled,Demonstrate Gamma Ray astronomy with a CadmiumZincTelluride array.,
Yamsat 1A,National Space Program Office,Taiwan,1U,x_cancelled,cancelled,"Ambitious and novel R.O.C. made components, including 15 domestic organizations and companies' participation.",
Yamsat 1B,National Space Program Office,Taiwan,1U,x_cancelled,cancelled,Backup of YamSat-1A.,
Yamsat 1C,National Space Program Office,Taiwan,1U,x_cancelled,cancelled,Amateur communication experiment end-to-end field test and for public education purpose.,
YUsend-1,York University,Canada,1U,x_cancelled,cancelled,Demonstrate CubeSat platform technologies including solid propellant thruster.,
YUsend-2,York University,Canada,1U,x_cancelled,cancelled,Spectral imaging instrument for atmospheric monitoring.,
YUsend-QB50,York University,Canada,2U,x_cancelled,cancelled,Part of QB50 to study lower termosphere.,
Zeus-MS 1 (Qosmosys),Qosmosys,Singapore,3U,x_cancelled,cancelled,Precursor to a series of multi-mission platforms that will allow customers to host their payloads to offer unprecedented line of services to the Moon on regularly scheduled flights.,
Zeus-MS 2 (Qosmosys),Qosmosys,Singapore,3U,x_cancelled,cancelled,Precursor to a series of multi-mission platforms that will allow customers to host their payloads to offer unprecedented line of services to the Moon on regularly scheduled flights.,
ZJU CubeSat,Zhejiang University,China,2U,x_cancelled,cancelled,Part of QB50 to study lower termosphere.,
