CDM_ID,CREATED,EMERGENCY_REPORTABLE,MIN_RNG,PC,SAT1_OBJECT_TYPE,SAT1_RCS,SAT2_OBJECT_TYPE,SAT2_RCS,SAT_1_EXCL_VOL,SAT_1_ID,SAT_1_NAME,SAT_2_EXCL_VOL,SAT_2_ID,SAT_2_NAME,TCA
1180617316,2025-10-06 23:33:39.000000,Y,188,0.0001423334,DEBRIS,SMALL,DEBRIS,SMALL,1.00,54296,CZ-6A DEB,1.00,33823,COSMOS 2251 DEB,2025-10-08T02:57:17.907000
1180578109,2025-10-06 23:29:18.000000,Y,93,0.0001021672,DEBRIS,SMALL,DEBRIS,SMALL,1.00,42182,COSMOS 1275 DEB,1.00,12963,COSMOS 1275 DEB,2025-10-07T11:26:08.007000
1180569817,2025-10-06 23:27:15.000000,Y,124,0.01577745,ROCKET BODY,LARGE,PAYLOAD,LARGE,3.00,39154,CZ-2D R/B,5.00,28230,GP-B,2025-10-09T11:51:54.797000
1180560573,2025-10-06 23:25:28.000000,Y,188,0.0001423334,DEBRIS,SMALL,DEBRIS,SMALL,1.00,33823,COSMOS 2251 DEB,1.00,54296,CZ-6A DEB,2025-10-08T02:57:17.907000
1180560308,2025-10-06 23:25:25.000000,Y,131,0.001144113,DEBRIS,MEDIUM,ROCKET BODY,LARGE,1.00,33775,IRIDIUM 33 DEB,3.00,5707,SL-8 R/B,2025-10-09T06:23:34.052000
1180555207,2025-10-06 23:24:26.000000,Y,205,0.0005298954,DEBRIS,SMALL,PAYLOAD,LARGE,1.00,31005,FENGYUN 1C DEB,5.00,15099,METEOR 2-11,2025-10-08T21:37:27.742000
1180554073,2025-10-06 23:24:06.000000,Y,36,0.002364558,DEBRIS,SMALL,ROCKET BODY,LARGE,1.00,30703,FENGYUN 1C DEB,3.00,9904,SL-3 R/B,2025-10-07T16:33:32.910000
1180552775,2025-10-06 23:23:49.000000,Y,53,0.0001347897,DEBRIS,SMALL,DEBRIS,SMALL,1.00,30294,FENGYUN 1C DEB,1.00,15767,COSMOS 1275 DEB,2025-10-08T20:59:11.104000
1180549719,2025-10-06 23:23:12.000000,Y,124,0.01577745,PAYLOAD,LARGE,ROCKET BODY,LARGE,5.00,28230,GP-B,3.00,39154,CZ-2D R/B,2025-10-09T11:51:54.797000
1180548718,2025-10-06 23:22:59.000000,Y,165,0.0001205875,DEBRIS,SMALL,UNKNOWN,SMALL,1.00,26861,DELTA 1 DEB,3.00,270170,UNKNOWN,2025-10-09T14:45:15.493000
1180548311,2025-10-06 23:22:54.000000,Y,108,0.0004696956,PAYLOAD,LARGE,UNKNOWN,SMALL,5.00,26366,SIMSAT 2,3.00,87690,UNKNOWN,2025-10-07T20:40:04.333000
1180543475,2025-10-06 23:21:42.000000,Y,116,0.0005056169,ROCKET BODY,LARGE,DEBRIS,SMALL,3.00,18710,SL-8 R/B,1.00,4734,THORAD AGENA D DEB,2025-10-07T17:21:34.800000
1180542903,2025-10-06 23:21:36.000000,Y,181,0.0003167583,DEBRIS,SMALL,ROCKET BODY,LARGE,1.00,17618,COSMOS 1275 DEB,3.00,10515,SL-3 R/B,2025-10-08T10:40:08.267000
1180542247,2025-10-06 23:21:28.000000,Y,53,0.0001347897,DEBRIS,SMALL,DEBRIS,SMALL,1.00,15767,COSMOS 1275 DEB,1.00,30294,FENGYUN 1C DEB,2025-10-08T20:59:11.104000
1180542058,2025-10-06 23:21:26.000000,Y,205,0.0005298954,PAYLOAD,LARGE,DEBRIS,SMALL,5.00,15099,METEOR 2-11,1.00,31005,FENGYUN 1C DEB,2025-10-08T21:37:27.742000
1180540790,2025-10-06 23:21:10.000000,Y,147,0.003465395,DEBRIS,SMALL,PAYLOAD,MEDIUM,1.00,13619,COSMOS 1275 DEB,5.00,1292,GGSE 3,2025-10-08T01:45:34.442000
1180540188,2025-10-06 23:21:04.000000,Y,93,0.0001021672,DEBRIS,SMALL,DEBRIS,SMALL,1.00,12963,COSMOS 1275 DEB,1.00,42182,COSMOS 1275 DEB,2025-10-07T11:26:08.007000
1180539082,2025-10-06 23:20:50.000000,Y,181,0.0003167583,ROCKET BODY,LARGE,DEBRIS,SMALL,3.00,10515,SL-3 R/B,1.00,17618,COSMOS 1275 DEB,2025-10-08T10:40:08.267000
1180538802,2025-10-06 23:20:47.000000,Y,36,0.002364558,ROCKET BODY,LARGE,DEBRIS,SMALL,3.00,9904,SL-3 R/B,1.00,30703,FENGYUN 1C DEB,2025-10-07T16:33:32.910000
1180537498,2025-10-06 23:20:28.000000,Y,137,0.0002866962,PAYLOAD,LARGE,UNKNOWN,SMALL,5.00,5905,COSMOS 480,3.00,270310,UNKNOWN,2025-10-09T18:22:18.578000
1180537267,2025-10-06 23:20:26.000000,Y,131,0.001144113,ROCKET BODY,LARGE,DEBRIS,MEDIUM,3.00,5707,SL-8 R/B,1.00,33775,IRIDIUM 33 DEB,2025-10-09T06:23:34.052000
1180536540,2025-10-06 23:20:06.000000,Y,116,0.0005056169,DEBRIS,SMALL,ROCKET BODY,LARGE,1.00,4734,THORAD AGENA D DEB,3.00,18710,SL-8 R/B,2025-10-07T17:21:34.800000
1180534962,2025-10-06 23:19:47.000000,Y,147,0.003465395,PAYLOAD,MEDIUM,DEBRIS,SMALL,5.00,1292,GGSE 3,1.00,13619,COSMOS 1275 DEB,2025-10-08T01:45:34.442000
1180413840,2025-10-06 22:09:02.000000,Y,4192,,ROCKET BODY,LARGE,ROCKET BODY,LARGE,3.00,40535,DELTA 4 R/B,3.00,29237,BLOCK DM-SL R/B,2025-10-08T03:07:46.911000
1180413892,2025-10-06 22:09:02.000000,Y,4655,,DEBRIS,MEDIUM,DEBRIS,MEDIUM,1.00,40785,ARIANE 2 DEB,1.00,33535,ARIANE 2 DEB,2025-10-06T23:18:10.579000
1180413893,2025-10-06 22:09:02.000000,Y,4890,,DEBRIS,MEDIUM,DEBRIS,MEDIUM,1.00,40785,ARIANE 2 DEB,1.00,33535,ARIANE 2 DEB,2025-10-07T09:12:25.017000
1180413010,2025-10-06 22:08:51.000000,Y,4655,,DEBRIS,MEDIUM,DEBRIS,MEDIUM,1.00,33535,ARIANE 2 DEB,1.00,40785,ARIANE 2 DEB,2025-10-06T23:18:10.579000
1180413011,2025-10-06 22:08:51.000000,Y,4890,,DEBRIS,MEDIUM,DEBRIS,MEDIUM,1.00,33535,ARIANE 2 DEB,1.00,40785,ARIANE 2 DEB,2025-10-07T09:12:25.017000
1180412579,2025-10-06 22:08:46.000000,Y,4192,,ROCKET BODY,LARGE,ROCKET BODY,LARGE,3.00,29237,BLOCK DM-SL R/B,3.00,40535,DELTA 4 R/B,2025-10-08T03:07:46.911000
1180187630,2025-10-06 14:16:17.000000,Y,929,0.0001014609,DEBRIS,SMALL,DEBRIS,MEDIUM,1.00,60681,CZ-6A DEB,1.00,12204,DELTA 1 DEB,2025-10-09T13:41:06.162000
1180161585,2025-10-06 14:10:54.000000,Y,118,0.0001161079,DEBRIS,MEDIUM,DEBRIS,SMALL,1.00,54466,CZ-6A DEB,1.00,36342,METEOR 2-8 DEB,2025-10-06T20:27:37.600000
1180161028,2025-10-06 14:10:45.000000,Y,134,0.0001904618,DEBRIS,SMALL,DEBRIS,SMALL,1.00,54315,CZ-6A DEB,1.00,33650,FENGYUN 1C DEB,2025-10-06T13:14:00.322000
1180138265,2025-10-06 14:07:05.000000,Y,63,0.0001162909,DEBRIS,SMALL,ROCKET BODY,MEDIUM,1.00,42166,COSMOS 1275 DEB,3.00,14113,ATLAS H R/B,2025-10-09T05:07:20.259000
1180138295,2025-10-06 14:07:05.000000,Y,98,0.0001023248,DEBRIS,SMALL,DEBRIS,SMALL,1.00,42182,COSMOS 1275 DEB,1.00,12963,COSMOS 1275 DEB,2025-10-07T11:26:08.011000
1180138102,2025-10-06 14:07:03.000000,Y,276,0.0004906533,DEBRIS,SMALL,PAYLOAD,MEDIUM,1.00,42082,DELTA 1 DEB,5.00,21106,COSMOS 2131,2025-10-06T16:56:09.411000
1180130971,2025-10-06 14:05:28.000000,Y,91,0.01247077,ROCKET BODY,LARGE,PAYLOAD,LARGE,3.00,39154,CZ-2D R/B,5.00,28230,GP-B,2025-10-09T11:51:54.841000
1180127045,2025-10-06 14:04:38.000000,Y,118,0.0001161079,DEBRIS,SMALL,DEBRIS,MEDIUM,1.00,36342,METEOR 2-8 DEB,1.00,54466,CZ-6A DEB,2025-10-06T20:27:37.600000
1180124681,2025-10-06 14:04:11.000000,Y,85,0.0002125189,DEBRIS,SMALL,DEBRIS,SMALL,1.00,35233,FENGYUN 1C DEB,1.00,34732,COSMOS 2251 DEB,2025-10-06T12:53:13.203000
1180124646,2025-10-06 14:04:10.000000,Y,170,0.0006885941,DEBRIS,SMALL,PAYLOAD,LARGE,1.00,35208,FENGYUN 1C DEB,5.00,22565,COSMOS 2237,2025-10-06T13:05:08.600000
1180123753,2025-10-06 14:03:59.000000,Y,85,0.0002125189,DEBRIS,SMALL,DEBRIS,SMALL,1.00,34732,COSMOS 2251 DEB,1.00,35233,FENGYUN 1C DEB,2025-10-06T12:53:13.203000
1180123565,2025-10-06 14:03:57.000000,Y,300,0.0001231443,DEBRIS,SMALL,DEBRIS,SMALL,1.00,34589,COSMOS 2251 DEB,1.00,16020,SCOUT G-1 DEB,2025-10-09T04:48:47.571000
1180121642,2025-10-06 14:03:34.000000,Y,236,0.0006186649,DEBRIS,MEDIUM,ROCKET BODY,LARGE,1.00,33775,IRIDIUM 33 DEB,3.00,5707,SL-8 R/B,2025-10-09T06:23:34.095000
1180121232,2025-10-06 14:03:29.000000,Y,134,0.0001904618,DEBRIS,SMALL,DEBRIS,SMALL,1.00,33650,FENGYUN 1C DEB,1.00,54315,CZ-6A DEB,2025-10-06T13:14:00.322000
1180120858,2025-10-06 14:03:25.000000,Y,326,0.0009862892,DEBRIS,LARGE,UNKNOWN,SMALL,1.00,33318,SL-24 DEB,5.00,42827,OBJECT C,2025-10-06T18:12:21.644000
1180116673,2025-10-06 14:02:31.000000,Y,200,0.0004868827,DEBRIS,SMALL,PAYLOAD,LARGE,1.00,31005,FENGYUN 1C DEB,5.00,15099,METEOR 2-11,2025-10-08T21:37:27.787000
1180115653,2025-10-06 14:02:19.000000,Y,42,0.001860939,DEBRIS,SMALL,ROCKET BODY,LARGE,1.00,30703,FENGYUN 1C DEB,3.00,9904,SL-3 R/B,2025-10-07T16:33:32.932000
1180111361,2025-10-06 14:01:24.000000,Y,91,0.01247077,PAYLOAD,LARGE,ROCKET BODY,LARGE,5.00,28230,GP-B,3.00,39154,CZ-2D R/B,2025-10-09T11:51:54.841000
1180110067,2025-10-06 14:01:09.000000,Y,331,0.0002036913,PAYLOAD,LARGE,UNKNOWN,SMALL,5.00,26366,SIMSAT 2,3.00,87690,UNKNOWN,2025-10-07T20:40:04.408000
1180107579,2025-10-06 14:00:34.000000,Y,170,0.0006885941,PAYLOAD,LARGE,DEBRIS,SMALL,5.00,22565,COSMOS 2237,1.00,35208,FENGYUN 1C DEB,2025-10-06T13:05:08.600000
1180106665,2025-10-06 14:00:23.000000,Y,276,0.0004906533,PAYLOAD,MEDIUM,DEBRIS,SMALL,5.00,21106,COSMOS 2131,1.00,42082,DELTA 1 DEB,2025-10-06T16:56:09.411000
1180105404,2025-10-06 14:00:04.000000,Y,105,0.0006030006,ROCKET BODY,LARGE,DEBRIS,SMALL,3.00,18710,SL-8 R/B,1.00,4734,THORAD AGENA D DEB,2025-10-07T17:21:34.803000
1180105021,2025-10-06 14:00:00.000000,Y,209,0.0003560935,PAYLOAD,LARGE,DEBRIS,SMALL,5.00,17973,COSMOS 1844,1.00,12962,COSMOS 1275 DEB,2025-10-07T15:56:46.810000
1180104859,2025-10-06 13:59:56.000000,Y,132,0.0002819784,DEBRIS,SMALL,ROCKET BODY,LARGE,1.00,17618,COSMOS 1275 DEB,3.00,10515,SL-3 R/B,2025-10-08T10:40:08.262000
1180104354,2025-10-06 13:59:51.000000,Y,300,0.0001231443,DEBRIS,SMALL,DEBRIS,SMALL,1.00,16020,SCOUT G-1 DEB,1.00,34589,COSMOS 2251 DEB,2025-10-09T04:48:47.571000
1180104061,2025-10-06 13:59:48.000000,Y,200,0.0004868827,PAYLOAD,LARGE,DEBRIS,SMALL,5.00,15099,METEOR 2-11,1.00,31005,FENGYUN 1C DEB,2025-10-08T21:37:27.787000
1180103174,2025-10-06 13:59:35.000000,Y,63,0.0001162909,ROCKET BODY,MEDIUM,DEBRIS,SMALL,3.00,14113,ATLAS H R/B,1.00,42166,COSMOS 1275 DEB,2025-10-09T05:07:20.259000
1180102811,2025-10-06 13:59:31.000000,Y,84,0.00503047,DEBRIS,SMALL,PAYLOAD,MEDIUM,1.00,13619,COSMOS 1275 DEB,5.00,1292,GGSE 3,2025-10-08T01:45:34.460000
1180102211,2025-10-06 13:59:24.000000,Y,209,0.0003560935,DEBRIS,SMALL,PAYLOAD,LARGE,1.00,12962,COSMOS 1275 DEB,5.00,17973,COSMOS 1844,2025-10-07T15:56:46.810000
1180102216,2025-10-06 13:59:24.000000,Y,98,0.0001023248,DEBRIS,SMALL,DEBRIS,SMALL,1.00,12963,COSMOS 1275 DEB,1.00,42182,COSMOS 1275 DEB,2025-10-07T11:26:08.011000
1180101686,2025-10-06 13:59:17.000000,Y,929,0.0001014609,DEBRIS,MEDIUM,DEBRIS,SMALL,1.00,12204,DELTA 1 DEB,1.00,60681,CZ-6A DEB,2025-10-09T13:41:06.162000
1180101154,2025-10-06 13:59:12.000000,Y,132,0.0002819784,ROCKET BODY,LARGE,DEBRIS,SMALL,3.00,10515,SL-3 R/B,1.00,17618,COSMOS 1275 DEB,2025-10-08T10:40:08.262000
1180100890,2025-10-06 13:59:08.000000,Y,42,0.001860939,ROCKET BODY,LARGE,DEBRIS,SMALL,3.00,9904,SL-3 R/B,1.00,30703,FENGYUN 1C DEB,2025-10-07T16:33:32.932000
1180099466,2025-10-06 13:58:51.000000,Y,236,0.0006186649,ROCKET BODY,LARGE,DEBRIS,MEDIUM,3.00,5707,SL-8 R/B,1.00,33775,IRIDIUM 33 DEB,2025-10-09T06:23:34.095000
1180098769,2025-10-06 13:58:42.000000,Y,105,0.0006030006,DEBRIS,SMALL,ROCKET BODY,LARGE,1.00,4734,THORAD AGENA D DEB,3.00,18710,SL-8 R/B,2025-10-07T17:21:34.803000
1180097643,2025-10-06 13:58:28.000000,Y,467,0.0001270305,PAYLOAD,MEDIUM,UNKNOWN,SMALL,5.00,2435,ESSA 3 (TOS-A),3.00,270281,UNKNOWN,2025-10-06T19:10:41.120000
1180097263,2025-10-06 13:58:25.000000,Y,84,0.00503047,PAYLOAD,MEDIUM,DEBRIS,SMALL,5.00,1292,GGSE 3,1.00,13619,COSMOS 1275 DEB,2025-10-08T01:45:34.460000
1180017744,2025-10-06 12:49:17.000000,Y,4651,,DEBRIS,MEDIUM,DEBRIS,MEDIUM,1.00,40785,ARIANE 2 DEB,1.00,33535,ARIANE 2 DEB,2025-10-06T23:18:20.714000
1180017697,2025-10-06 12:49:16.000000,Y,4564,,ROCKET BODY,LARGE,ROCKET BODY,LARGE,3.00,40535,DELTA 4 R/B,3.00,29237,BLOCK DM-SL R/B,2025-10-08T03:07:46.847000
1180017743,2025-10-06 12:49:16.000000,Y,4433,,DEBRIS,MEDIUM,DEBRIS,MEDIUM,1.00,40785,ARIANE 2 DEB,1.00,33535,ARIANE 2 DEB,2025-10-06T13:24:30.236000
1180017745,2025-10-06 12:49:16.000000,Y,4881,,DEBRIS,MEDIUM,DEBRIS,MEDIUM,1.00,40785,ARIANE 2 DEB,1.00,33535,ARIANE 2 DEB,2025-10-07T09:12:37.082000
1180016794,2025-10-06 12:49:10.000000,Y,4433,,DEBRIS,MEDIUM,DEBRIS,MEDIUM,1.00,33535,ARIANE 2 DEB,1.00,40785,ARIANE 2 DEB,2025-10-06T13:24:30.236000
1180016796,2025-10-06 12:49:10.000000,Y,4881,,DEBRIS,MEDIUM,DEBRIS,MEDIUM,1.00,33535,ARIANE 2 DEB,1.00,40785,ARIANE 2 DEB,2025-10-07T09:12:37.082000
1180016795,2025-10-06 12:49:09.000000,Y,4651,,DEBRIS,MEDIUM,DEBRIS,MEDIUM,1.00,33535,ARIANE 2 DEB,1.00,40785,ARIANE 2 DEB,2025-10-06T23:18:20.714000
1180016374,2025-10-06 12:49:06.000000,Y,4564,,ROCKET BODY,LARGE,ROCKET BODY,LARGE,3.00,29237,BLOCK DM-SL R/B,3.00,40535,DELTA 4 R/B,2025-10-08T03:07:46.847000
1180016145,2025-10-06 12:49:04.000000,Y,1599,,ROCKET BODY,LARGE,ROCKET BODY,LARGE,3.00,27780,SL-12 R/B(2),3.00,26939,SL-12 R/B(2),2025-10-06T13:32:22.498000
1180016021,2025-10-06 12:49:03.000000,Y,1599,,ROCKET BODY,LARGE,ROCKET BODY,LARGE,3.00,26939,SL-12 R/B(2),3.00,27780,SL-12 R/B(2),2025-10-06T13:32:22.498000
1179663770,2025-10-06 04:21:29.000000,Y,90,0.0002611336,DEBRIS,MEDIUM,DEBRIS,SMALL,1.00,54466,CZ-6A DEB,1.00,36342,METEOR 2-8 DEB,2025-10-06T20:27:37.594000
1179723739,2025-10-06 04:17:35.000000,Y,270,0.0005143715,DEBRIS,SMALL,PAYLOAD,MEDIUM,1.00,42082,DELTA 1 DEB,5.00,21106,COSMOS 2131,2025-10-06T16:56:09.410000
1179654965,2025-10-06 04:15:53.000000,Y,340,0.0001903184,ROCKET BODY,LARGE,DEBRIS,SMALL,3.00,37932,CZ-2D R/B,1.00,29918,FENGYUN 1C DEB,2025-10-08T12:05:14.749000
1179654894,2025-10-06 04:15:52.000000,Y,54,0.0003532153,DEBRIS,SMALL,DEBRIS,SMALL,1.00,37906,FENGYUN 1C DEB,1.00,28992,METEOR 2-17 DEB,2025-10-06T08:27:36.477000
1179652590,2025-10-06 04:15:27.000000,Y,90,0.0002611336,DEBRIS,SMALL,DEBRIS,MEDIUM,1.00,36342,METEOR 2-8 DEB,1.00,54466,CZ-6A DEB,2025-10-06T20:27:37.594000
1179638529,2025-10-06 04:14:56.000000,Y,170,0.0006933151,DEBRIS,SMALL,PAYLOAD,LARGE,1.00,35208,FENGYUN 1C DEB,5.00,22565,COSMOS 2237,2025-10-06T13:05:08.599000
1179636824,2025-10-06 04:14:35.000000,Y,162,0.0001541218,DEBRIS,SMALL,UNKNOWN,SMALL,1.00,34375,IRIDIUM 33 DEB,3.00,270041,UNKNOWN,2025-10-08T04:21:29.081000
1179636065,2025-10-06 04:14:27.000000,Y,505,0.001226362,DEBRIS,SMALL,PAYLOAD,MEDIUM,1.00,33944,COSMOS 2251 DEB,5.00,20442,OSCAR 19 (LUSAT),2025-10-08T06:12:18.438000
1179634654,2025-10-06 04:14:10.000000,Y,757,0.0006774946,DEBRIS,LARGE,UNKNOWN,SMALL,1.00,33318,SL-24 DEB,5.00,42827,OBJECT C,2025-10-06T18:12:21.729000
1179633740,2025-10-06 04:14:00.000000,Y,200,0.0003360045,DEBRIS,SMALL,PAYLOAD,LARGE,1.00,32200,FENGYUN 1C DEB,5.00,11165,COSMOS 1066,2025-10-06T04:11:45.584000
1179630880,2025-10-06 04:13:28.000000,Y,117,0.0001483796,DEBRIS,SMALL,DEBRIS,SMALL,1.00,31192,FENGYUN 1C DEB,1.00,44618,CZ-4C DEB,2025-10-06T17:28:34.328000
1179630303,2025-10-06 04:13:21.000000,Y,189,0.0009294302,DEBRIS,SMALL,PAYLOAD,LARGE,1.00,31005,FENGYUN 1C DEB,5.00,15099,METEOR 2-11,2025-10-08T21:37:27.745000
1179629249,2025-10-06 04:13:10.000000,Y,124,0.0004436692,DEBRIS,SMALL,ROCKET BODY,LARGE,1.00,30703,FENGYUN 1C DEB,3.00,9904,SL-3 R/B,2025-10-07T16:33:32.821000
1179626737,2025-10-06 04:12:24.000000,Y,340,0.0001903184,DEBRIS,SMALL,ROCKET BODY,LARGE,1.00,29918,FENGYUN 1C DEB,3.00,37932,CZ-2D R/B,2025-10-08T12:05:14.749000
1179625731,2025-10-06 04:12:13.000000,Y,54,0.0003532153,DEBRIS,SMALL,DEBRIS,SMALL,1.00,28992,METEOR 2-17 DEB,1.00,37906,FENGYUN 1C DEB,2025-10-06T08:27:36.477000
1179623509,2025-10-06 04:11:49.000000,Y,348,0.0002734808,PAYLOAD,LARGE,UNKNOWN,SMALL,5.00,26366,SIMSAT 2,3.00,87690,UNKNOWN,2025-10-07T20:40:04.238000
1179620898,2025-10-06 04:11:19.000000,Y,170,0.0006933151,PAYLOAD,LARGE,DEBRIS,SMALL,5.00,22565,COSMOS 2237,1.00,35208,FENGYUN 1C DEB,2025-10-06T13:05:08.599000
1179620407,2025-10-06 04:11:14.000000,Y,486,0.0002439921,PAYLOAD,LARGE,DEBRIS,SMALL,5.00,21875,COSMOS 2180,1.00,10747,DELTA 1 DEB,2025-10-08T20:27:38.164000
1179619978,2025-10-06 04:11:09.000000,Y,270,0.0005143715,PAYLOAD,MEDIUM,DEBRIS,SMALL,5.00,21106,COSMOS 2131,1.00,42082,DELTA 1 DEB,2025-10-06T16:56:09.410000
1179620011,2025-10-06 04:11:09.000000,Y,304,0.0001103318,ROCKET BODY,LARGE,DEBRIS,SMALL,3.00,21305,SL-14 R/B,1.00,3974,DELTA 1 DEB,2025-10-06T08:53:30.263000
1179619372,2025-10-06 04:11:02.000000,Y,505,0.001226362,PAYLOAD,MEDIUM,DEBRIS,SMALL,5.00,20442,OSCAR 19 (LUSAT),1.00,33944,COSMOS 2251 DEB,2025-10-08T06:12:18.438000
1179618681,2025-10-06 04:10:54.000000,Y,139,0.0005619147,ROCKET BODY,LARGE,DEBRIS,SMALL,3.00,18710,SL-8 R/B,1.00,4734,THORAD AGENA D DEB,2025-10-07T17:21:34.798000
1179618273,2025-10-06 04:10:50.000000,Y,193,0.0007387452,PAYLOAD,LARGE,DEBRIS,SMALL,5.00,17973,COSMOS 1844,1.00,12962,COSMOS 1275 DEB,2025-10-07T15:56:46.805000
1179617292,2025-10-06 04:10:39.000000,Y,189,0.0009294302,PAYLOAD,LARGE,DEBRIS,SMALL,5.00,15099,METEOR 2-11,1.00,31005,FENGYUN 1C DEB,2025-10-08T21:37:27.745000
1179616056,2025-10-06 04:10:25.000000,Y,201,0.003173107,DEBRIS,SMALL,PAYLOAD,MEDIUM,1.00,13619,COSMOS 1275 DEB,5.00,1292,GGSE 3,2025-10-08T01:45:34.417000
1179615464,2025-10-06 04:10:19.000000,Y,193,0.0007387452,DEBRIS,SMALL,PAYLOAD,LARGE,1.00,12962,COSMOS 1275 DEB,5.00,17973,COSMOS 1844,2025-10-07T15:56:46.805000
1179614610,2025-10-06 04:10:09.000000,Y,183,0.0002160704,PAYLOAD,LARGE,DEBRIS,SMALL,5.00,11165,COSMOS 1066,1.00,32200,FENGYUN 1C DEB,2025-10-06T04:11:45.601000
1179614465,2025-10-06 04:10:07.000000,Y,486,0.0002439921,DEBRIS,SMALL,PAYLOAD,LARGE,1.00,10747,DELTA 1 DEB,5.00,21875,COSMOS 2180,2025-10-08T20:27:38.164000
1179614056,2025-10-06 04:10:03.000000,Y,124,0.0004436692,ROCKET BODY,LARGE,DEBRIS,SMALL,3.00,9904,SL-3 R/B,1.00,30703,FENGYUN 1C DEB,2025-10-07T16:33:32.821000
1179611823,2025-10-06 04:09:38.000000,Y,139,0.0005619147,DEBRIS,SMALL,ROCKET BODY,LARGE,1.00,4734,THORAD AGENA D DEB,3.00,18710,SL-8 R/B,2025-10-07T17:21:34.798000
1179611223,2025-10-06 04:09:32.000000,Y,304,0.0001103318,DEBRIS,SMALL,ROCKET BODY,LARGE,1.00,3974,DELTA 1 DEB,3.00,21305,SL-14 R/B,2025-10-06T08:53:30.263000
1179610644,2025-10-06 04:09:25.000000,Y,454,0.0001293296,PAYLOAD,MEDIUM,UNKNOWN,SMALL,5.00,2435,ESSA 3 (TOS-A),3.00,270281,UNKNOWN,2025-10-06T19:10:41.115000
1179610269,2025-10-06 04:09:21.000000,Y,201,0.003173107,PAYLOAD,MEDIUM,DEBRIS,SMALL,5.00,1292,GGSE 3,1.00,13619,COSMOS 1275 DEB,2025-10-08T01:45:34.417000
1179597497,2025-10-06 03:01:54.000000,Y,4719,,ROCKET BODY,LARGE,DEBRIS,MEDIUM,3.00,51851,ATLAS 5 CENTAUR R/B,1.00,23292,SL-12 DEB,2025-10-06T04:28:54.234000
1179595358,2025-10-06 03:01:48.000000,Y,4231,,DEBRIS,MEDIUM,DEBRIS,MEDIUM,1.00,40785,ARIANE 2 DEB,1.00,33535,ARIANE 2 DEB,2025-10-06T03:31:23.495000
1179595359,2025-10-06 03:01:48.000000,Y,4440,,DEBRIS,MEDIUM,DEBRIS,MEDIUM,1.00,40785,ARIANE 2 DEB,1.00,33535,ARIANE 2 DEB,2025-10-06T13:24:08.723000
1179595360,2025-10-06 03:01:48.000000,Y,4668,,DEBRIS,MEDIUM,DEBRIS,MEDIUM,1.00,40785,ARIANE 2 DEB,1.00,33535,ARIANE 2 DEB,2025-10-06T23:17:51.371000
1179595361,2025-10-06 03:01:48.000000,Y,4915,,DEBRIS,MEDIUM,DEBRIS,MEDIUM,1.00,40785,ARIANE 2 DEB,1.00,33535,ARIANE 2 DEB,2025-10-07T09:12:05.223000
1179595307,2025-10-06 03:01:47.000000,Y,4553,,ROCKET BODY,LARGE,ROCKET BODY,LARGE,3.00,40535,DELTA 4 R/B,3.00,29237,BLOCK DM-SL R/B,2025-10-08T03:07:46.845000
1179595035,2025-10-06 03:01:45.000000,Y,2248,,ROCKET BODY,LARGE,ROCKET BODY,LARGE,3.00,38993,ARIANE 5 R/B,3.00,17563,DELTA 1 R/B(2),2025-10-06T06:30:49.155000
1179594385,2025-10-06 03:01:40.000000,Y,4440,,DEBRIS,MEDIUM,DEBRIS,MEDIUM,1.00,33535,ARIANE 2 DEB,1.00,40785,ARIANE 2 DEB,2025-10-06T13:24:08.723000
1179594387,2025-10-06 03:01:40.000000,Y,4915,,DEBRIS,MEDIUM,DEBRIS,MEDIUM,1.00,33535,ARIANE 2 DEB,1.00,40785,ARIANE 2 DEB,2025-10-07T09:12:05.223000
1179594384,2025-10-06 03:01:39.000000,Y,4231,,DEBRIS,MEDIUM,DEBRIS,MEDIUM,1.00,33535,ARIANE 2 DEB,1.00,40785,ARIANE 2 DEB,2025-10-06T03:31:23.495000
1179594386,2025-10-06 03:01:39.000000,Y,4668,,DEBRIS,MEDIUM,DEBRIS,MEDIUM,1.00,33535,ARIANE 2 DEB,1.00,40785,ARIANE 2 DEB,2025-10-06T23:17:51.371000
1179593930,2025-10-06 03:01:36.000000,Y,4553,,ROCKET BODY,LARGE,ROCKET BODY,LARGE,3.00,29237,BLOCK DM-SL R/B,3.00,40535,DELTA 4 R/B,2025-10-08T03:07:46.845000
1179593691,2025-10-06 03:01:34.000000,Y,1599,,ROCKET BODY,LARGE,ROCKET BODY,LARGE,3.00,27780,SL-12 R/B(2),3.00,26939,SL-12 R/B(2),2025-10-06T13:32:22.499000
1179593560,2025-10-06 03:01:32.000000,Y,1599,,ROCKET BODY,LARGE,ROCKET BODY,LARGE,3.00,26939,SL-12 R/B(2),3.00,27780,SL-12 R/B(2),2025-10-06T13:32:22.499000
1179592805,2025-10-06 03:01:27.000000,Y,4719,,DEBRIS,MEDIUM,ROCKET BODY,LARGE,1.00,23292,SL-12 DEB,3.00,51851,ATLAS 5 CENTAUR R/B,2025-10-06T04:28:54.234000
1179592401,2025-10-06 03:01:24.000000,Y,2248,,ROCKET BODY,LARGE,ROCKET BODY,LARGE,3.00,17563,DELTA 1 R/B(2),3.00,38993,ARIANE 5 R/B,2025-10-06T06:30:49.155000
1179370388,2025-10-05 21:46:18.000000,Y,521,0.0001157936,DEBRIS,SMALL,PAYLOAD,LARGE,1.00,64655,CZ-6A DEB,5.00,25791,FUSE 1,2025-10-07T23:27:17.315000
1179356409,2025-10-05 21:42:58.000000,Y,73,0.0004125089,DEBRIS,SMALL,UNKNOWN,SMALL,1.00,61393,CZ-6A DEB,3.00,87204,UNKNOWN,2025-10-06T08:03:22.519000
1179356048,2025-10-05 21:42:50.000000,Y,52,0.0001078416,DEBRIS,SMALL,DEBRIS,SMALL,1.00,61312,CZ-6A DEB,1.00,416,THOR ABLESTAR DEB,2025-10-06T05:46:27.612000
1179349832,2025-10-05 21:38:43.000000,Y,320,0.0003833591,ROCKET BODY,MEDIUM,DEBRIS,SMALL,3.00,58818,QAEM 100 R/B,1.00,17754,SL-8 DEB,2025-10-06T22:21:02.562000
1179328847,2025-10-05 21:30:28.000000,Y,138,0.0002055465,DEBRIS,SMALL,ROCKET BODY,LARGE,1.00,48755,NOAA 17 DEB,3.00,12988,SL-14 R/B,2025-10-06T18:03:41.932000
1179323487,2025-10-05 21:29:05.000000,Y,99,0.0001177627,DEBRIS,SMALL,DEBRIS,SMALL,1.00,44618,CZ-4C DEB,1.00,31192,FENGYUN 1C DEB,2025-10-06T17:28:34.305000
1179306410,2025-10-05 21:27:36.000000,Y,35,0.0001642659,DEBRIS,SMALL,DEBRIS,SMALL,1.00,42114,COSMOS 1275 DEB,1.00,27493,CZ-4 DEB,2025-10-06T22:05:07.120000
1179306315,2025-10-05 21:27:34.000000,Y,270,0.0005128146,DEBRIS,SMALL,PAYLOAD,MEDIUM,1.00,42082,DELTA 1 DEB,5.00,21106,COSMOS 2131,2025-10-06T16:56:09.409000
1179296676,2025-10-05 21:25:35.000000,Y,678,0.0001346388,ROCKET BODY,LARGE,DEBRIS,SMALL,3.00,37932,CZ-2D R/B,1.00,29918,FENGYUN 1C DEB,2025-10-08T12:05:14.568000
1179291732,2025-10-05 21:23:42.000000,Y,268,0.0001104112,DEBRIS,SMALL,PAYLOAD,LARGE,1.00,35208,FENGYUN 1C DEB,5.00,22565,COSMOS 2237,2025-10-06T13:05:08.510000
1179289967,2025-10-05 21:22:53.000000,Y,123,0.00021319,DEBRIS,SMALL,UNKNOWN,SMALL,1.00,34375,IRIDIUM 33 DEB,3.00,270041,UNKNOWN,2025-10-08T04:21:28.916000
1179289230,2025-10-05 21:22:30.000000,Y,251,0.001313323,DEBRIS,SMALL,PAYLOAD,MEDIUM,1.00,33944,COSMOS 2251 DEB,5.00,20442,OSCAR 19 (LUSAT),2025-10-08T06:12:18.379000
1179288977,2025-10-05 21:22:21.000000,Y,61,0.0001764171,DEBRIS,MEDIUM,DEBRIS,SMALL,1.00,33866,IRIDIUM 33 DEB,1.00,54513,CZ-6A DEB,2025-10-06T10:39:18.984000
1179287776,2025-10-05 21:21:16.000000,Y,104,0.0003746537,DEBRIS,LARGE,UNKNOWN,SMALL,1.00,33318,SL-24 DEB,5.00,42827,OBJECT C,2025-10-06T18:12:21.563000
1179286826,2025-10-05 21:20:17.000000,Y,204,0.0002977909,DEBRIS,SMALL,PAYLOAD,LARGE,1.00,32200,FENGYUN 1C DEB,5.00,11165,COSMOS 1066,2025-10-06T04:11:45.584000
1179283882,2025-10-05 21:17:32.000000,Y,99,0.0001177627,DEBRIS,SMALL,DEBRIS,SMALL,1.00,31192,FENGYUN 1C DEB,1.00,44618,CZ-4C DEB,2025-10-06T17:28:34.305000
1179282238,2025-10-05 21:16:05.000000,Y,166,0.000279793,DEBRIS,SMALL,ROCKET BODY,LARGE,1.00,30703,FENGYUN 1C DEB,3.00,9904,SL-3 R/B,2025-10-07T16:33:32.785000
1179280002,2025-10-05 21:14:11.000000,Y,194,0.0005154072,DEBRIS,SMALL,PAYLOAD,LARGE,1.00,30022,FENGYUN 1C DEB,5.00,9443,COSMOS 858,2025-10-07T15:23:23.037000
1179279607,2025-10-05 21:13:51.000000,Y,678,0.0001346388,DEBRIS,SMALL,ROCKET BODY,LARGE,1.00,29918,FENGYUN 1C DEB,3.00,37932,CZ-2D R/B,2025-10-08T12:05:14.568000
1179277072,2025-10-05 21:11:47.000000,Y,35,0.0001642659,DEBRIS,SMALL,DEBRIS,SMALL,1.00,27493,CZ-4 DEB,1.00,42114,COSMOS 1275 DEB,2025-10-06T22:05:07.120000
1179275464,2025-10-05 21:10:55.000000,Y,521,0.0001157936,PAYLOAD,LARGE,DEBRIS,SMALL,5.00,25791,FUSE 1,1.00,64655,CZ-6A DEB,2025-10-07T23:27:17.315000
1179273664,2025-10-05 21:08:59.000000,Y,268,0.0001104112,PAYLOAD,LARGE,DEBRIS,SMALL,5.00,22565,COSMOS 2237,1.00,35208,FENGYUN 1C DEB,2025-10-06T13:05:08.510000
1179273156,2025-10-05 21:08:21.000000,Y,295,0.0003519954,PAYLOAD,LARGE,DEBRIS,SMALL,5.00,21875,COSMOS 2180,1.00,10747,DELTA 1 DEB,2025-10-08T20:27:37.981000
1179272716,2025-10-05 21:07:51.000000,Y,270,0.0005128146,PAYLOAD,MEDIUM,DEBRIS,SMALL,5.00,21106,COSMOS 2131,1.00,42082,DELTA 1 DEB,2025-10-06T16:56:09.409000
1179272749,2025-10-05 21:07:51.000000,Y,306,0.0001103526,ROCKET BODY,LARGE,DEBRIS,SMALL,3.00,21305,SL-14 R/B,1.00,3974,DELTA 1 DEB,2025-10-06T08:53:30.263000
1179272085,2025-10-05 21:07:01.000000,Y,251,0.001313323,PAYLOAD,MEDIUM,DEBRIS,SMALL,5.00,20442,OSCAR 19 (LUSAT),1.00,33944,COSMOS 2251 DEB,2025-10-08T06:12:18.379000
1179271420,2025-10-05 21:06:03.000000,Y,227,0.000195879,ROCKET BODY,LARGE,DEBRIS,SMALL,3.00,18710,SL-8 R/B,1.00,4734,THORAD AGENA D DEB,2025-10-07T17:21:34.783000
1179271037,2025-10-05 21:05:28.000000,Y,73,0.001108302,PAYLOAD,LARGE,DEBRIS,SMALL,5.00,17973,COSMOS 1844,1.00,12962,COSMOS 1275 DEB,2025-10-07T15:56:46.779000
1179271082,2025-10-05 21:05:28.000000,Y,254,0.0001309878,PAYLOAD,MEDIUM,PAYLOAD,MEDIUM,5.00,18113,COSMOS 1852,5.00,8610,COSMOS 794,2025-10-06T20:42:43.134000
1179270989,2025-10-05 21:05:20.000000,Y,320,0.0003833591,DEBRIS,SMALL,ROCKET BODY,MEDIUM,1.00,17754,SL-8 DEB,3.00,58818,QAEM 100 R/B,2025-10-06T22:21:02.562000
1179270676,2025-10-05 21:04:49.000000,Y,788,0.0001614185,DEBRIS,MEDIUM,DEBRIS,SMALL,1.00,17035,COSMOS 1771 FUEL CORE,1.00,10346,DELTA 1 DEB,2025-10-07T17:29:23.941000
1179268807,2025-10-05 21:04:10.000000,Y,323,0.001178709,DEBRIS,SMALL,PAYLOAD,MEDIUM,1.00,13619,COSMOS 1275 DEB,5.00,1292,GGSE 3,2025-10-08T01:45:34.390000
1179268281,2025-10-05 21:04:04.000000,Y,138,0.0002055465,ROCKET BODY,LARGE,DEBRIS,SMALL,3.00,12988,SL-14 R/B,1.00,48755,NOAA 17 DEB,2025-10-06T18:03:41.932000
1179268167,2025-10-05 21:04:02.000000,Y,73,0.001108302,DEBRIS,SMALL,PAYLOAD,LARGE,1.00,12962,COSMOS 1275 DEB,5.00,17973,COSMOS 1844,2025-10-07T15:56:46.779000
1179267331,2025-10-05 21:03:53.000000,Y,82,0.001456112,PAYLOAD,MEDIUM,DEBRIS,SMALL,5.00,11297,COSMOS 1082,1.00,1549,SL-8 DEB,2025-10-06T17:51:59.440000
1179267287,2025-10-05 21:03:52.000000,Y,204,0.0002977909,PAYLOAD,LARGE,DEBRIS,SMALL,5.00,11165,COSMOS 1066,1.00,32200,FENGYUN 1C DEB,2025-10-06T04:11:45.584000
1179267143,2025-10-05 21:03:51.000000,Y,295,0.0003519954,DEBRIS,SMALL,PAYLOAD,LARGE,1.00,10747,DELTA 1 DEB,5.00,21875,COSMOS 2180,2025-10-08T20:27:37.981000
1179266943,2025-10-05 21:03:49.000000,Y,788,0.0001614185,DEBRIS,SMALL,DEBRIS,MEDIUM,1.00,10346,DELTA 1 DEB,1.00,17035,COSMOS 1771 FUEL CORE,2025-10-07T17:29:23.941000
1179266715,2025-10-05 21:03:46.000000,Y,166,0.000279793,ROCKET BODY,LARGE,DEBRIS,SMALL,3.00,9904,SL-3 R/B,1.00,30703,FENGYUN 1C DEB,2025-10-07T16:33:32.785000
1179266484,2025-10-05 21:03:43.000000,Y,194,0.0005154072,PAYLOAD,LARGE,DEBRIS,SMALL,5.00,9443,COSMOS 858,1.00,30022,FENGYUN 1C DEB,2025-10-07T15:23:23.037000
1179266203,2025-10-05 21:03:41.000000,Y,260,0.0001219334,PAYLOAD,MEDIUM,PAYLOAD,MEDIUM,5.00,8610,COSMOS 794,5.00,18113,COSMOS 1852,2025-10-06T20:42:43.133000
1179264435,2025-10-05 21:03:20.000000,Y,227,0.000195879,DEBRIS,SMALL,ROCKET BODY,LARGE,1.00,4734,THORAD AGENA D DEB,3.00,18710,SL-8 R/B,2025-10-07T17:21:34.783000
1179263789,2025-10-05 21:03:13.000000,Y,306,0.0001103526,DEBRIS,SMALL,ROCKET BODY,LARGE,1.00,3974,DELTA 1 DEB,3.00,21305,SL-14 R/B,2025-10-06T08:53:30.263000
1179263200,2025-10-05 21:03:06.000000,Y,449,0.0001299608,PAYLOAD,MEDIUM,UNKNOWN,SMALL,5.00,2435,ESSA 3 (TOS-A),3.00,270281,UNKNOWN,2025-10-06T19:10:41.110000
1179262838,2025-10-05 21:03:03.000000,Y,323,0.001178709,PAYLOAD,MEDIUM,DEBRIS,SMALL,5.00,1292,GGSE 3,1.00,13619,COSMOS 1275 DEB,2025-10-08T01:45:34.390000
1179262889,2025-10-05 21:03:03.000000,Y,82,0.001456112,DEBRIS,SMALL,PAYLOAD,MEDIUM,1.00,1549,SL-8 DEB,5.00,11297,COSMOS 1082,2025-10-06T17:51:59.440000
1179262631,2025-10-05 21:03:01.000000,Y,52,0.0001078416,DEBRIS,SMALL,DEBRIS,SMALL,1.00,416,THOR ABLESTAR DEB,1.00,61312,CZ-6A DEB,2025-10-06T05:46:27.612000
1179183927,2025-10-05 19:49:53.000000,Y,4874,,ROCKET BODY,LARGE,DEBRIS,MEDIUM,3.00,51851,ATLAS 5 CENTAUR R/B,1.00,23292,SL-12 DEB,2025-10-06T04:28:54.204000
1179180246,2025-10-05 19:49:26.000000,Y,4935,,PAYLOAD,MEDIUM,ROCKET BODY,LARGE,5.00,16961,COSMOS 1778 (GLONASS),3.00,14984,SL-12 R/B(2),2025-10-06T02:45:42.078000
1178986632,2025-10-05 13:04:07.000000,Y,76,0.0003579251,DEBRIS,SMALL,UNKNOWN,SMALL,1.00,61393,CZ-6A DEB,3.00,87204,UNKNOWN,2025-10-06T08:03:22.521000
1178986259,2025-10-05 13:04:02.000000,Y,172,0.0001381819,DEBRIS,SMALL,DEBRIS,SMALL,1.00,61312,CZ-6A DEB,1.00,416,THOR ABLESTAR DEB,2025-10-06T05:46:27.596000
1178979597,2025-10-05 13:00:51.000000,Y,336,0.0002541791,ROCKET BODY,MEDIUM,DEBRIS,SMALL,3.00,58818,QAEM 100 R/B,1.00,17754,SL-8 DEB,2025-10-06T22:21:02.564000
1178966880,2025-10-05 12:58:23.000000,Y,87,0.0001347748,DEBRIS,SMALL,DEBRIS,MEDIUM,1.00,54513,CZ-6A DEB,1.00,33866,IRIDIUM 33 DEB,2025-10-06T10:39:18.974000
1178958735,2025-10-05 12:56:54.000000,Y,117,0.0001401074,DEBRIS,SMALL,ROCKET BODY,LARGE,1.00,48755,NOAA 17 DEB,3.00,12988,SL-14 R/B,2025-10-06T18:03:41.978000
1178925654,2025-10-05 12:55:53.000000,Y,105,0.0001147844,DEBRIS,SMALL,DEBRIS,SMALL,1.00,44618,CZ-4C DEB,1.00,31192,FENGYUN 1C DEB,2025-10-06T17:28:34.308000
1178918580,2025-10-05 12:54:34.000000,Y,267,0.0005855069,DEBRIS,SMALL,PAYLOAD,MEDIUM,1.00,42082,DELTA 1 DEB,5.00,21106,COSMOS 2131,2025-10-06T16:56:09.406000
1178918668,2025-10-05 12:54:34.000000,Y,85,0.0001110769,DEBRIS,SMALL,DEBRIS,SMALL,1.00,42114,COSMOS 1275 DEB,1.00,27493,CZ-4 DEB,2025-10-06T22:05:07.201000
1178910324,2025-10-05 12:53:03.000000,Y,135,0.000231459,DEBRIS,SMALL,ROCKET BODY,LARGE,1.00,38832,FENGYUN 1C DEB,3.00,11608,SL-3 R/B,2025-10-05T13:29:28.457000
1178904350,2025-10-05 12:52:00.000000,Y,267,0.0001174078,DEBRIS,SMALL,PAYLOAD,LARGE,1.00,35208,FENGYUN 1C DEB,5.00,22565,COSMOS 2237,2025-10-06T13:05:08.510000
1178901885,2025-10-05 12:51:31.000000,Y,309,0.001210294,DEBRIS,SMALL,PAYLOAD,MEDIUM,1.00,33944,COSMOS 2251 DEB,5.00,20442,OSCAR 19 (LUSAT),2025-10-08T06:12:18.394000
1178901651,2025-10-05 12:51:28.000000,Y,87,0.0001347748,DEBRIS,MEDIUM,DEBRIS,SMALL,1.00,33866,IRIDIUM 33 DEB,1.00,54513,CZ-6A DEB,2025-10-06T10:39:18.974000
1178900525,2025-10-05 12:51:09.000000,Y,89,0.00028351,DEBRIS,LARGE,UNKNOWN,SMALL,1.00,33318,SL-24 DEB,5.00,42827,OBJECT C,2025-10-06T18:12:21.619000
1178899602,2025-10-05 12:50:58.000000,Y,204,0.0003022544,DEBRIS,SMALL,PAYLOAD,LARGE,1.00,32200,FENGYUN 1C DEB,5.00,11165,COSMOS 1066,2025-10-06T04:11:45.586000
1178896763,2025-10-05 12:50:29.000000,Y,105,0.0001147844,DEBRIS,SMALL,DEBRIS,SMALL,1.00,31192,FENGYUN 1C DEB,1.00,44618,CZ-4C DEB,2025-10-06T17:28:34.308000
1178895164,2025-10-05 12:50:12.000000,Y,143,0.0003892101,DEBRIS,SMALL,ROCKET BODY,LARGE,1.00,30703,FENGYUN 1C DEB,3.00,9904,SL-3 R/B,2025-10-07T16:33:32.824000
1178893013,2025-10-05 12:49:49.000000,Y,182,0.001511885,DEBRIS,SMALL,PAYLOAD,LARGE,1.00,30022,FENGYUN 1C DEB,5.00,9443,COSMOS 858,2025-10-07T15:23:23.036000
1178890226,2025-10-05 12:49:17.000000,Y,85,0.0001110769,DEBRIS,SMALL,DEBRIS,SMALL,1.00,27493,CZ-4 DEB,1.00,42114,COSMOS 1275 DEB,2025-10-06T22:05:07.201000
1178886933,2025-10-05 12:48:28.000000,Y,267,0.0001174078,PAYLOAD,LARGE,DEBRIS,SMALL,5.00,22565,COSMOS 2237,1.00,35208,FENGYUN 1C DEB,2025-10-06T13:05:08.510000
1178885977,2025-10-05 12:48:18.000000,Y,267,0.0005855069,PAYLOAD,MEDIUM,DEBRIS,SMALL,5.00,21106,COSMOS 2131,1.00,42082,DELTA 1 DEB,2025-10-06T16:56:09.406000
1178885370,2025-10-05 12:48:13.000000,Y,309,0.001210294,PAYLOAD,MEDIUM,DEBRIS,SMALL,5.00,20442,OSCAR 19 (LUSAT),1.00,33944,COSMOS 2251 DEB,2025-10-08T06:12:18.394000
1178884720,2025-10-05 12:48:05.000000,Y,238,0.0001301993,ROCKET BODY,LARGE,DEBRIS,SMALL,3.00,18710,SL-8 R/B,1.00,4734,THORAD AGENA D DEB,2025-10-07T17:21:34.786000
1178884311,2025-10-05 12:48:02.000000,Y,108,0.000134919,PAYLOAD,LARGE,DEBRIS,SMALL,5.00,17973,COSMOS 1844,1.00,12962,COSMOS 1275 DEB,2025-10-07T15:56:46.777000
1178884263,2025-10-05 12:48:01.000000,Y,336,0.0002541791,DEBRIS,SMALL,ROCKET BODY,MEDIUM,1.00,17754,SL-8 DEB,3.00,58818,QAEM 100 R/B,2025-10-06T22:21:02.564000
1178882145,2025-10-05 12:47:39.000000,Y,426,0.001200054,DEBRIS,SMALL,PAYLOAD,MEDIUM,1.00,13619,COSMOS 1275 DEB,5.00,1292,GGSE 3,2025-10-08T01:45:34.375000
1178881654,2025-10-05 12:47:35.000000,Y,117,0.0001401074,ROCKET BODY,LARGE,DEBRIS,SMALL,3.00,12988,SL-14 R/B,1.00,48755,NOAA 17 DEB,2025-10-06T18:03:41.978000
1178881557,2025-10-05 12:47:34.000000,Y,108,0.000134919,DEBRIS,SMALL,PAYLOAD,LARGE,1.00,12962,COSMOS 1275 DEB,5.00,17973,COSMOS 1844,2025-10-07T15:56:46.777000
1178880816,2025-10-05 12:47:26.000000,Y,135,0.000231459,ROCKET BODY,LARGE,DEBRIS,SMALL,3.00,11608,SL-3 R/B,1.00,38832,FENGYUN 1C DEB,2025-10-05T13:29:28.457000
1178880695,2025-10-05 12:47:25.000000,Y,204,0.0003022544,PAYLOAD,LARGE,DEBRIS,SMALL,5.00,11165,COSMOS 1066,1.00,32200,FENGYUN 1C DEB,2025-10-06T04:11:45.586000
1178880736,2025-10-05 12:47:25.000000,Y,65,0.00176742,PAYLOAD,MEDIUM,DEBRIS,SMALL,5.00,11297,COSMOS 1082,1.00,1549,SL-8 DEB,2025-10-06T17:51:59.439000
1178880163,2025-10-05 12:47:18.000000,Y,143,0.0003892101,ROCKET BODY,LARGE,DEBRIS,SMALL,3.00,9904,SL-3 R/B,1.00,30703,FENGYUN 1C DEB,2025-10-07T16:33:32.824000
1178879930,2025-10-05 12:47:16.000000,Y,182,0.001511885,PAYLOAD,LARGE,DEBRIS,SMALL,5.00,9443,COSMOS 858,1.00,30022,FENGYUN 1C DEB,2025-10-07T15:23:23.036000
1178877902,2025-10-05 12:46:55.000000,Y,238,0.0001301993,DEBRIS,SMALL,ROCKET BODY,LARGE,1.00,4734,THORAD AGENA D DEB,3.00,18710,SL-8 R/B,2025-10-07T17:21:34.786000
1178876332,2025-10-05 12:46:39.000000,Y,426,0.001200054,PAYLOAD,MEDIUM,DEBRIS,SMALL,5.00,1292,GGSE 3,1.00,13619,COSMOS 1275 DEB,2025-10-08T01:45:34.375000
1178876380,2025-10-05 12:46:39.000000,Y,65,0.00176742,DEBRIS,SMALL,PAYLOAD,MEDIUM,1.00,1549,SL-8 DEB,5.00,11297,COSMOS 1082,2025-10-06T17:51:59.439000
1178876109,2025-10-05 12:46:37.000000,Y,172,0.0001381819,DEBRIS,SMALL,DEBRIS,SMALL,1.00,416,THOR ABLESTAR DEB,1.00,61312,CZ-6A DEB,2025-10-06T05:46:27.596000
1178782698,2025-10-05 11:47:05.000000,Y,4855,,ROCKET BODY,LARGE,DEBRIS,MEDIUM,3.00,51851,ATLAS 5 CENTAUR R/B,1.00,23292,SL-12 DEB,2025-10-06T04:28:54.202000
1178782065,2025-10-05 11:46:58.000000,Y,4033,,DEBRIS,MEDIUM,DEBRIS,MEDIUM,1.00,40785,ARIANE 2 DEB,1.00,33535,ARIANE 2 DEB,2025-10-05T17:40:47.402000
1178782066,2025-10-05 11:46:58.000000,Y,4223,,DEBRIS,MEDIUM,DEBRIS,MEDIUM,1.00,40785,ARIANE 2 DEB,1.00,33535,ARIANE 2 DEB,2025-10-06T03:31:33.555000
1178782067,2025-10-05 11:46:58.000000,Y,4429,,DEBRIS,MEDIUM,DEBRIS,MEDIUM,1.00,40785,ARIANE 2 DEB,1.00,33535,ARIANE 2 DEB,2025-10-06T13:24:15.549000
1178782068,2025-10-05 11:46:58.000000,Y,4653,,DEBRIS,MEDIUM,DEBRIS,MEDIUM,1.00,40785,ARIANE 2 DEB,1.00,33535,ARIANE 2 DEB,2025-10-06T23:17:54.956000
1178782069,2025-10-05 11:46:58.000000,Y,4897,,DEBRIS,MEDIUM,DEBRIS,MEDIUM,1.00,40785,ARIANE 2 DEB,1.00,33535,ARIANE 2 DEB,2025-10-07T09:12:04.114000
1178782018,2025-10-05 11:46:57.000000,Y,3753,,ROCKET BODY,LARGE,ROCKET BODY,LARGE,3.00,40535,DELTA 4 R/B,3.00,29237,BLOCK DM-SL R/B,2025-10-08T03:07:46.971000
1178781779,2025-10-05 11:46:55.000000,Y,757,,ROCKET BODY,LARGE,ROCKET BODY,LARGE,3.00,38993,ARIANE 5 R/B,3.00,17563,DELTA 1 R/B(2),2025-10-06T06:30:49.003000
1178781209,2025-10-05 11:46:48.000000,Y,4653,,DEBRIS,MEDIUM,DEBRIS,MEDIUM,1.00,33535,ARIANE 2 DEB,1.00,40785,ARIANE 2 DEB,2025-10-06T23:17:54.956000
1178781206,2025-10-05 11:46:47.000000,Y,4033,,DEBRIS,MEDIUM,DEBRIS,MEDIUM,1.00,33535,ARIANE 2 DEB,1.00,40785,ARIANE 2 DEB,2025-10-05T17:40:47.402000
1178781207,2025-10-05 11:46:47.000000,Y,4223,,DEBRIS,MEDIUM,DEBRIS,MEDIUM,1.00,33535,ARIANE 2 DEB,1.00,40785,ARIANE 2 DEB,2025-10-06T03:31:33.555000
1178781208,2025-10-05 11:46:47.000000,Y,4429,,DEBRIS,MEDIUM,DEBRIS,MEDIUM,1.00,33535,ARIANE 2 DEB,1.00,40785,ARIANE 2 DEB,2025-10-06T13:24:15.549000
1178781210,2025-10-05 11:46:47.000000,Y,4897,,DEBRIS,MEDIUM,DEBRIS,MEDIUM,1.00,33535,ARIANE 2 DEB,1.00,40785,ARIANE 2 DEB,2025-10-07T09:12:04.114000
1178780824,2025-10-05 11:46:42.000000,Y,3753,,ROCKET BODY,LARGE,ROCKET BODY,LARGE,3.00,29237,BLOCK DM-SL R/B,3.00,40535,DELTA 4 R/B,2025-10-08T03:07:46.971000
1178780479,2025-10-05 11:46:39.000000,Y,1799,,ROCKET BODY,LARGE,ROCKET BODY,LARGE,3.00,26939,SL-12 R/B(2),3.00,27780,SL-12 R/B(2),2025-10-06T13:32:22.465000
1178780598,2025-10-05 11:46:39.000000,Y,1799,,ROCKET BODY,LARGE,ROCKET BODY,LARGE,3.00,27780,SL-12 R/B(2),3.00,26939,SL-12 R/B(2),2025-10-06T13:32:22.465000
1178779848,2025-10-05 11:46:31.000000,Y,4855,,DEBRIS,MEDIUM,ROCKET BODY,LARGE,1.00,23292,SL-12 DEB,3.00,51851,ATLAS 5 CENTAUR R/B,2025-10-06T04:28:54.202000
1178779627,2025-10-05 11:46:28.000000,Y,2161,,PAYLOAD,LARGE,ROCKET BODY,LARGE,5.00,20367,RADUGA 24,3.00,13630,SL-12 R/B(2),2025-10-05T19:32:23.680000
1178779482,2025-10-05 11:46:27.000000,Y,757,,ROCKET BODY,LARGE,ROCKET BODY,LARGE,3.00,17563,DELTA 1 R/B(2),3.00,38993,ARIANE 5 R/B,2025-10-06T06:30:49.003000
1178779450,2025-10-05 11:46:26.000000,Y,4935,,PAYLOAD,MEDIUM,ROCKET BODY,LARGE,5.00,16961,COSMOS 1778 (GLONASS),3.00,14984,SL-12 R/B(2),2025-10-06T02:45:42.078000
1178779324,2025-10-05 11:46:25.000000,Y,4935,,ROCKET BODY,LARGE,PAYLOAD,MEDIUM,3.00,14984,SL-12 R/B(2),5.00,16961,COSMOS 1778 (GLONASS),2025-10-06T02:45:42.078000
1178779235,2025-10-05 11:46:23.000000,Y,2161,,ROCKET BODY,LARGE,PAYLOAD,LARGE,3.00,13630,SL-12 R/B(2),5.00,20367,RADUGA 24,2025-10-05T19:32:23.680000
1178638086,2025-10-05 05:27:03.000000,Y,93,0.0002848326,DEBRIS,SMALL,UNKNOWN,SMALL,1.00,61393,CZ-6A DEB,3.00,87204,UNKNOWN,2025-10-06T08:03:22.439000
1178637852,2025-10-05 05:26:59.000000,Y,81,0.0001437323,DEBRIS,SMALL,DEBRIS,SMALL,1.00,61349,CZ-6A DEB,1.00,48765,NOAA 17 DEB,2025-10-05T07:27:49.536000
1178621248,2025-10-05 05:21:04.000000,Y,513,0.0001294641,ROCKET BODY,MEDIUM,DEBRIS,SMALL,3.00,58818,QAEM 100 R/B,1.00,17754,SL-8 DEB,2025-10-06T22:21:02.483000
1178571544,2025-10-05 05:13:38.000000,Y,620,0.0002707325,DEBRIS,SMALL,PAYLOAD,MEDIUM,1.00,54958,CZ-6A DEB,5.00,1738,EXPLORER 30,2025-10-07T06:42:18.685000
1178569843,2025-10-05 05:12:53.000000,Y,85,0.0001200216,DEBRIS,SMALL,DEBRIS,MEDIUM,1.00,54513,CZ-6A DEB,1.00,33866,IRIDIUM 33 DEB,2025-10-06T10:39:18.908000
1178601545,2025-10-05 05:09:41.000000,Y,646,0.0001194751,ROCKET BODY,LARGE,DEBRIS,SMALL,3.00,48849,MINOTAUR 1 R/B,1.00,12269,DELTA 1 DEB,2025-10-05T19:58:51.382000
1178601500,2025-10-05 05:09:40.000000,Y,81,0.0001437323,DEBRIS,SMALL,DEBRIS,SMALL,1.00,48765,NOAA 17 DEB,1.00,61349,CZ-6A DEB,2025-10-05T07:27:49.536000
1178596248,2025-10-05 05:04:01.000000,Y,33,0.0001514244,DEBRIS,SMALL,DEBRIS,SMALL,1.00,44618,CZ-4C DEB,1.00,31192,FENGYUN 1C DEB,2025-10-06T17:28:34.260000
1178596101,2025-10-05 05:03:50.000000,Y,86,0.0001867702,DEBRIS,SMALL,DEBRIS,SMALL,1.00,44549,CZ-2D DEB,1.00,30314,FENGYUN 1C DEB,2025-10-05T03:56:17.942000
1178589212,2025-10-05 05:02:01.000000,Y,267,0.0005737558,DEBRIS,SMALL,PAYLOAD,MEDIUM,1.00,42082,DELTA 1 DEB,5.00,21106,COSMOS 2131,2025-10-06T16:56:09.404000
1178561588,2025-10-05 04:59:33.000000,Y,136,0.0002376383,DEBRIS,SMALL,ROCKET BODY,LARGE,1.00,38832,FENGYUN 1C DEB,3.00,11608,SL-3 R/B,2025-10-05T13:29:28.453000
1178556294,2025-10-05 04:57:57.000000,Y,212,0.0004402146,DEBRIS,SMALL,ROCKET BODY,LARGE,1.00,35571,CZ-4B DEB,3.00,18153,SL-14 R/B,2025-10-07T12:31:50.044000
1178551926,2025-10-05 04:56:53.000000,Y,85,0.0001200216,DEBRIS,MEDIUM,DEBRIS,SMALL,1.00,33866,IRIDIUM 33 DEB,1.00,54513,CZ-6A DEB,2025-10-06T10:39:18.908000
1178551195,2025-10-05 04:56:41.000000,Y,358,0.0001225072,DEBRIS,SMALL,PAYLOAD,LARGE,1.00,33661,FENGYUN 1C DEB,5.00,5683,COSMOS 465,2025-10-07T17:18:20.161000
1178549886,2025-10-05 04:56:19.000000,Y,577,0.0001273076,DEBRIS,SMALL,PAYLOAD,LARGE,1.00,32234,FENGYUN 1C DEB,5.00,27436,COSMOS 2389,2025-10-08T04:21:31.411000
1178549800,2025-10-05 04:56:16.000000,Y,217,0.0002207205,DEBRIS,SMALL,PAYLOAD,LARGE,1.00,32200,FENGYUN 1C DEB,5.00,11165,COSMOS 1066,2025-10-06T04:11:45.562000
1178546949,2025-10-05 04:55:25.000000,Y,33,0.0001514244,DEBRIS,SMALL,DEBRIS,SMALL,1.00,31192,FENGYUN 1C DEB,1.00,44618,CZ-4C DEB,2025-10-06T17:28:34.260000
1178545323,2025-10-05 04:54:56.000000,Y,281,0.0001553084,DEBRIS,SMALL,ROCKET BODY,LARGE,1.00,30703,FENGYUN 1C DEB,3.00,9904,SL-3 R/B,2025-10-07T16:33:32.640000
1178544095,2025-10-05 04:54:33.000000,Y,86,0.0001867702,DEBRIS,SMALL,DEBRIS,SMALL,1.00,30314,FENGYUN 1C DEB,1.00,44549,CZ-2D DEB,2025-10-05T03:56:17.942000
1178543136,2025-10-05 04:54:15.000000,Y,123,0.009164767,DEBRIS,SMALL,PAYLOAD,LARGE,1.00,30022,FENGYUN 1C DEB,5.00,9443,COSMOS 858,2025-10-07T15:23:23.004000
1178540228,2025-10-05 04:53:22.000000,Y,577,0.0001273076,PAYLOAD,LARGE,DEBRIS,SMALL,5.00,27436,COSMOS 2389,1.00,32234,FENGYUN 1C DEB,2025-10-08T04:21:31.411000
1178535893,2025-10-05 04:52:16.000000,Y,267,0.0005737558,PAYLOAD,MEDIUM,DEBRIS,SMALL,5.00,21106,COSMOS 2131,1.00,42082,DELTA 1 DEB,2025-10-06T16:56:09.404000
1178534328,2025-10-05 04:51:58.000000,Y,212,0.0004402146,ROCKET BODY,LARGE,DEBRIS,SMALL,3.00,18153,SL-14 R/B,1.00,35571,CZ-4B DEB,2025-10-07T12:31:50.044000
1178534181,2025-10-05 04:51:57.000000,Y,467,0.0001265792,PAYLOAD,LARGE,DEBRIS,SMALL,5.00,17973,COSMOS 1844,1.00,12962,COSMOS 1275 DEB,2025-10-07T15:56:46.695000
1178534237,2025-10-05 04:51:57.000000,Y,207,0.0009813881,PAYLOAD,MEDIUM,PAYLOAD,MEDIUM,5.00,18113,COSMOS 1852,5.00,8610,COSMOS 794,2025-10-06T20:42:43.132000
1178534119,2025-10-05 04:51:56.000000,Y,513,0.0001294641,DEBRIS,SMALL,ROCKET BODY,MEDIUM,1.00,17754,SL-8 DEB,3.00,58818,QAEM 100 R/B,2025-10-06T22:21:02.483000
1178533798,2025-10-05 04:51:53.000000,Y,263,0.000139972,DEBRIS,MEDIUM,DEBRIS,SMALL,1.00,17035,COSMOS 1771 FUEL CORE,1.00,10346,DELTA 1 DEB,2025-10-07T17:29:23.832000
1178531858,2025-10-05 04:51:30.000000,Y,734,0.0005425672,DEBRIS,SMALL,PAYLOAD,MEDIUM,1.00,13619,COSMOS 1275 DEB,5.00,1292,GGSE 3,2025-10-08T01:45:34.261000
1178531247,2025-10-05 04:51:23.000000,Y,467,0.0001265792,DEBRIS,SMALL,PAYLOAD,LARGE,1.00,12962,COSMOS 1275 DEB,5.00,17973,COSMOS 1844,2025-10-07T15:56:46.695000
1178530788,2025-10-05 04:51:17.000000,Y,646,0.0001194751,DEBRIS,SMALL,ROCKET BODY,LARGE,1.00,12269,DELTA 1 DEB,3.00,48849,MINOTAUR 1 R/B,2025-10-05T19:58:51.382000
1178530508,2025-10-05 04:51:15.000000,Y,136,0.0002376383,ROCKET BODY,LARGE,DEBRIS,SMALL,3.00,11608,SL-3 R/B,1.00,38832,FENGYUN 1C DEB,2025-10-05T13:29:28.453000
1178530422,2025-10-05 04:51:14.000000,Y,86,0.0007138996,PAYLOAD,MEDIUM,DEBRIS,SMALL,5.00,11297,COSMOS 1082,1.00,1549,SL-8 DEB,2025-10-06T17:51:59.436000
1178530381,2025-10-05 04:51:13.000000,Y,217,0.0002207205,PAYLOAD,LARGE,DEBRIS,SMALL,5.00,11165,COSMOS 1066,1.00,32200,FENGYUN 1C DEB,2025-10-06T04:11:45.562000
1178530045,2025-10-05 04:51:10.000000,Y,263,0.000139972,DEBRIS,SMALL,DEBRIS,MEDIUM,1.00,10346,DELTA 1 DEB,1.00,17035,COSMOS 1771 FUEL CORE,2025-10-07T17:29:23.832000
1178529827,2025-10-05 04:51:06.000000,Y,281,0.0001553084,ROCKET BODY,LARGE,DEBRIS,SMALL,3.00,9904,SL-3 R/B,1.00,30703,FENGYUN 1C DEB,2025-10-07T16:33:32.640000
1178529600,2025-10-05 04:51:04.000000,Y,123,0.009164767,PAYLOAD,LARGE,DEBRIS,SMALL,5.00,9443,COSMOS 858,1.00,30022,FENGYUN 1C DEB,2025-10-07T15:23:23.004000
1178529322,2025-10-05 04:51:00.000000,Y,207,0.0009813881,PAYLOAD,MEDIUM,PAYLOAD,MEDIUM,5.00,8610,COSMOS 794,5.00,18113,COSMOS 1852,2025-10-06T20:42:43.132000
1178528248,2025-10-05 04:50:48.000000,Y,358,0.0001225072,PAYLOAD,LARGE,DEBRIS,SMALL,5.00,5683,COSMOS 465,1.00,33661,FENGYUN 1C DEB,2025-10-07T17:18:20.161000
1178526087,2025-10-05 04:50:24.000000,Y,620,0.0002707325,PAYLOAD,MEDIUM,DEBRIS,SMALL,5.00,1738,EXPLORER 30,1.00,54958,CZ-6A DEB,2025-10-07T06:42:18.685000
1178526005,2025-10-05 04:50:23.000000,Y,86,0.0007138996,DEBRIS,SMALL,PAYLOAD,MEDIUM,1.00,1549,SL-8 DEB,5.00,11297,COSMOS 1082,2025-10-06T17:51:59.436000
1178525951,2025-10-05 04:50:22.000000,Y,734,0.0005425672,PAYLOAD,MEDIUM,DEBRIS,SMALL,5.00,1292,GGSE 3,1.00,13619,COSMOS 1275 DEB,2025-10-08T01:45:34.261000
1178423515,2025-10-05 03:33:17.000000,Y,4534,,ROCKET BODY,LARGE,DEBRIS,MEDIUM,3.00,51851,ATLAS 5 CENTAUR R/B,1.00,23292,SL-12 DEB,2025-10-06T04:28:54.244000
1178419213,2025-10-05 03:32:01.000000,Y,2127,,PAYLOAD,LARGE,ROCKET BODY,LARGE,5.00,20367,RADUGA 24,3.00,13630,SL-12 R/B(2),2025-10-05T19:32:23.671000
1178419031,2025-10-05 03:32:00.000000,Y,4935,,PAYLOAD,MEDIUM,ROCKET BODY,LARGE,5.00,16961,COSMOS 1778 (GLONASS),3.00,14984,SL-12 R/B(2),2025-10-06T02:45:42.078000
1178130270,2025-10-04 21:52:19.000000,Y,265,0.0006213151,DEBRIS,SMALL,PAYLOAD,MEDIUM,1.00,42082,DELTA 1 DEB,5.00,21106,COSMOS 2131,2025-10-06T16:56:09.405000
1178127665,2025-10-04 21:51:54.000000,Y,162,0.0001229842,DEBRIS,SMALL,PAYLOAD,LARGE,1.00,41152,NOAA 16 DEB,5.00,10961,COSMOS 1023,2025-10-06T20:32:53.451000
1178126560,2025-10-04 21:51:41.000000,Y,177,0.0001339615,DEBRIS,SMALL,PAYLOAD,LARGE,1.00,40580,DMSP 5D-2 F13 DEB,5.00,14240,COSMOS 1486,2025-10-05T04:25:34.244000
1178102009,2025-10-04 21:49:12.000000,Y,281,0.0001283687,DEBRIS,SMALL,PAYLOAD,LARGE,1.00,33661,FENGYUN 1C DEB,5.00,5683,COSMOS 465,2025-10-07T17:18:20.109000
1178099885,2025-10-04 21:48:48.000000,Y,101,0.0007929265,DEBRIS,SMALL,ROCKET BODY,LARGE,1.00,31901,FENGYUN 1C DEB,3.00,10541,SL-14 R/B,2025-10-04T21:40:59.765000
1178098212,2025-10-04 21:48:29.000000,Y,225,0.0001537518,DEBRIS,SMALL,UNKNOWN,SMALL,1.00,31383,FENGYUN 1C DEB,3.00,82250,UNKNOWN,2025-10-04T22:07:56.130000
1178095900,2025-10-04 21:48:03.000000,Y,365,0.0001236911,DEBRIS,SMALL,ROCKET BODY,LARGE,1.00,30703,FENGYUN 1C DEB,3.00,9904,SL-3 R/B,2025-10-07T16:33:32.540000
1178095760,2025-10-04 21:48:02.000000,Y,102,0.0002433924,DEBRIS,SMALL,DEBRIS,SMALL,1.00,30656,FENGYUN 1C DEB,1.00,61277,CZ-6A DEB,2025-10-05T03:06:23.505000
1178093739,2025-10-04 21:47:39.000000,Y,120,0.0001425451,DEBRIS,SMALL,DEBRIS,SMALL,1.00,30047,FENGYUN 1C DEB,1.00,36260,FENGYUN 1C DEB,2025-10-05T05:26:19.470000
1178093663,2025-10-04 21:47:38.000000,Y,155,0.005556822,DEBRIS,SMALL,PAYLOAD,LARGE,1.00,30022,FENGYUN 1C DEB,5.00,9443,COSMOS 858,2025-10-07T15:23:23.002000
1178092837,2025-10-04 21:47:27.000000,Y,348,0.0001465108,DEBRIS,SMALL,DEBRIS,LARGE,1.00,29782,FENGYUN 1C DEB,1.00,20855,CZ-4 DEB,2025-10-05T22:20:42.372000
1178090729,2025-10-04 21:47:00.000000,Y,831,0.0001406582,PAYLOAD,LARGE,DEBRIS,SMALL,5.00,27561,RUBIN 3/SL-8,1.00,55215,CZ-6A DEB,2025-10-05T08:49:48.612000
1178086263,2025-10-04 21:46:02.000000,Y,265,0.0006213151,PAYLOAD,MEDIUM,DEBRIS,SMALL,5.00,21106,COSMOS 2131,1.00,42082,DELTA 1 DEB,2025-10-06T16:56:09.405000
1178086029,2025-10-04 21:46:01.000000,Y,348,0.0001465108,DEBRIS,LARGE,DEBRIS,SMALL,1.00,20855,CZ-4 DEB,1.00,29782,FENGYUN 1C DEB,2025-10-05T22:20:42.372000
1178084655,2025-10-04 21:45:46.000000,Y,177,0.0004876173,ROCKET BODY,LARGE,DEBRIS,SMALL,3.00,18153,SL-14 R/B,1.00,35571,CZ-4B DEB,2025-10-07T12:31:49.748000
1178084569,2025-10-04 21:45:45.000000,Y,318,0.0002070225,PAYLOAD,MEDIUM,PAYLOAD,MEDIUM,5.00,18113,COSMOS 1852,5.00,8610,COSMOS 794,2025-10-06T20:42:43.129000
1178084427,2025-10-04 21:45:43.000000,Y,796,0.000100712,DEBRIS,SMALL,ROCKET BODY,MEDIUM,1.00,17754,SL-8 DEB,3.00,58818,QAEM 100 R/B,2025-10-06T22:21:02.443000
1178082679,2025-10-04 21:45:21.000000,Y,177,0.0001339615,PAYLOAD,LARGE,DEBRIS,SMALL,5.00,14240,COSMOS 1486,1.00,40580,DMSP 5D-2 F13 DEB,2025-10-05T04:25:34.244000
1178080763,2025-10-04 21:44:56.000000,Y,85,0.001519869,PAYLOAD,MEDIUM,DEBRIS,SMALL,5.00,11297,COSMOS 1082,1.00,1549,SL-8 DEB,2025-10-06T17:51:59.437000
1178080851,2025-10-04 21:44:56.000000,Y,116,0.0001817117,ROCKET BODY,LARGE,DEBRIS,SMALL,3.00,11608,SL-3 R/B,1.00,38832,FENGYUN 1C DEB,2025-10-05T13:29:28.444000
1178080651,2025-10-04 21:44:53.000000,Y,162,0.0001229842,PAYLOAD,LARGE,DEBRIS,SMALL,5.00,10961,COSMOS 1023,1.00,41152,NOAA 16 DEB,2025-10-06T20:32:53.451000
1178080467,2025-10-04 21:44:50.000000,Y,101,0.0007929265,ROCKET BODY,LARGE,DEBRIS,SMALL,3.00,10541,SL-14 R/B,1.00,31901,FENGYUN 1C DEB,2025-10-04T21:40:59.765000
1178080142,2025-10-04 21:44:46.000000,Y,365,0.0001236911,ROCKET BODY,LARGE,DEBRIS,SMALL,3.00,9904,SL-3 R/B,1.00,30703,FENGYUN 1C DEB,2025-10-07T16:33:32.540000
1178079921,2025-10-04 21:44:45.000000,Y,155,0.005556822,PAYLOAD,LARGE,DEBRIS,SMALL,5.00,9443,COSMOS 858,1.00,30022,FENGYUN 1C DEB,2025-10-07T15:23:23.002000
1178079639,2025-10-04 21:44:41.000000,Y,318,0.0002070225,PAYLOAD,MEDIUM,PAYLOAD,MEDIUM,5.00,8610,COSMOS 794,5.00,18113,COSMOS 1852,2025-10-06T20:42:43.129000
1178078514,2025-10-04 21:44:29.000000,Y,281,0.0001283687,PAYLOAD,LARGE,DEBRIS,SMALL,5.00,5683,COSMOS 465,1.00,33661,FENGYUN 1C DEB,2025-10-07T17:18:20.109000
1178076225,2025-10-04 21:44:05.000000,Y,85,0.001519869,DEBRIS,SMALL,PAYLOAD,MEDIUM,1.00,1549,SL-8 DEB,5.00,11297,COSMOS 1082,2025-10-06T17:51:59.437000
1178041577,2025-10-04 20:38:48.000000,Y,4560,,ROCKET BODY,LARGE,DEBRIS,MEDIUM,3.00,51851,ATLAS 5 CENTAUR R/B,1.00,23292,SL-12 DEB,2025-10-06T04:28:54.247000
1178040905,2025-10-04 20:38:44.000000,Y,4026,,DEBRIS,MEDIUM,DEBRIS,MEDIUM,1.00,40785,ARIANE 2 DEB,1.00,33535,ARIANE 2 DEB,2025-10-05T17:40:32.812000
1178040907,2025-10-04 20:38:44.000000,Y,4438,,DEBRIS,MEDIUM,DEBRIS,MEDIUM,1.00,40785,ARIANE 2 DEB,1.00,33535,ARIANE 2 DEB,2025-10-06T13:23:36.089000
1178040904,2025-10-04 20:38:43.000000,Y,3851,,DEBRIS,MEDIUM,DEBRIS,MEDIUM,1.00,40785,ARIANE 2 DEB,1.00,33535,ARIANE 2 DEB,2025-10-05T07:55:17.905000
1178040909,2025-10-04 20:38:43.000000,Y,4943,,DEBRIS,MEDIUM,DEBRIS,MEDIUM,1.00,40785,ARIANE 2 DEB,1.00,33535,ARIANE 2 DEB,2025-10-07T09:11:31.665000
1178040903,2025-10-04 20:38:42.000000,Y,3689,,DEBRIS,MEDIUM,DEBRIS,MEDIUM,1.00,40785,ARIANE 2 DEB,1.00,33535,ARIANE 2 DEB,2025-10-04T22:21:15.240000
1178040906,2025-10-04 20:38:42.000000,Y,4221,,DEBRIS,MEDIUM,DEBRIS,MEDIUM,1.00,40785,ARIANE 2 DEB,1.00,33535,ARIANE 2 DEB,2025-10-06T03:30:58.044000
1178040908,2025-10-04 20:38:42.000000,Y,4678,,DEBRIS,MEDIUM,DEBRIS,MEDIUM,1.00,40785,ARIANE 2 DEB,1.00,33535,ARIANE 2 DEB,2025-10-06T23:17:17.113000
1178040653,2025-10-04 20:38:40.000000,Y,354,,ROCKET BODY,LARGE,ROCKET BODY,LARGE,3.00,38993,ARIANE 5 R/B,3.00,17563,DELTA 1 R/B(2),2025-10-06T06:30:48.563000
1178040089,2025-10-04 20:38:35.000000,Y,3689,,DEBRIS,MEDIUM,DEBRIS,MEDIUM,1.00,33535,ARIANE 2 DEB,1.00,40785,ARIANE 2 DEB,2025-10-04T22:21:15.240000
1178040090,2025-10-04 20:38:35.000000,Y,3851,,DEBRIS,MEDIUM,DEBRIS,MEDIUM,1.00,33535,ARIANE 2 DEB,1.00,40785,ARIANE 2 DEB,2025-10-05T07:55:17.905000
1178040092,2025-10-04 20:38:35.000000,Y,4221,,DEBRIS,MEDIUM,DEBRIS,MEDIUM,1.00,33535,ARIANE 2 DEB,1.00,40785,ARIANE 2 DEB,2025-10-06T03:30:58.044000
1178040093,2025-10-04 20:38:35.000000,Y,4438,,DEBRIS,MEDIUM,DEBRIS,MEDIUM,1.00,33535,ARIANE 2 DEB,1.00,40785,ARIANE 2 DEB,2025-10-06T13:23:36.089000
1178040094,2025-10-04 20:38:35.000000,Y,4678,,DEBRIS,MEDIUM,DEBRIS,MEDIUM,1.00,33535,ARIANE 2 DEB,1.00,40785,ARIANE 2 DEB,2025-10-06T23:17:17.113000
1178040091,2025-10-04 20:38:34.000000,Y,4026,,DEBRIS,MEDIUM,DEBRIS,MEDIUM,1.00,33535,ARIANE 2 DEB,1.00,40785,ARIANE 2 DEB,2025-10-05T17:40:32.812000
1178040095,2025-10-04 20:38:34.000000,Y,4943,,DEBRIS,MEDIUM,DEBRIS,MEDIUM,1.00,33535,ARIANE 2 DEB,1.00,40785,ARIANE 2 DEB,2025-10-07T09:11:31.665000
1178039507,2025-10-04 20:38:29.000000,Y,1799,,ROCKET BODY,LARGE,ROCKET BODY,LARGE,3.00,27780,SL-12 R/B(2),3.00,26939,SL-12 R/B(2),2025-10-06T13:32:22.465000
1178039375,2025-10-04 20:38:27.000000,Y,1799,,ROCKET BODY,LARGE,ROCKET BODY,LARGE,3.00,26939,SL-12 R/B(2),3.00,27780,SL-12 R/B(2),2025-10-06T13:32:22.465000
1178038699,2025-10-04 20:38:21.000000,Y,4560,,DEBRIS,MEDIUM,ROCKET BODY,LARGE,1.00,23292,SL-12 DEB,3.00,51851,ATLAS 5 CENTAUR R/B,2025-10-06T04:28:54.247000
1178038484,2025-10-04 20:38:18.000000,Y,2127,,PAYLOAD,LARGE,ROCKET BODY,LARGE,5.00,20367,RADUGA 24,3.00,13630,SL-12 R/B(2),2025-10-05T19:32:23.671000
1178038319,2025-10-04 20:38:17.000000,Y,4847,,PAYLOAD,MEDIUM,ROCKET BODY,LARGE,5.00,16961,COSMOS 1778 (GLONASS),3.00,14984,SL-12 R/B(2),2025-10-06T02:45:42.096000
1178038354,2025-10-04 20:38:17.000000,Y,354,,ROCKET BODY,LARGE,ROCKET BODY,LARGE,3.00,17563,DELTA 1 R/B(2),3.00,38993,ARIANE 5 R/B,2025-10-06T06:30:48.563000
1178038223,2025-10-04 20:38:16.000000,Y,4847,,ROCKET BODY,LARGE,PAYLOAD,MEDIUM,3.00,14984,SL-12 R/B(2),5.00,16961,COSMOS 1778 (GLONASS),2025-10-06T02:45:42.096000
1178038136,2025-10-04 20:38:15.000000,Y,2127,,ROCKET BODY,LARGE,PAYLOAD,LARGE,3.00,13630,SL-12 R/B(2),5.00,20367,RADUGA 24,2025-10-05T19:32:23.671000
1177773976,2025-10-04 13:08:42.000000,Y,85,0.0001481774,DEBRIS,SMALL,UNKNOWN,SMALL,1.00,61393,CZ-6A DEB,3.00,87204,UNKNOWN,2025-10-06T08:03:22.401000
1177773475,2025-10-04 13:08:36.000000,Y,172,0.0001346292,DEBRIS,SMALL,PAYLOAD,LARGE,1.00,61286,CZ-6A DEB,5.00,10539,COSMOS 972,2025-10-04T16:52:03.784000
1177773455,2025-10-04 13:08:35.000000,Y,102,0.0001921836,DEBRIS,SMALL,DEBRIS,SMALL,1.00,61277,CZ-6A DEB,1.00,30656,FENGYUN 1C DEB,2025-10-05T03:06:23.454000
1177771795,2025-10-04 13:08:15.000000,Y,86,0.001224835,DEBRIS,SMALL,ROCKET BODY,LARGE,1.00,60979,CZ-6A DEB,3.00,40262,CZ-2C R/B,2025-10-04T17:22:17.426000
1177757624,2025-10-04 13:03:23.000000,Y,999,0.0001967058,DEBRIS,SMALL,PAYLOAD,LARGE,1.00,55215,CZ-6A DEB,5.00,27561,RUBIN 3/SL-8,2025-10-05T08:49:48.552000
1177757507,2025-10-04 13:03:22.000000,Y,311,0.0004004225,DEBRIS,SMALL,PAYLOAD,LARGE,1.00,55196,CZ-6A DEB,5.00,8744,COSMOS 807,2025-10-04T21:34:10.728000
1177754465,2025-10-04 13:02:36.000000,Y,110,0.0001160719,DEBRIS,LARGE,DEBRIS,SMALL,1.00,54504,CZ-6A DEB,1.00,45511,METEOR 2-5 DEB,2025-10-05T03:57:22.854000
1177741535,2025-10-04 12:59:29.000000,Y,110,0.0001160719,DEBRIS,SMALL,DEBRIS,LARGE,1.00,45511,METEOR 2-5 DEB,1.00,54504,CZ-6A DEB,2025-10-05T03:57:22.854000
1177705920,2025-10-04 12:57:50.000000,Y,276,0.000571334,DEBRIS,SMALL,PAYLOAD,MEDIUM,1.00,42082,DELTA 1 DEB,5.00,21106,COSMOS 2131,2025-10-06T16:56:09.407000
1177701439,2025-10-04 12:56:55.000000,Y,49,0.001307905,DEBRIS,SMALL,PAYLOAD,LARGE,1.00,40580,DMSP 5D-2 F13 DEB,5.00,14240,COSMOS 1486,2025-10-05T04:25:34.220000
1177700832,2025-10-04 12:56:42.000000,Y,86,0.001224835,ROCKET BODY,LARGE,DEBRIS,SMALL,3.00,40262,CZ-2C R/B,1.00,60979,CZ-6A DEB,2025-10-04T17:22:17.426000
1177697589,2025-10-04 12:55:41.000000,Y,117,0.0001772733,DEBRIS,SMALL,ROCKET BODY,LARGE,1.00,38832,FENGYUN 1C DEB,3.00,11608,SL-3 R/B,2025-10-05T13:29:28.437000
1177693729,2025-10-04 12:54:26.000000,Y,89,0.000521499,DEBRIS,SMALL,DEBRIS,SMALL,1.00,36260,FENGYUN 1C DEB,1.00,30047,FENGYUN 1C DEB,2025-10-05T05:26:19.461000
1177692371,2025-10-04 12:54:00.000000,Y,166,0.0004539983,DEBRIS,SMALL,ROCKET BODY,LARGE,1.00,35571,CZ-4B DEB,3.00,18153,SL-14 R/B,2025-10-07T12:31:49.781000
1177690737,2025-10-04 12:53:28.000000,Y,125,0.0002263597,DEBRIS,SMALL,DEBRIS,,1.00,34819,COSMOS 2251 DEB,1.00,31447,FENGYUN 1C DEB,2025-10-04T12:47:49.426000
1177686044,2025-10-04 12:52:01.000000,Y,100,0.0007054645,DEBRIS,SMALL,ROCKET BODY,LARGE,1.00,31901,FENGYUN 1C DEB,3.00,10541,SL-14 R/B,2025-10-04T21:40:59.764000
1177684699,2025-10-04 12:51:44.000000,Y,125,0.0002263597,DEBRIS,,DEBRIS,SMALL,1.00,31447,FENGYUN 1C DEB,1.00,34819,COSMOS 2251 DEB,2025-10-04T12:47:49.426000
1177684480,2025-10-04 12:51:41.000000,Y,212,0.0001558115,DEBRIS,SMALL,UNKNOWN,SMALL,1.00,31383,FENGYUN 1C DEB,3.00,82250,UNKNOWN,2025-10-04T22:07:56.122000
1177682111,2025-10-04 12:51:09.000000,Y,102,0.0001921836,DEBRIS,SMALL,DEBRIS,SMALL,1.00,30656,FENGYUN 1C DEB,1.00,61277,CZ-6A DEB,2025-10-05T03:06:23.454000
1177680172,2025-10-04 12:50:44.000000,Y,89,0.000521499,DEBRIS,SMALL,DEBRIS,SMALL,1.00,30047,FENGYUN 1C DEB,1.00,36260,FENGYUN 1C DEB,2025-10-05T05:26:19.461000
1177679329,2025-10-04 12:50:34.000000,Y,122,0.0001160738,DEBRIS,SMALL,DEBRIS,LARGE,1.00,29782,FENGYUN 1C DEB,1.00,20855,CZ-4 DEB,2025-10-05T22:20:42.353000
1177677231,2025-10-04 12:50:09.000000,Y,999,0.0001967058,PAYLOAD,LARGE,DEBRIS,SMALL,5.00,27561,RUBIN 3/SL-8,1.00,55215,CZ-6A DEB,2025-10-05T08:49:48.552000
1177672912,2025-10-04 12:49:08.000000,Y,276,0.000571334,PAYLOAD,MEDIUM,DEBRIS,SMALL,5.00,21106,COSMOS 2131,1.00,42082,DELTA 1 DEB,2025-10-06T16:56:09.407000
1177672704,2025-10-04 12:49:04.000000,Y,122,0.0001160738,DEBRIS,LARGE,DEBRIS,SMALL,1.00,20855,CZ-4 DEB,1.00,29782,FENGYUN 1C DEB,2025-10-05T22:20:42.353000
1177671335,2025-10-04 12:48:39.000000,Y,171,0.002635518,PAYLOAD,MEDIUM,PAYLOAD,MEDIUM,5.00,18113,COSMOS 1852,5.00,8610,COSMOS 794,2025-10-06T20:42:43.123000
1177671393,2025-10-04 12:48:39.000000,Y,166,0.0004539983,ROCKET BODY,LARGE,DEBRIS,SMALL,3.00,18153,SL-14 R/B,1.00,35571,CZ-4B DEB,2025-10-07T12:31:49.781000
1177669478,2025-10-04 12:48:03.000000,Y,49,0.001307905,PAYLOAD,LARGE,DEBRIS,SMALL,5.00,14240,COSMOS 1486,1.00,40580,DMSP 5D-2 F13 DEB,2025-10-05T04:25:34.220000
1177667708,2025-10-04 12:47:37.000000,Y,117,0.0001772733,ROCKET BODY,LARGE,DEBRIS,SMALL,3.00,11608,SL-3 R/B,1.00,38832,FENGYUN 1C DEB,2025-10-05T13:29:28.437000
1177667638,2025-10-04 12:47:36.000000,Y,93,0.001886023,PAYLOAD,MEDIUM,DEBRIS,SMALL,5.00,11297,COSMOS 1082,1.00,1549,SL-8 DEB,2025-10-06T17:51:59.437000
1177667376,2025-10-04 12:47:33.000000,Y,172,0.0001346292,PAYLOAD,LARGE,DEBRIS,SMALL,5.00,10539,COSMOS 972,1.00,61286,CZ-6A DEB,2025-10-04T16:52:03.784000
1177667379,2025-10-04 12:47:33.000000,Y,100,0.0007054645,ROCKET BODY,LARGE,DEBRIS,SMALL,3.00,10541,SL-14 R/B,1.00,31901,FENGYUN 1C DEB,2025-10-04T21:40:59.764000
1177666631,2025-10-04 12:47:24.000000,Y,311,0.0004004225,PAYLOAD,LARGE,DEBRIS,SMALL,5.00,8744,COSMOS 807,1.00,55196,CZ-6A DEB,2025-10-04T21:34:10.728000
1177666586,2025-10-04 12:47:23.000000,Y,171,0.002635518,PAYLOAD,MEDIUM,PAYLOAD,MEDIUM,5.00,8610,COSMOS 794,5.00,18113,COSMOS 1852,2025-10-06T20:42:43.123000
1177663447,2025-10-04 12:46:46.000000,Y,93,0.001886023,DEBRIS,SMALL,PAYLOAD,MEDIUM,1.00,1549,SL-8 DEB,5.00,11297,COSMOS 1082,2025-10-06T17:51:59.437000
1177609505,2025-10-04 11:29:28.000000,Y,1736,,ROCKET BODY,LARGE,DEBRIS,MEDIUM,3.00,51851,ATLAS 5 CENTAUR R/B,1.00,23292,SL-12 DEB,2025-10-06T04:28:53.987000
1177606153,2025-10-04 11:28:54.000000,Y,2130,,PAYLOAD,LARGE,ROCKET BODY,LARGE,5.00,20367,RADUGA 24,3.00,13630,SL-12 R/B(2),2025-10-05T19:32:23.731000
1177605958,2025-10-04 11:28:52.000000,Y,4847,,PAYLOAD,MEDIUM,ROCKET BODY,LARGE,5.00,16961,COSMOS 1778 (GLONASS),3.00,14984,SL-12 R/B(2),2025-10-06T02:45:42.096000
1177445299,2025-10-04 05:39:59.000000,Y,40,0.0007187021,DEBRIS,SMALL,DEBRIS,MEDIUM,1.00,61382,CZ-6A DEB,1.00,9649,COSMOS 886 DEB,2025-10-04T15:29:56.746000
1177445359,2025-10-04 05:39:58.000000,Y,78,0.000137145,DEBRIS,SMALL,UNKNOWN,SMALL,1.00,61393,CZ-6A DEB,3.00,87204,UNKNOWN,2025-10-06T08:03:22.425000
1177444861,2025-10-04 05:39:51.000000,Y,174,0.0001009617,DEBRIS,SMALL,PAYLOAD,LARGE,1.00,61286,CZ-6A DEB,5.00,10539,COSMOS 972,2025-10-04T16:52:03.788000
1177444839,2025-10-04 05:39:50.000000,Y,152,0.0001408776,DEBRIS,SMALL,DEBRIS,SMALL,1.00,61277,CZ-6A DEB,1.00,30656,FENGYUN 1C DEB,2025-10-05T03:06:23.541000
1177443171,2025-10-04 05:39:28.000000,Y,112,0.000959543,DEBRIS,SMALL,ROCKET BODY,LARGE,1.00,60979,CZ-6A DEB,3.00,40262,CZ-2C R/B,2025-10-04T17:22:17.464000
1177423516,2025-10-04 05:34:21.000000,Y,640,0.0001332012,ROCKET BODY,LARGE,DEBRIS,SMALL,3.00,57491,CZ-4C R/B,1.00,48725,NOAA 17 DEB,2025-10-04T10:10:15.591000
1177377992,2025-10-04 05:32:55.000000,Y,935,0.0002099315,DEBRIS,SMALL,PAYLOAD,LARGE,1.00,55215,CZ-6A DEB,5.00,27561,RUBIN 3/SL-8,2025-10-05T08:49:48.577000
1177377889,2025-10-04 05:32:53.000000,Y,270,0.0002931545,DEBRIS,SMALL,PAYLOAD,LARGE,1.00,55196,CZ-6A DEB,5.00,8744,COSMOS 807,2025-10-04T21:34:10.731000
1177374736,2025-10-04 05:31:59.000000,Y,109,0.0001376895,DEBRIS,LARGE,DEBRIS,SMALL,1.00,54504,CZ-6A DEB,1.00,45511,METEOR 2-5 DEB,2025-10-05T03:57:22.868000
1177395998,2025-10-04 05:29:32.000000,Y,640,0.0001332012,DEBRIS,SMALL,ROCKET BODY,LARGE,1.00,48725,NOAA 17 DEB,3.00,57491,CZ-4C R/B,2025-10-04T10:10:15.591000
1177391706,2025-10-04 05:28:28.000000,Y,109,0.0001376895,DEBRIS,SMALL,DEBRIS,LARGE,1.00,45511,METEOR 2-5 DEB,1.00,54504,CZ-6A DEB,2025-10-05T03:57:22.868000
1177390846,2025-10-04 05:28:17.000000,Y,167,0.0002433849,DEBRIS,SMALL,DEBRIS,SMALL,1.00,44618,CZ-4C DEB,1.00,31192,FENGYUN 1C DEB,2025-10-06T17:28:34.161000
1177384398,2025-10-04 05:26:00.000000,Y,89,0.0001940127,DEBRIS,,DEBRIS,SMALL,1.00,42555,DELTA 1 DEB,1.00,34726,COSMOS 2251 DEB,2025-10-04T04:43:35.538000
1177383419,2025-10-04 05:25:45.000000,Y,281,0.0005480296,DEBRIS,SMALL,PAYLOAD,MEDIUM,1.00,42082,DELTA 1 DEB,5.00,21106,COSMOS 2131,2025-10-06T16:56:09.410000
1177381900,2025-10-04 05:25:15.000000,Y,14,0.0009084865,DEBRIS,SMALL,UNKNOWN,SMALL,1.00,41409,NOAA 16 DEB,3.00,270323,UNKNOWN,2025-10-04T05:18:47.880000
1177380731,2025-10-04 05:24:50.000000,Y,232,0.0005669632,DEBRIS,SMALL,PAYLOAD,LARGE,1.00,41153,NOAA 16 DEB,5.00,16681,COSMOS 1741,2025-10-04T10:55:59.337000
1177379611,2025-10-04 05:24:26.000000,Y,116,0.0008974062,DEBRIS,SMALL,PAYLOAD,LARGE,1.00,40580,DMSP 5D-2 F13 DEB,5.00,14240,COSMOS 1486,2025-10-05T04:25:34.236000
1177369019,2025-10-04 05:24:16.000000,Y,112,0.000959543,ROCKET BODY,LARGE,DEBRIS,SMALL,3.00,40262,CZ-2C R/B,1.00,60979,CZ-6A DEB,2025-10-04T17:22:17.464000
1177367906,2025-10-04 05:23:58.000000,Y,71,0.0001073179,DEBRIS,SMALL,DEBRIS,SMALL,1.00,39822,COSMOS 1823 DEB,1.00,10711,DELTA 1 DEB,2025-10-04T10:14:23.824000
1177365656,2025-10-04 05:23:21.000000,Y,101,0.0003896698,DEBRIS,SMALL,ROCKET BODY,LARGE,1.00,38832,FENGYUN 1C DEB,3.00,11608,SL-3 R/B,2025-10-05T13:29:28.444000
1177361766,2025-10-04 05:22:13.000000,Y,129,0.0002406879,DEBRIS,SMALL,DEBRIS,SMALL,1.00,36260,FENGYUN 1C DEB,1.00,30047,FENGYUN 1C DEB,2025-10-05T05:26:19.474000
1177359583,2025-10-04 05:21:36.000000,Y,336,0.0001022152,DEBRIS,SMALL,PAYLOAD,LARGE,1.00,35208,FENGYUN 1C DEB,5.00,22565,COSMOS 2237,2025-10-06T13:05:08.473000
1177357667,2025-10-04 05:21:17.000000,Y,89,0.0001940127,DEBRIS,SMALL,DEBRIS,,1.00,34726,COSMOS 2251 DEB,1.00,42555,DELTA 1 DEB,2025-10-04T04:43:35.538000
1177355430,2025-10-04 05:20:39.000000,Y,538,0.0001155515,DEBRIS,MEDIUM,UNKNOWN,SMALL,1.00,33758,COSMOS 2251 DEB,3.00,87211,UNKNOWN,2025-10-04T10:52:45.604000
1177353027,2025-10-04 05:19:58.000000,Y,99,0.0007804012,DEBRIS,SMALL,ROCKET BODY,LARGE,1.00,31901,FENGYUN 1C DEB,3.00,10541,SL-14 R/B,2025-10-04T21:40:59.767000
1177351116,2025-10-04 05:19:12.000000,Y,252,0.0001609984,ROCKET BODY,LARGE,DEBRIS,SMALL,3.00,31305,PEGASUS R/B,1.00,4187,THORAD AGENA D DEB,2025-10-04T06:33:08.122000
1177350695,2025-10-04 05:18:56.000000,Y,167,0.0002433849,DEBRIS,SMALL,DEBRIS,SMALL,1.00,31192,FENGYUN 1C DEB,1.00,44618,CZ-4C DEB,2025-10-06T17:28:34.161000
1177348950,2025-10-04 05:17:43.000000,Y,152,0.0001408776,DEBRIS,SMALL,DEBRIS,SMALL,1.00,30656,FENGYUN 1C DEB,1.00,61277,CZ-6A DEB,2025-10-05T03:06:23.541000
1177346958,2025-10-04 05:16:01.000000,Y,129,0.0002406879,DEBRIS,SMALL,DEBRIS,SMALL,1.00,30047,FENGYUN 1C DEB,1.00,36260,FENGYUN 1C DEB,2025-10-05T05:26:19.474000
1177345696,2025-10-04 05:15:06.000000,Y,172,0.000254401,DEBRIS,SMALL,DEBRIS,SMALL,1.00,29216,CZ-4B DEB,1.00,21450,DELTA 1 DEB,2025-10-04T06:25:26.029000
1177344019,2025-10-04 05:13:23.000000,Y,935,0.0002099315,PAYLOAD,LARGE,DEBRIS,SMALL,5.00,27561,RUBIN 3/SL-8,1.00,55215,CZ-6A DEB,2025-10-05T08:49:48.577000
1177340525,2025-10-04 05:12:44.000000,Y,336,0.0001022152,PAYLOAD,LARGE,DEBRIS,SMALL,5.00,22565,COSMOS 2237,1.00,35208,FENGYUN 1C DEB,2025-10-06T13:05:08.473000
1177339845,2025-10-04 05:12:37.000000,Y,172,0.000254401,DEBRIS,SMALL,DEBRIS,SMALL,1.00,21450,DELTA 1 DEB,1.00,29216,CZ-4B DEB,2025-10-04T06:25:26.029000
1177339579,2025-10-04 05:12:34.000000,Y,281,0.0005480296,PAYLOAD,MEDIUM,DEBRIS,SMALL,5.00,21106,COSMOS 2131,1.00,42082,DELTA 1 DEB,2025-10-06T16:56:09.410000
1177339377,2025-10-04 05:12:32.000000,Y,119,0.0001889685,DEBRIS,MEDIUM,DEBRIS,SMALL,1.00,20858,CZ-4 DEB,1.00,13474,SL-8 DEB,2025-10-05T00:26:27.655000
1177337927,2025-10-04 05:12:17.000000,Y,240,0.0007522381,PAYLOAD,MEDIUM,PAYLOAD,MEDIUM,5.00,18113,COSMOS 1852,5.00,8610,COSMOS 794,2025-10-06T20:42:43.129000
1177337147,2025-10-04 05:12:10.000000,Y,232,0.0005669632,PAYLOAD,LARGE,DEBRIS,SMALL,5.00,16681,COSMOS 1741,1.00,41153,NOAA 16 DEB,2025-10-04T10:55:59.337000
1177336050,2025-10-04 05:11:57.000000,Y,116,0.0008974062,PAYLOAD,LARGE,DEBRIS,SMALL,5.00,14240,COSMOS 1486,1.00,40580,DMSP 5D-2 F13 DEB,2025-10-05T04:25:34.236000
1177335282,2025-10-04 05:11:49.000000,Y,119,0.0001889685,DEBRIS,SMALL,DEBRIS,MEDIUM,1.00,13474,SL-8 DEB,1.00,20858,CZ-4 DEB,2025-10-05T00:26:27.655000
1177334181,2025-10-04 05:11:38.000000,Y,101,0.0003896698,ROCKET BODY,LARGE,DEBRIS,SMALL,3.00,11608,SL-3 R/B,1.00,38832,FENGYUN 1C DEB,2025-10-05T13:29:28.444000
1177334115,2025-10-04 05:11:37.000000,Y,54,0.004656901,PAYLOAD,MEDIUM,DEBRIS,SMALL,5.00,11297,COSMOS 1082,1.00,1549,SL-8 DEB,2025-10-06T17:51:59.440000
1177333926,2025-10-04 05:11:35.000000,Y,71,0.0001073179,DEBRIS,SMALL,DEBRIS,SMALL,1.00,10711,DELTA 1 DEB,1.00,39822,COSMOS 1823 DEB,2025-10-04T10:14:23.824000
1177333852,2025-10-04 05:11:34.000000,Y,174,0.0001009617,PAYLOAD,LARGE,DEBRIS,SMALL,5.00,10539,COSMOS 972,1.00,61286,CZ-6A DEB,2025-10-04T16:52:03.788000
1177333855,2025-10-04 05:11:34.000000,Y,99,0.0007804012,ROCKET BODY,LARGE,DEBRIS,SMALL,3.00,10541,SL-14 R/B,1.00,31901,FENGYUN 1C DEB,2025-10-04T21:40:59.767000
1177333333,2025-10-04 05:11:30.000000,Y,40,0.0007187021,DEBRIS,MEDIUM,DEBRIS,SMALL,1.00,9649,COSMOS 886 DEB,1.00,61382,CZ-6A DEB,2025-10-04T15:29:56.746000
1177333039,2025-10-04 05:11:26.000000,Y,240,0.0007522381,PAYLOAD,MEDIUM,PAYLOAD,MEDIUM,5.00,8610,COSMOS 794,5.00,18113,COSMOS 1852,2025-10-06T20:42:43.129000
1177333081,2025-10-04 05:11:26.000000,Y,270,0.0002931545,PAYLOAD,LARGE,DEBRIS,SMALL,5.00,8744,COSMOS 807,1.00,55196,CZ-6A DEB,2025-10-04T21:34:10.731000
1177330939,2025-10-04 05:11:04.000000,Y,252,0.0001609984,DEBRIS,SMALL,ROCKET BODY,LARGE,1.00,4187,THORAD AGENA D DEB,3.00,31305,PEGASUS R/B,2025-10-04T06:33:08.122000
1177329886,2025-10-04 05:10:54.000000,Y,54,0.004656901,DEBRIS,SMALL,PAYLOAD,MEDIUM,1.00,1549,SL-8 DEB,5.00,11297,COSMOS 1082,2025-10-06T17:51:59.440000
1177231710,2025-10-04 04:12:05.000000,Y,1686,,ROCKET BODY,LARGE,DEBRIS,MEDIUM,3.00,51851,ATLAS 5 CENTAUR R/B,1.00,23292,SL-12 DEB,2025-10-06T04:28:53.987000
1177230916,2025-10-04 04:11:59.000000,Y,3351,,DEBRIS,MEDIUM,DEBRIS,MEDIUM,1.00,40785,ARIANE 2 DEB,1.00,33535,ARIANE 2 DEB,2025-10-04T04:00:36.000000
1177230918,2025-10-04 04:11:59.000000,Y,3542,,DEBRIS,MEDIUM,DEBRIS,MEDIUM,1.00,40785,ARIANE 2 DEB,1.00,33535,ARIANE 2 DEB,2025-10-04T12:55:42.015000
1177230919,2025-10-04 04:11:59.000000,Y,3718,,DEBRIS,MEDIUM,DEBRIS,MEDIUM,1.00,40785,ARIANE 2 DEB,1.00,33535,ARIANE 2 DEB,2025-10-04T22:16:37.425000
1177230924,2025-10-04 04:11:59.000000,Y,4778,,DEBRIS,MEDIUM,DEBRIS,MEDIUM,1.00,40785,ARIANE 2 DEB,1.00,33535,ARIANE 2 DEB,2025-10-06T23:17:21.188000
1177230917,2025-10-04 04:11:58.000000,Y,3632,,DEBRIS,MEDIUM,DEBRIS,MEDIUM,1.00,40785,ARIANE 2 DEB,1.00,33535,ARIANE 2 DEB,2025-10-04T09:43:35.275000
1177230920,2025-10-04 04:11:58.000000,Y,3891,,DEBRIS,MEDIUM,DEBRIS,MEDIUM,1.00,40785,ARIANE 2 DEB,1.00,33535,ARIANE 2 DEB,2025-10-05T07:52:23.612000
1177230921,2025-10-04 04:11:58.000000,Y,4079,,DEBRIS,MEDIUM,DEBRIS,MEDIUM,1.00,40785,ARIANE 2 DEB,1.00,33535,ARIANE 2 DEB,2025-10-05T17:39:02.847000
1177230922,2025-10-04 04:11:58.000000,Y,4289,,DEBRIS,MEDIUM,DEBRIS,MEDIUM,1.00,40785,ARIANE 2 DEB,1.00,33535,ARIANE 2 DEB,2025-10-06T03:30:16.280000
1177230923,2025-10-04 04:11:58.000000,Y,4522,,DEBRIS,MEDIUM,DEBRIS,MEDIUM,1.00,40785,ARIANE 2 DEB,1.00,33535,ARIANE 2 DEB,2025-10-06T13:23:18.347000
1177230596,2025-10-04 04:11:56.000000,Y,3337,,ROCKET BODY,LARGE,ROCKET BODY,LARGE,3.00,38993,ARIANE 5 R/B,3.00,17563,DELTA 1 R/B(2),2025-10-06T06:30:46.778000
1177229966,2025-10-04 04:11:51.000000,Y,3351,,DEBRIS,MEDIUM,DEBRIS,MEDIUM,1.00,33535,ARIANE 2 DEB,1.00,40785,ARIANE 2 DEB,2025-10-04T04:00:36.000000
1177229968,2025-10-04 04:11:51.000000,Y,3542,,DEBRIS,MEDIUM,DEBRIS,MEDIUM,1.00,33535,ARIANE 2 DEB,1.00,40785,ARIANE 2 DEB,2025-10-04T12:55:42.015000
1177229970,2025-10-04 04:11:51.000000,Y,3891,,DEBRIS,MEDIUM,DEBRIS,MEDIUM,1.00,33535,ARIANE 2 DEB,1.00,40785,ARIANE 2 DEB,2025-10-05T07:52:23.612000
1177229971,2025-10-04 04:11:51.000000,Y,4079,,DEBRIS,MEDIUM,DEBRIS,MEDIUM,1.00,33535,ARIANE 2 DEB,1.00,40785,ARIANE 2 DEB,2025-10-05T17:39:02.847000
1177229973,2025-10-04 04:11:51.000000,Y,4522,,DEBRIS,MEDIUM,DEBRIS,MEDIUM,1.00,33535,ARIANE 2 DEB,1.00,40785,ARIANE 2 DEB,2025-10-06T13:23:18.347000
1177229974,2025-10-04 04:11:51.000000,Y,4778,,DEBRIS,MEDIUM,DEBRIS,MEDIUM,1.00,33535,ARIANE 2 DEB,1.00,40785,ARIANE 2 DEB,2025-10-06T23:17:21.188000
1177229967,2025-10-04 04:11:50.000000,Y,3632,,DEBRIS,MEDIUM,DEBRIS,MEDIUM,1.00,33535,ARIANE 2 DEB,1.00,40785,ARIANE 2 DEB,2025-10-04T09:43:35.275000
1177229969,2025-10-04 04:11:50.000000,Y,3718,,DEBRIS,MEDIUM,DEBRIS,MEDIUM,1.00,33535,ARIANE 2 DEB,1.00,40785,ARIANE 2 DEB,2025-10-04T22:16:37.425000
1177229972,2025-10-04 04:11:50.000000,Y,4289,,DEBRIS,MEDIUM,DEBRIS,MEDIUM,1.00,33535,ARIANE 2 DEB,1.00,40785,ARIANE 2 DEB,2025-10-06T03:30:16.280000
1177229271,2025-10-04 04:11:45.000000,Y,1763,,ROCKET BODY,LARGE,ROCKET BODY,LARGE,3.00,27780,SL-12 R/B(2),3.00,26939,SL-12 R/B(2),2025-10-06T13:32:22.471000
1177229122,2025-10-04 04:11:44.000000,Y,1763,,ROCKET BODY,LARGE,ROCKET BODY,LARGE,3.00,26939,SL-12 R/B(2),3.00,27780,SL-12 R/B(2),2025-10-06T13:32:22.471000
1177229132,2025-10-04 04:11:44.000000,Y,3185,,PAYLOAD,LARGE,ROCKET BODY,LARGE,5.00,26989,COSMOS 2380 (GLONASS),3.00,26569,SL-12 R/B(2),2025-10-04T09:57:14.078000
1177229030,2025-10-04 04:11:43.000000,Y,3185,,ROCKET BODY,LARGE,PAYLOAD,LARGE,3.00,26569,SL-12 R/B(2),5.00,26989,COSMOS 2380 (GLONASS),2025-10-04T09:57:14.078000
1177228369,2025-10-04 04:11:38.000000,Y,1686,,DEBRIS,MEDIUM,ROCKET BODY,LARGE,1.00,23292,SL-12 DEB,3.00,51851,ATLAS 5 CENTAUR R/B,2025-10-06T04:28:53.987000
1177228123,2025-10-04 04:11:36.000000,Y,2130,,PAYLOAD,LARGE,ROCKET BODY,LARGE,5.00,20367,RADUGA 24,3.00,13630,SL-12 R/B(2),2025-10-05T19:32:23.730000
1177227962,2025-10-04 04:11:35.000000,Y,3337,,ROCKET BODY,LARGE,ROCKET BODY,LARGE,3.00,17563,DELTA 1 R/B(2),3.00,38993,ARIANE 5 R/B,2025-10-06T06:30:46.778000
1177227921,2025-10-04 04:11:34.000000,Y,4641,,PAYLOAD,MEDIUM,ROCKET BODY,LARGE,5.00,16961,COSMOS 1778 (GLONASS),3.00,14984,SL-12 R/B(2),2025-10-06T02:45:42.122000
1177227673,2025-10-04 04:11:33.000000,Y,2130,,ROCKET BODY,LARGE,PAYLOAD,LARGE,3.00,13630,SL-12 R/B(2),5.00,20367,RADUGA 24,2025-10-05T19:32:23.730000
1177227782,2025-10-04 04:11:33.000000,Y,4641,,ROCKET BODY,LARGE,PAYLOAD,MEDIUM,3.00,14984,SL-12 R/B(2),5.00,16961,COSMOS 1778 (GLONASS),2025-10-06T02:45:42.122000
1176804623,2025-10-03 23:34:35.000000,Y,121,0.0001364888,DEBRIS,SMALL,PAYLOAD,LARGE,1.00,61286,CZ-6A DEB,5.00,10539,COSMOS 972,2025-10-04T16:52:03.800000
1176803325,2025-10-03 23:34:21.000000,Y,192,0.0001262136,DEBRIS,SMALL,DEBRIS,MEDIUM,1.00,61101,CZ-6A DEB,1.00,60787,CZ-6A DEB,2025-10-06T06:27:00.256000
1176802971,2025-10-03 23:34:16.000000,Y,268,0.0002140832,DEBRIS,SMALL,ROCKET BODY,LARGE,1.00,60979,CZ-6A DEB,3.00,40262,CZ-2C R/B,2025-10-04T17:22:17.171000
1176813945,2025-10-03 23:30:41.000000,Y,342,0.0002740388,ROCKET BODY,LARGE,DEBRIS,SMALL,3.00,57491,CZ-4C R/B,1.00,48725,NOAA 17 DEB,2025-10-04T10:10:15.452000
1176774862,2025-10-03 23:28:28.000000,Y,103,0.0001299953,DEBRIS,LARGE,DEBRIS,SMALL,1.00,54504,CZ-6A DEB,1.00,45511,METEOR 2-5 DEB,2025-10-05T03:57:22.773000
1176774079,2025-10-03 23:28:21.000000,Y,47,0.001058463,DEBRIS,SMALL,PAYLOAD,LARGE,1.00,54296,CZ-6A DEB,5.00,24948,IRIDIUM 28,2025-10-04T16:52:36.057000
1176783615,2025-10-03 23:24:37.000000,Y,92,0.0001808277,DEBRIS,,DEBRIS,SMALL,1.00,42555,DELTA 1 DEB,1.00,34726,COSMOS 2251 DEB,2025-10-04T04:43:35.530000
1176782585,2025-10-03 23:24:26.000000,Y,268,0.0006579801,DEBRIS,SMALL,PAYLOAD,MEDIUM,1.00,42082,DELTA 1 DEB,5.00,21106,COSMOS 2131,2025-10-06T16:56:09.404000
1176781078,2025-10-03 23:24:09.000000,Y,4,0.0008857995,DEBRIS,SMALL,UNKNOWN,SMALL,1.00,41409,NOAA 16 DEB,3.00,270323,UNKNOWN,2025-10-04T05:18:47.837000
1176778659,2025-10-03 23:23:43.000000,Y,122,0.0008053051,DEBRIS,SMALL,PAYLOAD,LARGE,1.00,40580,DMSP 5D-2 F13 DEB,5.00,14240,COSMOS 1486,2025-10-05T04:25:34.238000
1176778009,2025-10-03 23:23:37.000000,Y,268,0.0002140832,ROCKET BODY,LARGE,DEBRIS,SMALL,3.00,40262,CZ-2C R/B,1.00,60979,CZ-6A DEB,2025-10-04T17:22:17.171000
1176764553,2025-10-03 23:23:00.000000,Y,88,0.0007535848,DEBRIS,SMALL,ROCKET BODY,LARGE,1.00,38832,FENGYUN 1C DEB,3.00,11608,SL-3 R/B,2025-10-05T13:29:28.442000
1176760664,2025-10-03 23:22:19.000000,Y,243,0.0002194967,DEBRIS,SMALL,DEBRIS,SMALL,1.00,36260,FENGYUN 1C DEB,1.00,30047,FENGYUN 1C DEB,2025-10-05T05:26:19.370000
1176757294,2025-10-03 23:21:45.000000,Y,92,0.0001808277,DEBRIS,SMALL,DEBRIS,,1.00,34726,COSMOS 2251 DEB,1.00,42555,DELTA 1 DEB,2025-10-04T04:43:35.530000
1176751698,2025-10-03 23:20:54.000000,Y,116,0.0003809372,DEBRIS,SMALL,ROCKET BODY,LARGE,1.00,31901,FENGYUN 1C DEB,3.00,10541,SL-14 R/B,2025-10-04T21:40:59.760000
1176750634,2025-10-03 23:20:43.000000,Y,892,0.0001260633,DEBRIS,SMALL,PAYLOAD,LARGE,1.00,31622,FENGYUN 1C DEB,5.00,19038,COSMOS 1937,2025-10-05T08:30:25.822000
1176745435,2025-10-03 23:19:48.000000,Y,243,0.0002194967,DEBRIS,SMALL,DEBRIS,SMALL,1.00,30047,FENGYUN 1C DEB,1.00,36260,FENGYUN 1C DEB,2025-10-05T05:26:19.370000
1176744169,2025-10-03 23:19:35.000000,Y,164,0.0003453041,DEBRIS,SMALL,DEBRIS,SMALL,1.00,29216,CZ-4B DEB,1.00,21450,DELTA 1 DEB,2025-10-04T06:25:26.029000
1176740012,2025-10-03 23:18:52.000000,Y,47,0.001058463,PAYLOAD,LARGE,DEBRIS,SMALL,5.00,24948,IRIDIUM 28,1.00,54296,CZ-6A DEB,2025-10-04T16:52:36.057000
1176738217,2025-10-03 23:18:34.000000,Y,164,0.0003453041,DEBRIS,SMALL,DEBRIS,SMALL,1.00,21450,DELTA 1 DEB,1.00,29216,CZ-4B DEB,2025-10-04T06:25:26.029000
1176737962,2025-10-03 23:18:32.000000,Y,268,0.0006579801,PAYLOAD,MEDIUM,DEBRIS,SMALL,5.00,21106,COSMOS 2131,1.00,42082,DELTA 1 DEB,2025-10-06T16:56:09.404000
1176737749,2025-10-03 23:18:29.000000,Y,48,0.0002014847,DEBRIS,MEDIUM,DEBRIS,SMALL,1.00,20858,CZ-4 DEB,1.00,13474,SL-8 DEB,2025-10-05T00:26:27.477000
1176736737,2025-10-03 23:18:19.000000,Y,892,0.0001260633,PAYLOAD,LARGE,DEBRIS,SMALL,5.00,19038,COSMOS 1937,1.00,31622,FENGYUN 1C DEB,2025-10-05T08:30:25.822000
1176736219,2025-10-03 23:18:14.000000,Y,151,0.0008652812,PAYLOAD,MEDIUM,PAYLOAD,MEDIUM,5.00,18113,COSMOS 1852,5.00,8610,COSMOS 794,2025-10-06T20:42:43.135000
1176734381,2025-10-03 23:17:54.000000,Y,122,0.0008053051,PAYLOAD,LARGE,DEBRIS,SMALL,5.00,14240,COSMOS 1486,1.00,40580,DMSP 5D-2 F13 DEB,2025-10-05T04:25:34.238000
1176733589,2025-10-03 23:17:46.000000,Y,48,0.0002014847,DEBRIS,SMALL,DEBRIS,MEDIUM,1.00,13474,SL-8 DEB,1.00,20858,CZ-4 DEB,2025-10-05T00:26:27.477000
1176732644,2025-10-03 23:17:36.000000,Y,581,0.0001766307,DEBRIS,SMALL,PAYLOAD,LARGE,1.00,12206,DELTA 1 DEB,5.00,5846,COSMOS 475,2025-10-05T16:55:20.030000
1176732388,2025-10-03 23:17:34.000000,Y,46,0.0003479035,PAYLOAD,MEDIUM,DEBRIS,SMALL,5.00,11297,COSMOS 1082,1.00,1549,SL-8 DEB,2025-10-06T17:51:59.441000
1176732464,2025-10-03 23:17:34.000000,Y,88,0.0007535848,ROCKET BODY,LARGE,DEBRIS,SMALL,3.00,11608,SL-3 R/B,1.00,38832,FENGYUN 1C DEB,2025-10-05T13:29:28.442000
1176732110,2025-10-03 23:17:31.000000,Y,116,0.0003809372,ROCKET BODY,LARGE,DEBRIS,SMALL,3.00,10541,SL-14 R/B,1.00,31901,FENGYUN 1C DEB,2025-10-04T21:40:59.760000
1176732107,2025-10-03 23:17:30.000000,Y,121,0.0001364888,PAYLOAD,LARGE,DEBRIS,SMALL,5.00,10539,COSMOS 972,1.00,61286,CZ-6A DEB,2025-10-04T16:52:03.800000
1176731270,2025-10-03 23:17:22.000000,Y,151,0.0008652812,PAYLOAD,MEDIUM,PAYLOAD,MEDIUM,5.00,8610,COSMOS 794,5.00,18113,COSMOS 1852,2025-10-06T20:42:43.135000
1176728020,2025-10-03 23:16:48.000000,Y,46,0.0003479035,DEBRIS,SMALL,PAYLOAD,MEDIUM,1.00,1549,SL-8 DEB,5.00,11297,COSMOS 1082,2025-10-06T17:51:59.441000
1176713024,2025-10-03 21:15:54.000000,Y,1452,,ROCKET BODY,LARGE,DEBRIS,MEDIUM,3.00,51851,ATLAS 5 CENTAUR R/B,1.00,23292,SL-12 DEB,2025-10-06T04:28:53.948000
1176712380,2025-10-03 21:15:36.000000,Y,3306,,DEBRIS,MEDIUM,DEBRIS,MEDIUM,1.00,40785,ARIANE 2 DEB,1.00,33535,ARIANE 2 DEB,2025-10-03T23:01:44.086000
1176712382,2025-10-03 21:15:36.000000,Y,3674,,DEBRIS,MEDIUM,DEBRIS,MEDIUM,1.00,40785,ARIANE 2 DEB,1.00,33535,ARIANE 2 DEB,2025-10-04T10:04:18.128000
1176712384,2025-10-03 21:15:36.000000,Y,3782,,DEBRIS,MEDIUM,DEBRIS,MEDIUM,1.00,40785,ARIANE 2 DEB,1.00,33535,ARIANE 2 DEB,2025-10-04T22:07:46.010000
1176712385,2025-10-03 21:15:36.000000,Y,3982,,DEBRIS,MEDIUM,DEBRIS,MEDIUM,1.00,40785,ARIANE 2 DEB,1.00,33535,ARIANE 2 DEB,2025-10-05T07:46:51.876000
1176712388,2025-10-03 21:15:36.000000,Y,4748,,DEBRIS,MEDIUM,DEBRIS,MEDIUM,1.00,40785,ARIANE 2 DEB,1.00,33535,ARIANE 2 DEB,2025-10-06T13:22:24.493000
1176712379,2025-10-03 21:15:35.000000,Y,4958,,DEBRIS,MEDIUM,DEBRIS,MEDIUM,1.00,40785,ARIANE 2 DEB,1.00,33535,ARIANE 2 DEB,2025-10-03T20:58:24.000000
1176712381,2025-10-03 21:15:35.000000,Y,3372,,DEBRIS,MEDIUM,DEBRIS,MEDIUM,1.00,40785,ARIANE 2 DEB,1.00,33535,ARIANE 2 DEB,2025-10-04T03:34:22.279000
1176712383,2025-10-03 21:15:35.000000,Y,3590,,DEBRIS,MEDIUM,DEBRIS,MEDIUM,1.00,40785,ARIANE 2 DEB,1.00,33535,ARIANE 2 DEB,2025-10-04T12:46:57.074000
1176712387,2025-10-03 21:15:35.000000,Y,4462,,DEBRIS,MEDIUM,DEBRIS,MEDIUM,1.00,40785,ARIANE 2 DEB,1.00,33535,ARIANE 2 DEB,2025-10-06T03:28:26.921000
1176712386,2025-10-03 21:15:34.000000,Y,4207,,DEBRIS,MEDIUM,DEBRIS,MEDIUM,1.00,40785,ARIANE 2 DEB,1.00,33535,ARIANE 2 DEB,2025-10-05T17:35:52.689000
1176712069,2025-10-03 21:15:26.000000,Y,4844,,DEBRIS,MEDIUM,ROCKET BODY,MEDIUM,1.00,38631,BREEZE-M DEB,3.00,32281,SL-12 R/B(AUX MOTOR),2025-10-05T01:48:45.600000
1176711587,2025-10-03 21:15:11.000000,Y,4958,,DEBRIS,MEDIUM,DEBRIS,MEDIUM,1.00,33535,ARIANE 2 DEB,1.00,40785,ARIANE 2 DEB,2025-10-03T20:58:24.000000
1176711588,2025-10-03 21:15:11.000000,Y,3306,,DEBRIS,MEDIUM,DEBRIS,MEDIUM,1.00,33535,ARIANE 2 DEB,1.00,40785,ARIANE 2 DEB,2025-10-03T23:01:44.086000
1176711589,2025-10-03 21:15:11.000000,Y,3372,,DEBRIS,MEDIUM,DEBRIS,MEDIUM,1.00,33535,ARIANE 2 DEB,1.00,40785,ARIANE 2 DEB,2025-10-04T03:34:22.279000
1176711590,2025-10-03 21:15:11.000000,Y,3674,,DEBRIS,MEDIUM,DEBRIS,MEDIUM,1.00,33535,ARIANE 2 DEB,1.00,40785,ARIANE 2 DEB,2025-10-04T10:04:18.128000
1176711591,2025-10-03 21:15:11.000000,Y,3590,,DEBRIS,MEDIUM,DEBRIS,MEDIUM,1.00,33535,ARIANE 2 DEB,1.00,40785,ARIANE 2 DEB,2025-10-04T12:46:57.074000
1176711592,2025-10-03 21:15:11.000000,Y,3782,,DEBRIS,MEDIUM,DEBRIS,MEDIUM,1.00,33535,ARIANE 2 DEB,1.00,40785,ARIANE 2 DEB,2025-10-04T22:07:46.010000
1176711593,2025-10-03 21:15:11.000000,Y,3982,,DEBRIS,MEDIUM,DEBRIS,MEDIUM,1.00,33535,ARIANE 2 DEB,1.00,40785,ARIANE 2 DEB,2025-10-05T07:46:51.876000
1176711594,2025-10-03 21:15:11.000000,Y,4207,,DEBRIS,MEDIUM,DEBRIS,MEDIUM,1.00,33535,ARIANE 2 DEB,1.00,40785,ARIANE 2 DEB,2025-10-05T17:35:52.689000
1176711595,2025-10-03 21:15:11.000000,Y,4462,,DEBRIS,MEDIUM,DEBRIS,MEDIUM,1.00,33535,ARIANE 2 DEB,1.00,40785,ARIANE 2 DEB,2025-10-06T03:28:26.921000
1176711596,2025-10-03 21:15:11.000000,Y,4748,,DEBRIS,MEDIUM,DEBRIS,MEDIUM,1.00,33535,ARIANE 2 DEB,1.00,40785,ARIANE 2 DEB,2025-10-06T13:22:24.493000
1176711473,2025-10-03 21:15:08.000000,Y,4844,,ROCKET BODY,MEDIUM,DEBRIS,MEDIUM,3.00,32281,SL-12 R/B(AUX MOTOR),1.00,38631,BREEZE-M DEB,2025-10-05T01:48:45.600000
1176711062,2025-10-03 21:14:56.000000,Y,1763,,ROCKET BODY,LARGE,ROCKET BODY,LARGE,3.00,27780,SL-12 R/B(2),3.00,26939,SL-12 R/B(2),2025-10-06T13:32:22.471000
1176710952,2025-10-03 21:14:53.000000,Y,1763,,ROCKET BODY,LARGE,ROCKET BODY,LARGE,3.00,26939,SL-12 R/B(2),3.00,27780,SL-12 R/B(2),2025-10-06T13:32:22.471000
1176710957,2025-10-03 21:14:53.000000,Y,3181,,PAYLOAD,LARGE,ROCKET BODY,LARGE,5.00,26989,COSMOS 2380 (GLONASS),3.00,26569,SL-12 R/B(2),2025-10-04T09:57:14.080000
1176710875,2025-10-03 21:14:52.000000,Y,3181,,ROCKET BODY,LARGE,PAYLOAD,LARGE,3.00,26569,SL-12 R/B(2),5.00,26989,COSMOS 2380 (GLONASS),2025-10-04T09:57:14.080000
1176710344,2025-10-03 21:14:24.000000,Y,1452,,DEBRIS,MEDIUM,ROCKET BODY,LARGE,1.00,23292,SL-12 DEB,3.00,51851,ATLAS 5 CENTAUR R/B,2025-10-06T04:28:53.948000
1176710146,2025-10-03 21:14:14.000000,Y,2164,,PAYLOAD,LARGE,ROCKET BODY,LARGE,5.00,20367,RADUGA 24,3.00,13630,SL-12 R/B(2),2025-10-05T19:32:23.737000
1176709986,2025-10-03 21:14:06.000000,Y,4641,,PAYLOAD,MEDIUM,ROCKET BODY,LARGE,5.00,16961,COSMOS 1778 (GLONASS),3.00,14984,SL-12 R/B(2),2025-10-06T02:45:42.122000
1176709887,2025-10-03 21:14:01.000000,Y,4641,,ROCKET BODY,LARGE,PAYLOAD,MEDIUM,3.00,14984,SL-12 R/B(2),5.00,16961,COSMOS 1778 (GLONASS),2025-10-06T02:45:42.122000
1176709791,2025-10-03 21:13:58.000000,Y,2164,,ROCKET BODY,LARGE,PAYLOAD,LARGE,3.00,13630,SL-12 R/B(2),5.00,20367,RADUGA 24,2025-10-05T19:32:23.737000
1176349476,2025-10-03 13:45:26.000000,Y,55,0.0007057533,DEBRIS,SMALL,UNKNOWN,SMALL,1.00,41409,NOAA 16 DEB,3.00,270323,UNKNOWN,2025-10-04T05:18:47.419000
1176342269,2025-10-03 13:43:22.000000,Y,189,0.0004407867,DEBRIS,SMALL,ROCKET BODY,LARGE,1.00,38832,FENGYUN 1C DEB,3.00,11608,SL-3 R/B,2025-10-05T13:29:28.272000
1176338490,2025-10-03 13:42:24.000000,Y,349,0.0001554236,DEBRIS,SMALL,DEBRIS,SMALL,1.00,36260,FENGYUN 1C DEB,1.00,30047,FENGYUN 1C DEB,2025-10-05T05:26:19.293000
1176336334,2025-10-03 13:41:51.000000,Y,645,0.000165244,DEBRIS,SMALL,UNKNOWN,SMALL,1.00,35231,FENGYUN 1C DEB,3.00,81816,UNKNOWN,2025-10-05T01:00:56.352000
1176330680,2025-10-03 13:40:16.000000,Y,216,0.0001439983,DEBRIS,SMALL,ROCKET BODY,LARGE,1.00,31901,FENGYUN 1C DEB,3.00,10541,SL-14 R/B,2025-10-04T21:40:59.737000
1176327103,2025-10-03 13:39:25.000000,Y,481,0.0003485933,DEBRIS,SMALL,PAYLOAD,MEDIUM,1.00,30826,FENGYUN 1C DEB,5.00,28893,SINAH 1,2025-10-04T06:04:53.777000
1176326661,2025-10-03 13:39:19.000000,Y,162,0.0002163205,DEBRIS,SMALL,ROCKET BODY,LARGE,1.00,30666,FENGYUN 1C DEB,3.00,26070,SL-16 R/B,2025-10-05T04:50:39.178000
1176326267,2025-10-03 13:39:15.000000,Y,312,0.0001611873,DEBRIS,SMALL,UNKNOWN,SMALL,1.00,30566,FENGYUN 1C DEB,3.00,87737,UNKNOWN,2025-10-04T22:55:18.976000
1176324675,2025-10-03 13:38:55.000000,Y,349,0.0001554236,DEBRIS,SMALL,DEBRIS,SMALL,1.00,30047,FENGYUN 1C DEB,1.00,36260,FENGYUN 1C DEB,2025-10-05T05:26:19.293000
1176323526,2025-10-03 13:38:41.000000,Y,169,0.0004919682,DEBRIS,SMALL,DEBRIS,SMALL,1.00,29216,CZ-4B DEB,1.00,21450,DELTA 1 DEB,2025-10-04T06:25:26.006000
1176323225,2025-10-03 13:38:38.000000,Y,481,0.0003485933,PAYLOAD,MEDIUM,DEBRIS,SMALL,5.00,28893,SINAH 1,1.00,30826,FENGYUN 1C DEB,2025-10-04T06:04:53.777000
1176322245,2025-10-03 13:38:26.000000,Y,317,0.001066895,PAYLOAD,MEDIUM,DEBRIS,SMALL,5.00,27943,BILSAT 1,1.00,27493,CZ-4 DEB,2025-10-04T04:38:40.583000
1176321798,2025-10-03 13:38:20.000000,Y,317,0.001066895,DEBRIS,SMALL,PAYLOAD,MEDIUM,1.00,27493,CZ-4 DEB,5.00,27943,BILSAT 1,2025-10-04T04:38:40.583000
1176320392,2025-10-03 13:38:04.000000,Y,162,0.0002163205,ROCKET BODY,LARGE,DEBRIS,SMALL,3.00,26070,SL-16 R/B,1.00,30666,FENGYUN 1C DEB,2025-10-05T04:50:39.178000
1176319823,2025-10-03 13:37:57.000000,Y,61,0.00396532,ROCKET BODY,LARGE,DEBRIS,MEDIUM,3.00,25407,SL-16 R/B,1.00,54270,CZ-6A DEB,2025-10-05T09:48:18.074000
1176319723,2025-10-03 13:37:56.000000,Y,712,0.0002055167,DEBRIS,SMALL,UNKNOWN,SMALL,1.00,25204,SL-14 DEB,3.00,82683,UNKNOWN,2025-10-04T02:19:08.497000
1176319435,2025-10-03 13:37:50.000000,Y,257,0.0005754029,PAYLOAD,LARGE,DEBRIS,SMALL,5.00,24948,IRIDIUM 28,1.00,54296,CZ-6A DEB,2025-10-04T16:52:35.904000
1176317700,2025-10-03 13:37:23.000000,Y,169,0.0004919682,DEBRIS,SMALL,DEBRIS,SMALL,1.00,21450,DELTA 1 DEB,1.00,29216,CZ-4B DEB,2025-10-04T06:25:26.006000
1176315775,2025-10-03 13:36:59.000000,Y,101,0.00122256,ROCKET BODY,LARGE,DEBRIS,SMALL,3.00,17974,SL-16 R/B,1.00,5392,THORAD AGENA D DEB,2025-10-04T21:45:50.978000
1176312388,2025-10-03 13:36:18.000000,Y,340,0.0007006466,DEBRIS,SMALL,PAYLOAD,LARGE,1.00,12206,DELTA 1 DEB,5.00,5846,COSMOS 475,2025-10-05T16:55:19.930000
1176312218,2025-10-03 13:36:14.000000,Y,189,0.0004407867,ROCKET BODY,LARGE,DEBRIS,SMALL,3.00,11608,SL-3 R/B,1.00,38832,FENGYUN 1C DEB,2025-10-05T13:29:28.272000
1176311868,2025-10-03 13:36:10.000000,Y,216,0.0001439983,ROCKET BODY,LARGE,DEBRIS,SMALL,3.00,10541,SL-14 R/B,1.00,31901,FENGYUN 1C DEB,2025-10-04T21:40:59.737000
1176310520,2025-10-03 13:35:55.000000,Y,144,0.0002684387,DEBRIS,SMALL,DEBRIS,SMALL,1.00,6216,THORAD AGENA D DEB,1.00,47212,COSMOS 2506 DEB,2025-10-03T16:18:41.329000
1176310207,2025-10-03 13:35:50.000000,Y,340,0.0007006466,PAYLOAD,LARGE,DEBRIS,SMALL,5.00,5846,COSMOS 475,1.00,12206,DELTA 1 DEB,2025-10-05T16:55:19.930000
1176309928,2025-10-03 13:35:48.000000,Y,101,0.00122256,DEBRIS,SMALL,ROCKET BODY,LARGE,1.00,5392,THORAD AGENA D DEB,3.00,17974,SL-16 R/B,2025-10-04T21:45:50.978000
1176308001,2025-10-03 13:35:25.000000,Y,179,0.0005730831,PAYLOAD,MEDIUM,UNKNOWN,SMALL,5.00,1804,ALOUETTE 2,3.00,85373,UNKNOWN,2025-10-03T12:16:00.997000
1176271767,2025-10-03 12:12:38.000000,Y,1367,,ROCKET BODY,LARGE,DEBRIS,MEDIUM,3.00,51851,ATLAS 5 CENTAUR R/B,1.00,23292,SL-12 DEB,2025-10-06T04:28:53.895000
1176269265,2025-10-03 12:12:15.000000,Y,3181,,PAYLOAD,LARGE,ROCKET BODY,LARGE,5.00,26989,COSMOS 2380 (GLONASS),3.00,26569,SL-12 R/B(2),2025-10-04T09:57:14.080000
1176268427,2025-10-03 12:12:06.000000,Y,2227,,PAYLOAD,LARGE,ROCKET BODY,LARGE,5.00,20367,RADUGA 24,3.00,13630,SL-12 R/B(2),2025-10-05T19:32:23.742000
1176268264,2025-10-03 12:12:04.000000,Y,4589,,PAYLOAD,MEDIUM,ROCKET BODY,LARGE,5.00,16961,COSMOS 1778 (GLONASS),3.00,14984,SL-12 R/B(2),2025-10-06T02:45:42.126000
1175980953,2025-10-03 06:11:55.000000,Y,119,0.0001102014,DEBRIS,SMALL,PAYLOAD,LARGE,1.00,61286,CZ-6A DEB,5.00,10539,COSMOS 972,2025-10-04T16:52:03.791000
1175979317,2025-10-03 06:11:22.000000,Y,272,0.0001502539,DEBRIS,SMALL,ROCKET BODY,LARGE,1.00,60979,CZ-6A DEB,3.00,40262,CZ-2C R/B,2025-10-04T17:22:17.145000
1175977929,2025-10-03 06:11:03.000000,Y,13,0.001810421,DEBRIS,MEDIUM,DEBRIS,,1.00,60666,CZ-6A DEB,1.00,37664,DELTA 1 DEB,2025-10-03T07:07:21.740000
1175950713,2025-10-03 06:03:52.000000,Y,239,0.0001508624,DEBRIS,MEDIUM,DEBRIS,SMALL,1.00,54323,CZ-6A DEB,1.00,29097,SL-16 DEB,2025-10-04T15:16:59.481000
1175950641,2025-10-03 06:03:50.000000,Y,160,0.00017005,DEBRIS,SMALL,PAYLOAD,LARGE,1.00,54296,CZ-6A DEB,5.00,24948,IRIDIUM 28,2025-10-04T16:52:36.037000
1175950531,2025-10-03 06:03:49.000000,Y,149,0.002377038,DEBRIS,MEDIUM,ROCKET BODY,LARGE,1.00,54270,CZ-6A DEB,3.00,25407,SL-16 R/B,2025-10-05T09:48:18.097000
1175907956,2025-10-03 05:58:08.000000,Y,5,0.0007927621,DEBRIS,SMALL,UNKNOWN,SMALL,1.00,41409,NOAA 16 DEB,3.00,270323,UNKNOWN,2025-10-04T05:18:47.883000
1175905438,2025-10-03 05:57:33.000000,Y,194,0.000230591,DEBRIS,SMALL,PAYLOAD,LARGE,1.00,40580,DMSP 5D-2 F13 DEB,5.00,14240,COSMOS 1486,2025-10-05T04:25:34.153000
1175903991,2025-10-03 05:57:16.000000,Y,272,0.0001502539,ROCKET BODY,LARGE,DEBRIS,SMALL,3.00,40262,CZ-2C R/B,1.00,60979,CZ-6A DEB,2025-10-04T17:22:17.145000
1175900715,2025-10-03 05:56:19.000000,Y,98,0.001078051,DEBRIS,SMALL,ROCKET BODY,LARGE,1.00,38832,FENGYUN 1C DEB,3.00,11608,SL-3 R/B,2025-10-05T13:29:28.406000
1175899156,2025-10-03 05:55:58.000000,Y,13,0.001810421,DEBRIS,,DEBRIS,MEDIUM,1.00,37664,DELTA 1 DEB,1.00,60666,CZ-6A DEB,2025-10-03T07:07:21.740000
1175898720,2025-10-03 05:55:52.000000,Y,136,0.0002133516,ROCKET BODY,LARGE,UNKNOWN,SMALL,3.00,37390,PSLV R/B,3.00,82893,UNKNOWN,2025-10-03T10:02:07.729000
1175896940,2025-10-03 05:55:26.000000,Y,23,0.0002484202,DEBRIS,SMALL,DEBRIS,SMALL,1.00,36260,FENGYUN 1C DEB,1.00,30047,FENGYUN 1C DEB,2025-10-05T05:26:19.421000
1175894877,2025-10-03 05:54:56.000000,Y,459,0.0002027958,DEBRIS,SMALL,UNKNOWN,SMALL,1.00,35231,FENGYUN 1C DEB,3.00,81816,UNKNOWN,2025-10-05T01:00:56.404000
1175894479,2025-10-03 05:54:51.000000,Y,391,0.0002743016,DEBRIS,SMALL,ROCKET BODY,LARGE,1.00,35020,COSMOS 2251 DEB,3.00,19257,SL-8 R/B,2025-10-03T08:29:54.634000
1175889041,2025-10-03 05:53:24.000000,Y,116,0.0003020763,DEBRIS,SMALL,ROCKET BODY,LARGE,1.00,31901,FENGYUN 1C DEB,3.00,10541,SL-14 R/B,2025-10-04T21:40:59.767000
1175888671,2025-10-03 05:53:19.000000,Y,300,0.0002308953,DEBRIS,SMALL,PAYLOAD,LARGE,1.00,31772,FENGYUN 1C DEB,5.00,12791,COSMOS 1302,2025-10-03T17:47:37.682000
1175887322,2025-10-03 05:53:00.000000,Y,126,0.000164497,DEBRIS,SMALL,DEBRIS,SMALL,1.00,31369,FENGYUN 1C DEB,1.00,30493,FENGYUN 1C DEB,2025-10-03T12:42:12.133000
1175884243,2025-10-03 05:52:19.000000,Y,126,0.000164497,DEBRIS,SMALL,DEBRIS,SMALL,1.00,30493,FENGYUN 1C DEB,1.00,31369,FENGYUN 1C DEB,2025-10-03T12:42:12.133000
1175882892,2025-10-03 05:52:01.000000,Y,23,0.0002484202,DEBRIS,SMALL,DEBRIS,SMALL,1.00,30047,FENGYUN 1C DEB,1.00,36260,FENGYUN 1C DEB,2025-10-05T05:26:19.421000
1175881669,2025-10-03 05:51:39.000000,Y,239,0.0001508624,DEBRIS,SMALL,DEBRIS,MEDIUM,1.00,29097,SL-16 DEB,1.00,54323,CZ-6A DEB,2025-10-04T15:16:59.481000
1175881700,2025-10-03 05:51:38.000000,Y,262,0.0001328544,DEBRIS,SMALL,DEBRIS,SMALL,1.00,29216,CZ-4B DEB,1.00,21450,DELTA 1 DEB,2025-10-04T06:25:26.019000
1175880372,2025-10-03 05:51:23.000000,Y,571,0.0002859603,PAYLOAD,MEDIUM,DEBRIS,SMALL,5.00,27943,BILSAT 1,1.00,27493,CZ-4 DEB,2025-10-04T04:38:40.652000
1175879910,2025-10-03 05:51:18.000000,Y,571,0.0002859603,DEBRIS,SMALL,PAYLOAD,MEDIUM,1.00,27493,CZ-4 DEB,5.00,27943,BILSAT 1,2025-10-04T04:38:40.652000
1175877923,2025-10-03 05:50:55.000000,Y,149,0.002377038,ROCKET BODY,LARGE,DEBRIS,MEDIUM,3.00,25407,SL-16 R/B,1.00,54270,CZ-6A DEB,2025-10-05T09:48:18.097000
1175877530,2025-10-03 05:50:51.000000,Y,160,0.00017005,PAYLOAD,LARGE,DEBRIS,SMALL,5.00,24948,IRIDIUM 28,1.00,54296,CZ-6A DEB,2025-10-04T16:52:36.037000
1175875728,2025-10-03 05:50:31.000000,Y,262,0.0001328544,DEBRIS,SMALL,DEBRIS,SMALL,1.00,21450,DELTA 1 DEB,1.00,29216,CZ-4B DEB,2025-10-04T06:25:26.019000
1175874479,2025-10-03 05:50:17.000000,Y,391,0.0002743016,ROCKET BODY,LARGE,DEBRIS,SMALL,3.00,19257,SL-8 R/B,1.00,35020,COSMOS 2251 DEB,2025-10-03T08:29:54.634000
1175873782,2025-10-03 05:50:09.000000,Y,402,0.0001853871,ROCKET BODY,LARGE,DEBRIS,SMALL,3.00,17974,SL-16 R/B,1.00,5392,THORAD AGENA D DEB,2025-10-04T21:45:51.110000
1175871912,2025-10-03 05:49:48.000000,Y,194,0.000230591,PAYLOAD,LARGE,DEBRIS,SMALL,5.00,14240,COSMOS 1486,1.00,40580,DMSP 5D-2 F13 DEB,2025-10-05T04:25:34.153000
1175870771,2025-10-03 05:49:35.000000,Y,300,0.0002308953,PAYLOAD,LARGE,DEBRIS,SMALL,5.00,12791,COSMOS 1302,1.00,31772,FENGYUN 1C DEB,2025-10-03T17:47:37.682000
1175870100,2025-10-03 05:49:28.000000,Y,98,0.001078051,ROCKET BODY,LARGE,DEBRIS,SMALL,3.00,11608,SL-3 R/B,1.00,38832,FENGYUN 1C DEB,2025-10-05T13:29:28.406000
1175869772,2025-10-03 05:49:23.000000,Y,119,0.0001102014,PAYLOAD,LARGE,DEBRIS,SMALL,5.00,10539,COSMOS 972,1.00,61286,CZ-6A DEB,2025-10-04T16:52:03.791000
1175869778,2025-10-03 05:49:23.000000,Y,116,0.0003020763,ROCKET BODY,LARGE,DEBRIS,SMALL,3.00,10541,SL-14 R/B,1.00,31901,FENGYUN 1C DEB,2025-10-04T21:40:59.767000
1175867818,2025-10-03 05:48:53.000000,Y,402,0.0001853871,DEBRIS,SMALL,ROCKET BODY,LARGE,1.00,5392,THORAD AGENA D DEB,3.00,17974,SL-16 R/B,2025-10-04T21:45:51.110000
1175865844,2025-10-03 05:48:28.000000,Y,170,0.0005592242,PAYLOAD,MEDIUM,UNKNOWN,SMALL,5.00,1804,ALOUETTE 2,3.00,85373,UNKNOWN,2025-10-03T12:16:01.007000
1175812212,2025-10-03 04:39:50.000000,Y,1329,,DEBRIS,MEDIUM,ROCKET BODY,LARGE,1.00,49358,ATLAS 5 CENTAUR DEB,3.00,4632,TITAN 3C TRANSTAGE R/B,2025-10-03T19:10:56.959000
1175812871,2025-10-03 04:39:50.000000,Y,1630,,ROCKET BODY,LARGE,DEBRIS,MEDIUM,3.00,51851,ATLAS 5 CENTAUR R/B,1.00,23292,SL-12 DEB,2025-10-06T04:28:53.959000
1175807722,2025-10-03 04:39:38.000000,Y,3788,,DEBRIS,MEDIUM,ROCKET BODY,MEDIUM,1.00,38631,BREEZE-M DEB,3.00,32281,SL-12 R/B(AUX MOTOR),2025-10-05T01:48:45.836000
1175806977,2025-10-03 04:39:30.000000,Y,3788,,ROCKET BODY,MEDIUM,DEBRIS,MEDIUM,3.00,32281,SL-12 R/B(AUX MOTOR),1.00,38631,BREEZE-M DEB,2025-10-05T01:48:45.836000
1175806532,2025-10-03 04:39:25.000000,Y,1379,,ROCKET BODY,LARGE,DEBRIS,MEDIUM,3.00,28365,BLOCK DM-SL R/B,1.00,23239,ARIANE 44L+ DEB,2025-10-03T14:47:50.842000
1175806233,2025-10-03 04:39:22.000000,Y,3824,,ROCKET BODY,LARGE,PAYLOAD,LARGE,3.00,26569,SL-12 R/B(2),5.00,26989,COSMOS 2380 (GLONASS),2025-10-04T09:57:13.773000
1175806323,2025-10-03 04:39:22.000000,Y,3824,,PAYLOAD,LARGE,ROCKET BODY,LARGE,5.00,26989,COSMOS 2380 (GLONASS),3.00,26569,SL-12 R/B(2),2025-10-04T09:57:13.773000
1175805553,2025-10-03 04:39:15.000000,Y,1379,,DEBRIS,MEDIUM,ROCKET BODY,LARGE,1.00,23239,ARIANE 44L+ DEB,3.00,28365,BLOCK DM-SL R/B,2025-10-03T14:47:50.842000
1175805560,2025-10-03 04:39:15.000000,Y,1630,,DEBRIS,MEDIUM,ROCKET BODY,LARGE,1.00,23292,SL-12 DEB,3.00,51851,ATLAS 5 CENTAUR R/B,2025-10-06T04:28:53.959000
1175805290,2025-10-03 04:39:11.000000,Y,2219,,PAYLOAD,LARGE,ROCKET BODY,LARGE,5.00,20367,RADUGA 24,3.00,13630,SL-12 R/B(2),2025-10-05T19:32:23.741000
1175805104,2025-10-03 04:39:10.000000,Y,4589,,PAYLOAD,MEDIUM,ROCKET BODY,LARGE,5.00,16961,COSMOS 1778 (GLONASS),3.00,14984,SL-12 R/B(2),2025-10-06T02:45:42.126000
1175804987,2025-10-03 04:39:08.000000,Y,4589,,ROCKET BODY,LARGE,PAYLOAD,MEDIUM,3.00,14984,SL-12 R/B(2),5.00,16961,COSMOS 1778 (GLONASS),2025-10-06T02:45:42.126000
1175804872,2025-10-03 04:39:07.000000,Y,2219,,ROCKET BODY,LARGE,PAYLOAD,LARGE,3.00,13630,SL-12 R/B(2),5.00,20367,RADUGA 24,2025-10-05T19:32:23.741000
1175804668,2025-10-03 04:39:05.000000,Y,1329,,ROCKET BODY,LARGE,DEBRIS,MEDIUM,3.00,4632,TITAN 3C TRANSTAGE R/B,1.00,49358,ATLAS 5 CENTAUR DEB,2025-10-03T19:10:56.959000
1175545652,2025-10-03 00:05:36.000000,Y,369,0.0001136475,DEBRIS,SMALL,ROCKET BODY,LARGE,1.00,60979,CZ-6A DEB,3.00,40262,CZ-2C R/B,2025-10-04T17:22:17.034000
1175544367,2025-10-03 00:05:16.000000,Y,441,0.0001117235,DEBRIS,MEDIUM,DEBRIS,SMALL,1.00,60689,CZ-6A DEB,1.00,35606,COSMOS 2251 DEB,2025-10-05T14:18:42.117000
1175544253,2025-10-03 00:05:14.000000,Y,13,0.001817965,DEBRIS,MEDIUM,DEBRIS,,1.00,60666,CZ-6A DEB,1.00,37664,DELTA 1 DEB,2025-10-03T07:07:21.740000
1175489306,2025-10-02 23:58:36.000000,Y,73,0.0001227097,DEBRIS,SMALL,DEBRIS,SMALL,1.00,54939,CZ-6A DEB,1.00,4857,THORAD AGENA D DEB,2025-10-03T00:37:45.308000
1175486867,2025-10-02 23:57:38.000000,Y,229,0.0001410453,DEBRIS,MEDIUM,DEBRIS,SMALL,1.00,54323,CZ-6A DEB,1.00,29097,SL-16 DEB,2025-10-04T15:16:59.480000
1175486789,2025-10-02 23:57:37.000000,Y,91,0.0001449505,DEBRIS,SMALL,PAYLOAD,LARGE,1.00,54296,CZ-6A DEB,5.00,24948,IRIDIUM 28,2025-10-04T16:52:36.055000
1175486675,2025-10-02 23:57:33.000000,Y,183,0.001363063,DEBRIS,MEDIUM,ROCKET BODY,LARGE,1.00,54270,CZ-6A DEB,3.00,25407,SL-16 R/B,2025-10-05T09:48:18.107000
1175464615,2025-10-02 23:50:00.000000,Y,5,0.0007927613,DEBRIS,SMALL,UNKNOWN,SMALL,1.00,41409,NOAA 16 DEB,3.00,270323,UNKNOWN,2025-10-04T05:18:47.883000
1175461501,2025-10-02 23:49:15.000000,Y,369,0.0001136475,ROCKET BODY,LARGE,DEBRIS,SMALL,3.00,40262,CZ-2C R/B,1.00,60979,CZ-6A DEB,2025-10-04T17:22:17.034000
1175459608,2025-10-02 23:49:00.000000,Y,106,0.0001570767,DEBRIS,SMALL,DEBRIS,SMALL,1.00,39819,COSMOS 1823 DEB,1.00,13535,DELTA 1 DEB,2025-10-03T01:37:49.810000
1175457390,2025-10-02 23:48:29.000000,Y,57,0.0009608077,DEBRIS,SMALL,ROCKET BODY,LARGE,1.00,38832,FENGYUN 1C DEB,3.00,11608,SL-3 R/B,2025-10-05T13:29:28.465000
1175455770,2025-10-02 23:47:51.000000,Y,13,0.001817965,DEBRIS,,DEBRIS,MEDIUM,1.00,37664,DELTA 1 DEB,1.00,60666,CZ-6A DEB,2025-10-03T07:07:21.740000
1175455337,2025-10-02 23:47:37.000000,Y,136,0.0002133516,ROCKET BODY,LARGE,UNKNOWN,SMALL,3.00,37390,PSLV R/B,3.00,82893,UNKNOWN,2025-10-03T10:02:07.729000
1175453551,2025-10-02 23:47:16.000000,Y,14,0.0001978865,DEBRIS,SMALL,DEBRIS,SMALL,1.00,36260,FENGYUN 1C DEB,1.00,30047,FENGYUN 1C DEB,2025-10-05T05:26:19.424000
1175452326,2025-10-02 23:47:01.000000,Y,441,0.0001117235,DEBRIS,SMALL,DEBRIS,MEDIUM,1.00,35606,COSMOS 2251 DEB,1.00,60689,CZ-6A DEB,2025-10-05T14:18:42.117000
1175451450,2025-10-02 23:46:50.000000,Y,481,0.0002360399,DEBRIS,SMALL,UNKNOWN,SMALL,1.00,35231,FENGYUN 1C DEB,3.00,81816,UNKNOWN,2025-10-05T01:00:56.408000
1175451054,2025-10-02 23:46:46.000000,Y,391,0.0002743015,DEBRIS,SMALL,ROCKET BODY,LARGE,1.00,35020,COSMOS 2251 DEB,3.00,19257,SL-8 R/B,2025-10-03T08:29:54.634000
1175445657,2025-10-02 23:45:32.000000,Y,112,0.0003405727,DEBRIS,SMALL,ROCKET BODY,LARGE,1.00,31901,FENGYUN 1C DEB,3.00,10541,SL-14 R/B,2025-10-04T21:40:59.771000
1175445282,2025-10-02 23:45:24.000000,Y,305,0.0002292586,DEBRIS,SMALL,PAYLOAD,LARGE,1.00,31772,FENGYUN 1C DEB,5.00,12791,COSMOS 1302,2025-10-03T17:47:37.681000
1175443946,2025-10-02 23:44:50.000000,Y,180,0.000103415,DEBRIS,SMALL,DEBRIS,SMALL,1.00,31369,FENGYUN 1C DEB,1.00,30493,FENGYUN 1C DEB,2025-10-03T12:42:12.122000
1175443883,2025-10-02 23:44:49.000000,Y,206,0.0002343091,DEBRIS,SMALL,PAYLOAD,LARGE,1.00,31350,FENGYUN 1C DEB,5.00,14452,METEOR 2-10,2025-10-03T01:26:27.419000
1175440832,2025-10-02 23:44:09.000000,Y,180,0.000103415,DEBRIS,SMALL,DEBRIS,SMALL,1.00,30493,FENGYUN 1C DEB,1.00,31369,FENGYUN 1C DEB,2025-10-03T12:42:12.122000
1175439499,2025-10-02 23:43:52.000000,Y,14,0.0001978865,DEBRIS,SMALL,DEBRIS,SMALL,1.00,30047,FENGYUN 1C DEB,1.00,36260,FENGYUN 1C DEB,2025-10-05T05:26:19.424000
1175438262,2025-10-02 23:43:37.000000,Y,262,0.0001328544,DEBRIS,SMALL,DEBRIS,SMALL,1.00,29216,CZ-4B DEB,1.00,21450,DELTA 1 DEB,2025-10-04T06:25:26.019000
1175438229,2025-10-02 23:43:36.000000,Y,229,0.0001410453,DEBRIS,SMALL,DEBRIS,MEDIUM,1.00,29097,SL-16 DEB,1.00,54323,CZ-6A DEB,2025-10-04T15:16:59.480000
1175436924,2025-10-02 23:43:21.000000,Y,515,0.0004545105,PAYLOAD,MEDIUM,DEBRIS,SMALL,5.00,27943,BILSAT 1,1.00,27493,CZ-4 DEB,2025-10-04T04:38:40.660000
1175436469,2025-10-02 23:43:15.000000,Y,515,0.0004545105,DEBRIS,SMALL,PAYLOAD,MEDIUM,1.00,27493,CZ-4 DEB,5.00,27943,BILSAT 1,2025-10-04T04:38:40.660000
1175434429,2025-10-02 23:42:43.000000,Y,183,0.001363063,ROCKET BODY,LARGE,DEBRIS,MEDIUM,3.00,25407,SL-16 R/B,1.00,54270,CZ-6A DEB,2025-10-05T09:48:18.107000
1175434024,2025-10-02 23:42:37.000000,Y,91,0.0001449505,PAYLOAD,LARGE,DEBRIS,SMALL,5.00,24948,IRIDIUM 28,1.00,54296,CZ-6A DEB,2025-10-04T16:52:36.055000
1175432180,2025-10-02 23:42:14.000000,Y,262,0.0001328544,DEBRIS,SMALL,DEBRIS,SMALL,1.00,21450,DELTA 1 DEB,1.00,29216,CZ-4B DEB,2025-10-04T06:25:26.019000
1175430947,2025-10-02 23:41:58.000000,Y,391,0.0002743015,ROCKET BODY,LARGE,DEBRIS,SMALL,3.00,19257,SL-8 R/B,1.00,35020,COSMOS 2251 DEB,2025-10-03T08:29:54.634000
1175430236,2025-10-02 23:41:50.000000,Y,402,0.0001853866,ROCKET BODY,LARGE,DEBRIS,SMALL,3.00,17974,SL-16 R/B,1.00,5392,THORAD AGENA D DEB,2025-10-04T21:45:51.110000
1175428446,2025-10-02 23:41:27.000000,Y,206,0.0002343091,PAYLOAD,LARGE,DEBRIS,SMALL,5.00,14452,METEOR 2-10,1.00,31350,FENGYUN 1C DEB,2025-10-03T01:26:27.419000
1175427771,2025-10-02 23:41:19.000000,Y,106,0.0001570767,DEBRIS,SMALL,DEBRIS,SMALL,1.00,13535,DELTA 1 DEB,1.00,39819,COSMOS 1823 DEB,2025-10-03T01:37:49.810000
1175427197,2025-10-02 23:41:12.000000,Y,305,0.0002292586,PAYLOAD,LARGE,DEBRIS,SMALL,5.00,12791,COSMOS 1302,1.00,31772,FENGYUN 1C DEB,2025-10-03T17:47:37.681000
1175426518,2025-10-02 23:41:03.000000,Y,57,0.0009608077,ROCKET BODY,LARGE,DEBRIS,SMALL,3.00,11608,SL-3 R/B,1.00,38832,FENGYUN 1C DEB,2025-10-05T13:29:28.465000
1175426179,2025-10-02 23:40:55.000000,Y,112,0.0003405727,ROCKET BODY,LARGE,DEBRIS,SMALL,3.00,10541,SL-14 R/B,1.00,31901,FENGYUN 1C DEB,2025-10-04T21:40:59.771000
1175424260,2025-10-02 23:39:59.000000,Y,402,0.0001853866,DEBRIS,SMALL,ROCKET BODY,LARGE,1.00,5392,THORAD AGENA D DEB,3.00,17974,SL-16 R/B,2025-10-04T21:45:51.110000
1175423887,2025-10-02 23:39:55.000000,Y,73,0.0001227097,DEBRIS,SMALL,DEBRIS,SMALL,1.00,4857,THORAD AGENA D DEB,1.00,54939,CZ-6A DEB,2025-10-03T00:37:45.308000
1175422297,2025-10-02 23:39:38.000000,Y,166,0.0005369413,PAYLOAD,MEDIUM,UNKNOWN,SMALL,5.00,1804,ALOUETTE 2,3.00,85373,UNKNOWN,2025-10-03T12:16:01.000000
1175326962,2025-10-02 22:16:54.000000,Y,1329,,DEBRIS,MEDIUM,ROCKET BODY,LARGE,1.00,49358,ATLAS 5 CENTAUR DEB,3.00,4632,TITAN 3C TRANSTAGE R/B,2025-10-03T19:10:56.959000
1175321167,2025-10-02 22:16:38.000000,Y,40,,ROCKET BODY,LARGE,DEBRIS,MEDIUM,3.00,28365,BLOCK DM-SL R/B,1.00,23239,ARIANE 44L+ DEB,2025-10-03T14:47:50.365000
1175320956,2025-10-02 22:16:36.000000,Y,3824,,PAYLOAD,LARGE,ROCKET BODY,LARGE,5.00,26989,COSMOS 2380 (GLONASS),3.00,26569,SL-12 R/B(2),2025-10-04T09:57:13.773000
1175320877,2025-10-02 22:16:35.000000,Y,3824,,ROCKET BODY,LARGE,PAYLOAD,LARGE,3.00,26569,SL-12 R/B(2),5.00,26989,COSMOS 2380 (GLONASS),2025-10-04T09:57:13.773000
1175320300,2025-10-02 22:16:30.000000,Y,40,,DEBRIS,MEDIUM,ROCKET BODY,LARGE,1.00,23239,ARIANE 44L+ DEB,3.00,28365,BLOCK DM-SL R/B,2025-10-03T14:47:50.365000
1175320092,2025-10-02 22:16:28.000000,Y,2260,,PAYLOAD,LARGE,ROCKET BODY,LARGE,5.00,20367,RADUGA 24,3.00,13630,SL-12 R/B(2),2025-10-05T19:32:23.740000
1175319755,2025-10-02 22:16:25.000000,Y,2260,,ROCKET BODY,LARGE,PAYLOAD,LARGE,3.00,13630,SL-12 R/B(2),5.00,20367,RADUGA 24,2025-10-05T19:32:23.740000
1175319582,2025-10-02 22:16:24.000000,Y,1329,,ROCKET BODY,LARGE,DEBRIS,MEDIUM,3.00,4632,TITAN 3C TRANSTAGE R/B,1.00,49358,ATLAS 5 CENTAUR DEB,2025-10-03T19:10:56.959000
1174943210,2025-10-02 14:11:03.000000,Y,186,0.0002695213,DEBRIS,SMALL,ROCKET BODY,LARGE,1.00,61336,CZ-6A DEB,3.00,6276,THOR BURNER 2 R/B,2025-10-03T09:36:44.924000
1174939996,2025-10-02 14:10:11.000000,Y,12,0.001827876,DEBRIS,MEDIUM,DEBRIS,,1.00,60666,CZ-6A DEB,1.00,37664,DELTA 1 DEB,2025-10-03T07:07:21.736000
1174971124,2025-10-02 14:04:43.000000,Y,252,0.0003309549,DEBRIS,MEDIUM,DEBRIS,SMALL,1.00,54969,CZ-6A DEB,1.00,30089,FENGYUN 1C DEB,2025-10-03T15:53:06.523000
1174968436,2025-10-02 14:04:08.000000,Y,178,0.001569501,DEBRIS,MEDIUM,ROCKET BODY,LARGE,1.00,54270,CZ-6A DEB,3.00,25407,SL-16 R/B,2025-10-05T09:48:18.096000
1174933245,2025-10-02 14:02:24.000000,Y,334,0.0001927946,DEBRIS,SMALL,DEBRIS,MEDIUM,1.00,48623,CZ-4B DEB,1.00,223,THOR ABLESTAR DEB,2025-10-05T13:03:44.809000
1175026219,2025-10-02 13:58:56.000000,Y,28,0.0004951376,DEBRIS,SMALL,UNKNOWN,SMALL,1.00,41409,NOAA 16 DEB,3.00,270323,UNKNOWN,2025-10-04T05:18:47.615000
1175022138,2025-10-02 13:58:02.000000,Y,109,0.0001555472,DEBRIS,SMALL,DEBRIS,SMALL,1.00,39819,COSMOS 1823 DEB,1.00,13535,DELTA 1 DEB,2025-10-03T01:37:49.807000
1175019954,2025-10-02 13:57:28.000000,Y,77,0.0006207914,DEBRIS,SMALL,ROCKET BODY,LARGE,1.00,38832,FENGYUN 1C DEB,3.00,11608,SL-3 R/B,2025-10-05T13:29:28.425000
1175018364,2025-10-02 13:57:05.000000,Y,12,0.001827876,DEBRIS,,DEBRIS,MEDIUM,1.00,37664,DELTA 1 DEB,1.00,60666,CZ-6A DEB,2025-10-03T07:07:21.736000
1175016237,2025-10-02 13:56:35.000000,Y,135,0.0001090155,DEBRIS,SMALL,DEBRIS,SMALL,1.00,36260,FENGYUN 1C DEB,1.00,30047,FENGYUN 1C DEB,2025-10-05T05:26:19.388000
1175014227,2025-10-02 13:56:07.000000,Y,577,0.0002002422,DEBRIS,SMALL,UNKNOWN,SMALL,1.00,35231,FENGYUN 1C DEB,3.00,81816,UNKNOWN,2025-10-05T01:00:56.386000
1175013841,2025-10-02 13:56:02.000000,Y,256,0.0004675082,DEBRIS,SMALL,ROCKET BODY,LARGE,1.00,35020,COSMOS 2251 DEB,3.00,19257,SL-8 R/B,2025-10-03T08:29:54.627000
1175008729,2025-10-02 13:54:43.000000,Y,175,0.0001876479,DEBRIS,SMALL,ROCKET BODY,LARGE,1.00,31901,FENGYUN 1C DEB,3.00,10541,SL-14 R/B,2025-10-04T21:40:59.761000
1175008383,2025-10-02 13:54:39.000000,Y,129,0.0001785278,DEBRIS,SMALL,PAYLOAD,LARGE,1.00,31772,FENGYUN 1C DEB,5.00,12791,COSMOS 1302,2025-10-03T17:47:37.601000
1175006992,2025-10-02 13:54:20.000000,Y,212,0.0004987512,DEBRIS,SMALL,PAYLOAD,LARGE,1.00,31350,FENGYUN 1C DEB,5.00,14452,METEOR 2-10,2025-10-03T01:26:27.401000
1175005104,2025-10-02 13:53:53.000000,Y,848,0.000335067,DEBRIS,SMALL,PAYLOAD,MEDIUM,1.00,30826,FENGYUN 1C DEB,5.00,28893,SINAH 1,2025-10-04T06:04:53.907000
1175004689,2025-10-02 13:53:47.000000,Y,237,0.0001350946,DEBRIS,SMALL,ROCKET BODY,LARGE,1.00,30666,FENGYUN 1C DEB,3.00,26070,SL-16 R/B,2025-10-05T04:50:39.212000
1175002878,2025-10-02 13:53:24.000000,Y,252,0.0003309549,DEBRIS,SMALL,DEBRIS,MEDIUM,1.00,30089,FENGYUN 1C DEB,1.00,54969,CZ-6A DEB,2025-10-03T15:53:06.523000
1175002753,2025-10-02 13:53:23.000000,Y,135,0.0001090155,DEBRIS,SMALL,DEBRIS,SMALL,1.00,30047,FENGYUN 1C DEB,1.00,36260,FENGYUN 1C DEB,2025-10-05T05:26:19.388000
1175001565,2025-10-02 13:53:06.000000,Y,241,0.00037816,DEBRIS,SMALL,DEBRIS,SMALL,1.00,29216,CZ-4B DEB,1.00,21450,DELTA 1 DEB,2025-10-04T06:25:26.014000
1175001246,2025-10-02 13:53:02.000000,Y,848,0.000335067,PAYLOAD,MEDIUM,DEBRIS,SMALL,5.00,28893,SINAH 1,1.00,30826,FENGYUN 1C DEB,2025-10-04T06:04:53.907000
1175000236,2025-10-02 13:52:49.000000,Y,312,0.001050625,PAYLOAD,MEDIUM,DEBRIS,SMALL,5.00,27943,BILSAT 1,1.00,27493,CZ-4 DEB,2025-10-04T04:38:40.612000
1174999814,2025-10-02 13:52:42.000000,Y,312,0.001050625,DEBRIS,SMALL,PAYLOAD,MEDIUM,1.00,27493,CZ-4 DEB,5.00,27943,BILSAT 1,2025-10-04T04:38:40.612000
1174998332,2025-10-02 13:52:20.000000,Y,237,0.0001350946,ROCKET BODY,LARGE,DEBRIS,SMALL,3.00,26070,SL-16 R/B,1.00,30666,FENGYUN 1C DEB,2025-10-05T04:50:39.212000
1174997787,2025-10-02 13:52:12.000000,Y,178,0.001569501,ROCKET BODY,LARGE,DEBRIS,MEDIUM,3.00,25407,SL-16 R/B,1.00,54270,CZ-6A DEB,2025-10-05T09:48:18.096000
1174995619,2025-10-02 13:51:41.000000,Y,241,0.00037816,DEBRIS,SMALL,DEBRIS,SMALL,1.00,21450,DELTA 1 DEB,1.00,29216,CZ-4B DEB,2025-10-04T06:25:26.014000
1174995556,2025-10-02 13:51:40.000000,Y,107,0.0003599342,PAYLOAD,LARGE,DEBRIS,SMALL,5.00,21418,COSMOS 2150,1.00,20174,THOR ABLESTAR DEB,2025-10-05T01:45:35.447000
1174994703,2025-10-02 13:51:26.000000,Y,107,0.0003599342,DEBRIS,SMALL,PAYLOAD,LARGE,1.00,20174,THOR ABLESTAR DEB,5.00,21418,COSMOS 2150,2025-10-05T01:45:35.447000
1174994421,2025-10-02 13:51:22.000000,Y,256,0.0004675082,ROCKET BODY,LARGE,DEBRIS,SMALL,3.00,19257,SL-8 R/B,1.00,35020,COSMOS 2251 DEB,2025-10-03T08:29:54.627000
1174994219,2025-10-02 13:51:20.000000,Y,239,0.0001316463,DEBRIS,SMALL,PAYLOAD,MEDIUM,1.00,18870,DELTA 1 DEB,5.00,11301,COSMOS 1086,2025-10-04T01:34:36.544000
1174993685,2025-10-02 13:51:11.000000,Y,544,0.0002611153,ROCKET BODY,LARGE,DEBRIS,SMALL,3.00,17974,SL-16 R/B,1.00,5392,THORAD AGENA D DEB,2025-10-04T21:45:51.181000
1174993491,2025-10-02 13:51:08.000000,Y,511,0.0001194574,DEBRIS,SMALL,ROCKET BODY,LARGE,1.00,17623,COSMOS 1275 DEB,3.00,6393,SL-3 R/B,2025-10-03T18:16:55.766000
1174991962,2025-10-02 13:50:46.000000,Y,212,0.0004987512,PAYLOAD,LARGE,DEBRIS,SMALL,5.00,14452,METEOR 2-10,1.00,31350,FENGYUN 1C DEB,2025-10-03T01:26:27.401000
1174991312,2025-10-02 13:50:37.000000,Y,109,0.0001555472,DEBRIS,SMALL,DEBRIS,SMALL,1.00,13535,DELTA 1 DEB,1.00,39819,COSMOS 1823 DEB,2025-10-03T01:37:49.807000
1174990762,2025-10-02 13:50:29.000000,Y,129,0.0001785278,PAYLOAD,LARGE,DEBRIS,SMALL,5.00,12791,COSMOS 1302,1.00,31772,FENGYUN 1C DEB,2025-10-03T17:47:37.601000
1174990140,2025-10-02 13:50:13.000000,Y,77,0.0006207914,ROCKET BODY,LARGE,DEBRIS,SMALL,3.00,11608,SL-3 R/B,1.00,38832,FENGYUN 1C DEB,2025-10-05T13:29:28.425000
1174990075,2025-10-02 13:50:12.000000,Y,239,0.0001316463,PAYLOAD,MEDIUM,DEBRIS,SMALL,5.00,11301,COSMOS 1086,1.00,18870,DELTA 1 DEB,2025-10-04T01:34:36.544000
1174989801,2025-10-02 13:50:08.000000,Y,175,0.0001876479,ROCKET BODY,LARGE,DEBRIS,SMALL,3.00,10541,SL-14 R/B,1.00,31901,FENGYUN 1C DEB,2025-10-04T21:40:59.761000
1174988580,2025-10-02 13:49:52.000000,Y,511,0.0001194574,ROCKET BODY,LARGE,DEBRIS,SMALL,3.00,6393,SL-3 R/B,1.00,17623,COSMOS 1275 DEB,2025-10-03T18:16:55.766000
1174988527,2025-10-02 13:49:51.000000,Y,186,0.0002695213,ROCKET BODY,LARGE,DEBRIS,SMALL,3.00,6276,THOR BURNER 2 R/B,1.00,61336,CZ-6A DEB,2025-10-03T09:36:44.924000
1174987995,2025-10-02 13:49:44.000000,Y,544,0.0002611153,DEBRIS,SMALL,ROCKET BODY,LARGE,1.00,5392,THORAD AGENA D DEB,3.00,17974,SL-16 R/B,2025-10-04T21:45:51.181000
1174986128,2025-10-02 13:49:21.000000,Y,172,0.0005451987,PAYLOAD,MEDIUM,UNKNOWN,SMALL,5.00,1804,ALOUETTE 2,3.00,85373,UNKNOWN,2025-10-03T12:16:00.947000
1174985510,2025-10-02 13:49:13.000000,Y,334,0.0001927946,DEBRIS,MEDIUM,DEBRIS,SMALL,1.00,223,THOR ABLESTAR DEB,1.00,48623,CZ-4B DEB,2025-10-05T13:03:44.809000
1174773811,2025-10-02 12:26:46.000000,Y,1320,,DEBRIS,MEDIUM,ROCKET BODY,LARGE,1.00,49358,ATLAS 5 CENTAUR DEB,3.00,4632,TITAN 3C TRANSTAGE R/B,2025-10-03T19:10:56.994000
1174770929,2025-10-02 12:26:08.000000,Y,118,,ROCKET BODY,LARGE,DEBRIS,MEDIUM,3.00,28365,BLOCK DM-SL R/B,1.00,23239,ARIANE 44L+ DEB,2025-10-03T14:47:50.374000
1174770714,2025-10-02 12:26:02.000000,Y,3824,,PAYLOAD,LARGE,ROCKET BODY,LARGE,5.00,26989,COSMOS 2380 (GLONASS),3.00,26569,SL-12 R/B(2),2025-10-04T09:57:13.773000
1174770636,2025-10-02 12:26:01.000000,Y,3824,,ROCKET BODY,LARGE,PAYLOAD,LARGE,3.00,26569,SL-12 R/B(2),5.00,26989,COSMOS 2380 (GLONASS),2025-10-04T09:57:13.773000
1174770040,2025-10-02 12:25:48.000000,Y,118,,DEBRIS,MEDIUM,ROCKET BODY,LARGE,1.00,23239,ARIANE 44L+ DEB,3.00,28365,BLOCK DM-SL R/B,2025-10-03T14:47:50.374000
1174769246,2025-10-02 12:25:27.000000,Y,1320,,ROCKET BODY,LARGE,DEBRIS,MEDIUM,3.00,4632,TITAN 3C TRANSTAGE R/B,1.00,49358,ATLAS 5 CENTAUR DEB,2025-10-03T19:10:56.994000
1174700257,2025-10-02 06:55:06.000000,Y,202,0.0002888012,DEBRIS,SMALL,ROCKET BODY,LARGE,1.00,61336,CZ-6A DEB,3.00,6276,THOR BURNER 2 R/B,2025-10-03T09:36:44.919000
1174697035,2025-10-02 06:54:22.000000,Y,22,0.001658113,DEBRIS,MEDIUM,DEBRIS,,1.00,60666,CZ-6A DEB,1.00,37664,DELTA 1 DEB,2025-10-03T07:07:21.742000
1174696817,2025-10-02 06:54:20.000000,Y,195,0.0001308706,DEBRIS,MEDIUM,ROCKET BODY,LARGE,1.00,60630,CZ-6A DEB,3.00,27784,PEGASUS R/B,2025-10-02T07:16:53.817000
1174545137,2025-10-02 06:48:53.000000,Y,256,0.0001393841,DEBRIS,MEDIUM,DEBRIS,SMALL,1.00,54969,CZ-6A DEB,1.00,30089,FENGYUN 1C DEB,2025-10-03T15:53:06.549000
1174490077,2025-10-02 06:38:47.000000,Y,221,0.0001351188,DEBRIS,SMALL,PAYLOAD,LARGE,1.00,31772,FENGYUN 1C DEB,5.00,12791,COSMOS 1302,2025-10-03T17:47:37.660000
1174488674,2025-10-02 06:38:25.000000,Y,215,0.000368889,DEBRIS,SMALL,PAYLOAD,LARGE,1.00,31350,FENGYUN 1C DEB,5.00,14452,METEOR 2-10,2025-10-03T01:26:27.426000
1174487856,2025-10-02 06:38:07.000000,Y,636,0.0004357804,DEBRIS,SMALL,PAYLOAD,LARGE,1.00,31094,FENGYUN 1C DEB,5.00,18985,COSMOS 1934,2025-10-04T12:20:42.459000
1174486795,2025-10-02 06:37:52.000000,Y,944,0.0001857326,DEBRIS,SMALL,PAYLOAD,MEDIUM,1.00,30826,FENGYUN 1C DEB,5.00,28893,SINAH 1,2025-10-04T06:04:53.911000
1174485630,2025-10-02 06:37:35.000000,Y,705,0.0001394033,DEBRIS,SMALL,ROCKET BODY,LARGE,1.00,30475,FENGYUN 1C DEB,3.00,25407,SL-16 R/B,2025-10-05T04:57:43.081000
1174484507,2025-10-02 06:37:19.000000,Y,256,0.0001393841,DEBRIS,SMALL,DEBRIS,MEDIUM,1.00,30089,FENGYUN 1C DEB,1.00,54969,CZ-6A DEB,2025-10-03T15:53:06.549000
1174482839,2025-10-02 06:36:57.000000,Y,944,0.0001857326,PAYLOAD,MEDIUM,DEBRIS,SMALL,5.00,28893,SINAH 1,1.00,30826,FENGYUN 1C DEB,2025-10-04T06:04:53.911000
1174481852,2025-10-02 06:36:45.000000,Y,347,0.001066841,PAYLOAD,MEDIUM,DEBRIS,SMALL,5.00,27943,BILSAT 1,1.00,27493,CZ-4 DEB,2025-10-04T04:38:40.606000
1174481774,2025-10-02 06:36:44.000000,Y,195,0.0001308706,ROCKET BODY,LARGE,DEBRIS,MEDIUM,3.00,27784,PEGASUS R/B,1.00,60630,CZ-6A DEB,2025-10-02T07:16:53.817000
1174481448,2025-10-02 06:36:40.000000,Y,347,0.001066841,DEBRIS,SMALL,PAYLOAD,MEDIUM,1.00,27493,CZ-4 DEB,5.00,27943,BILSAT 1,2025-10-04T04:38:40.606000
1174479390,2025-10-02 06:36:13.000000,Y,705,0.0001394033,ROCKET BODY,LARGE,DEBRIS,SMALL,3.00,25407,SL-16 R/B,1.00,30475,FENGYUN 1C DEB,2025-10-05T04:57:43.081000
1174477147,2025-10-02 06:35:45.000000,Y,54,0.0005116747,PAYLOAD,LARGE,DEBRIS,SMALL,5.00,21418,COSMOS 2150,1.00,20174,THOR ABLESTAR DEB,2025-10-05T01:45:35.454000
1174476318,2025-10-02 06:35:23.000000,Y,54,0.0005116747,DEBRIS,SMALL,PAYLOAD,LARGE,1.00,20174,THOR ABLESTAR DEB,5.00,21418,COSMOS 2150,2025-10-05T01:45:35.454000
1174476017,2025-10-02 06:35:19.000000,Y,329,0.0004076322,ROCKET BODY,LARGE,DEBRIS,SMALL,3.00,19257,SL-8 R/B,1.00,35020,COSMOS 2251 DEB,2025-10-03T08:29:54.621000
1174475857,2025-10-02 06:35:18.000000,Y,636,0.0004357804,PAYLOAD,LARGE,DEBRIS,SMALL,5.00,18985,COSMOS 1934,1.00,31094,FENGYUN 1C DEB,2025-10-04T12:20:42.459000
1174475819,2025-10-02 06:35:17.000000,Y,238,0.0001509048,DEBRIS,SMALL,PAYLOAD,MEDIUM,1.00,18870,DELTA 1 DEB,5.00,11301,COSMOS 1086,2025-10-04T01:34:36.537000
1174475287,2025-10-02 06:35:11.000000,Y,547,0.0002771352,ROCKET BODY,LARGE,DEBRIS,SMALL,3.00,17974,SL-16 R/B,1.00,5392,THORAD AGENA D DEB,2025-10-04T21:45:51.164000
1174475082,2025-10-02 06:35:07.000000,Y,513,0.0001791089,DEBRIS,SMALL,ROCKET BODY,LARGE,1.00,17623,COSMOS 1275 DEB,3.00,6393,SL-3 R/B,2025-10-03T18:16:55.770000
1174473607,2025-10-02 06:34:48.000000,Y,215,0.000368889,PAYLOAD,LARGE,DEBRIS,SMALL,5.00,14452,METEOR 2-10,1.00,31350,FENGYUN 1C DEB,2025-10-03T01:26:27.426000
1174472984,2025-10-02 06:34:40.000000,Y,103,0.0001581225,DEBRIS,SMALL,DEBRIS,SMALL,1.00,13535,DELTA 1 DEB,1.00,39819,COSMOS 1823 DEB,2025-10-03T01:37:49.812000
1174472404,2025-10-02 06:34:32.000000,Y,221,0.0001351188,PAYLOAD,LARGE,DEBRIS,SMALL,5.00,12791,COSMOS 1302,1.00,31772,FENGYUN 1C DEB,2025-10-03T17:47:37.660000
1174472094,2025-10-02 06:34:28.000000,Y,418,0.000433967,PAYLOAD,MEDIUM,DEBRIS,SMALL,5.00,12324,COSMOS 1254,1.00,42589,DELTA 1 DEB,2025-10-02T06:35:52.070000
1174471697,2025-10-02 06:34:22.000000,Y,238,0.0001509048,PAYLOAD,MEDIUM,DEBRIS,SMALL,5.00,11301,COSMOS 1086,1.00,18870,DELTA 1 DEB,2025-10-04T01:34:36.537000
1174470119,2025-10-02 06:34:02.000000,Y,513,0.0001791089,ROCKET BODY,LARGE,DEBRIS,SMALL,3.00,6393,SL-3 R/B,1.00,17623,COSMOS 1275 DEB,2025-10-03T18:16:55.770000
1174470072,2025-10-02 06:34:01.000000,Y,202,0.0002888012,ROCKET BODY,LARGE,DEBRIS,SMALL,3.00,6276,THOR BURNER 2 R/B,1.00,61336,CZ-6A DEB,2025-10-03T09:36:44.919000
1174469570,2025-10-02 06:33:54.000000,Y,547,0.0002771352,DEBRIS,SMALL,ROCKET BODY,LARGE,1.00,5392,THORAD AGENA D DEB,3.00,17974,SL-16 R/B,2025-10-04T21:45:51.164000
1174467705,2025-10-02 06:33:31.000000,Y,154,0.0005329173,PAYLOAD,MEDIUM,UNKNOWN,SMALL,5.00,1804,ALOUETTE 2,3.00,85373,UNKNOWN,2025-10-03T12:16:00.964000
1174465746,2025-10-02 05:14:01.000000,Y,2676,,ROCKET BODY,LARGE,ROCKET BODY,LARGE,3.00,58583,CZ-5 R/B,3.00,11705,ATLAS 35F R/B,2025-10-04T20:18:10.203000
1174465688,2025-10-02 05:14:00.000000,Y,1324,,DEBRIS,MEDIUM,ROCKET BODY,LARGE,1.00,49358,ATLAS 5 CENTAUR DEB,3.00,4632,TITAN 3C TRANSTAGE R/B,2025-10-03T19:10:56.982000
1174464344,2025-10-02 05:12:46.000000,Y,52,,ROCKET BODY,LARGE,DEBRIS,MEDIUM,3.00,28365,BLOCK DM-SL R/B,1.00,23239,ARIANE 44L+ DEB,2025-10-03T14:47:50.368000
1174464223,2025-10-02 05:12:44.000000,Y,3824,,PAYLOAD,LARGE,ROCKET BODY,LARGE,5.00,26989,COSMOS 2380 (GLONASS),3.00,26569,SL-12 R/B(2),2025-10-04T09:57:13.773000
1174464178,2025-10-02 05:12:42.000000,Y,3824,,ROCKET BODY,LARGE,PAYLOAD,LARGE,3.00,26569,SL-12 R/B(2),5.00,26989,COSMOS 2380 (GLONASS),2025-10-04T09:57:13.773000
1174463865,2025-10-02 05:12:26.000000,Y,52,,DEBRIS,MEDIUM,ROCKET BODY,LARGE,1.00,23239,ARIANE 44L+ DEB,3.00,28365,BLOCK DM-SL R/B,2025-10-03T14:47:50.368000
1174463429,2025-10-02 05:12:04.000000,Y,2676,,ROCKET BODY,LARGE,ROCKET BODY,LARGE,3.00,11705,ATLAS 35F R/B,3.00,58583,CZ-5 R/B,2025-10-04T20:18:10.203000
1174463392,2025-10-02 05:12:00.000000,Y,1324,,ROCKET BODY,LARGE,DEBRIS,MEDIUM,3.00,4632,TITAN 3C TRANSTAGE R/B,1.00,49358,ATLAS 5 CENTAUR DEB,2025-10-03T19:10:56.982000
1174263647,2025-10-02 00:33:53.000000,Y,265,0.0001709918,DEBRIS,MEDIUM,DEBRIS,SMALL,1.00,54969,CZ-6A DEB,1.00,30089,FENGYUN 1C DEB,2025-10-03T15:53:06.548000
1174250075,2025-10-02 00:29:37.000000,Y,445,0.0002953363,DEBRIS,SMALL,PAYLOAD,MEDIUM,1.00,42589,DELTA 1 DEB,5.00,12324,COSMOS 1254,2025-10-02T06:35:52.075000
1174247731,2025-10-02 00:29:13.000000,Y,41,0.0004107659,DEBRIS,SMALL,UNKNOWN,SMALL,1.00,41409,NOAA 16 DEB,3.00,270323,UNKNOWN,2025-10-04T05:18:47.533000
1174243644,2025-10-02 00:28:29.000000,Y,115,0.0001543762,DEBRIS,SMALL,DEBRIS,SMALL,1.00,39819,COSMOS 1823 DEB,1.00,13535,DELTA 1 DEB,2025-10-03T01:37:49.817000
1174239756,2025-10-02 00:27:47.000000,Y,23,0.001720829,DEBRIS,,DEBRIS,MEDIUM,1.00,37664,DELTA 1 DEB,1.00,60666,CZ-6A DEB,2025-10-03T07:07:21.745000
1174236229,2025-10-02 00:27:08.000000,Y,431,0.0001251239,DEBRIS,SMALL,DEBRIS,SMALL,1.00,35522,SL-14 DEB,1.00,61366,CZ-6A DEB,2025-10-04T10:35:18.380000
1174235086,2025-10-02 00:26:55.000000,Y,313,0.0003557611,DEBRIS,SMALL,ROCKET BODY,LARGE,1.00,35020,COSMOS 2251 DEB,3.00,19257,SL-8 R/B,2025-10-03T08:29:54.618000
1174229405,2025-10-02 00:25:50.000000,Y,219,0.0001345916,DEBRIS,SMALL,PAYLOAD,LARGE,1.00,31772,FENGYUN 1C DEB,5.00,12791,COSMOS 1302,2025-10-03T17:47:37.661000
1174227961,2025-10-02 00:25:34.000000,Y,199,0.0004355555,DEBRIS,SMALL,PAYLOAD,LARGE,1.00,31350,FENGYUN 1C DEB,5.00,14452,METEOR 2-10,2025-10-03T01:26:27.423000
1174227120,2025-10-02 00:25:25.000000,Y,636,0.0004357838,DEBRIS,SMALL,PAYLOAD,LARGE,1.00,31094,FENGYUN 1C DEB,5.00,18985,COSMOS 1934,2025-10-04T12:20:42.459000
1174136549,2025-10-02 00:24:46.000000,Y,265,0.0001709918,DEBRIS,SMALL,DEBRIS,MEDIUM,1.00,30089,FENGYUN 1C DEB,1.00,54969,CZ-6A DEB,2025-10-03T15:53:06.548000
1174135186,2025-10-02 00:24:19.000000,Y,107,0.0002445538,DEBRIS,SMALL,DEBRIS,SMALL,1.00,29216,CZ-4B DEB,1.00,21450,DELTA 1 DEB,2025-10-04T06:25:26.040000
1174133825,2025-10-02 00:24:04.000000,Y,187,0.0008109185,PAYLOAD,MEDIUM,DEBRIS,SMALL,5.00,27943,BILSAT 1,1.00,27493,CZ-4 DEB,2025-10-04T04:38:40.606000
1174133426,2025-10-02 00:23:59.000000,Y,445,0.0006181034,DEBRIS,SMALL,PAYLOAD,MEDIUM,1.00,27493,CZ-4 DEB,5.00,27943,BILSAT 1,2025-10-04T04:38:40.586000
1174131340,2025-10-02 00:23:33.000000,Y,357,0.0001264364,ROCKET BODY,LARGE,DEBRIS,SMALL,3.00,25400,SL-16 R/B,1.00,61408,CZ-6A DEB,2025-10-02T16:03:04.380000
1174129123,2025-10-02 00:23:06.000000,Y,107,0.0002445538,DEBRIS,SMALL,DEBRIS,SMALL,1.00,21450,DELTA 1 DEB,1.00,29216,CZ-4B DEB,2025-10-04T06:25:26.040000
1174127946,2025-10-02 00:22:54.000000,Y,313,0.0003557611,ROCKET BODY,LARGE,DEBRIS,SMALL,3.00,19257,SL-8 R/B,1.00,35020,COSMOS 2251 DEB,2025-10-03T08:29:54.618000
1174127785,2025-10-02 00:22:51.000000,Y,636,0.0004357838,PAYLOAD,LARGE,DEBRIS,SMALL,5.00,18985,COSMOS 1934,1.00,31094,FENGYUN 1C DEB,2025-10-04T12:20:42.459000
1174126375,2025-10-02 00:22:46.000000,Y,719,0.0001882813,ROCKET BODY,LARGE,DEBRIS,SMALL,3.00,17974,SL-16 R/B,1.00,5392,THORAD AGENA D DEB,2025-10-04T21:45:51.217000
1174126145,2025-10-02 00:22:42.000000,Y,517,0.0002456783,DEBRIS,SMALL,ROCKET BODY,LARGE,1.00,17623,COSMOS 1275 DEB,3.00,6393,SL-3 R/B,2025-10-03T18:16:55.792000
1174124733,2025-10-02 00:22:26.000000,Y,199,0.0004355555,PAYLOAD,LARGE,DEBRIS,SMALL,5.00,14452,METEOR 2-10,1.00,31350,FENGYUN 1C DEB,2025-10-03T01:26:27.423000
1174124095,2025-10-02 00:22:19.000000,Y,115,0.0001543762,DEBRIS,SMALL,DEBRIS,SMALL,1.00,13535,DELTA 1 DEB,1.00,39819,COSMOS 1823 DEB,2025-10-03T01:37:49.817000
1174123454,2025-10-02 00:22:12.000000,Y,219,0.0001345916,PAYLOAD,LARGE,DEBRIS,SMALL,5.00,12791,COSMOS 1302,1.00,31772,FENGYUN 1C DEB,2025-10-03T17:47:37.661000
1174123143,2025-10-02 00:22:09.000000,Y,445,0.0002953363,PAYLOAD,MEDIUM,DEBRIS,SMALL,5.00,12324,COSMOS 1254,1.00,42589,DELTA 1 DEB,2025-10-02T06:35:52.075000
1174122940,2025-10-02 00:22:06.000000,Y,543,0.0001353481,DEBRIS,SMALL,DEBRIS,SMALL,1.00,12177,DELTA 1 DEB,1.00,60877,CZ-6A DEB,2025-10-04T05:38:56.201000
1174121147,2025-10-02 00:21:47.000000,Y,517,0.0002456783,ROCKET BODY,LARGE,DEBRIS,SMALL,3.00,6393,SL-3 R/B,1.00,17623,COSMOS 1275 DEB,2025-10-03T18:16:55.792000
1174121089,2025-10-02 00:21:46.000000,Y,395,0.0001067098,ROCKET BODY,LARGE,DEBRIS,SMALL,3.00,6276,THOR BURNER 2 R/B,1.00,61336,CZ-6A DEB,2025-10-03T09:36:44.977000
1174120570,2025-10-02 00:21:40.000000,Y,719,0.0001882813,DEBRIS,SMALL,ROCKET BODY,LARGE,1.00,5392,THORAD AGENA D DEB,3.00,17974,SL-16 R/B,2025-10-04T21:45:51.217000
1174118557,2025-10-02 00:21:17.000000,Y,127,0.0005104067,PAYLOAD,MEDIUM,UNKNOWN,SMALL,5.00,1804,ALOUETTE 2,3.00,85373,UNKNOWN,2025-10-03T12:16:00.947000
1174084803,2025-10-01 23:03:56.000000,Y,1324,,DEBRIS,MEDIUM,ROCKET BODY,LARGE,1.00,49358,ATLAS 5 CENTAUR DEB,3.00,4632,TITAN 3C TRANSTAGE R/B,2025-10-03T19:10:56.982000
1174019444,2025-10-01 23:03:37.000000,Y,2640,,DEBRIS,MEDIUM,PAYLOAD,LARGE,1.00,28565,ARIANE 2 DEB,5.00,23230,ETS 6,2025-10-02T21:05:20.695000
1174019416,2025-10-01 23:03:35.000000,Y,1182,,ROCKET BODY,LARGE,DEBRIS,MEDIUM,3.00,28365,BLOCK DM-SL R/B,1.00,23239,ARIANE 44L+ DEB,2025-10-03T14:47:50.772000
1174019219,2025-10-01 23:03:34.000000,Y,3824,,PAYLOAD,LARGE,ROCKET BODY,LARGE,5.00,26989,COSMOS 2380 (GLONASS),3.00,26569,SL-12 R/B(2),2025-10-04T09:57:13.773000
1174019157,2025-10-01 23:03:33.000000,Y,3824,,ROCKET BODY,LARGE,PAYLOAD,LARGE,3.00,26569,SL-12 R/B(2),5.00,26989,COSMOS 2380 (GLONASS),2025-10-04T09:57:13.773000
1174018676,2025-10-01 23:03:27.000000,Y,2640,,PAYLOAD,LARGE,DEBRIS,MEDIUM,5.00,23230,ETS 6,1.00,28565,ARIANE 2 DEB,2025-10-02T21:05:20.695000
1174018679,2025-10-01 23:03:27.000000,Y,1182,,DEBRIS,MEDIUM,ROCKET BODY,LARGE,1.00,23239,ARIANE 44L+ DEB,3.00,28365,BLOCK DM-SL R/B,2025-10-03T14:47:50.772000
1174018032,2025-10-01 23:03:21.000000,Y,1324,,ROCKET BODY,LARGE,DEBRIS,MEDIUM,3.00,4632,TITAN 3C TRANSTAGE R/B,1.00,49358,ATLAS 5 CENTAUR DEB,2025-10-03T19:10:56.982000
1173629075,2025-10-01 13:43:07.000000,Y,208,0.0001657465,DEBRIS,SMALL,DEBRIS,SMALL,1.00,61366,CZ-6A DEB,1.00,35522,SL-14 DEB,2025-10-04T10:35:18.609000
1173626730,2025-10-01 13:41:57.000000,Y,648,0.0001032489,DEBRIS,SMALL,DEBRIS,SMALL,1.00,60877,CZ-6A DEB,1.00,12177,DELTA 1 DEB,2025-10-04T05:38:56.227000
1173625749,2025-10-01 13:41:24.000000,Y,29,0.001627966,DEBRIS,MEDIUM,DEBRIS,,1.00,60666,CZ-6A DEB,1.00,37664,DELTA 1 DEB,2025-10-03T07:07:21.754000
1173688619,2025-10-01 13:24:19.000000,Y,324,0.0001174903,DEBRIS,SMALL,PAYLOAD,LARGE,1.00,56656,CZ-6A DEB,5.00,23603,COSMOS 2315,2025-10-02T19:54:41.151000
1173684757,2025-10-01 13:22:08.000000,Y,379,0.0001184126,DEBRIS,MEDIUM,DEBRIS,SMALL,1.00,54969,CZ-6A DEB,1.00,30089,FENGYUN 1C DEB,2025-10-03T15:53:06.586000
1173682740,2025-10-01 13:20:54.000000,Y,22,0.0009826852,DEBRIS,SMALL,DEBRIS,SMALL,1.00,54474,CZ-6A DEB,1.00,35045,COSMOS 2251 DEB,2025-10-01T13:21:40.586000
1173682067,2025-10-01 13:20:24.000000,Y,211,0.0004459148,DEBRIS,SMALL,PAYLOAD,LARGE,1.00,54288,CZ-6A DEB,5.00,2801,COSMOS 158,2025-10-02T06:15:44.854000
1173652585,2025-10-01 13:09:09.000000,Y,433,0.0003001365,DEBRIS,SMALL,PAYLOAD,MEDIUM,1.00,42589,DELTA 1 DEB,5.00,12324,COSMOS 1254,2025-10-02T06:35:52.073000
1173651693,2025-10-01 13:08:58.000000,Y,130,0.0001050185,DEBRIS,SMALL,DEBRIS,SMALL,1.00,42115,COSMOS 1275 DEB,1.00,40470,DMSP 5D-2 F13 DEB,2025-10-04T06:01:00.180000
1173651724,2025-10-01 13:08:58.000000,Y,197,0.0001111456,DEBRIS,SMALL,DEBRIS,SMALL,1.00,42147,COSMOS 1275 DEB,1.00,36691,FENGYUN 1C DEB,2025-10-02T05:59:43.358000
1173651619,2025-10-01 13:08:57.000000,Y,403,0.0001033516,DEBRIS,,PAYLOAD,LARGE,1.00,42099,COSMOS 1275 DEB,5.00,25286,IRIDIUM 63,2025-10-01T19:59:02.617000
1173732551,2025-10-01 13:08:05.000000,Y,130,0.0001050185,DEBRIS,SMALL,DEBRIS,SMALL,1.00,40470,DMSP 5D-2 F13 DEB,1.00,42115,COSMOS 1275 DEB,2025-10-04T06:01:00.180000
1173731101,2025-10-01 13:07:50.000000,Y,75,0.0001649158,DEBRIS,SMALL,DEBRIS,SMALL,1.00,39819,COSMOS 1823 DEB,1.00,13535,DELTA 1 DEB,2025-10-03T01:37:49.817000
1173727157,2025-10-01 13:07:05.000000,Y,29,0.001627974,DEBRIS,,DEBRIS,MEDIUM,1.00,37664,DELTA 1 DEB,1.00,60666,CZ-6A DEB,2025-10-03T07:07:21.755000
1173725890,2025-10-01 13:06:52.000000,Y,197,0.0001111456,DEBRIS,SMALL,DEBRIS,SMALL,1.00,36691,FENGYUN 1C DEB,1.00,42147,COSMOS 1275 DEB,2025-10-02T05:59:43.358000
1173723555,2025-10-01 13:06:25.000000,Y,208,0.0001657459,DEBRIS,SMALL,DEBRIS,SMALL,1.00,35522,SL-14 DEB,1.00,61366,CZ-6A DEB,2025-10-04T10:35:18.610000
1173722559,2025-10-01 13:06:11.000000,Y,22,0.0009826852,DEBRIS,SMALL,DEBRIS,SMALL,1.00,35045,COSMOS 2251 DEB,1.00,54474,CZ-6A DEB,2025-10-01T13:21:40.586000
1173721713,2025-10-01 13:06:02.000000,Y,810,0.0003814321,DEBRIS,SMALL,ROCKET BODY,LARGE,1.00,34722,COSMOS 2251 DEB,3.00,17242,SL-14 R/B,2025-10-03T10:07:16.933000
1173715372,2025-10-01 13:04:51.000000,Y,192,0.0003289691,DEBRIS,SMALL,PAYLOAD,LARGE,1.00,31350,FENGYUN 1C DEB,5.00,14452,METEOR 2-10,2025-10-03T01:26:27.450000
1173714568,2025-10-01 13:04:42.000000,Y,422,0.0005647869,DEBRIS,SMALL,PAYLOAD,LARGE,1.00,31094,FENGYUN 1C DEB,5.00,18985,COSMOS 1934,2025-10-04T12:20:42.565000
1173713456,2025-10-01 13:04:30.000000,Y,120,0.0002057293,DEBRIS,SMALL,UNKNOWN,SMALL,1.00,30768,FENGYUN 1C DEB,3.00,270323,UNKNOWN,2025-10-01T18:12:20.113000
1173711393,2025-10-01 13:04:06.000000,Y,379,0.0001184126,DEBRIS,SMALL,DEBRIS,MEDIUM,1.00,30089,FENGYUN 1C DEB,1.00,54969,CZ-6A DEB,2025-10-03T15:53:06.586000
1173708313,2025-10-01 13:03:35.000000,Y,816,0.0004141737,PAYLOAD,MEDIUM,DEBRIS,SMALL,5.00,27943,BILSAT 1,1.00,27493,CZ-4 DEB,2025-10-04T04:38:40.690000
1173707857,2025-10-01 13:03:31.000000,Y,816,0.0004141737,DEBRIS,SMALL,PAYLOAD,MEDIUM,1.00,27493,CZ-4 DEB,5.00,27943,BILSAT 1,2025-10-04T04:38:40.690000
1173705520,2025-10-01 13:03:06.000000,Y,403,0.0001033516,PAYLOAD,LARGE,DEBRIS,,5.00,25286,IRIDIUM 63,1.00,42099,COSMOS 1275 DEB,2025-10-01T19:59:02.617000
1173704488,2025-10-01 13:02:56.000000,Y,324,0.0001174903,PAYLOAD,LARGE,DEBRIS,SMALL,5.00,23603,COSMOS 2315,1.00,56656,CZ-6A DEB,2025-10-02T19:54:41.151000
1173668666,2025-10-01 13:02:29.000000,Y,422,0.0005647869,PAYLOAD,LARGE,DEBRIS,SMALL,5.00,18985,COSMOS 1934,1.00,31094,FENGYUN 1C DEB,2025-10-04T12:20:42.565000
1173667880,2025-10-01 13:02:21.000000,Y,584,0.0002567127,DEBRIS,SMALL,ROCKET BODY,LARGE,1.00,17623,COSMOS 1275 DEB,3.00,6393,SL-3 R/B,2025-10-03T18:16:55.837000
1173667775,2025-10-01 13:02:20.000000,Y,810,0.0003814321,ROCKET BODY,LARGE,DEBRIS,SMALL,3.00,17242,SL-14 R/B,1.00,34722,COSMOS 2251 DEB,2025-10-03T10:07:16.933000
1173666358,2025-10-01 13:02:07.000000,Y,192,0.0003289691,PAYLOAD,LARGE,DEBRIS,SMALL,5.00,14452,METEOR 2-10,1.00,31350,FENGYUN 1C DEB,2025-10-03T01:26:27.450000
1173666005,2025-10-01 13:02:03.000000,Y,130,0.006634615,PAYLOAD,LARGE,DEBRIS,MEDIUM,5.00,14057,COSMOS 1459,1.00,12710,COSMOS 1275 DEB,2025-10-01T20:42:08.618000
1173665668,2025-10-01 13:01:59.000000,Y,75,0.0001649158,DEBRIS,SMALL,DEBRIS,SMALL,1.00,13535,DELTA 1 DEB,1.00,39819,COSMOS 1823 DEB,2025-10-03T01:37:49.817000
1173664933,2025-10-01 13:01:52.000000,Y,130,0.006634615,DEBRIS,MEDIUM,PAYLOAD,LARGE,1.00,12710,COSMOS 1275 DEB,5.00,14057,COSMOS 1459,2025-10-01T20:42:08.618000
1173664671,2025-10-01 13:01:50.000000,Y,71,0.0001264801,DEBRIS,SMALL,UNKNOWN,SMALL,1.00,12283,DELTA 1 DEB,1.00,270209,UNKNOWN,2025-10-01T20:33:42.037000
1173664713,2025-10-01 13:01:50.000000,Y,433,0.0003001365,PAYLOAD,MEDIUM,DEBRIS,SMALL,5.00,12324,COSMOS 1254,1.00,42589,DELTA 1 DEB,2025-10-02T06:35:52.073000
1173664505,2025-10-01 13:01:48.000000,Y,648,0.0001032483,DEBRIS,SMALL,DEBRIS,SMALL,1.00,12177,DELTA 1 DEB,1.00,60877,CZ-6A DEB,2025-10-04T05:38:56.227000
1173662812,2025-10-01 13:01:29.000000,Y,584,0.0002567127,ROCKET BODY,LARGE,DEBRIS,SMALL,3.00,6393,SL-3 R/B,1.00,17623,COSMOS 1275 DEB,2025-10-03T18:16:55.837000
1173660640,2025-10-01 13:00:56.000000,Y,211,0.0004459148,PAYLOAD,LARGE,DEBRIS,SMALL,5.00,2801,COSMOS 158,1.00,54288,CZ-6A DEB,2025-10-02T06:15:44.854000
1173660343,2025-10-01 13:00:53.000000,Y,105,0.0004752892,PAYLOAD,MEDIUM,UNKNOWN,SMALL,5.00,1804,ALOUETTE 2,3.00,85373,UNKNOWN,2025-10-03T12:16:01.007000
1173735448,2025-10-01 11:49:49.000000,Y,1319,,DEBRIS,MEDIUM,ROCKET BODY,LARGE,1.00,49358,ATLAS 5 CENTAUR DEB,3.00,4632,TITAN 3C TRANSTAGE R/B,2025-10-03T19:10:57.047000
1173733160,2025-10-01 11:49:40.000000,Y,4975,,DEBRIS,MEDIUM,DEBRIS,MEDIUM,1.00,40785,ARIANE 2 DEB,1.00,33535,ARIANE 2 DEB,2025-10-01T15:01:42.633000
1173719157,2025-10-01 11:49:30.000000,Y,4975,,DEBRIS,MEDIUM,DEBRIS,MEDIUM,1.00,33535,ARIANE 2 DEB,1.00,40785,ARIANE 2 DEB,2025-10-01T15:01:42.633000
1173708664,2025-10-01 11:49:22.000000,Y,1107,,ROCKET BODY,LARGE,DEBRIS,MEDIUM,3.00,28365,BLOCK DM-SL R/B,1.00,23239,ARIANE 44L+ DEB,2025-10-03T14:47:50.777000
1173709141,2025-10-01 11:49:22.000000,Y,1253,,DEBRIS,MEDIUM,PAYLOAD,LARGE,1.00,28565,ARIANE 2 DEB,5.00,23230,ETS 6,2025-10-02T21:05:20.892000
1173707498,2025-10-01 11:49:19.000000,Y,3824,,PAYLOAD,LARGE,ROCKET BODY,LARGE,5.00,26989,COSMOS 2380 (GLONASS),3.00,26569,SL-12 R/B(2),2025-10-04T09:57:13.773000
1173704157,2025-10-01 11:49:13.000000,Y,1253,,PAYLOAD,LARGE,DEBRIS,MEDIUM,5.00,23230,ETS 6,1.00,28565,ARIANE 2 DEB,2025-10-02T21:05:20.892000
1173661676,2025-10-01 11:49:04.000000,Y,1319,,ROCKET BODY,LARGE,DEBRIS,MEDIUM,3.00,4632,TITAN 3C TRANSTAGE R/B,1.00,49358,ATLAS 5 CENTAUR DEB,2025-10-03T19:10:57.047000
1173539398,2025-10-01 11:13:25.000000,Y,1319,,DEBRIS,MEDIUM,ROCKET BODY,LARGE,1.00,49358,ATLAS 5 CENTAUR DEB,3.00,4632,TITAN 3C TRANSTAGE R/B,2025-10-03T19:10:57.047000
1173538485,2025-10-01 11:13:16.000000,Y,4975,,DEBRIS,MEDIUM,DEBRIS,MEDIUM,1.00,40785,ARIANE 2 DEB,1.00,33535,ARIANE 2 DEB,2025-10-01T15:01:42.633000
1173537628,2025-10-01 11:13:05.000000,Y,4975,,DEBRIS,MEDIUM,DEBRIS,MEDIUM,1.00,33535,ARIANE 2 DEB,1.00,40785,ARIANE 2 DEB,2025-10-01T15:01:42.633000
1173537150,2025-10-01 11:12:58.000000,Y,1253,,DEBRIS,MEDIUM,PAYLOAD,LARGE,1.00,28565,ARIANE 2 DEB,5.00,23230,ETS 6,2025-10-02T21:05:20.892000
1173537105,2025-10-01 11:12:57.000000,Y,1107,,ROCKET BODY,LARGE,DEBRIS,MEDIUM,3.00,28365,BLOCK DM-SL R/B,1.00,23239,ARIANE 44L+ DEB,2025-10-03T14:47:50.777000
1173536922,2025-10-01 11:12:55.000000,Y,3824,,PAYLOAD,LARGE,ROCKET BODY,LARGE,5.00,26989,COSMOS 2380 (GLONASS),3.00,26569,SL-12 R/B(2),2025-10-04T09:57:13.773000
1173536858,2025-10-01 11:12:54.000000,Y,3824,,ROCKET BODY,LARGE,PAYLOAD,LARGE,3.00,26569,SL-12 R/B(2),5.00,26989,COSMOS 2380 (GLONASS),2025-10-04T09:57:13.773000
1173536377,2025-10-01 11:12:48.000000,Y,1107,,DEBRIS,MEDIUM,ROCKET BODY,LARGE,1.00,23239,ARIANE 44L+ DEB,3.00,28365,BLOCK DM-SL R/B,2025-10-03T14:47:50.777000
1173536374,2025-10-01 11:12:47.000000,Y,1253,,PAYLOAD,LARGE,DEBRIS,MEDIUM,5.00,23230,ETS 6,1.00,28565,ARIANE 2 DEB,2025-10-02T21:05:20.892000
1173535659,2025-10-01 11:12:36.000000,Y,1319,,ROCKET BODY,LARGE,DEBRIS,MEDIUM,3.00,4632,TITAN 3C TRANSTAGE R/B,1.00,49358,ATLAS 5 CENTAUR DEB,2025-10-03T19:10:57.047000
1173246923,2025-10-01 06:07:48.000000,Y,85,0.001086222,DEBRIS,SMALL,PAYLOAD,LARGE,1.00,54288,CZ-6A DEB,5.00,2801,COSMOS 158,2025-10-02T06:15:44.933000
1173226593,2025-10-01 06:03:59.000000,Y,240,0.0002205016,ROCKET BODY,LARGE,DEBRIS,SMALL,3.00,43620,PSLV R/B,1.00,9966,COSMOS 886 DEB,2025-10-02T11:37:44.632000
1173223127,2025-10-01 06:03:13.000000,Y,420,0.0003242458,DEBRIS,SMALL,PAYLOAD,MEDIUM,1.00,42589,DELTA 1 DEB,5.00,12324,COSMOS 1254,2025-10-02T06:35:52.076000
1173222226,2025-10-01 06:03:01.000000,Y,182,0.0001409049,DEBRIS,SMALL,DEBRIS,SMALL,1.00,42147,COSMOS 1275 DEB,1.00,36691,FENGYUN 1C DEB,2025-10-02T05:59:43.615000
1173222194,2025-10-01 06:03:00.000000,Y,85,0.0001063605,DEBRIS,SMALL,DEBRIS,SMALL,1.00,42115,COSMOS 1275 DEB,1.00,40470,DMSP 5D-2 F13 DEB,2025-10-04T06:01:01.549000
1173217963,2025-10-01 06:01:53.000000,Y,85,0.0001063605,DEBRIS,SMALL,DEBRIS,SMALL,1.00,40470,DMSP 5D-2 F13 DEB,1.00,42115,COSMOS 1275 DEB,2025-10-04T06:01:01.549000
1173216695,2025-10-01 06:01:29.000000,Y,59,0.0001662253,DEBRIS,SMALL,DEBRIS,SMALL,1.00,39819,COSMOS 1823 DEB,1.00,13535,DELTA 1 DEB,2025-10-03T01:37:49.824000
1173213026,2025-10-01 06:00:24.000000,Y,116,0.0003871282,DEBRIS,,DEBRIS,MEDIUM,1.00,37664,DELTA 1 DEB,1.00,60666,CZ-6A DEB,2025-10-03T07:07:21.699000
1173211927,2025-10-01 05:59:56.000000,Y,53,0.0005239634,ROCKET BODY,LARGE,DEBRIS,MEDIUM,3.00,36800,PSLV R/B,1.00,13487,COSMOS 1275 DEB,2025-10-01T09:38:29.693000
1173211809,2025-10-01 05:59:55.000000,Y,182,0.0001409049,DEBRIS,SMALL,DEBRIS,SMALL,1.00,36691,FENGYUN 1C DEB,1.00,42147,COSMOS 1275 DEB,2025-10-02T05:59:43.615000
1173208649,2025-10-01 05:59:16.000000,Y,107,0.0002449143,DEBRIS,SMALL,ROCKET BODY,LARGE,1.00,35176,FENGYUN 1C DEB,3.00,11289,SL-3 R/B,2025-10-02T19:42:17.757000
1173205832,2025-10-01 05:58:42.000000,Y,179,0.0003514836,DEBRIS,SMALL,PAYLOAD,MEDIUM,1.00,33906,COSMOS 2251 DEB,5.00,26061,JAWSAT,2025-10-02T11:19:36.118000
1173200028,2025-10-01 05:57:28.000000,Y,854,0.0001237122,DEBRIS,,PAYLOAD,LARGE,1.00,30964,FENGYUN 1C DEB,5.00,15378,COSMOS 1607,2025-10-03T22:44:48.814000
1173199318,2025-10-01 05:57:20.000000,Y,112,0.0002204321,DEBRIS,SMALL,UNKNOWN,SMALL,1.00,30768,FENGYUN 1C DEB,3.00,270323,UNKNOWN,2025-10-01T18:12:20.281000
1173195540,2025-10-01 05:56:31.000000,Y,367,0.0001142244,DEBRIS,SMALL,PAYLOAD,LARGE,1.00,28988,METEOR 2-17 DEB,5.00,12456,METEOR 2-7,2025-10-01T15:25:29.424000
1173192598,2025-10-01 05:55:54.000000,Y,179,0.0003514836,PAYLOAD,MEDIUM,DEBRIS,SMALL,5.00,26061,JAWSAT,1.00,33906,COSMOS 2251 DEB,2025-10-02T11:19:36.118000
1173191090,2025-10-01 05:55:35.000000,Y,37,0.00170646,PAYLOAD,LARGE,DEBRIS,SMALL,5.00,23603,COSMOS 2315,1.00,56656,CZ-6A DEB,2025-10-02T19:54:41.345000
1173189253,2025-10-01 05:55:12.000000,Y,832,0.0001265151,PAYLOAD,LARGE,DEBRIS,SMALL,5.00,20510,OKEAN 2,1.00,60861,CZ-6A DEB,2025-10-03T17:02:38.702000
1173187062,2025-10-01 05:54:45.000000,Y,854,0.0001237122,PAYLOAD,LARGE,DEBRIS,,5.00,15378,COSMOS 1607,1.00,30964,FENGYUN 1C DEB,2025-10-03T22:44:48.814000
1173187064,2025-10-01 05:54:45.000000,Y,57,0.003008131,PAYLOAD,LARGE,DEBRIS,SMALL,5.00,15378,COSMOS 1607,1.00,56266,CZ-6A DEB,2025-10-03T21:01:40.932000
1173186197,2025-10-01 05:54:34.000000,Y,77,0.01485139,PAYLOAD,LARGE,DEBRIS,MEDIUM,5.00,14057,COSMOS 1459,1.00,12710,COSMOS 1275 DEB,2025-10-01T20:42:08.632000
1173185927,2025-10-01 05:54:31.000000,Y,59,0.0001662253,DEBRIS,SMALL,DEBRIS,SMALL,1.00,13535,DELTA 1 DEB,1.00,39819,COSMOS 1823 DEB,2025-10-03T01:37:49.824000
1173185855,2025-10-01 05:54:30.000000,Y,53,0.0005239634,DEBRIS,MEDIUM,ROCKET BODY,LARGE,1.00,13487,COSMOS 1275 DEB,3.00,36800,PSLV R/B,2025-10-01T09:38:29.693000
1173185196,2025-10-01 05:54:22.000000,Y,77,0.01485139,DEBRIS,MEDIUM,PAYLOAD,LARGE,1.00,12710,COSMOS 1275 DEB,5.00,14057,COSMOS 1459,2025-10-01T20:42:08.632000
1173185007,2025-10-01 05:54:21.000000,Y,420,0.0003242458,PAYLOAD,MEDIUM,DEBRIS,SMALL,5.00,12324,COSMOS 1254,1.00,42589,DELTA 1 DEB,2025-10-02T06:35:52.076000
1173184971,2025-10-01 05:54:20.000000,Y,63,0.0001300693,DEBRIS,SMALL,UNKNOWN,SMALL,1.00,12283,DELTA 1 DEB,1.00,270209,UNKNOWN,2025-10-01T20:33:42.056000
1173185066,2025-10-01 05:54:20.000000,Y,367,0.0001142244,PAYLOAD,LARGE,DEBRIS,SMALL,5.00,12456,METEOR 2-7,1.00,28988,METEOR 2-17 DEB,2025-10-01T15:25:29.424000
1173184797,2025-10-01 05:54:18.000000,Y,436,0.0001028739,DEBRIS,SMALL,DEBRIS,SMALL,1.00,12177,DELTA 1 DEB,1.00,60877,CZ-6A DEB,2025-10-04T05:38:56.401000
1173184675,2025-10-01 05:54:16.000000,Y,342,0.0001485501,ROCKET BODY,LARGE,DEBRIS,SMALL,3.00,11681,SL-8 R/B,3.00,23380,USA 40 R/B DEB,2025-10-01T13:17:02.976000
1173184592,2025-10-01 05:54:15.000000,Y,107,0.0002449143,ROCKET BODY,LARGE,DEBRIS,SMALL,3.00,11289,SL-3 R/B,1.00,35176,FENGYUN 1C DEB,2025-10-02T19:42:17.757000
1173184051,2025-10-01 05:54:07.000000,Y,240,0.0002205016,DEBRIS,SMALL,ROCKET BODY,LARGE,1.00,9966,COSMOS 886 DEB,3.00,43620,PSLV R/B,2025-10-02T11:37:44.632000
1173180999,2025-10-01 05:53:30.000000,Y,85,0.001086222,PAYLOAD,LARGE,DEBRIS,SMALL,5.00,2801,COSMOS 158,1.00,54288,CZ-6A DEB,2025-10-02T06:15:44.933000
1173180726,2025-10-01 05:53:28.000000,Y,253,0.0003698109,PAYLOAD,MEDIUM,UNKNOWN,SMALL,5.00,1804,ALOUETTE 2,3.00,85373,UNKNOWN,2025-10-03T12:16:01.303000
1173080997,2025-10-01 04:20:36.000000,Y,1319,,DEBRIS,MEDIUM,ROCKET BODY,LARGE,1.00,49358,ATLAS 5 CENTAUR DEB,3.00,4632,TITAN 3C TRANSTAGE R/B,2025-10-03T19:10:57.048000
1173078151,2025-10-01 04:20:27.000000,Y,4813,,DEBRIS,MEDIUM,DEBRIS,MEDIUM,1.00,40785,ARIANE 2 DEB,1.00,33535,ARIANE 2 DEB,2025-10-01T05:09:03.431000
1173078152,2025-10-01 04:20:27.000000,Y,4969,,DEBRIS,MEDIUM,DEBRIS,MEDIUM,1.00,40785,ARIANE 2 DEB,1.00,33535,ARIANE 2 DEB,2025-10-01T15:01:59.185000
1173077272,2025-10-01 04:20:20.000000,Y,2571,,ROCKET BODY,LARGE,PAYLOAD,LARGE,3.00,37140,SL-12 R/B(2),5.00,23205,COSMOS 2288 (GLONASS),2025-10-01T06:11:49.011000
1173076921,2025-10-01 04:20:16.000000,Y,4813,,DEBRIS,MEDIUM,DEBRIS,MEDIUM,1.00,33535,ARIANE 2 DEB,1.00,40785,ARIANE 2 DEB,2025-10-01T05:09:03.431000
1173076922,2025-10-01 04:20:16.000000,Y,4969,,DEBRIS,MEDIUM,DEBRIS,MEDIUM,1.00,33535,ARIANE 2 DEB,1.00,40785,ARIANE 2 DEB,2025-10-01T15:01:59.185000
1173076161,2025-10-01 04:20:09.000000,Y,1472,,ROCKET BODY,LARGE,DEBRIS,MEDIUM,3.00,28365,BLOCK DM-SL R/B,1.00,23239,ARIANE 44L+ DEB,2025-10-03T14:47:50.729000
1173076218,2025-10-01 04:20:08.000000,Y,4644,,DEBRIS,MEDIUM,PAYLOAD,LARGE,1.00,28565,ARIANE 2 DEB,5.00,23230,ETS 6,2025-10-02T21:05:21.197000
1173075273,2025-10-01 04:19:57.000000,Y,4644,,PAYLOAD,LARGE,DEBRIS,MEDIUM,5.00,23230,ETS 6,1.00,28565,ARIANE 2 DEB,2025-10-02T21:05:21.197000
1173075272,2025-10-01 04:19:56.000000,Y,2571,,PAYLOAD,LARGE,ROCKET BODY,LARGE,5.00,23205,COSMOS 2288 (GLONASS),3.00,37140,SL-12 R/B(2),2025-10-01T06:11:49.011000
1173075276,2025-10-01 04:19:56.000000,Y,1472,,DEBRIS,MEDIUM,ROCKET BODY,LARGE,1.00,23239,ARIANE 44L+ DEB,3.00,28365,BLOCK DM-SL R/B,2025-10-03T14:47:50.729000
1173074359,2025-10-01 04:19:45.000000,Y,1319,,ROCKET BODY,LARGE,DEBRIS,MEDIUM,3.00,4632,TITAN 3C TRANSTAGE R/B,1.00,49358,ATLAS 5 CENTAUR DEB,2025-10-03T19:10:57.048000
1173059249,2025-10-01 01:36:52.000000,Y,1319,,DEBRIS,MEDIUM,ROCKET BODY,LARGE,1.00,49358,ATLAS 5 CENTAUR DEB,3.00,4632,TITAN 3C TRANSTAGE R/B,2025-10-03T19:10:57.048000
1173058132,2025-10-01 01:36:47.000000,Y,4813,,DEBRIS,MEDIUM,DEBRIS,MEDIUM,1.00,40785,ARIANE 2 DEB,1.00,33535,ARIANE 2 DEB,2025-10-01T05:09:03.431000
1173058133,2025-10-01 01:36:46.000000,Y,4969,,DEBRIS,MEDIUM,DEBRIS,MEDIUM,1.00,40785,ARIANE 2 DEB,1.00,33535,ARIANE 2 DEB,2025-10-01T15:01:59.184000
1173057634,2025-10-01 01:36:41.000000,Y,2571,,ROCKET BODY,LARGE,PAYLOAD,LARGE,3.00,37140,SL-12 R/B(2),5.00,23205,COSMOS 2288 (GLONASS),2025-10-01T06:11:49.011000
1173057399,2025-10-01 01:36:37.000000,Y,4813,,DEBRIS,MEDIUM,DEBRIS,MEDIUM,1.00,33535,ARIANE 2 DEB,1.00,40785,ARIANE 2 DEB,2025-10-01T05:09:03.431000
1173057400,2025-10-01 01:36:37.000000,Y,4969,,DEBRIS,MEDIUM,DEBRIS,MEDIUM,1.00,33535,ARIANE 2 DEB,1.00,40785,ARIANE 2 DEB,2025-10-01T15:01:59.184000
1173056980,2025-10-01 01:36:32.000000,Y,1472,,ROCKET BODY,LARGE,DEBRIS,MEDIUM,3.00,28365,BLOCK DM-SL R/B,1.00,23239,ARIANE 44L+ DEB,2025-10-03T14:47:50.729000
1173056311,2025-10-01 01:36:24.000000,Y,1472,,DEBRIS,MEDIUM,ROCKET BODY,LARGE,1.00,23239,ARIANE 44L+ DEB,3.00,28365,BLOCK DM-SL R/B,2025-10-03T14:47:50.729000
1173056309,2025-10-01 01:36:23.000000,Y,2571,,PAYLOAD,LARGE,ROCKET BODY,LARGE,5.00,23205,COSMOS 2288 (GLONASS),3.00,37140,SL-12 R/B(2),2025-10-01T06:11:49.011000
1173055653,2025-10-01 01:36:15.000000,Y,1319,,ROCKET BODY,LARGE,DEBRIS,MEDIUM,3.00,4632,TITAN 3C TRANSTAGE R/B,1.00,49358,ATLAS 5 CENTAUR DEB,2025-10-03T19:10:57.048000
1172576832,2025-09-30 13:26:15.000000,Y,100,0.0002203814,ROCKET BODY,LARGE,UNKNOWN,SMALL,3.00,65115,CZ-12 R/B,3.00,81545,UNKNOWN,2025-09-30T12:36:44.501000
1172562377,2025-09-30 13:22:17.000000,Y,513,0.0001071212,DEBRIS,SMALL,PAYLOAD,LARGE,1.00,61452,CZ-6A DEB,5.00,8458,COSMOS 783,2025-09-30T14:08:12.339000
1172547810,2025-09-30 13:11:51.000000,Y,988,0.0001060128,DEBRIS,SMALL,UNKNOWN,SMALL,1.00,56682,CZ-6A DEB,3.00,87448,UNKNOWN,2025-10-03T01:47:47.546000
1172547714,2025-09-30 13:11:47.000000,Y,314,0.0005993948,DEBRIS,SMALL,PAYLOAD,LARGE,1.00,56656,CZ-6A DEB,5.00,23603,COSMOS 2315,2025-10-02T19:54:41.572000
1172502290,2025-09-30 13:05:00.000000,Y,401,0.0003796484,DEBRIS,SMALL,PAYLOAD,MEDIUM,1.00,42589,DELTA 1 DEB,5.00,12324,COSMOS 1254,2025-10-02T06:35:52.085000
1172502170,2025-09-30 13:04:58.000000,Y,69,0.0001130167,DEBRIS,SMALL,PAYLOAD,LARGE,1.00,42503,THORAD AGENA D DEB,5.00,24953,COSMOS 2346,2025-10-03T02:20:13.806000
1172495087,2025-09-30 13:03:38.000000,Y,46,0.0001590653,DEBRIS,SMALL,DEBRIS,SMALL,1.00,39819,COSMOS 1823 DEB,1.00,13535,DELTA 1 DEB,2025-10-03T01:37:49.828000
1172491414,2025-09-30 13:02:52.000000,Y,131,0.0003686095,DEBRIS,,DEBRIS,MEDIUM,1.00,37664,DELTA 1 DEB,1.00,60666,CZ-6A DEB,2025-10-03T07:07:21.746000
1172489550,2025-09-30 13:02:29.000000,Y,93,0.0001896556,DEBRIS,SMALL,PAYLOAD,LARGE,1.00,36325,METEOR 2-8 DEB,5.00,11060,TIROS N,2025-09-30T19:11:49.065000
1172487893,2025-09-30 13:02:09.000000,Y,58,0.0001731427,DEBRIS,SMALL,DEBRIS,SMALL,1.00,35405,CZ-4B DEB,1.00,17641,COSMOS 1275 DEB,2025-09-30T18:29:27.630000
1172487709,2025-09-30 13:02:05.000000,Y,103,0.0002095956,DEBRIS,SMALL,PAYLOAD,LARGE,1.00,35364,METEOR 2-17 DEB,5.00,6126,LANDSAT 1 (ERTS 1),2025-09-30T21:02:23.779000
1172487598,2025-09-30 13:02:04.000000,Y,56,0.0003766116,DEBRIS,SMALL,DEBRIS,MEDIUM,1.00,35287,COSMOS 2251 DEB,1.00,7850,DELTA 1 DEB,2025-10-01T07:16:41.662000
1172487315,2025-09-30 13:02:01.000000,Y,27,0.001458453,DEBRIS,SMALL,ROCKET BODY,LARGE,1.00,35176,FENGYUN 1C DEB,3.00,11289,SL-3 R/B,2025-10-02T19:42:17.961000
1172478699,2025-09-30 12:59:45.000000,Y,105,0.0001604124,DEBRIS,SMALL,DEBRIS,SMALL,1.00,30918,FENGYUN 1C DEB,1.00,25057,SL-8 DEB,2025-09-30T14:47:49.510000
1172478249,2025-09-30 12:59:37.000000,Y,76,0.0003128346,DEBRIS,SMALL,UNKNOWN,SMALL,1.00,30768,FENGYUN 1C DEB,3.00,270323,UNKNOWN,2025-10-01T18:12:21.034000
1172477628,2025-09-30 12:59:28.000000,Y,59,0.0006037497,DEBRIS,SMALL,PAYLOAD,LARGE,1.00,30575,FENGYUN 1C DEB,5.00,24842,IRIDIUM 911,2025-10-01T23:53:59.218000
1172475499,2025-09-30 12:58:49.000000,Y,52,0.002544956,DEBRIS,SMALL,PAYLOAD,LARGE,1.00,29841,FENGYUN 1C DEB,5.00,16011,COSMOS 1680,2025-10-02T19:24:00.471000
1172470987,2025-09-30 12:57:40.000000,Y,105,0.0001604124,DEBRIS,SMALL,DEBRIS,SMALL,1.00,25057,SL-8 DEB,1.00,30918,FENGYUN 1C DEB,2025-09-30T14:47:49.510000
1172470872,2025-09-30 12:57:38.000000,Y,69,0.0001130167,PAYLOAD,LARGE,DEBRIS,SMALL,5.00,24953,COSMOS 2346,1.00,42503,THORAD AGENA D DEB,2025-10-03T02:20:13.806000
1172470740,2025-09-30 12:57:36.000000,Y,59,0.0006037497,PAYLOAD,LARGE,DEBRIS,SMALL,5.00,24842,IRIDIUM 911,1.00,30575,FENGYUN 1C DEB,2025-10-01T23:53:59.218000
1172470311,2025-09-30 12:57:30.000000,Y,314,0.0005993948,PAYLOAD,LARGE,DEBRIS,SMALL,5.00,23603,COSMOS 2315,1.00,56656,CZ-6A DEB,2025-10-02T19:54:41.572000
1172467420,2025-09-30 12:56:47.000000,Y,58,0.0001731427,DEBRIS,SMALL,DEBRIS,SMALL,1.00,17641,COSMOS 1275 DEB,1.00,35405,CZ-4B DEB,2025-09-30T18:29:27.630000
1172467256,2025-09-30 12:56:44.000000,Y,240,0.0001171282,DEBRIS,MEDIUM,UNKNOWN,SMALL,1.00,17121,ARIANE 1 DEB,3.00,81678,UNKNOWN,2025-10-01T16:10:09.329000
1172466837,2025-09-30 12:56:38.000000,Y,52,0.002544956,PAYLOAD,LARGE,DEBRIS,SMALL,5.00,16011,COSMOS 1680,1.00,29841,FENGYUN 1C DEB,2025-10-02T19:24:00.471000
1172465543,2025-09-30 12:56:19.000000,Y,46,0.0001590653,DEBRIS,SMALL,DEBRIS,SMALL,1.00,13535,DELTA 1 DEB,1.00,39819,COSMOS 1823 DEB,2025-10-03T01:37:49.828000
1172464669,2025-09-30 12:56:04.000000,Y,52,0.0001801689,DEBRIS,SMALL,UNKNOWN,SMALL,1.00,12283,DELTA 1 DEB,1.00,270209,UNKNOWN,2025-10-01T20:33:42.115000
1172464700,2025-09-30 12:56:04.000000,Y,401,0.0003796484,PAYLOAD,MEDIUM,DEBRIS,SMALL,5.00,12324,COSMOS 1254,1.00,42589,DELTA 1 DEB,2025-10-02T06:35:52.085000
1172464353,2025-09-30 12:55:59.000000,Y,27,0.001458453,ROCKET BODY,LARGE,DEBRIS,SMALL,3.00,11289,SL-3 R/B,1.00,35176,FENGYUN 1C DEB,2025-10-02T19:42:17.961000
1172464282,2025-09-30 12:55:58.000000,Y,93,0.0001896556,PAYLOAD,LARGE,DEBRIS,SMALL,5.00,11060,TIROS N,1.00,36325,METEOR 2-8 DEB,2025-09-30T19:11:49.065000
1172463409,2025-09-30 12:55:45.000000,Y,513,0.0001071212,PAYLOAD,LARGE,DEBRIS,SMALL,5.00,8458,COSMOS 783,1.00,61452,CZ-6A DEB,2025-09-30T14:08:12.339000
1172463277,2025-09-30 12:55:44.000000,Y,56,0.0003766116,DEBRIS,MEDIUM,DEBRIS,SMALL,1.00,7850,DELTA 1 DEB,1.00,35287,COSMOS 2251 DEB,2025-10-01T07:16:41.662000
1172462834,2025-09-30 12:55:37.000000,Y,103,0.0002095956,PAYLOAD,LARGE,DEBRIS,SMALL,5.00,6126,LANDSAT 1 (ERTS 1),1.00,35364,METEOR 2-17 DEB,2025-09-30T21:02:23.779000
1172460766,2025-09-30 12:55:06.000000,Y,427,0.0003732608,PAYLOAD,MEDIUM,UNKNOWN,SMALL,5.00,1804,ALOUETTE 2,3.00,85373,UNKNOWN,2025-10-03T12:16:01.768000
1172404834,2025-09-30 11:38:23.000000,Y,4923,,DEBRIS,MEDIUM,DEBRIS,MEDIUM,1.00,40785,ARIANE 2 DEB,1.00,33535,ARIANE 2 DEB,2025-10-01T15:02:28.111000
1172404832,2025-09-30 11:38:22.000000,Y,4651,,DEBRIS,MEDIUM,DEBRIS,MEDIUM,1.00,40785,ARIANE 2 DEB,1.00,33535,ARIANE 2 DEB,2025-09-30T19:17:06.195000
1172404833,2025-09-30 11:38:22.000000,Y,4784,,DEBRIS,MEDIUM,DEBRIS,MEDIUM,1.00,40785,ARIANE 2 DEB,1.00,33535,ARIANE 2 DEB,2025-10-01T05:09:40.696000
1172404271,2025-09-30 11:38:01.000000,Y,2571,,ROCKET BODY,LARGE,PAYLOAD,LARGE,3.00,37140,SL-12 R/B(2),5.00,23205,COSMOS 2288 (GLONASS),2025-10-01T06:11:49.011000
1172404013,2025-09-30 11:37:55.000000,Y,4651,,DEBRIS,MEDIUM,DEBRIS,MEDIUM,1.00,33535,ARIANE 2 DEB,1.00,40785,ARIANE 2 DEB,2025-09-30T19:17:06.195000
1172404014,2025-09-30 11:37:55.000000,Y,4784,,DEBRIS,MEDIUM,DEBRIS,MEDIUM,1.00,33535,ARIANE 2 DEB,1.00,40785,ARIANE 2 DEB,2025-10-01T05:09:40.696000
1172404015,2025-09-30 11:37:55.000000,Y,4923,,DEBRIS,MEDIUM,DEBRIS,MEDIUM,1.00,33535,ARIANE 2 DEB,1.00,40785,ARIANE 2 DEB,2025-10-01T15:02:28.111000
1172402647,2025-09-30 11:37:16.000000,Y,2571,,PAYLOAD,LARGE,ROCKET BODY,LARGE,5.00,23205,COSMOS 2288 (GLONASS),3.00,37140,SL-12 R/B(2),2025-10-01T06:11:49.011000
1172123972,2025-09-30 05:51:15.000000,Y,985,0.0001193267,DEBRIS,SMALL,UNKNOWN,SMALL,1.00,56682,CZ-6A DEB,3.00,87448,UNKNOWN,2025-10-03T01:47:47.802000
1172123698,2025-09-30 05:51:12.000000,Y,66,0.0001767573,DEBRIS,SMALL,DEBRIS,SMALL,1.00,56611,CZ-6A DEB,1.00,30810,FENGYUN 1C DEB,2025-09-30T10:54:19.542000
1172118607,2025-09-30 05:50:13.000000,Y,179,0.0001117795,DEBRIS,LARGE,DEBRIS,SMALL,1.00,54504,CZ-6A DEB,1.00,3584,COSMOS 249 DEB,2025-09-30T06:19:18.479000
1172117566,2025-09-30 05:49:59.000000,Y,67,0.0001062615,ROCKET BODY,LARGE,DEBRIS,SMALL,3.00,54149,GSLV R/B,1.00,34118,COSMOS 2251 DEB,2025-10-01T09:40:18.561000
1172105620,2025-09-30 05:47:41.000000,Y,490,0.0001190668,DEBRIS,LARGE,UNKNOWN,SMALL,1.00,45037,COSMOS 2528 DEB,3.00,82250,UNKNOWN,2025-10-02T16:26:59.918000
1172098666,2025-09-30 05:46:19.000000,Y,363,0.0003977016,DEBRIS,SMALL,PAYLOAD,MEDIUM,1.00,42589,DELTA 1 DEB,5.00,12324,COSMOS 1254,2025-10-02T06:35:52.092000
1172098112,2025-09-30 05:46:13.000000,Y,246,0.0001140143,DEBRIS,SMALL,DEBRIS,SMALL,1.00,42347,NOAA 16 DEB,1.00,31025,FENGYUN 1C DEB,2025-09-30T13:33:40.795000
1172091428,2025-09-30 05:45:00.000000,Y,31,0.0001606826,DEBRIS,SMALL,DEBRIS,SMALL,1.00,39819,COSMOS 1823 DEB,1.00,13535,DELTA 1 DEB,2025-10-03T01:37:49.832000
1172085885,2025-09-30 05:43:39.000000,Y,133,0.0005954,DEBRIS,SMALL,PAYLOAD,LARGE,1.00,36325,METEOR 2-8 DEB,5.00,11060,TIROS N,2025-09-30T19:11:49.111000
1172084243,2025-09-30 05:43:19.000000,Y,85,0.0001530505,DEBRIS,SMALL,DEBRIS,SMALL,1.00,35405,CZ-4B DEB,1.00,17641,COSMOS 1275 DEB,2025-09-30T18:29:27.653000
1172084055,2025-09-30 05:43:18.000000,Y,107,0.0002075202,DEBRIS,SMALL,PAYLOAD,LARGE,1.00,35364,METEOR 2-17 DEB,5.00,6126,LANDSAT 1 (ERTS 1),2025-09-30T21:02:23.794000
1172083940,2025-09-30 05:43:16.000000,Y,105,0.0002240519,DEBRIS,SMALL,DEBRIS,MEDIUM,1.00,35287,COSMOS 2251 DEB,1.00,7850,DELTA 1 DEB,2025-10-01T07:16:41.819000
1172083646,2025-09-30 05:43:13.000000,Y,19,0.001526609,DEBRIS,SMALL,ROCKET BODY,LARGE,1.00,35176,FENGYUN 1C DEB,3.00,11289,SL-3 R/B,2025-10-02T19:42:18.045000
1172081497,2025-09-30 05:42:48.000000,Y,67,0.0001062615,DEBRIS,SMALL,ROCKET BODY,LARGE,1.00,34118,COSMOS 2251 DEB,3.00,54149,GSLV R/B,2025-10-01T09:40:18.561000
1172078379,2025-09-30 05:42:08.000000,Y,103,0.0001174948,DEBRIS,SMALL,UNKNOWN,SMALL,1.00,31991,FENGYUN 1C DEB,3.00,87456,UNKNOWN,2025-10-02T23:16:01.315000
1172076285,2025-09-30 05:41:43.000000,Y,37,0.0002683394,DEBRIS,SMALL,ROCKET BODY,LARGE,1.00,31302,FENGYUN 1C DEB,3.00,23815,PEGASUS R/B,2025-09-30T05:07:00.508000
1172075335,2025-09-30 05:41:32.000000,Y,246,0.0001140143,DEBRIS,SMALL,DEBRIS,SMALL,1.00,31025,FENGYUN 1C DEB,1.00,42347,NOAA 16 DEB,2025-09-30T13:33:40.795000
1172074497,2025-09-30 05:41:23.000000,Y,116,0.0002848261,DEBRIS,SMALL,UNKNOWN,SMALL,1.00,30768,FENGYUN 1C DEB,3.00,270323,UNKNOWN,2025-10-01T18:12:21.608000
1172074584,2025-09-30 05:41:23.000000,Y,66,0.0001767573,DEBRIS,SMALL,DEBRIS,SMALL,1.00,30810,FENGYUN 1C DEB,1.00,56611,CZ-6A DEB,2025-09-30T10:54:19.542000
1172073882,2025-09-30 05:41:14.000000,Y,529,0.0003970395,DEBRIS,SMALL,PAYLOAD,LARGE,1.00,30575,FENGYUN 1C DEB,5.00,24842,IRIDIUM 911,2025-10-01T23:53:59.463000
1172073361,2025-09-30 05:41:06.000000,Y,442,0.0003595747,DEBRIS,SMALL,ROCKET BODY,LARGE,1.00,30418,FENGYUN 1C DEB,3.00,26550,DNEPR 1 R/B,2025-10-01T03:31:17.057000
1172072656,2025-09-30 05:40:56.000000,Y,38,0.0006241478,DEBRIS,SMALL,PAYLOAD,MEDIUM,1.00,30120,FENGYUN 1C DEB,5.00,22638,ALEXIS,2025-10-02T12:40:37.010000
1172071978,2025-09-30 05:40:47.000000,Y,168,0.0001247807,DEBRIS,SMALL,PAYLOAD,MEDIUM,1.00,29896,FENGYUN 1C DEB,5.00,28980,ST5-A,2025-09-30T15:07:50.813000
1172071760,2025-09-30 05:40:45.000000,Y,641,0.0004767637,DEBRIS,SMALL,PAYLOAD,LARGE,1.00,29841,FENGYUN 1C DEB,5.00,16011,COSMOS 1680,2025-10-02T19:24:00.663000
1172070921,2025-09-30 05:40:36.000000,Y,168,0.0001247807,PAYLOAD,MEDIUM,DEBRIS,SMALL,5.00,28980,ST5-A,1.00,29896,FENGYUN 1C DEB,2025-09-30T15:07:50.813000
1172068836,2025-09-30 05:40:12.000000,Y,442,0.0003595747,ROCKET BODY,LARGE,DEBRIS,SMALL,3.00,26550,DNEPR 1 R/B,1.00,30418,FENGYUN 1C DEB,2025-10-01T03:31:17.057000
1172066975,2025-09-30 05:39:50.000000,Y,529,0.0003970395,PAYLOAD,LARGE,DEBRIS,SMALL,5.00,24842,IRIDIUM 911,1.00,30575,FENGYUN 1C DEB,2025-10-01T23:53:59.463000
1172066583,2025-09-30 05:39:45.000000,Y,37,0.0002683394,ROCKET BODY,LARGE,DEBRIS,SMALL,3.00,23815,PEGASUS R/B,1.00,31302,FENGYUN 1C DEB,2025-09-30T05:07:00.508000
1172066226,2025-09-30 05:39:41.000000,Y,38,0.0006241478,PAYLOAD,MEDIUM,DEBRIS,SMALL,5.00,22638,ALEXIS,1.00,30120,FENGYUN 1C DEB,2025-10-02T12:40:37.010000
1172063601,2025-09-30 05:39:10.000000,Y,85,0.0001530505,DEBRIS,SMALL,DEBRIS,SMALL,1.00,17641,COSMOS 1275 DEB,1.00,35405,CZ-4B DEB,2025-09-30T18:29:27.653000
1172063035,2025-09-30 05:39:05.000000,Y,641,0.0004767637,PAYLOAD,LARGE,DEBRIS,SMALL,5.00,16011,COSMOS 1680,1.00,29841,FENGYUN 1C DEB,2025-10-02T19:24:00.663000
1172061697,2025-09-30 05:38:49.000000,Y,31,0.0001606826,DEBRIS,SMALL,DEBRIS,SMALL,1.00,13535,DELTA 1 DEB,1.00,39819,COSMOS 1823 DEB,2025-10-03T01:37:49.832000
1172060846,2025-09-30 05:38:39.000000,Y,363,0.0003977016,PAYLOAD,MEDIUM,DEBRIS,SMALL,5.00,12324,COSMOS 1254,1.00,42589,DELTA 1 DEB,2025-10-02T06:35:52.092000
1172060513,2025-09-30 05:38:35.000000,Y,191,0.0001139906,ROCKET BODY,LARGE,UNKNOWN,SMALL,3.00,11289,SL-3 R/B,3.00,87334,UNKNOWN,2025-10-01T01:39:21.153000
1172060422,2025-09-30 05:38:34.000000,Y,133,0.0005954,PAYLOAD,LARGE,DEBRIS,SMALL,5.00,11060,TIROS N,1.00,36325,METEOR 2-8 DEB,2025-09-30T19:11:49.111000
1172060500,2025-09-30 05:38:34.000000,Y,19,0.001526609,ROCKET BODY,LARGE,DEBRIS,SMALL,3.00,11289,SL-3 R/B,1.00,35176,FENGYUN 1C DEB,2025-10-02T19:42:18.045000
1172059266,2025-09-30 05:38:10.000000,Y,130,0.0002983006,PAYLOAD,LARGE,UNKNOWN,SMALL,5.00,7490,METEOR 1-19,3.00,87565,UNKNOWN,2025-10-01T13:18:47.604000
1172059357,2025-09-30 05:38:10.000000,Y,105,0.0002240519,DEBRIS,MEDIUM,DEBRIS,SMALL,1.00,7850,DELTA 1 DEB,1.00,35287,COSMOS 2251 DEB,2025-10-01T07:16:41.819000
1172058893,2025-09-30 05:38:05.000000,Y,107,0.0002075202,PAYLOAD,LARGE,DEBRIS,SMALL,5.00,6126,LANDSAT 1 (ERTS 1),1.00,35364,METEOR 2-17 DEB,2025-09-30T21:02:23.794000
1172057242,2025-09-30 05:37:48.000000,Y,179,0.0001117795,DEBRIS,SMALL,DEBRIS,LARGE,1.00,3584,COSMOS 249 DEB,1.00,54504,CZ-6A DEB,2025-09-30T06:19:18.479000
1171968162,2025-09-30 04:21:00.000000,Y,3434,,DEBRIS,,DEBRIS,SMALL,1.00,43952,ATLAS 5 CENTAUR DEB,1.00,19595,TITAN 3C TRANSTAGE DEB,2025-09-30T08:53:12.667000
1171967711,2025-09-30 04:20:56.000000,Y,4520,,DEBRIS,MEDIUM,DEBRIS,MEDIUM,1.00,40785,ARIANE 2 DEB,1.00,33535,ARIANE 2 DEB,2025-09-30T09:24:59.999000
1171967712,2025-09-30 04:20:56.000000,Y,4643,,DEBRIS,MEDIUM,DEBRIS,MEDIUM,1.00,40785,ARIANE 2 DEB,1.00,33535,ARIANE 2 DEB,2025-09-30T19:17:23.045000
1171967713,2025-09-30 04:20:56.000000,Y,4769,,DEBRIS,MEDIUM,DEBRIS,MEDIUM,1.00,40785,ARIANE 2 DEB,1.00,33535,ARIANE 2 DEB,2025-10-01T05:10:02.960000
1171967714,2025-09-30 04:20:56.000000,Y,4896,,DEBRIS,MEDIUM,DEBRIS,MEDIUM,1.00,40785,ARIANE 2 DEB,1.00,33535,ARIANE 2 DEB,2025-10-01T15:02:50.290000
1171967012,2025-09-30 04:20:48.000000,Y,2571,,ROCKET BODY,LARGE,PAYLOAD,LARGE,3.00,37140,SL-12 R/B(2),5.00,23205,COSMOS 2288 (GLONASS),2025-10-01T06:11:49.011000
1171966704,2025-09-30 04:20:44.000000,Y,4520,,DEBRIS,MEDIUM,DEBRIS,MEDIUM,1.00,33535,ARIANE 2 DEB,1.00,40785,ARIANE 2 DEB,2025-09-30T09:24:59.999000
1171966705,2025-09-30 04:20:44.000000,Y,4643,,DEBRIS,MEDIUM,DEBRIS,MEDIUM,1.00,33535,ARIANE 2 DEB,1.00,40785,ARIANE 2 DEB,2025-09-30T19:17:23.045000
1171966706,2025-09-30 04:20:44.000000,Y,4769,,DEBRIS,MEDIUM,DEBRIS,MEDIUM,1.00,33535,ARIANE 2 DEB,1.00,40785,ARIANE 2 DEB,2025-10-01T05:10:02.960000
1171966707,2025-09-30 04:20:44.000000,Y,4896,,DEBRIS,MEDIUM,DEBRIS,MEDIUM,1.00,33535,ARIANE 2 DEB,1.00,40785,ARIANE 2 DEB,2025-10-01T15:02:50.290000
1171966245,2025-09-30 04:20:37.000000,Y,1881,,DEBRIS,SMALL,ROCKET BODY,LARGE,1.00,28984,CZ-3 DEB,3.00,18704,SL-6 R/B(2),2025-10-03T01:16:52.977000
1171965136,2025-09-30 04:20:19.000000,Y,2571,,PAYLOAD,LARGE,ROCKET BODY,LARGE,5.00,23205,COSMOS 2288 (GLONASS),3.00,37140,SL-12 R/B(2),2025-10-01T06:11:49.011000
1171965016,2025-09-30 04:20:18.000000,Y,4426,,PAYLOAD,LARGE,PAYLOAD,LARGE,5.00,21392,AURORA 2,5.00,18350,OPTUS A3 (AUSSAT 3),2025-10-01T10:52:44.102000
1171964810,2025-09-30 04:20:16.000000,Y,3434,,DEBRIS,SMALL,DEBRIS,,1.00,19595,TITAN 3C TRANSTAGE DEB,1.00,43952,ATLAS 5 CENTAUR DEB,2025-09-30T08:53:12.667000
1171964736,2025-09-30 04:20:15.000000,Y,4426,,PAYLOAD,LARGE,PAYLOAD,LARGE,5.00,18350,OPTUS A3 (AUSSAT 3),5.00,21392,AURORA 2,2025-10-01T10:52:44.102000
1171964755,2025-09-30 04:20:15.000000,Y,1881,,ROCKET BODY,LARGE,DEBRIS,SMALL,3.00,18704,SL-6 R/B(2),1.00,28984,CZ-3 DEB,2025-10-03T01:16:52.977000
1171917848,2025-09-29 23:40:49.000000,Y,591,0.000119831,DEBRIS,LARGE,DEBRIS,SMALL,1.00,63923,CZ-6A DEB,1.00,33798,COSMOS 2251 DEB,2025-10-02T11:22:13.321000
1171901877,2025-09-29 23:37:53.000000,Y,44,0.000687703,DEBRIS,SMALL,UNKNOWN,SMALL,1.00,61295,CZ-6A DEB,3.00,87054,UNKNOWN,2025-09-30T01:22:59.939000
1171833575,2025-09-29 23:30:48.000000,Y,78,0.0001296928,ROCKET BODY,LARGE,DEBRIS,SMALL,3.00,54149,GSLV R/B,1.00,34118,COSMOS 2251 DEB,2025-10-01T09:40:18.621000
1171851197,2025-09-29 23:28:05.000000,Y,469,0.0001392467,DEBRIS,LARGE,UNKNOWN,SMALL,1.00,45037,COSMOS 2528 DEB,3.00,82250,UNKNOWN,2025-10-02T16:26:59.921000
1171850395,2025-09-29 23:27:56.000000,Y,860,0.000198741,DEBRIS,SMALL,ROCKET BODY,LARGE,1.00,44603,CZ-2D DEB,3.00,43278,CZ-4C R/B,2025-09-30T09:04:23.445000
1171847261,2025-09-29 23:26:57.000000,Y,860,0.000198741,ROCKET BODY,LARGE,DEBRIS,SMALL,3.00,43278,CZ-4C R/B,1.00,44603,CZ-2D DEB,2025-09-30T09:04:23.445000
1171844185,2025-09-29 23:26:08.000000,Y,362,0.000413156,DEBRIS,SMALL,PAYLOAD,MEDIUM,1.00,42589,DELTA 1 DEB,5.00,12324,COSMOS 1254,2025-10-02T06:35:52.091000
1171843625,2025-09-29 23:26:00.000000,Y,246,0.0001140143,DEBRIS,SMALL,DEBRIS,SMALL,1.00,42347,NOAA 16 DEB,1.00,31025,FENGYUN 1C DEB,2025-09-30T13:33:40.795000
1171790936,2025-09-29 23:25:10.000000,Y,52,0.0003950759,DEBRIS,SMALL,PAYLOAD,LARGE,1.00,41135,NOAA 16 DEB,5.00,10095,COSMOS 921,2025-09-30T03:05:20.839000
1171782953,2025-09-29 23:23:11.000000,Y,88,0.000223965,DEBRIS,SMALL,DEBRIS,SMALL,1.00,36539,COSMOS 2251 DEB,1.00,4907,TITAN 3C TRANSTAGE DEB,2025-09-29T22:16:24.961000
1171782604,2025-09-29 23:23:04.000000,Y,142,0.0003139674,DEBRIS,SMALL,PAYLOAD,LARGE,1.00,36325,METEOR 2-8 DEB,5.00,11060,TIROS N,2025-09-30T19:11:49.109000
1171829483,2025-09-29 23:22:33.000000,Y,104,0.0002048721,DEBRIS,SMALL,PAYLOAD,LARGE,1.00,35364,METEOR 2-17 DEB,5.00,6126,LANDSAT 1 (ERTS 1),2025-09-30T21:02:23.791000
1171829371,2025-09-29 23:22:32.000000,Y,105,0.0002240529,DEBRIS,SMALL,DEBRIS,MEDIUM,1.00,35287,COSMOS 2251 DEB,1.00,7850,DELTA 1 DEB,2025-10-01T07:16:41.819000
1171829068,2025-09-29 23:22:26.000000,Y,23,0.001505347,DEBRIS,SMALL,ROCKET BODY,LARGE,1.00,35176,FENGYUN 1C DEB,3.00,11289,SL-3 R/B,2025-10-02T19:42:18.057000
1171828651,2025-09-29 23:22:19.000000,Y,70,0.0002150989,DEBRIS,SMALL,DEBRIS,SMALL,1.00,34990,COSMOS 2251 DEB,1.00,32304,FENGYUN 1C DEB,2025-09-29T23:21:02.859000
1171826845,2025-09-29 23:21:50.000000,Y,78,0.0001296928,DEBRIS,SMALL,ROCKET BODY,LARGE,1.00,34118,COSMOS 2251 DEB,3.00,54149,GSLV R/B,2025-10-01T09:40:18.621000
1171825885,2025-09-29 23:21:35.000000,Y,591,0.000119831,DEBRIS,SMALL,DEBRIS,LARGE,1.00,33798,COSMOS 2251 DEB,1.00,63923,CZ-6A DEB,2025-10-02T11:22:13.321000
1171824256,2025-09-29 23:21:09.000000,Y,70,0.0002150989,DEBRIS,SMALL,DEBRIS,SMALL,1.00,32304,FENGYUN 1C DEB,1.00,34990,COSMOS 2251 DEB,2025-09-29T23:21:02.859000
1171823756,2025-09-29 23:21:03.000000,Y,103,0.0001174947,DEBRIS,SMALL,UNKNOWN,SMALL,1.00,31991,FENGYUN 1C DEB,3.00,87456,UNKNOWN,2025-10-02T23:16:01.315000
1171821559,2025-09-29 23:20:35.000000,Y,87,0.0002818231,DEBRIS,SMALL,ROCKET BODY,LARGE,1.00,31302,FENGYUN 1C DEB,3.00,23815,PEGASUS R/B,2025-09-30T05:07:00.512000
1171820590,2025-09-29 23:20:22.000000,Y,246,0.0001140143,DEBRIS,SMALL,DEBRIS,SMALL,1.00,31025,FENGYUN 1C DEB,1.00,42347,NOAA 16 DEB,2025-09-30T13:33:40.795000
1171819774,2025-09-29 23:20:12.000000,Y,116,0.0002848263,DEBRIS,SMALL,UNKNOWN,SMALL,1.00,30768,FENGYUN 1C DEB,3.00,270323,UNKNOWN,2025-10-01T18:12:21.608000
1171819146,2025-09-29 23:20:04.000000,Y,669,0.000247271,DEBRIS,SMALL,PAYLOAD,LARGE,1.00,30575,FENGYUN 1C DEB,5.00,24842,IRIDIUM 911,2025-10-01T23:53:59.592000
1171818616,2025-09-29 23:19:57.000000,Y,394,0.0002150155,DEBRIS,SMALL,ROCKET BODY,LARGE,1.00,30418,FENGYUN 1C DEB,3.00,26550,DNEPR 1 R/B,2025-10-01T03:31:17.066000
1171817898,2025-09-29 23:19:48.000000,Y,48,0.0005554482,DEBRIS,SMALL,PAYLOAD,MEDIUM,1.00,30120,FENGYUN 1C DEB,5.00,22638,ALEXIS,2025-10-02T12:40:37.033000
1171817190,2025-09-29 23:19:38.000000,Y,168,0.0001247806,DEBRIS,SMALL,PAYLOAD,MEDIUM,1.00,29896,FENGYUN 1C DEB,5.00,28980,ST5-A,2025-09-30T15:07:50.814000
1171816965,2025-09-29 23:19:36.000000,Y,508,0.0007500232,DEBRIS,SMALL,PAYLOAD,LARGE,1.00,29841,FENGYUN 1C DEB,5.00,16011,COSMOS 1680,2025-10-02T19:24:00.693000
1171816144,2025-09-29 23:19:26.000000,Y,168,0.0001247806,PAYLOAD,MEDIUM,DEBRIS,SMALL,5.00,28980,ST5-A,1.00,29896,FENGYUN 1C DEB,2025-09-30T15:07:50.814000
1171814003,2025-09-29 23:18:57.000000,Y,394,0.0002150155,ROCKET BODY,LARGE,DEBRIS,SMALL,3.00,26550,DNEPR 1 R/B,1.00,30418,FENGYUN 1C DEB,2025-10-01T03:31:17.066000
1171812104,2025-09-29 23:18:31.000000,Y,669,0.000247271,PAYLOAD,LARGE,DEBRIS,SMALL,5.00,24842,IRIDIUM 911,1.00,30575,FENGYUN 1C DEB,2025-10-01T23:53:59.592000
1171811740,2025-09-29 23:18:27.000000,Y,87,0.0002818231,ROCKET BODY,LARGE,DEBRIS,SMALL,3.00,23815,PEGASUS R/B,1.00,31302,FENGYUN 1C DEB,2025-09-30T05:07:00.512000
1171811373,2025-09-29 23:18:22.000000,Y,48,0.0005554482,PAYLOAD,MEDIUM,DEBRIS,SMALL,5.00,22638,ALEXIS,1.00,30120,FENGYUN 1C DEB,2025-10-02T12:40:37.033000
1171779409,2025-09-29 23:17:42.000000,Y,54,0.001013658,PAYLOAD,MEDIUM,PAYLOAD,MEDIUM,5.00,18115,COSMOS 1854,5.00,7679,COSMOS 712,2025-09-29T22:43:27.292000
1171778593,2025-09-29 23:17:32.000000,Y,508,0.0007500232,PAYLOAD,LARGE,DEBRIS,SMALL,5.00,16011,COSMOS 1680,1.00,29841,FENGYUN 1C DEB,2025-10-02T19:24:00.693000
1171776407,2025-09-29 23:17:02.000000,Y,362,0.000413156,PAYLOAD,MEDIUM,DEBRIS,SMALL,5.00,12324,COSMOS 1254,1.00,42589,DELTA 1 DEB,2025-10-02T06:35:52.091000
1171776030,2025-09-29 23:16:57.000000,Y,23,0.001505347,ROCKET BODY,LARGE,DEBRIS,SMALL,3.00,11289,SL-3 R/B,1.00,35176,FENGYUN 1C DEB,2025-10-02T19:42:18.057000
1171776040,2025-09-29 23:16:57.000000,Y,110,0.0003099818,ROCKET BODY,LARGE,DEBRIS,MEDIUM,3.00,11289,SL-3 R/B,1.00,60694,CZ-6A DEB,2025-10-01T01:06:18.646000
1171775887,2025-09-29 23:16:55.000000,Y,142,0.0003139674,PAYLOAD,LARGE,DEBRIS,SMALL,5.00,11060,TIROS N,1.00,36325,METEOR 2-8 DEB,2025-09-30T19:11:49.109000
1171775504,2025-09-29 23:16:50.000000,Y,52,0.0003950759,PAYLOAD,LARGE,DEBRIS,SMALL,5.00,10095,COSMOS 921,1.00,41135,NOAA 16 DEB,2025-09-30T03:05:20.839000
1171774785,2025-09-29 23:16:42.000000,Y,392,0.0004407822,DEBRIS,MEDIUM,ROCKET BODY,MEDIUM,1.00,7839,DELTA 1 DEB,3.00,1739,SCOUT X-4 R/B,2025-09-30T18:00:41.365000
1171774818,2025-09-29 23:16:42.000000,Y,105,0.0002240529,DEBRIS,MEDIUM,DEBRIS,SMALL,1.00,7850,DELTA 1 DEB,1.00,35287,COSMOS 2251 DEB,2025-10-01T07:16:41.819000
1171774730,2025-09-29 23:16:41.000000,Y,133,0.0002881601,PAYLOAD,LARGE,UNKNOWN,SMALL,5.00,7490,METEOR 1-19,3.00,87565,UNKNOWN,2025-10-01T13:18:47.607000
1171774738,2025-09-29 23:16:41.000000,Y,54,0.001013658,PAYLOAD,MEDIUM,PAYLOAD,MEDIUM,5.00,7679,COSMOS 712,5.00,18115,COSMOS 1854,2025-09-29T22:43:27.292000
1171774351,2025-09-29 23:16:36.000000,Y,104,0.0002048721,PAYLOAD,LARGE,DEBRIS,SMALL,5.00,6126,LANDSAT 1 (ERTS 1),1.00,35364,METEOR 2-17 DEB,2025-09-30T21:02:23.791000
1171773629,2025-09-29 23:16:27.000000,Y,88,0.000223965,DEBRIS,SMALL,DEBRIS,SMALL,1.00,4907,TITAN 3C TRANSTAGE DEB,1.00,36539,COSMOS 2251 DEB,2025-09-29T22:16:24.961000
1171772068,2025-09-29 23:16:08.000000,Y,392,0.0004407822,ROCKET BODY,MEDIUM,DEBRIS,MEDIUM,3.00,1739,SCOUT X-4 R/B,1.00,7839,DELTA 1 DEB,2025-09-30T18:00:41.365000
1171657722,2025-09-29 22:03:28.000000,Y,3434,,DEBRIS,,DEBRIS,SMALL,1.00,43952,ATLAS 5 CENTAUR DEB,1.00,19595,TITAN 3C TRANSTAGE DEB,2025-09-30T08:53:12.667000
1171651174,2025-09-29 22:03:24.000000,Y,4520,,DEBRIS,MEDIUM,DEBRIS,MEDIUM,1.00,40785,ARIANE 2 DEB,1.00,33535,ARIANE 2 DEB,2025-09-30T09:24:59.999000
1171651177,2025-09-29 22:03:24.000000,Y,4896,,DEBRIS,MEDIUM,DEBRIS,MEDIUM,1.00,40785,ARIANE 2 DEB,1.00,33535,ARIANE 2 DEB,2025-10-01T15:02:50.290000
1171651173,2025-09-29 22:03:23.000000,Y,4400,,DEBRIS,MEDIUM,DEBRIS,MEDIUM,1.00,40785,ARIANE 2 DEB,1.00,33535,ARIANE 2 DEB,2025-09-29T23:33:07.884000
1171651175,2025-09-29 22:03:23.000000,Y,4643,,DEBRIS,MEDIUM,DEBRIS,MEDIUM,1.00,40785,ARIANE 2 DEB,1.00,33535,ARIANE 2 DEB,2025-09-30T19:17:23.045000
1171651176,2025-09-29 22:03:23.000000,Y,4769,,DEBRIS,MEDIUM,DEBRIS,MEDIUM,1.00,40785,ARIANE 2 DEB,1.00,33535,ARIANE 2 DEB,2025-10-01T05:10:02.961000
1171650425,2025-09-29 22:03:15.000000,Y,2571,,ROCKET BODY,LARGE,PAYLOAD,LARGE,3.00,37140,SL-12 R/B(2),5.00,23205,COSMOS 2288 (GLONASS),2025-10-01T06:11:49.011000
1171650170,2025-09-29 22:03:12.000000,Y,4520,,DEBRIS,MEDIUM,DEBRIS,MEDIUM,1.00,33535,ARIANE 2 DEB,1.00,40785,ARIANE 2 DEB,2025-09-30T09:24:59.999000
1171650169,2025-09-29 22:03:11.000000,Y,4400,,DEBRIS,MEDIUM,DEBRIS,MEDIUM,1.00,33535,ARIANE 2 DEB,1.00,40785,ARIANE 2 DEB,2025-09-29T23:33:07.884000
1171650171,2025-09-29 22:03:11.000000,Y,4643,,DEBRIS,MEDIUM,DEBRIS,MEDIUM,1.00,33535,ARIANE 2 DEB,1.00,40785,ARIANE 2 DEB,2025-09-30T19:17:23.045000
1171650172,2025-09-29 22:03:11.000000,Y,4769,,DEBRIS,MEDIUM,DEBRIS,MEDIUM,1.00,33535,ARIANE 2 DEB,1.00,40785,ARIANE 2 DEB,2025-10-01T05:10:02.961000
1171650173,2025-09-29 22:03:11.000000,Y,4896,,DEBRIS,MEDIUM,DEBRIS,MEDIUM,1.00,33535,ARIANE 2 DEB,1.00,40785,ARIANE 2 DEB,2025-10-01T15:02:50.290000
1171648670,2025-09-29 22:02:57.000000,Y,4426,,PAYLOAD,LARGE,PAYLOAD,LARGE,5.00,21392,AURORA 2,5.00,18350,OPTUS A3 (AUSSAT 3),2025-10-01T10:52:44.102000
1171648765,2025-09-29 22:02:57.000000,Y,2571,,PAYLOAD,LARGE,ROCKET BODY,LARGE,5.00,23205,COSMOS 2288 (GLONASS),3.00,37140,SL-12 R/B(2),2025-10-01T06:11:49.011000
1171648509,2025-09-29 22:02:55.000000,Y,3434,,DEBRIS,SMALL,DEBRIS,,1.00,19595,TITAN 3C TRANSTAGE DEB,1.00,43952,ATLAS 5 CENTAUR DEB,2025-09-30T08:53:12.667000
1171648443,2025-09-29 22:02:54.000000,Y,4426,,PAYLOAD,LARGE,PAYLOAD,LARGE,5.00,18350,OPTUS A3 (AUSSAT 3),5.00,21392,AURORA 2,2025-10-01T10:52:44.102000
1171304260,2025-09-29 13:13:13.000000,Y,64,0.000805775,DEBRIS,SMALL,UNKNOWN,SMALL,1.00,61295,CZ-6A DEB,3.00,87054,UNKNOWN,2025-09-30T01:22:59.993000
1171301537,2025-09-29 13:12:38.000000,Y,52,0.004724262,DEBRIS,MEDIUM,ROCKET BODY,LARGE,1.00,60694,CZ-6A DEB,3.00,11289,SL-3 R/B,2025-10-01T01:06:18.694000
1171340175,2025-09-29 13:07:43.000000,Y,24,0.0002080525,DEBRIS,SMALL,UNKNOWN,SMALL,1.00,55892,CZ-6A DEB,3.00,82893,UNKNOWN,2025-09-29T15:15:22.933000
1171293341,2025-09-29 13:04:08.000000,Y,731,0.0003217021,DEBRIS,SMALL,ROCKET BODY,LARGE,1.00,44603,CZ-2D DEB,3.00,43278,CZ-4C R/B,2025-09-30T09:04:23.472000
1171290229,2025-09-29 13:03:28.000000,Y,731,0.0003217021,ROCKET BODY,LARGE,DEBRIS,SMALL,3.00,43278,CZ-4C R/B,1.00,44603,CZ-2D DEB,2025-09-30T09:04:23.472000
1171287114,2025-09-29 13:02:47.000000,Y,328,0.0004649542,DEBRIS,SMALL,PAYLOAD,MEDIUM,1.00,42589,DELTA 1 DEB,5.00,12324,COSMOS 1254,2025-10-02T06:35:52.099000
1171273295,2025-09-29 12:59:49.000000,Y,109,0.0001950935,DEBRIS,SMALL,PAYLOAD,LARGE,1.00,35364,METEOR 2-17 DEB,5.00,6126,LANDSAT 1 (ERTS 1),2025-09-30T21:02:23.860000
1171272824,2025-09-29 12:59:43.000000,Y,490,0.0006540885,DEBRIS,SMALL,PAYLOAD,MEDIUM,1.00,35159,FENGYUN 1C DEB,5.00,22638,ALEXIS,2025-10-01T05:26:37.160000
1171272526,2025-09-29 12:59:38.000000,Y,204,0.0001163731,DEBRIS,SMALL,DEBRIS,SMALL,1.00,34990,COSMOS 2251 DEB,1.00,32304,FENGYUN 1C DEB,2025-09-29T23:21:03.005000
1171268935,2025-09-29 12:58:54.000000,Y,262,0.0001062061,PAYLOAD,LARGE,DEBRIS,SMALL,5.00,33272,COSMOS 2441,1.00,19949,COSMOS 375 DEB,2025-09-30T01:23:25.914000
1171268370,2025-09-29 12:58:47.000000,Y,204,0.0001163731,DEBRIS,SMALL,DEBRIS,SMALL,1.00,32304,FENGYUN 1C DEB,1.00,34990,COSMOS 2251 DEB,2025-09-29T23:21:03.005000
1171265547,2025-09-29 12:58:11.000000,Y,691,0.0001719286,DEBRIS,SMALL,UNKNOWN,LARGE,1.00,31222,FENGYUN 1C DEB,5.00,63430,OBJECT C,2025-09-29T20:36:59.028000
1171264066,2025-09-29 12:57:52.000000,Y,181,0.0001629078,DEBRIS,SMALL,UNKNOWN,SMALL,1.00,30768,FENGYUN 1C DEB,3.00,270323,UNKNOWN,2025-10-01T18:12:22.446000
1171262269,2025-09-29 12:57:29.000000,Y,555,0.0003701756,DEBRIS,SMALL,PAYLOAD,MEDIUM,1.00,30120,FENGYUN 1C DEB,5.00,22638,ALEXIS,2025-10-02T12:40:37.297000
1171259225,2025-09-29 12:56:47.000000,Y,196,0.0001368033,DEBRIS,SMALL,UNKNOWN,SMALL,1.00,27576,DELTA 1 DEB,1.00,270043,UNKNOWN,2025-09-29T16:12:13.889000
1171258776,2025-09-29 12:56:40.000000,Y,864,0.0003833913,PAYLOAD,MEDIUM,UNKNOWN,SMALL,5.00,26932,SAPPHIRE,3.00,82139,UNKNOWN,2025-10-01T20:33:39.065000
1171256083,2025-09-29 12:56:06.000000,Y,555,0.0003701756,PAYLOAD,MEDIUM,DEBRIS,SMALL,5.00,22638,ALEXIS,1.00,30120,FENGYUN 1C DEB,2025-10-02T12:40:37.297000
1171256088,2025-09-29 12:56:06.000000,Y,490,0.0006540885,PAYLOAD,MEDIUM,DEBRIS,SMALL,5.00,22638,ALEXIS,1.00,35159,FENGYUN 1C DEB,2025-10-01T05:26:37.160000
1171254569,2025-09-29 12:55:47.000000,Y,262,0.0001062061,DEBRIS,SMALL,PAYLOAD,LARGE,1.00,19949,COSMOS 375 DEB,5.00,33272,COSMOS 2441,2025-09-30T01:23:25.914000
1171253732,2025-09-29 12:55:36.000000,Y,55,0.000719034,PAYLOAD,MEDIUM,PAYLOAD,MEDIUM,5.00,18115,COSMOS 1854,5.00,7679,COSMOS 712,2025-09-29T22:43:27.295000
1171250967,2025-09-29 12:55:03.000000,Y,328,0.0004649542,PAYLOAD,MEDIUM,DEBRIS,SMALL,5.00,12324,COSMOS 1254,1.00,42589,DELTA 1 DEB,2025-10-02T06:35:52.099000
1171249376,2025-09-29 12:54:45.000000,Y,466,0.0001669897,PAYLOAD,LARGE,UNKNOWN,SMALL,5.00,7490,METEOR 1-19,3.00,87565,UNKNOWN,2025-10-01T13:18:47.721000
1171249383,2025-09-29 12:54:44.000000,Y,55,0.000719034,PAYLOAD,MEDIUM,PAYLOAD,MEDIUM,5.00,7679,COSMOS 712,5.00,18115,COSMOS 1854,2025-09-29T22:43:27.295000
1171249028,2025-09-29 12:54:40.000000,Y,109,0.0001950935,PAYLOAD,LARGE,DEBRIS,SMALL,5.00,6126,LANDSAT 1 (ERTS 1),1.00,35364,METEOR 2-17 DEB,2025-09-30T21:02:23.860000
1171202850,2025-09-29 11:34:07.000000,Y,4758,,DEBRIS,MEDIUM,DEBRIS,MEDIUM,1.00,40785,ARIANE 2 DEB,1.00,33535,ARIANE 2 DEB,2025-10-01T05:10:13.704000
1171202846,2025-09-29 11:34:06.000000,Y,4306,,DEBRIS,MEDIUM,DEBRIS,MEDIUM,1.00,40785,ARIANE 2 DEB,1.00,33535,ARIANE 2 DEB,2025-09-29T13:42:09.441000
1171202847,2025-09-29 11:34:06.000000,Y,4412,,DEBRIS,MEDIUM,DEBRIS,MEDIUM,1.00,40785,ARIANE 2 DEB,1.00,33535,ARIANE 2 DEB,2025-09-29T23:33:35.688000
1171202848,2025-09-29 11:34:06.000000,Y,4523,,DEBRIS,MEDIUM,DEBRIS,MEDIUM,1.00,40785,ARIANE 2 DEB,1.00,33535,ARIANE 2 DEB,2025-09-30T09:25:28.556000
1171202849,2025-09-29 11:34:06.000000,Y,4639,,DEBRIS,MEDIUM,DEBRIS,MEDIUM,1.00,40785,ARIANE 2 DEB,1.00,33535,ARIANE 2 DEB,2025-09-30T19:17:42.400000
1171202851,2025-09-29 11:34:06.000000,Y,4881,,DEBRIS,MEDIUM,DEBRIS,MEDIUM,1.00,40785,ARIANE 2 DEB,1.00,33535,ARIANE 2 DEB,2025-10-01T15:02:59.319000
1171202157,2025-09-29 11:33:59.000000,Y,2571,,ROCKET BODY,LARGE,PAYLOAD,LARGE,3.00,37140,SL-12 R/B(2),5.00,23205,COSMOS 2288 (GLONASS),2025-10-01T06:11:49.011000
1171201874,2025-09-29 11:33:56.000000,Y,4306,,DEBRIS,MEDIUM,DEBRIS,MEDIUM,1.00,33535,ARIANE 2 DEB,1.00,40785,ARIANE 2 DEB,2025-09-29T13:42:09.441000
1171201875,2025-09-29 11:33:56.000000,Y,4412,,DEBRIS,MEDIUM,DEBRIS,MEDIUM,1.00,33535,ARIANE 2 DEB,1.00,40785,ARIANE 2 DEB,2025-09-29T23:33:35.688000
1171201876,2025-09-29 11:33:56.000000,Y,4523,,DEBRIS,MEDIUM,DEBRIS,MEDIUM,1.00,33535,ARIANE 2 DEB,1.00,40785,ARIANE 2 DEB,2025-09-30T09:25:28.556000
1171201877,2025-09-29 11:33:56.000000,Y,4639,,DEBRIS,MEDIUM,DEBRIS,MEDIUM,1.00,33535,ARIANE 2 DEB,1.00,40785,ARIANE 2 DEB,2025-09-30T19:17:42.400000
1171201878,2025-09-29 11:33:56.000000,Y,4758,,DEBRIS,MEDIUM,DEBRIS,MEDIUM,1.00,33535,ARIANE 2 DEB,1.00,40785,ARIANE 2 DEB,2025-10-01T05:10:13.704000
1171201879,2025-09-29 11:33:56.000000,Y,4881,,DEBRIS,MEDIUM,DEBRIS,MEDIUM,1.00,33535,ARIANE 2 DEB,1.00,40785,ARIANE 2 DEB,2025-10-01T15:02:59.319000
1171201078,2025-09-29 11:33:48.000000,Y,3843,,ROCKET BODY,LARGE,ROCKET BODY,LARGE,3.00,26992,SL-12 R/B(2),3.00,16404,SL-12 R/B(2),2025-09-29T16:37:34.785000
1171200406,2025-09-29 11:33:41.000000,Y,2571,,PAYLOAD,LARGE,ROCKET BODY,LARGE,5.00,23205,COSMOS 2288 (GLONASS),3.00,37140,SL-12 R/B(2),2025-10-01T06:11:49.011000
1171200290,2025-09-29 11:33:40.000000,Y,4426,,PAYLOAD,LARGE,PAYLOAD,LARGE,5.00,21392,AURORA 2,5.00,18350,OPTUS A3 (AUSSAT 3),2025-10-01T10:52:44.102000
1171200019,2025-09-29 11:33:37.000000,Y,4426,,PAYLOAD,LARGE,PAYLOAD,LARGE,5.00,18350,OPTUS A3 (AUSSAT 3),5.00,21392,AURORA 2,2025-10-01T10:52:44.102000
1171199955,2025-09-29 11:33:36.000000,Y,3843,,ROCKET BODY,LARGE,ROCKET BODY,LARGE,3.00,16404,SL-12 R/B(2),3.00,26992,SL-12 R/B(2),2025-09-29T16:37:34.785000
1171030325,2025-09-29 05:24:27.000000,Y,47,0.0006768556,DEBRIS,SMALL,UNKNOWN,SMALL,1.00,61295,CZ-6A DEB,3.00,87054,UNKNOWN,2025-09-30T01:22:59.984000
1171027584,2025-09-29 05:23:47.000000,Y,32,0.004352772,DEBRIS,MEDIUM,ROCKET BODY,LARGE,1.00,60694,CZ-6A DEB,3.00,11289,SL-3 R/B,2025-10-01T01:06:18.674000
1171049119,2025-09-29 05:01:54.000000,Y,750,0.0003518369,DEBRIS,SMALL,ROCKET BODY,LARGE,1.00,44603,CZ-2D DEB,3.00,43278,CZ-4C R/B,2025-09-30T09:04:23.474000
1171045994,2025-09-29 05:01:14.000000,Y,750,0.0003518369,ROCKET BODY,LARGE,DEBRIS,SMALL,3.00,43278,CZ-4C R/B,1.00,44603,CZ-2D DEB,2025-09-30T09:04:23.474000
1170989512,2025-09-29 04:57:55.000000,Y,106,0.0001974717,DEBRIS,SMALL,PAYLOAD,LARGE,1.00,35364,METEOR 2-17 DEB,5.00,6126,LANDSAT 1 (ERTS 1),2025-09-30T21:02:23.843000
1170989027,2025-09-29 04:57:49.000000,Y,471,0.0002439981,DEBRIS,SMALL,PAYLOAD,MEDIUM,1.00,35159,FENGYUN 1C DEB,5.00,22638,ALEXIS,2025-10-01T05:26:37.155000
1170988714,2025-09-29 04:57:46.000000,Y,213,0.0001111627,DEBRIS,SMALL,DEBRIS,SMALL,1.00,34990,COSMOS 2251 DEB,1.00,32304,FENGYUN 1C DEB,2025-09-29T23:21:03.018000
1170984605,2025-09-29 04:56:58.000000,Y,213,0.0001111627,DEBRIS,SMALL,DEBRIS,SMALL,1.00,32304,FENGYUN 1C DEB,1.00,34990,COSMOS 2251 DEB,2025-09-29T23:21:03.018000
1170981711,2025-09-29 04:56:18.000000,Y,910,0.0003558459,DEBRIS,SMALL,UNKNOWN,LARGE,1.00,31222,FENGYUN 1C DEB,5.00,63430,OBJECT C,2025-09-29T20:36:59.041000
1171060014,2025-09-29 04:56:01.000000,Y,212,0.0002865683,DEBRIS,SMALL,ROCKET BODY,LARGE,1.00,30936,FENGYUN 1C DEB,3.00,7364,SL-3 R/B,2025-09-30T13:11:53.043000
1171059378,2025-09-29 04:55:53.000000,Y,151,0.000153051,DEBRIS,SMALL,UNKNOWN,SMALL,1.00,30768,FENGYUN 1C DEB,3.00,270323,UNKNOWN,2025-10-01T18:12:22.213000
1171057538,2025-09-29 04:55:32.000000,Y,33,0.00441233,DEBRIS,SMALL,ROCKET BODY,LARGE,1.00,30116,FENGYUN 1C DEB,3.00,21419,SL-8 R/B,2025-09-29T04:21:14.185000
1171054484,2025-09-29 04:54:57.000000,Y,219,0.0001243962,DEBRIS,SMALL,UNKNOWN,SMALL,1.00,27576,DELTA 1 DEB,1.00,270043,UNKNOWN,2025-09-29T16:12:13.883000
1171051296,2025-09-29 04:54:21.000000,Y,471,0.0002439981,PAYLOAD,MEDIUM,DEBRIS,SMALL,5.00,22638,ALEXIS,1.00,35159,FENGYUN 1C DEB,2025-10-01T05:26:37.155000
1171000497,2025-09-29 04:54:10.000000,Y,33,0.00441233,ROCKET BODY,LARGE,DEBRIS,SMALL,3.00,21419,SL-8 R/B,1.00,30116,FENGYUN 1C DEB,2025-09-29T04:21:14.185000
1170998974,2025-09-29 04:53:53.000000,Y,56,0.0006964784,PAYLOAD,MEDIUM,PAYLOAD,MEDIUM,5.00,18115,COSMOS 1854,5.00,7679,COSMOS 712,2025-09-29T22:43:27.295000
1170996079,2025-09-29 04:53:14.000000,Y,113,0.0003650144,DEBRIS,SMALL,UNKNOWN,SMALL,1.00,12283,DELTA 1 DEB,1.00,270209,UNKNOWN,2025-10-01T20:33:42.330000
1170995726,2025-09-29 04:53:09.000000,Y,32,0.004352772,ROCKET BODY,LARGE,DEBRIS,MEDIUM,3.00,11289,SL-3 R/B,1.00,60694,CZ-6A DEB,2025-10-01T01:06:18.674000
1170994530,2025-09-29 04:52:56.000000,Y,411,0.0001421021,PAYLOAD,LARGE,UNKNOWN,SMALL,5.00,7490,METEOR 1-19,3.00,87565,UNKNOWN,2025-10-01T13:18:47.712000
1170994538,2025-09-29 04:52:56.000000,Y,56,0.0006964784,PAYLOAD,MEDIUM,PAYLOAD,MEDIUM,5.00,7679,COSMOS 712,5.00,18115,COSMOS 1854,2025-09-29T22:43:27.295000
1170994575,2025-09-29 04:52:56.000000,Y,195,0.0005209015,DEBRIS,MEDIUM,ROCKET BODY,MEDIUM,1.00,7839,DELTA 1 DEB,3.00,1739,SCOUT X-4 R/B,2025-09-30T18:00:41.493000
1170994497,2025-09-29 04:52:55.000000,Y,212,0.0002865683,ROCKET BODY,LARGE,DEBRIS,SMALL,3.00,7364,SL-3 R/B,1.00,30936,FENGYUN 1C DEB,2025-09-30T13:11:53.043000
1170994187,2025-09-29 04:52:52.000000,Y,106,0.0001974717,PAYLOAD,LARGE,DEBRIS,SMALL,5.00,6126,LANDSAT 1 (ERTS 1),1.00,35364,METEOR 2-17 DEB,2025-09-30T21:02:23.843000
1170991891,2025-09-29 04:52:26.000000,Y,195,0.0005209015,ROCKET BODY,MEDIUM,DEBRIS,MEDIUM,3.00,1739,SCOUT X-4 R/B,1.00,7839,DELTA 1 DEB,2025-09-30T18:00:41.493000
1170797201,2025-09-29 03:47:06.000000,Y,4206,,DEBRIS,MEDIUM,DEBRIS,MEDIUM,1.00,40785,ARIANE 2 DEB,1.00,33535,ARIANE 2 DEB,2025-09-29T03:51:06.278000
1170797204,2025-09-29 03:47:06.000000,Y,4534,,DEBRIS,MEDIUM,DEBRIS,MEDIUM,1.00,40785,ARIANE 2 DEB,1.00,33535,ARIANE 2 DEB,2025-09-30T09:25:16.315000
1170797205,2025-09-29 03:47:06.000000,Y,4654,,DEBRIS,MEDIUM,DEBRIS,MEDIUM,1.00,40785,ARIANE 2 DEB,1.00,33535,ARIANE 2 DEB,2025-09-30T19:17:31.599000
1170797206,2025-09-29 03:47:06.000000,Y,4779,,DEBRIS,MEDIUM,DEBRIS,MEDIUM,1.00,40785,ARIANE 2 DEB,1.00,33535,ARIANE 2 DEB,2025-10-01T05:10:03.559000
1170797202,2025-09-29 03:47:05.000000,Y,4309,,DEBRIS,MEDIUM,DEBRIS,MEDIUM,1.00,40785,ARIANE 2 DEB,1.00,33535,ARIANE 2 DEB,2025-09-29T13:41:59.978000
1170797203,2025-09-29 03:47:05.000000,Y,4419,,DEBRIS,MEDIUM,DEBRIS,MEDIUM,1.00,40785,ARIANE 2 DEB,1.00,33535,ARIANE 2 DEB,2025-09-29T23:33:24.038000
1170797207,2025-09-29 03:47:05.000000,Y,4908,,DEBRIS,MEDIUM,DEBRIS,MEDIUM,1.00,40785,ARIANE 2 DEB,1.00,33535,ARIANE 2 DEB,2025-10-01T15:02:50.167000
1170796399,2025-09-29 03:46:57.000000,Y,2571,,ROCKET BODY,LARGE,PAYLOAD,LARGE,3.00,37140,SL-12 R/B(2),5.00,23205,COSMOS 2288 (GLONASS),2025-10-01T06:11:49.011000
1170796066,2025-09-29 03:46:53.000000,Y,4206,,DEBRIS,MEDIUM,DEBRIS,MEDIUM,1.00,33535,ARIANE 2 DEB,1.00,40785,ARIANE 2 DEB,2025-09-29T03:51:06.278000
1170796067,2025-09-29 03:46:53.000000,Y,4309,,DEBRIS,MEDIUM,DEBRIS,MEDIUM,1.00,33535,ARIANE 2 DEB,1.00,40785,ARIANE 2 DEB,2025-09-29T13:41:59.978000
1170796068,2025-09-29 03:46:53.000000,Y,4419,,DEBRIS,MEDIUM,DEBRIS,MEDIUM,1.00,33535,ARIANE 2 DEB,1.00,40785,ARIANE 2 DEB,2025-09-29T23:33:24.038000
1170796069,2025-09-29 03:46:53.000000,Y,4534,,DEBRIS,MEDIUM,DEBRIS,MEDIUM,1.00,33535,ARIANE 2 DEB,1.00,40785,ARIANE 2 DEB,2025-09-30T09:25:16.315000
1170796070,2025-09-29 03:46:53.000000,Y,4654,,DEBRIS,MEDIUM,DEBRIS,MEDIUM,1.00,33535,ARIANE 2 DEB,1.00,40785,ARIANE 2 DEB,2025-09-30T19:17:31.599000
1170796071,2025-09-29 03:46:53.000000,Y,4779,,DEBRIS,MEDIUM,DEBRIS,MEDIUM,1.00,33535,ARIANE 2 DEB,1.00,40785,ARIANE 2 DEB,2025-10-01T05:10:03.559000
1170796072,2025-09-29 03:46:53.000000,Y,4908,,DEBRIS,MEDIUM,DEBRIS,MEDIUM,1.00,33535,ARIANE 2 DEB,1.00,40785,ARIANE 2 DEB,2025-10-01T15:02:50.167000
1170795204,2025-09-29 03:46:43.000000,Y,3843,,ROCKET BODY,LARGE,ROCKET BODY,LARGE,3.00,26992,SL-12 R/B(2),3.00,16404,SL-12 R/B(2),2025-09-29T16:37:34.785000
1170794488,2025-09-29 03:46:33.000000,Y,2571,,PAYLOAD,LARGE,ROCKET BODY,LARGE,5.00,23205,COSMOS 2288 (GLONASS),3.00,37140,SL-12 R/B(2),2025-10-01T06:11:49.011000
1170794368,2025-09-29 03:46:32.000000,Y,4290,,PAYLOAD,LARGE,PAYLOAD,LARGE,5.00,21392,AURORA 2,5.00,18350,OPTUS A3 (AUSSAT 3),2025-10-01T10:52:44.343000
1170794096,2025-09-29 03:46:29.000000,Y,4290,,PAYLOAD,LARGE,PAYLOAD,LARGE,5.00,18350,OPTUS A3 (AUSSAT 3),5.00,21392,AURORA 2,2025-10-01T10:52:44.343000
1170794024,2025-09-29 03:46:28.000000,Y,3843,,ROCKET BODY,LARGE,ROCKET BODY,LARGE,3.00,16404,SL-12 R/B(2),3.00,26992,SL-12 R/B(2),2025-09-29T16:37:34.785000
1170669725,2025-09-28 23:38:16.000000,Y,47,0.000676857,DEBRIS,SMALL,UNKNOWN,SMALL,1.00,61295,CZ-6A DEB,3.00,87054,UNKNOWN,2025-09-30T01:22:59.984000
1170668505,2025-09-28 23:38:00.000000,Y,78,0.0004170922,DEBRIS,SMALL,DEBRIS,MEDIUM,1.00,61096,CZ-6A DEB,1.00,33776,IRIDIUM 33 DEB,2025-09-29T17:46:10.123000
1170666871,2025-09-28 23:37:30.000000,Y,19,0.001255099,DEBRIS,MEDIUM,ROCKET BODY,LARGE,1.00,60694,CZ-6A DEB,3.00,11289,SL-3 R/B,2025-10-01T01:06:18.686000
1170657127,2025-09-28 23:28:24.000000,Y,733,0.0004728453,DEBRIS,SMALL,ROCKET BODY,LARGE,1.00,44603,CZ-2D DEB,3.00,43278,CZ-4C R/B,2025-09-30T09:04:23.470000
1170654152,2025-09-28 23:27:45.000000,Y,733,0.0004728453,ROCKET BODY,LARGE,DEBRIS,SMALL,3.00,43278,CZ-4C R/B,1.00,44603,CZ-2D DEB,2025-09-30T09:04:23.470000
1170756436,2025-09-28 23:25:48.000000,Y,116,0.0001034804,DEBRIS,SMALL,DEBRIS,SMALL,1.00,39965,COSMOS 1275 DEB,1.00,33975,COSMOS 2251 DEB,2025-09-28T21:57:47.574000
1170748836,2025-09-28 23:24:11.000000,Y,105,0.0001948837,DEBRIS,SMALL,PAYLOAD,LARGE,1.00,35364,METEOR 2-17 DEB,5.00,6126,LANDSAT 1 (ERTS 1),2025-09-30T21:02:23.843000
1170748345,2025-09-28 23:24:03.000000,Y,466,0.0002422544,DEBRIS,SMALL,PAYLOAD,MEDIUM,1.00,35159,FENGYUN 1C DEB,5.00,22638,ALEXIS,2025-10-01T05:26:37.155000
1170745943,2025-09-28 23:23:31.000000,Y,116,0.0001034804,DEBRIS,SMALL,DEBRIS,SMALL,1.00,33975,COSMOS 2251 DEB,1.00,39965,COSMOS 1275 DEB,2025-09-28T21:57:47.574000
1170745285,2025-09-28 23:23:21.000000,Y,78,0.0004170922,DEBRIS,MEDIUM,DEBRIS,SMALL,1.00,33776,IRIDIUM 33 DEB,1.00,61096,CZ-6A DEB,2025-09-29T17:46:10.123000
1170740913,2025-09-28 23:22:18.000000,Y,165,0.0001182427,DEBRIS,SMALL,DEBRIS,SMALL,1.00,31196,FENGYUN 1C DEB,1.00,28991,METEOR 2-17 DEB,2025-09-29T22:23:30.924000
1170731938,2025-09-28 23:20:05.000000,Y,516,0.0001056242,PAYLOAD,LARGE,DEBRIS,,5.00,24796,IRIDIUM 4,1.00,30941,FENGYUN 1C DEB,2025-09-28T23:00:17.572000
1170731246,2025-09-28 23:19:57.000000,Y,466,0.0002422544,PAYLOAD,MEDIUM,DEBRIS,SMALL,5.00,22638,ALEXIS,1.00,35159,FENGYUN 1C DEB,2025-10-01T05:26:37.155000
1170700383,2025-09-28 23:19:46.000000,Y,36,0.004150841,ROCKET BODY,LARGE,DEBRIS,SMALL,3.00,21419,SL-8 R/B,1.00,30116,FENGYUN 1C DEB,2025-09-29T04:21:14.186000
1170698757,2025-09-28 23:19:25.000000,Y,44,0.005597539,PAYLOAD,MEDIUM,PAYLOAD,MEDIUM,5.00,18115,COSMOS 1854,5.00,7679,COSMOS 712,2025-09-29T22:43:27.300000
1170695764,2025-09-28 23:18:47.000000,Y,113,0.000386087,DEBRIS,SMALL,UNKNOWN,SMALL,1.00,12283,DELTA 1 DEB,1.00,270209,UNKNOWN,2025-10-01T20:33:42.331000
1170695392,2025-09-28 23:18:42.000000,Y,19,0.001255099,ROCKET BODY,LARGE,DEBRIS,MEDIUM,3.00,11289,SL-3 R/B,1.00,60694,CZ-6A DEB,2025-10-01T01:06:18.686000
1170694185,2025-09-28 23:18:25.000000,Y,411,0.0001421023,PAYLOAD,LARGE,UNKNOWN,SMALL,5.00,7490,METEOR 1-19,3.00,87565,UNKNOWN,2025-10-01T13:18:47.712000
1170694192,2025-09-28 23:18:25.000000,Y,44,0.005597539,PAYLOAD,MEDIUM,PAYLOAD,MEDIUM,5.00,7679,COSMOS 712,5.00,18115,COSMOS 1854,2025-09-29T22:43:27.300000
1170694230,2025-09-28 23:18:25.000000,Y,172,0.0003505749,DEBRIS,MEDIUM,ROCKET BODY,MEDIUM,1.00,7839,DELTA 1 DEB,3.00,1739,SCOUT X-4 R/B,2025-09-30T18:00:41.460000
1170693825,2025-09-28 23:18:19.000000,Y,132,0.001455911,PAYLOAD,LARGE,DEBRIS,SMALL,5.00,6079,METEOR 1-12,1.00,30510,FENGYUN 1C DEB,2025-09-29T02:17:02.040000
1170693828,2025-09-28 23:18:19.000000,Y,105,0.0001948837,PAYLOAD,LARGE,DEBRIS,SMALL,5.00,6126,LANDSAT 1 (ERTS 1),1.00,35364,METEOR 2-17 DEB,2025-09-30T21:02:23.843000
1170691486,2025-09-28 23:17:45.000000,Y,172,0.0003505749,ROCKET BODY,MEDIUM,DEBRIS,MEDIUM,3.00,1739,SCOUT X-4 R/B,1.00,7839,DELTA 1 DEB,2025-09-30T18:00:41.460000
1170437306,2025-09-28 20:57:32.000000,Y,4804,,DEBRIS,MEDIUM,DEBRIS,MEDIUM,1.00,40785,ARIANE 2 DEB,1.00,33535,ARIANE 2 DEB,2025-09-30T19:16:48.067000
1170437303,2025-09-28 20:57:31.000000,Y,4383,,DEBRIS,MEDIUM,DEBRIS,MEDIUM,1.00,40785,ARIANE 2 DEB,1.00,33535,ARIANE 2 DEB,2025-09-29T13:40:35.237000
1170437304,2025-09-28 20:57:31.000000,Y,4517,,DEBRIS,MEDIUM,DEBRIS,MEDIUM,1.00,40785,ARIANE 2 DEB,1.00,33535,ARIANE 2 DEB,2025-09-29T23:32:15.878000
1170437305,2025-09-28 20:57:31.000000,Y,4658,,DEBRIS,MEDIUM,DEBRIS,MEDIUM,1.00,40785,ARIANE 2 DEB,1.00,33535,ARIANE 2 DEB,2025-09-30T09:24:20.354000
1170437302,2025-09-28 20:57:30.000000,Y,4254,,DEBRIS,MEDIUM,DEBRIS,MEDIUM,1.00,40785,ARIANE 2 DEB,1.00,33535,ARIANE 2 DEB,2025-09-29T03:49:26.649000
1170437307,2025-09-28 20:57:30.000000,Y,4956,,DEBRIS,MEDIUM,DEBRIS,MEDIUM,1.00,40785,ARIANE 2 DEB,1.00,33535,ARIANE 2 DEB,2025-10-01T05:09:31.784000
1170436743,2025-09-28 20:57:24.000000,Y,2571,,ROCKET BODY,LARGE,PAYLOAD,LARGE,3.00,37140,SL-12 R/B(2),5.00,23205,COSMOS 2288 (GLONASS),2025-10-01T06:11:49.011000
1170436513,2025-09-28 20:57:22.000000,Y,4956,,DEBRIS,MEDIUM,DEBRIS,MEDIUM,1.00,33535,ARIANE 2 DEB,1.00,40785,ARIANE 2 DEB,2025-10-01T05:09:31.784000
1170436508,2025-09-28 20:57:21.000000,Y,4254,,DEBRIS,MEDIUM,DEBRIS,MEDIUM,1.00,33535,ARIANE 2 DEB,1.00,40785,ARIANE 2 DEB,2025-09-29T03:49:26.649000
1170436509,2025-09-28 20:57:21.000000,Y,4383,,DEBRIS,MEDIUM,DEBRIS,MEDIUM,1.00,33535,ARIANE 2 DEB,1.00,40785,ARIANE 2 DEB,2025-09-29T13:40:35.237000
1170436510,2025-09-28 20:57:21.000000,Y,4517,,DEBRIS,MEDIUM,DEBRIS,MEDIUM,1.00,33535,ARIANE 2 DEB,1.00,40785,ARIANE 2 DEB,2025-09-29T23:32:15.878000
1170436511,2025-09-28 20:57:21.000000,Y,4658,,DEBRIS,MEDIUM,DEBRIS,MEDIUM,1.00,33535,ARIANE 2 DEB,1.00,40785,ARIANE 2 DEB,2025-09-30T09:24:20.354000
1170436512,2025-09-28 20:57:21.000000,Y,4804,,DEBRIS,MEDIUM,DEBRIS,MEDIUM,1.00,33535,ARIANE 2 DEB,1.00,40785,ARIANE 2 DEB,2025-09-30T19:16:48.067000
1170435798,2025-09-28 20:57:12.000000,Y,3843,,ROCKET BODY,LARGE,ROCKET BODY,LARGE,3.00,26992,SL-12 R/B(2),3.00,16404,SL-12 R/B(2),2025-09-29T16:37:34.785000
1170435193,2025-09-28 20:57:05.000000,Y,2571,,PAYLOAD,LARGE,ROCKET BODY,LARGE,5.00,23205,COSMOS 2288 (GLONASS),3.00,37140,SL-12 R/B(2),2025-10-01T06:11:49.011000
1170435098,2025-09-28 20:57:04.000000,Y,4290,,PAYLOAD,LARGE,PAYLOAD,LARGE,5.00,21392,AURORA 2,5.00,18350,OPTUS A3 (AUSSAT 3),2025-10-01T10:52:44.342000
1170434876,2025-09-28 20:57:01.000000,Y,4290,,PAYLOAD,LARGE,PAYLOAD,LARGE,5.00,18350,OPTUS A3 (AUSSAT 3),5.00,21392,AURORA 2,2025-10-01T10:52:44.342000
1170434820,2025-09-28 20:57:00.000000,Y,3843,,ROCKET BODY,LARGE,ROCKET BODY,LARGE,3.00,16404,SL-12 R/B(2),3.00,26992,SL-12 R/B(2),2025-09-29T16:37:34.785000
1170165802,2025-09-28 13:56:22.000000,Y,573,0.0002052932,ROCKET BODY,LARGE,UNKNOWN,SMALL,3.00,65115,CZ-12 R/B,3.00,81545,UNKNOWN,2025-09-30T12:36:44.593000
1170121047,2025-09-28 13:53:05.000000,Y,651,0.0001520048,DEBRIS,SMALL,PAYLOAD,LARGE,1.00,61477,CZ-6A DEB,5.00,25791,FUSE 1,2025-09-30T16:14:52.908000
1170120215,2025-09-28 13:52:54.000000,Y,29,0.0006984068,DEBRIS,SMALL,UNKNOWN,SMALL,1.00,61295,CZ-6A DEB,3.00,87054,UNKNOWN,2025-09-30T01:22:59.994000
1170119042,2025-09-28 13:52:40.000000,Y,66,0.0005366934,DEBRIS,SMALL,DEBRIS,MEDIUM,1.00,61096,CZ-6A DEB,1.00,33776,IRIDIUM 33 DEB,2025-09-29T17:46:10.149000
1170117359,2025-09-28 13:52:19.000000,Y,71,0.001367614,DEBRIS,MEDIUM,ROCKET BODY,LARGE,1.00,60694,CZ-6A DEB,3.00,11289,SL-3 R/B,2025-10-01T01:06:18.705000
1170068726,2025-09-28 13:44:01.000000,Y,729,0.0004935119,DEBRIS,SMALL,ROCKET BODY,LARGE,1.00,44603,CZ-2D DEB,3.00,43278,CZ-4C R/B,2025-09-30T09:04:23.468000
1170065835,2025-09-28 13:43:21.000000,Y,729,0.0004935119,ROCKET BODY,LARGE,DEBRIS,SMALL,3.00,43278,CZ-4C R/B,1.00,44603,CZ-2D DEB,2025-09-30T09:04:23.468000
1170058079,2025-09-28 13:41:41.000000,Y,119,0.0004859862,DEBRIS,SMALL,DEBRIS,SMALL,1.00,41056,NOAA 16 DEB,1.00,29873,FENGYUN 1C DEB,2025-09-29T11:00:35.337000
1170055991,2025-09-28 13:41:11.000000,Y,36,0.001629813,DEBRIS,SMALL,DEBRIS,SMALL,1.00,39965,COSMOS 1275 DEB,1.00,33975,COSMOS 2251 DEB,2025-09-28T21:57:47.581000
1170048616,2025-09-28 13:39:21.000000,Y,421,0.0001004864,DEBRIS,SMALL,PAYLOAD,SMALL,1.00,35327,CZ-4 DEB,5.00,31122,CSTB 1,2025-09-28T18:25:03.359000
1170048662,2025-09-28 13:39:20.000000,Y,106,0.0001914356,DEBRIS,SMALL,PAYLOAD,LARGE,1.00,35364,METEOR 2-17 DEB,5.00,6126,LANDSAT 1 (ERTS 1),2025-09-30T21:02:23.855000
1170048185,2025-09-28 13:39:14.000000,Y,726,0.0001782448,DEBRIS,SMALL,PAYLOAD,MEDIUM,1.00,35159,FENGYUN 1C DEB,5.00,22638,ALEXIS,2025-10-01T05:26:36.980000
1170045852,2025-09-28 13:38:43.000000,Y,36,0.001629813,DEBRIS,SMALL,DEBRIS,SMALL,1.00,33975,COSMOS 2251 DEB,1.00,39965,COSMOS 1275 DEB,2025-09-28T21:57:47.581000
1170045187,2025-09-28 13:38:34.000000,Y,66,0.0005366934,DEBRIS,MEDIUM,DEBRIS,SMALL,1.00,33776,IRIDIUM 33 DEB,1.00,61096,CZ-6A DEB,2025-09-29T17:46:10.149000
1170045048,2025-09-28 13:38:33.000000,Y,134,0.0001311087,DEBRIS,SMALL,PAYLOAD,MEDIUM,1.00,33718,FENGYUN 1C DEB,5.00,730,SOLRAD 7A,2025-09-29T00:49:01.171000
1170040713,2025-09-28 13:37:38.000000,Y,335,0.0001025812,PAYLOAD,SMALL,DEBRIS,SMALL,5.00,31122,CSTB 1,1.00,35327,CZ-4 DEB,2025-09-28T18:25:03.351000
1170040168,2025-09-28 13:37:31.000000,Y,696,0.0001547504,DEBRIS,,PAYLOAD,LARGE,1.00,30941,FENGYUN 1C DEB,5.00,24796,IRIDIUM 4,2025-09-28T23:00:17.578000
1170038751,2025-09-28 13:37:14.000000,Y,222,0.001062256,DEBRIS,SMALL,PAYLOAD,LARGE,1.00,30510,FENGYUN 1C DEB,5.00,6079,METEOR 1-12,2025-09-29T02:17:02.047000
1170038142,2025-09-28 13:37:05.000000,Y,843,0.0001839982,DEBRIS,SMALL,PAYLOAD,SMALL,1.00,30284,FENGYUN 1C DEB,5.00,27846,AAU CUBESAT,2025-09-28T19:51:29.173000
1170037801,2025-09-28 13:37:01.000000,Y,77,0.001177849,DEBRIS,SMALL,ROCKET BODY,LARGE,1.00,30116,FENGYUN 1C DEB,3.00,21419,SL-8 R/B,2025-09-29T04:21:14.184000
1170035045,2025-09-28 13:36:26.000000,Y,843,0.0001839982,PAYLOAD,SMALL,DEBRIS,SMALL,5.00,27846,AAU CUBESAT,1.00,30284,FENGYUN 1C DEB,2025-09-28T19:51:29.173000
1170033079,2025-09-28 13:35:59.000000,Y,651,0.0001520048,PAYLOAD,LARGE,DEBRIS,SMALL,5.00,25791,FUSE 1,1.00,61477,CZ-6A DEB,2025-09-30T16:14:52.908000
1170032312,2025-09-28 13:35:49.000000,Y,696,0.0001547504,PAYLOAD,LARGE,DEBRIS,,5.00,24796,IRIDIUM 4,1.00,30941,FENGYUN 1C DEB,2025-09-28T23:00:17.578000
1170031653,2025-09-28 13:35:41.000000,Y,726,0.0001782448,PAYLOAD,MEDIUM,DEBRIS,SMALL,5.00,22638,ALEXIS,1.00,35159,FENGYUN 1C DEB,2025-10-01T05:26:36.980000
1170030846,2025-09-28 13:35:25.000000,Y,77,0.001177849,ROCKET BODY,LARGE,DEBRIS,SMALL,3.00,21419,SL-8 R/B,1.00,30116,FENGYUN 1C DEB,2025-09-29T04:21:14.184000
1170029299,2025-09-28 13:35:04.000000,Y,34,0.008654727,PAYLOAD,MEDIUM,PAYLOAD,MEDIUM,5.00,18115,COSMOS 1854,5.00,7679,COSMOS 712,2025-09-29T22:43:27.300000
1170026121,2025-09-28 13:34:26.000000,Y,71,0.001367614,ROCKET BODY,LARGE,DEBRIS,MEDIUM,3.00,11289,SL-3 R/B,1.00,60694,CZ-6A DEB,2025-10-01T01:06:18.705000
1170025013,2025-09-28 13:34:09.000000,Y,215,0.0001033819,PAYLOAD,LARGE,UNKNOWN,SMALL,5.00,7490,METEOR 1-19,3.00,87565,UNKNOWN,2025-10-01T13:18:47.694000
1170025021,2025-09-28 13:34:09.000000,Y,34,0.008654727,PAYLOAD,MEDIUM,PAYLOAD,MEDIUM,5.00,7679,COSMOS 712,5.00,18115,COSMOS 1854,2025-09-29T22:43:27.300000
1170024671,2025-09-28 13:34:04.000000,Y,222,0.001062256,PAYLOAD,LARGE,DEBRIS,SMALL,5.00,6079,METEOR 1-12,1.00,30510,FENGYUN 1C DEB,2025-09-29T02:17:02.047000
1170024674,2025-09-28 13:34:04.000000,Y,106,0.0001914356,PAYLOAD,LARGE,DEBRIS,SMALL,5.00,6126,LANDSAT 1 (ERTS 1),1.00,35364,METEOR 2-17 DEB,2025-09-30T21:02:23.855000
1170022315,2025-09-28 13:33:33.000000,Y,134,0.0001311087,PAYLOAD,MEDIUM,DEBRIS,SMALL,5.00,730,SOLRAD 7A,1.00,33718,FENGYUN 1C DEB,2025-09-29T00:49:01.171000
1169963366,2025-09-28 11:59:58.000000,Y,3498,,DEBRIS,,DEBRIS,SMALL,1.00,43952,ATLAS 5 CENTAUR DEB,1.00,19595,TITAN 3C TRANSTAGE DEB,2025-09-30T08:53:12.675000
1169962916,2025-09-28 11:59:53.000000,Y,1298,,DEBRIS,MEDIUM,DEBRIS,MEDIUM,1.00,40785,ARIANE 2 DEB,1.00,33535,ARIANE 2 DEB,2025-09-28T21:55:20.375000
1169962924,2025-09-28 11:59:53.000000,Y,2064,,DEBRIS,MEDIUM,DEBRIS,MEDIUM,1.00,40785,ARIANE 2 DEB,1.00,33535,ARIANE 2 DEB,2025-09-30T12:44:59.076000
1169962915,2025-09-28 11:59:52.000000,Y,1092,,DEBRIS,MEDIUM,DEBRIS,MEDIUM,1.00,40785,ARIANE 2 DEB,1.00,33535,ARIANE 2 DEB,2025-09-28T12:10:15.513000
1169962917,2025-09-28 11:59:52.000000,Y,2105,,DEBRIS,MEDIUM,DEBRIS,MEDIUM,1.00,40785,ARIANE 2 DEB,1.00,33535,ARIANE 2 DEB,2025-09-28T23:33:02.453000
1169962918,2025-09-28 11:59:52.000000,Y,1499,,DEBRIS,MEDIUM,DEBRIS,MEDIUM,1.00,40785,ARIANE 2 DEB,1.00,33535,ARIANE 2 DEB,2025-09-29T07:39:25.616000
1169962919,2025-09-28 11:59:52.000000,Y,2292,,DEBRIS,MEDIUM,DEBRIS,MEDIUM,1.00,40785,ARIANE 2 DEB,1.00,33535,ARIANE 2 DEB,2025-09-29T09:44:15.123000
1169962920,2025-09-28 11:59:52.000000,Y,1694,,DEBRIS,MEDIUM,DEBRIS,MEDIUM,1.00,40785,ARIANE 2 DEB,1.00,33535,ARIANE 2 DEB,2025-09-29T17:22:28.625000
1169962921,2025-09-28 11:59:52.000000,Y,2455,,DEBRIS,MEDIUM,DEBRIS,MEDIUM,1.00,40785,ARIANE 2 DEB,1.00,33535,ARIANE 2 DEB,2025-09-29T19:58:09.973000
1169962922,2025-09-28 11:59:52.000000,Y,1883,,DEBRIS,MEDIUM,DEBRIS,MEDIUM,1.00,40785,ARIANE 2 DEB,1.00,33535,ARIANE 2 DEB,2025-09-30T03:04:23.845000
1169962923,2025-09-28 11:59:52.000000,Y,2594,,DEBRIS,MEDIUM,DEBRIS,MEDIUM,1.00,40785,ARIANE 2 DEB,1.00,33535,ARIANE 2 DEB,2025-09-30T06:18:38.532000
1169962925,2025-09-28 11:59:52.000000,Y,2237,,DEBRIS,MEDIUM,DEBRIS,MEDIUM,1.00,40785,ARIANE 2 DEB,1.00,33535,ARIANE 2 DEB,2025-09-30T22:24:08.842000
1169962926,2025-09-28 11:59:52.000000,Y,2400,,DEBRIS,MEDIUM,DEBRIS,MEDIUM,1.00,40785,ARIANE 2 DEB,1.00,33535,ARIANE 2 DEB,2025-10-01T08:01:44.011000
1169962271,2025-09-28 11:59:43.000000,Y,2571,,ROCKET BODY,LARGE,PAYLOAD,LARGE,3.00,37140,SL-12 R/B(2),5.00,23205,COSMOS 2288 (GLONASS),2025-10-01T06:11:49.011000
1169962009,2025-09-28 11:59:40.000000,Y,1092,,DEBRIS,MEDIUM,DEBRIS,MEDIUM,1.00,33535,ARIANE 2 DEB,1.00,40785,ARIANE 2 DEB,2025-09-28T12:10:15.513000
1169962010,2025-09-28 11:59:40.000000,Y,1298,,DEBRIS,MEDIUM,DEBRIS,MEDIUM,1.00,33535,ARIANE 2 DEB,1.00,40785,ARIANE 2 DEB,2025-09-28T21:55:20.375000
1169962011,2025-09-28 11:59:40.000000,Y,2105,,DEBRIS,MEDIUM,DEBRIS,MEDIUM,1.00,33535,ARIANE 2 DEB,1.00,40785,ARIANE 2 DEB,2025-09-28T23:33:02.453000
1169962012,2025-09-28 11:59:40.000000,Y,1499,,DEBRIS,MEDIUM,DEBRIS,MEDIUM,1.00,33535,ARIANE 2 DEB,1.00,40785,ARIANE 2 DEB,2025-09-29T07:39:25.616000
1169962013,2025-09-28 11:59:40.000000,Y,2292,,DEBRIS,MEDIUM,DEBRIS,MEDIUM,1.00,33535,ARIANE 2 DEB,1.00,40785,ARIANE 2 DEB,2025-09-29T09:44:15.123000
1169962014,2025-09-28 11:59:40.000000,Y,1694,,DEBRIS,MEDIUM,DEBRIS,MEDIUM,1.00,33535,ARIANE 2 DEB,1.00,40785,ARIANE 2 DEB,2025-09-29T17:22:28.625000
1169962015,2025-09-28 11:59:40.000000,Y,2455,,DEBRIS,MEDIUM,DEBRIS,MEDIUM,1.00,33535,ARIANE 2 DEB,1.00,40785,ARIANE 2 DEB,2025-09-29T19:58:09.973000
1169962016,2025-09-28 11:59:40.000000,Y,1883,,DEBRIS,MEDIUM,DEBRIS,MEDIUM,1.00,33535,ARIANE 2 DEB,1.00,40785,ARIANE 2 DEB,2025-09-30T03:04:23.845000
1169962017,2025-09-28 11:59:40.000000,Y,2594,,DEBRIS,MEDIUM,DEBRIS,MEDIUM,1.00,33535,ARIANE 2 DEB,1.00,40785,ARIANE 2 DEB,2025-09-30T06:18:38.532000
1169962018,2025-09-28 11:59:40.000000,Y,2064,,DEBRIS,MEDIUM,DEBRIS,MEDIUM,1.00,33535,ARIANE 2 DEB,1.00,40785,ARIANE 2 DEB,2025-09-30T12:44:59.076000
1169962019,2025-09-28 11:59:40.000000,Y,2237,,DEBRIS,MEDIUM,DEBRIS,MEDIUM,1.00,33535,ARIANE 2 DEB,1.00,40785,ARIANE 2 DEB,2025-09-30T22:24:08.842000
1169962020,2025-09-28 11:59:40.000000,Y,2400,,DEBRIS,MEDIUM,DEBRIS,MEDIUM,1.00,33535,ARIANE 2 DEB,1.00,40785,ARIANE 2 DEB,2025-10-01T08:01:44.011000
1169961238,2025-09-28 11:59:26.000000,Y,3843,,ROCKET BODY,LARGE,ROCKET BODY,LARGE,3.00,26992,SL-12 R/B(2),3.00,16404,SL-12 R/B(2),2025-09-29T16:37:34.785000
1169960586,2025-09-28 11:59:13.000000,Y,2571,,PAYLOAD,LARGE,ROCKET BODY,LARGE,5.00,23205,COSMOS 2288 (GLONASS),3.00,37140,SL-12 R/B(2),2025-10-01T06:11:49.011000
1169960485,2025-09-28 11:59:11.000000,Y,4290,,PAYLOAD,LARGE,PAYLOAD,LARGE,5.00,21392,AURORA 2,5.00,18350,OPTUS A3 (AUSSAT 3),2025-10-01T10:52:44.342000
1169960317,2025-09-28 11:59:09.000000,Y,3498,,DEBRIS,SMALL,DEBRIS,,1.00,19595,TITAN 3C TRANSTAGE DEB,1.00,43952,ATLAS 5 CENTAUR DEB,2025-09-30T08:53:12.675000
1169960175,2025-09-28 11:59:08.000000,Y,3843,,ROCKET BODY,LARGE,ROCKET BODY,LARGE,3.00,16404,SL-12 R/B(2),3.00,26992,SL-12 R/B(2),2025-09-29T16:37:34.785000
1169960243,2025-09-28 11:59:08.000000,Y,4290,,PAYLOAD,LARGE,PAYLOAD,LARGE,5.00,18350,OPTUS A3 (AUSSAT 3),5.00,21392,AURORA 2,2025-10-01T10:52:44.342000
1169835026,2025-09-28 05:25:14.000000,Y,515,0.0001419482,DEBRIS,SMALL,PAYLOAD,LARGE,1.00,62938,DMSP 5D-2 F14 DEB,5.00,8799,METEOR 1-24,2025-09-30T15:05:11.178000
1169826599,2025-09-28 05:22:11.000000,Y,118,0.0005745864,DEBRIS,SMALL,UNKNOWN,SMALL,1.00,61295,CZ-6A DEB,3.00,87054,UNKNOWN,2025-09-30T01:23:00.061000
1169825367,2025-09-28 05:21:41.000000,Y,134,0.0003485413,DEBRIS,SMALL,DEBRIS,MEDIUM,1.00,61096,CZ-6A DEB,1.00,33776,IRIDIUM 33 DEB,2025-09-29T17:46:10.214000
1169823698,2025-09-28 05:20:59.000000,Y,83,0.001350423,DEBRIS,MEDIUM,ROCKET BODY,LARGE,1.00,60694,CZ-6A DEB,3.00,11289,SL-3 R/B,2025-10-01T01:06:18.739000
1169872889,2025-09-28 05:09:58.000000,Y,513,0.0002500363,DEBRIS,SMALL,PAYLOAD,LARGE,1.00,56088,CZ-4B DEB,5.00,33272,COSMOS 2441,2025-09-29T03:05:08.051000
1169855898,2025-09-28 05:06:22.000000,Y,575,0.0006769682,DEBRIS,SMALL,ROCKET BODY,LARGE,1.00,44603,CZ-2D DEB,3.00,43278,CZ-4C R/B,2025-09-30T09:04:23.509000
1169852869,2025-09-28 05:05:43.000000,Y,575,0.0006769682,ROCKET BODY,LARGE,DEBRIS,SMALL,3.00,43278,CZ-4C R/B,1.00,44603,CZ-2D DEB,2025-09-30T09:04:23.509000
1169805963,2025-09-28 05:04:14.000000,Y,39,0.0007006591,DEBRIS,SMALL,DEBRIS,SMALL,1.00,41056,NOAA 16 DEB,1.00,29873,FENGYUN 1C DEB,2025-09-29T11:00:35.359000
1169804456,2025-09-28 05:03:55.000000,Y,384,0.0001087181,DEBRIS,SMALL,UNKNOWN,SMALL,1.00,40251,IRIDIUM 47 DEB,3.00,87042,UNKNOWN,2025-09-29T07:24:12.410000
1169803851,2025-09-28 05:03:47.000000,Y,123,0.0005798706,DEBRIS,SMALL,DEBRIS,SMALL,1.00,39965,COSMOS 1275 DEB,1.00,33975,COSMOS 2251 DEB,2025-09-28T21:57:47.607000
1169891099,2025-09-28 05:01:13.000000,Y,513,0.0002500363,PAYLOAD,LARGE,DEBRIS,SMALL,5.00,33272,COSMOS 2441,1.00,56088,CZ-4B DEB,2025-09-29T03:05:08.051000
1169817616,2025-09-28 04:58:11.000000,Y,910,0.0001244993,ROCKET BODY,LARGE,UNKNOWN,SMALL,3.00,22285,SL-16 R/B,3.00,81386,UNKNOWN,2025-09-29T01:52:26.007000
1169817245,2025-09-28 04:58:06.000000,Y,132,0.0002594089,ROCKET BODY,LARGE,DEBRIS,SMALL,3.00,21419,SL-8 R/B,1.00,30116,FENGYUN 1C DEB,2025-09-29T04:21:14.265000
1169815603,2025-09-28 04:57:44.000000,Y,36,0.01057991,PAYLOAD,MEDIUM,PAYLOAD,MEDIUM,5.00,18115,COSMOS 1854,5.00,7679,COSMOS 712,2025-09-29T22:43:27.301000
1169812350,2025-09-28 04:56:17.000000,Y,83,0.001350423,ROCKET BODY,LARGE,DEBRIS,MEDIUM,3.00,11289,SL-3 R/B,1.00,60694,CZ-6A DEB,2025-10-01T01:06:18.739000
1169812206,2025-09-28 04:56:13.000000,Y,72,0.0008766357,DEBRIS,SMALL,ROCKET BODY,LARGE,1.00,10720,DELTA 1 DEB,3.00,6320,SL-8 R/B,2025-09-28T14:37:06.758000
1169811484,2025-09-28 04:55:51.000000,Y,515,0.0001419482,PAYLOAD,LARGE,DEBRIS,SMALL,5.00,8799,METEOR 1-24,1.00,62938,DMSP 5D-2 F14 DEB,2025-09-30T15:05:11.178000
1169811191,2025-09-28 04:55:45.000000,Y,36,0.01057991,PAYLOAD,MEDIUM,PAYLOAD,MEDIUM,5.00,7679,COSMOS 712,5.00,18115,COSMOS 1854,2025-09-29T22:43:27.301000
1169810808,2025-09-28 04:55:39.000000,Y,709,0.0004207822,PAYLOAD,LARGE,DEBRIS,SMALL,5.00,6079,METEOR 1-12,1.00,30510,FENGYUN 1C DEB,2025-09-29T02:17:02.084000
1169810917,2025-09-28 04:55:39.000000,Y,72,0.0008766357,ROCKET BODY,LARGE,DEBRIS,SMALL,3.00,6320,SL-8 R/B,1.00,10720,DELTA 1 DEB,2025-09-28T14:37:06.758000
1169810813,2025-09-28 04:55:38.000000,Y,113,0.0001836182,PAYLOAD,LARGE,DEBRIS,SMALL,5.00,6126,LANDSAT 1 (ERTS 1),1.00,35364,METEOR 2-17 DEB,2025-09-30T21:02:23.901000
1169410395,2025-09-28 01:09:25.000000,Y,183,0.0001433131,DEBRIS,SMALL,DEBRIS,SMALL,1.00,58396,METEOR 1-5 DEB,1.00,40531,CZ-4B DEB,2025-09-28T09:45:39.098000
1169474311,2025-09-28 01:08:13.000000,Y,513,0.0002500362,DEBRIS,SMALL,PAYLOAD,LARGE,1.00,56088,CZ-4B DEB,5.00,33272,COSMOS 2441,2025-09-29T03:05:08.051000
1169447108,2025-09-28 01:04:55.000000,Y,577,0.0006229402,DEBRIS,SMALL,ROCKET BODY,LARGE,1.00,44603,CZ-2D DEB,3.00,43278,CZ-4C R/B,2025-09-30T09:04:23.509000
1169444142,2025-09-28 01:04:20.000000,Y,577,0.0006229402,ROCKET BODY,LARGE,DEBRIS,SMALL,3.00,43278,CZ-4C R/B,1.00,44603,CZ-2D DEB,2025-09-30T09:04:23.509000
1169487102,2025-09-28 01:02:52.000000,Y,15,0.0006235129,DEBRIS,SMALL,DEBRIS,SMALL,1.00,41056,NOAA 16 DEB,1.00,29873,FENGYUN 1C DEB,2025-09-29T11:00:35.367000
1169486075,2025-09-28 01:02:40.000000,Y,183,0.0001433131,DEBRIS,SMALL,DEBRIS,SMALL,1.00,40531,CZ-4B DEB,1.00,58396,METEOR 1-5 DEB,2025-09-28T09:45:39.098000
1169484955,2025-09-28 01:02:26.000000,Y,126,0.000528338,DEBRIS,SMALL,DEBRIS,SMALL,1.00,39965,COSMOS 1275 DEB,1.00,33975,COSMOS 2251 DEB,2025-09-28T21:57:47.607000
1169484959,2025-09-28 01:02:26.000000,Y,106,0.0002650337,DEBRIS,SMALL,DEBRIS,SMALL,1.00,39969,SL-14 DEB,1.00,12209,DELTA 1 DEB,2025-09-28T02:57:07.929000
1169457290,2025-09-28 01:00:53.000000,Y,114,0.0001842915,DEBRIS,SMALL,PAYLOAD,LARGE,1.00,35364,METEOR 2-17 DEB,5.00,6126,LANDSAT 1 (ERTS 1),2025-09-30T21:02:23.907000
1169456408,2025-09-28 01:00:42.000000,Y,83,0.0004598326,DEBRIS,SMALL,ROCKET BODY,LARGE,1.00,34976,COSMOS 2251 DEB,3.00,14051,DELTA 1 R/B(1),2025-09-27T23:14:36.809000
1169454371,2025-09-28 01:00:17.000000,Y,126,0.000528338,DEBRIS,SMALL,DEBRIS,SMALL,1.00,33975,COSMOS 2251 DEB,1.00,39965,COSMOS 1275 DEB,2025-09-28T21:57:47.607000
1169453670,2025-09-28 01:00:05.000000,Y,223,0.0001633381,DEBRIS,MEDIUM,DEBRIS,SMALL,1.00,33776,IRIDIUM 33 DEB,1.00,61096,CZ-6A DEB,2025-09-29T17:46:10.264000
1169452793,2025-09-28 00:59:54.000000,Y,513,0.0002500362,PAYLOAD,LARGE,DEBRIS,SMALL,5.00,33272,COSMOS 2441,1.00,56088,CZ-4B DEB,2025-09-29T03:05:08.051000
1169237543,2025-09-28 00:58:47.000000,Y,724,0.0003683976,DEBRIS,SMALL,PAYLOAD,LARGE,1.00,30510,FENGYUN 1C DEB,5.00,6079,METEOR 1-12,2025-09-29T02:17:02.090000
1169236546,2025-09-28 00:58:36.000000,Y,136,0.0002488953,DEBRIS,SMALL,ROCKET BODY,LARGE,1.00,30116,FENGYUN 1C DEB,3.00,21419,SL-8 R/B,2025-09-29T04:21:14.265000
1169235758,2025-09-28 00:58:27.000000,Y,15,0.0006235129,DEBRIS,SMALL,DEBRIS,SMALL,1.00,29873,FENGYUN 1C DEB,1.00,41056,NOAA 16 DEB,2025-09-29T11:00:35.367000
1169233622,2025-09-28 00:58:02.000000,Y,655,0.0002359881,DEBRIS,SMALL,PAYLOAD,LARGE,1.00,27734,COSMOS 1275 DEB,5.00,23704,COSMOS 2322,2025-09-30T03:45:50.292000
1169230538,2025-09-28 00:57:27.000000,Y,655,0.0002359881,PAYLOAD,LARGE,DEBRIS,SMALL,5.00,23704,COSMOS 2322,1.00,27734,COSMOS 1275 DEB,2025-09-30T03:45:50.292000
1169209678,2025-09-28 00:57:17.000000,Y,910,0.0001244993,ROCKET BODY,LARGE,UNKNOWN,SMALL,3.00,22285,SL-16 R/B,3.00,81386,UNKNOWN,2025-09-29T01:52:26.007000
1169209312,2025-09-28 00:57:12.000000,Y,136,0.0002488953,ROCKET BODY,LARGE,DEBRIS,SMALL,3.00,21419,SL-8 R/B,1.00,30116,FENGYUN 1C DEB,2025-09-29T04:21:14.265000
1169207703,2025-09-28 00:56:54.000000,Y,27,0.01076063,PAYLOAD,MEDIUM,PAYLOAD,MEDIUM,5.00,18115,COSMOS 1854,5.00,7679,COSMOS 712,2025-09-29T22:43:27.299000
1169207261,2025-09-28 00:56:49.000000,Y,208,0.0004547605,PAYLOAD,LARGE,UNKNOWN,SMALL,5.00,16917,COSMOS 1771,3.00,85010,UNKNOWN,2025-09-27T23:44:10.455000
1169205938,2025-09-28 00:56:34.000000,Y,83,0.0004598326,ROCKET BODY,LARGE,DEBRIS,SMALL,3.00,14051,DELTA 1 R/B(1),1.00,34976,COSMOS 2251 DEB,2025-09-27T23:14:36.809000
1169204606,2025-09-28 00:56:11.000000,Y,106,0.0002650337,DEBRIS,SMALL,DEBRIS,SMALL,1.00,12209,DELTA 1 DEB,1.00,39969,SL-14 DEB,2025-09-28T02:57:07.929000
1169204202,2025-09-28 00:56:01.000000,Y,67,0.00133601,DEBRIS,SMALL,ROCKET BODY,LARGE,1.00,10720,DELTA 1 DEB,3.00,6320,SL-8 R/B,2025-09-28T14:37:06.762000
1169203467,2025-09-28 00:55:53.000000,Y,268,0.0002968171,PAYLOAD,LARGE,DEBRIS,SMALL,5.00,8799,METEOR 1-24,1.00,62938,DMSP 5D-2 F14 DEB,2025-09-30T15:05:11.288000
1169203168,2025-09-28 00:55:50.000000,Y,27,0.01076063,PAYLOAD,MEDIUM,PAYLOAD,MEDIUM,5.00,7679,COSMOS 712,5.00,18115,COSMOS 1854,2025-09-29T22:43:27.299000
1169202780,2025-09-28 00:55:47.000000,Y,724,0.0003683976,PAYLOAD,LARGE,DEBRIS,SMALL,5.00,6079,METEOR 1-12,1.00,30510,FENGYUN 1C DEB,2025-09-29T02:17:02.090000
1169202785,2025-09-28 00:55:47.000000,Y,114,0.0001842915,PAYLOAD,LARGE,DEBRIS,SMALL,5.00,6126,LANDSAT 1 (ERTS 1),1.00,35364,METEOR 2-17 DEB,2025-09-30T21:02:23.907000
1169202896,2025-09-28 00:55:47.000000,Y,67,0.00133601,ROCKET BODY,LARGE,DEBRIS,SMALL,3.00,6320,SL-8 R/B,1.00,10720,DELTA 1 DEB,2025-09-28T14:37:06.762000
1169110267,2025-09-27 21:56:26.000000,Y,1281,,DEBRIS,MEDIUM,DEBRIS,MEDIUM,1.00,40785,ARIANE 2 DEB,1.00,33535,ARIANE 2 DEB,2025-09-28T21:56:08.104000
1169110268,2025-09-27 21:56:26.000000,Y,2086,,DEBRIS,MEDIUM,DEBRIS,MEDIUM,1.00,40785,ARIANE 2 DEB,1.00,33535,ARIANE 2 DEB,2025-09-28T23:31:40.893000
1169110269,2025-09-27 21:56:26.000000,Y,1478,,DEBRIS,MEDIUM,DEBRIS,MEDIUM,1.00,40785,ARIANE 2 DEB,1.00,33535,ARIANE 2 DEB,2025-09-29T07:40:31.521000
1169110272,2025-09-27 21:56:26.000000,Y,2431,,DEBRIS,MEDIUM,DEBRIS,MEDIUM,1.00,40785,ARIANE 2 DEB,1.00,33535,ARIANE 2 DEB,2025-09-29T19:55:25.773000
1169110265,2025-09-27 21:56:25.000000,Y,882,,DEBRIS,MEDIUM,DEBRIS,MEDIUM,1.00,40785,ARIANE 2 DEB,1.00,33535,ARIANE 2 DEB,2025-09-28T02:24:18.740000
1169110266,2025-09-27 21:56:25.000000,Y,1082,,DEBRIS,MEDIUM,DEBRIS,MEDIUM,1.00,40785,ARIANE 2 DEB,1.00,33535,ARIANE 2 DEB,2025-09-28T12:10:41.849000
1169110270,2025-09-27 21:56:25.000000,Y,2271,,DEBRIS,MEDIUM,DEBRIS,MEDIUM,1.00,40785,ARIANE 2 DEB,1.00,33535,ARIANE 2 DEB,2025-09-29T09:42:23.826000
1169110271,2025-09-27 21:56:25.000000,Y,1670,,DEBRIS,MEDIUM,DEBRIS,MEDIUM,1.00,40785,ARIANE 2 DEB,1.00,33535,ARIANE 2 DEB,2025-09-29T17:23:54.493000
1169110273,2025-09-27 21:56:25.000000,Y,1856,,DEBRIS,MEDIUM,DEBRIS,MEDIUM,1.00,40785,ARIANE 2 DEB,1.00,33535,ARIANE 2 DEB,2025-09-30T03:06:12.191000
1169110274,2025-09-27 21:56:25.000000,Y,2570,,DEBRIS,MEDIUM,DEBRIS,MEDIUM,1.00,40785,ARIANE 2 DEB,1.00,33535,ARIANE 2 DEB,2025-09-30T06:14:00.350000
1169110275,2025-09-27 21:56:25.000000,Y,2036,,DEBRIS,MEDIUM,DEBRIS,MEDIUM,1.00,40785,ARIANE 2 DEB,1.00,33535,ARIANE 2 DEB,2025-09-30T12:47:08.802000
1169109251,2025-09-27 21:56:17.000000,Y,2271,,DEBRIS,MEDIUM,DEBRIS,MEDIUM,1.00,33535,ARIANE 2 DEB,1.00,40785,ARIANE 2 DEB,2025-09-29T09:42:23.826000
1169109253,2025-09-27 21:56:17.000000,Y,2431,,DEBRIS,MEDIUM,DEBRIS,MEDIUM,1.00,33535,ARIANE 2 DEB,1.00,40785,ARIANE 2 DEB,2025-09-29T19:55:25.773000
1169109256,2025-09-27 21:56:17.000000,Y,2036,,DEBRIS,MEDIUM,DEBRIS,MEDIUM,1.00,33535,ARIANE 2 DEB,1.00,40785,ARIANE 2 DEB,2025-09-30T12:47:08.802000
1169109246,2025-09-27 21:56:16.000000,Y,882,,DEBRIS,MEDIUM,DEBRIS,MEDIUM,1.00,33535,ARIANE 2 DEB,1.00,40785,ARIANE 2 DEB,2025-09-28T02:24:18.740000
1169109247,2025-09-27 21:56:16.000000,Y,1082,,DEBRIS,MEDIUM,DEBRIS,MEDIUM,1.00,33535,ARIANE 2 DEB,1.00,40785,ARIANE 2 DEB,2025-09-28T12:10:41.849000
1169109248,2025-09-27 21:56:16.000000,Y,1281,,DEBRIS,MEDIUM,DEBRIS,MEDIUM,1.00,33535,ARIANE 2 DEB,1.00,40785,ARIANE 2 DEB,2025-09-28T21:56:08.104000
1169109249,2025-09-27 21:56:16.000000,Y,2086,,DEBRIS,MEDIUM,DEBRIS,MEDIUM,1.00,33535,ARIANE 2 DEB,1.00,40785,ARIANE 2 DEB,2025-09-28T23:31:40.893000
1169109250,2025-09-27 21:56:16.000000,Y,1478,,DEBRIS,MEDIUM,DEBRIS,MEDIUM,1.00,33535,ARIANE 2 DEB,1.00,40785,ARIANE 2 DEB,2025-09-29T07:40:31.521000
1169109252,2025-09-27 21:56:16.000000,Y,1670,,DEBRIS,MEDIUM,DEBRIS,MEDIUM,1.00,33535,ARIANE 2 DEB,1.00,40785,ARIANE 2 DEB,2025-09-29T17:23:54.493000
1169109254,2025-09-27 21:56:16.000000,Y,1856,,DEBRIS,MEDIUM,DEBRIS,MEDIUM,1.00,33535,ARIANE 2 DEB,1.00,40785,ARIANE 2 DEB,2025-09-30T03:06:12.191000
1169109255,2025-09-27 21:56:16.000000,Y,2570,,DEBRIS,MEDIUM,DEBRIS,MEDIUM,1.00,33535,ARIANE 2 DEB,1.00,40785,ARIANE 2 DEB,2025-09-30T06:14:00.350000
1169108471,2025-09-27 21:56:08.000000,Y,3843,,ROCKET BODY,LARGE,ROCKET BODY,LARGE,3.00,26992,SL-12 R/B(2),3.00,16404,SL-12 R/B(2),2025-09-29T16:37:34.785000
1169107440,2025-09-27 21:55:57.000000,Y,3843,,ROCKET BODY,LARGE,ROCKET BODY,LARGE,3.00,16404,SL-12 R/B(2),3.00,26992,SL-12 R/B(2),2025-09-29T16:37:34.785000
1168740432,2025-09-27 13:20:03.000000,Y,537,0.0001832406,DEBRIS,SMALL,PAYLOAD,LARGE,1.00,56088,CZ-4B DEB,5.00,33272,COSMOS 2441,2025-09-29T03:05:08.023000
1168703673,2025-09-27 13:11:04.000000,Y,623,0.0005986853,DEBRIS,SMALL,ROCKET BODY,LARGE,1.00,44603,CZ-2D DEB,3.00,43278,CZ-4C R/B,2025-09-30T09:04:23.492000
1168700962,2025-09-27 13:10:03.000000,Y,623,0.0005986853,ROCKET BODY,LARGE,DEBRIS,SMALL,3.00,43278,CZ-4C R/B,1.00,44603,CZ-2D DEB,2025-09-30T09:04:23.492000
1168697825,2025-09-27 13:08:26.000000,Y,116,0.0007272805,DEBRIS,SMALL,DEBRIS,SMALL,1.00,42661,DELTA 1 DEB,1.00,29904,FENGYUN 1C DEB,2025-09-27T15:41:33.144000
1168693358,2025-09-27 13:06:34.000000,Y,35,0.0004761936,DEBRIS,SMALL,DEBRIS,SMALL,1.00,41056,NOAA 16 DEB,1.00,29873,FENGYUN 1C DEB,2025-09-29T11:00:35.373000
1168691288,2025-09-27 13:05:21.000000,Y,107,0.0002480792,DEBRIS,SMALL,DEBRIS,SMALL,1.00,39969,SL-14 DEB,1.00,12209,DELTA 1 DEB,2025-09-28T02:57:07.934000
1168691258,2025-09-27 13:05:20.000000,Y,265,0.0001217767,DEBRIS,SMALL,UNKNOWN,SMALL,1.00,39942,COSMOS 1275 DEB,3.00,270039,UNKNOWN,2025-09-27T15:26:06.581000
1168691286,2025-09-27 13:05:20.000000,Y,82,0.000199921,DEBRIS,SMALL,DEBRIS,SMALL,1.00,39965,COSMOS 1275 DEB,1.00,33975,COSMOS 2251 DEB,2025-09-28T21:57:47.599000
1168683198,2025-09-27 13:01:56.000000,Y,668,0.0001253431,DEBRIS,SMALL,ROCKET BODY,LARGE,1.00,34976,COSMOS 2251 DEB,3.00,14051,DELTA 1 R/B(1),2025-09-27T23:14:36.745000
1168681277,2025-09-27 13:01:32.000000,Y,82,0.000199921,DEBRIS,SMALL,DEBRIS,SMALL,1.00,33975,COSMOS 2251 DEB,1.00,39965,COSMOS 1275 DEB,2025-09-28T21:57:47.599000
1168680644,2025-09-27 13:01:23.000000,Y,65,0.0001560079,DEBRIS,MEDIUM,DEBRIS,SMALL,1.00,33776,IRIDIUM 33 DEB,1.00,61096,CZ-6A DEB,2025-09-29T17:46:10.176000
1168679815,2025-09-27 13:01:13.000000,Y,537,0.0001832406,PAYLOAD,LARGE,DEBRIS,SMALL,5.00,33272,COSMOS 2441,1.00,56088,CZ-4B DEB,2025-09-29T03:05:08.023000
1168676337,2025-09-27 13:00:03.000000,Y,271,0.0004956644,PAYLOAD,MEDIUM,UNKNOWN,LARGE,5.00,31118,SAUDISAT 3,5.00,65297,OBJECT A,2025-09-29T11:56:05.935000
1168674452,2025-09-27 12:59:21.000000,Y,607,0.000420111,DEBRIS,SMALL,PAYLOAD,LARGE,1.00,30510,FENGYUN 1C DEB,5.00,6079,METEOR 1-12,2025-09-29T02:17:02.081000
1168674384,2025-09-27 12:59:20.000000,Y,836,0.0001841654,DEBRIS,SMALL,PAYLOAD,LARGE,1.00,30493,FENGYUN 1C DEB,5.00,27597,ADEOS 2,2025-09-30T03:42:27.033000
1168673493,2025-09-27 12:58:59.000000,Y,64,0.0007775876,DEBRIS,SMALL,ROCKET BODY,LARGE,1.00,30116,FENGYUN 1C DEB,3.00,21419,SL-8 R/B,2025-09-29T04:21:14.203000
1168672873,2025-09-27 12:58:49.000000,Y,116,0.0007272805,DEBRIS,SMALL,DEBRIS,SMALL,1.00,29904,FENGYUN 1C DEB,1.00,42661,DELTA 1 DEB,2025-09-27T15:41:33.144000
1168672769,2025-09-27 12:58:48.000000,Y,35,0.0004761936,DEBRIS,SMALL,DEBRIS,SMALL,1.00,29873,FENGYUN 1C DEB,1.00,41056,NOAA 16 DEB,2025-09-29T11:00:35.373000
1168670642,2025-09-27 12:58:22.000000,Y,814,0.0001715397,DEBRIS,SMALL,PAYLOAD,LARGE,1.00,27734,COSMOS 1275 DEB,5.00,23704,COSMOS 2322,2025-09-30T03:45:50.279000
1168670449,2025-09-27 12:58:20.000000,Y,836,0.0001841654,PAYLOAD,LARGE,DEBRIS,SMALL,5.00,27597,ADEOS 2,1.00,30493,FENGYUN 1C DEB,2025-09-30T03:42:27.033000
1168668930,2025-09-27 12:58:01.000000,Y,435,0.0001063821,DEBRIS,SMALL,DEBRIS,SMALL,1.00,25882,CZ-1 DEB,1.00,15780,COSMOS 1275 DEB,2025-09-28T13:53:05.967000
1168667754,2025-09-27 12:57:47.000000,Y,814,0.0001715397,PAYLOAD,LARGE,DEBRIS,SMALL,5.00,23704,COSMOS 2322,1.00,27734,COSMOS 1275 DEB,2025-09-30T03:45:50.279000
1168666593,2025-09-27 12:57:32.000000,Y,64,0.0007775876,ROCKET BODY,LARGE,DEBRIS,SMALL,3.00,21419,SL-8 R/B,1.00,30116,FENGYUN 1C DEB,2025-09-29T04:21:14.203000
1168665018,2025-09-27 12:57:10.000000,Y,64,0.0002721367,DEBRIS,SMALL,DEBRIS,SMALL,1.00,17792,COSMOS 1275 DEB,1.00,61357,CZ-6A DEB,2025-09-27T20:35:26.532000
1168665088,2025-09-27 12:57:10.000000,Y,45,0.004179028,PAYLOAD,MEDIUM,PAYLOAD,MEDIUM,5.00,18115,COSMOS 1854,5.00,7679,COSMOS 712,2025-09-29T22:43:27.304000
1168664697,2025-09-27 12:57:05.000000,Y,205,0.0004570422,PAYLOAD,LARGE,UNKNOWN,SMALL,5.00,16917,COSMOS 1771,3.00,85010,UNKNOWN,2025-09-27T23:44:10.454000
1168664431,2025-09-27 12:57:02.000000,Y,435,0.0001063821,DEBRIS,SMALL,DEBRIS,SMALL,1.00,15780,COSMOS 1275 DEB,1.00,25882,CZ-1 DEB,2025-09-28T13:53:05.967000
1168663452,2025-09-27 12:56:49.000000,Y,668,0.0001253431,ROCKET BODY,LARGE,DEBRIS,SMALL,3.00,14051,DELTA 1 R/B(1),1.00,34976,COSMOS 2251 DEB,2025-09-27T23:14:36.745000
1168662502,2025-09-27 12:56:36.000000,Y,605,0.0001025406,DEBRIS,MEDIUM,PAYLOAD,MEDIUM,1.00,12656,COSMOS 1275 DEB,5.00,729,SECOR 1B,2025-09-30T02:26:55.468000
1168662190,2025-09-27 12:56:32.000000,Y,107,0.0002480792,DEBRIS,SMALL,DEBRIS,SMALL,1.00,12209,DELTA 1 DEB,1.00,39969,SL-14 DEB,2025-09-28T02:57:07.934000
1168661869,2025-09-27 12:56:29.000000,Y,478,0.0001845838,PAYLOAD,MEDIUM,DEBRIS,SMALL,5.00,11046,COSMOS 1037,1.00,8789,THORAD DELTA 1 DEB,2025-09-27T19:33:23.006000
1168661857,2025-09-27 12:56:28.000000,Y,827,0.0001009012,ROCKET BODY,LARGE,UNKNOWN,SMALL,3.00,10962,SL-8 R/B,1.00,270090,UNKNOWN,2025-09-27T18:27:15.859000
1168661809,2025-09-27 12:56:27.000000,Y,71,0.0009546797,DEBRIS,SMALL,ROCKET BODY,LARGE,1.00,10720,DELTA 1 DEB,3.00,6320,SL-8 R/B,2025-09-28T14:37:06.753000
1168661131,2025-09-27 12:56:19.000000,Y,478,0.0001845838,DEBRIS,SMALL,PAYLOAD,MEDIUM,1.00,8789,THORAD DELTA 1 DEB,5.00,11046,COSMOS 1037,2025-09-27T19:33:23.006000
1168660862,2025-09-27 12:56:15.000000,Y,45,0.004179028,PAYLOAD,MEDIUM,PAYLOAD,MEDIUM,5.00,7679,COSMOS 712,5.00,18115,COSMOS 1854,2025-09-29T22:43:27.304000
1168660621,2025-09-27 12:56:12.000000,Y,71,0.0009546797,ROCKET BODY,LARGE,DEBRIS,SMALL,3.00,6320,SL-8 R/B,1.00,10720,DELTA 1 DEB,2025-09-28T14:37:06.753000
1168660510,2025-09-27 12:56:11.000000,Y,607,0.000420111,PAYLOAD,LARGE,DEBRIS,SMALL,5.00,6079,METEOR 1-12,1.00,30510,FENGYUN 1C DEB,2025-09-29T02:17:02.081000
1168658087,2025-09-27 12:55:43.000000,Y,605,0.0001025406,PAYLOAD,MEDIUM,DEBRIS,MEDIUM,5.00,729,SECOR 1B,1.00,12656,COSMOS 1275 DEB,2025-09-30T02:26:55.468000
1168519374,2025-09-27 06:42:45.000000,Y,74,0.0001950844,DEBRIS,SMALL,DEBRIS,SMALL,1.00,61357,CZ-6A DEB,1.00,17792,COSMOS 1275 DEB,2025-09-27T20:35:26.504000
1168519090,2025-09-27 06:42:42.000000,Y,67,0.0002733336,DEBRIS,SMALL,UNKNOWN,SMALL,1.00,61295,CZ-6A DEB,3.00,87054,UNKNOWN,2025-09-30T01:23:00.027000
1168517938,2025-09-27 06:42:26.000000,Y,61,0.0001281045,DEBRIS,SMALL,DEBRIS,MEDIUM,1.00,61096,CZ-6A DEB,1.00,33776,IRIDIUM 33 DEB,2025-09-29T17:46:10.078000
1168495873,2025-09-27 06:37:15.000000,Y,574,0.0002460742,DEBRIS,SMALL,PAYLOAD,LARGE,1.00,56088,CZ-4B DEB,5.00,33272,COSMOS 2441,2025-09-29T03:05:07.988000
1168532807,2025-09-27 06:32:04.000000,Y,154,0.00094142,DEBRIS,SMALL,DEBRIS,SMALL,1.00,42661,DELTA 1 DEB,1.00,29904,FENGYUN 1C DEB,2025-09-27T15:41:33.138000
1168532016,2025-09-27 06:31:53.000000,Y,490,0.0001003851,DEBRIS,SMALL,PAYLOAD,LARGE,1.00,42218,COSMOS 1275 DEB,5.00,26536,NOAA 16,2025-09-27T18:58:15.173000
1168529056,2025-09-27 06:31:16.000000,Y,93,0.0003595682,DEBRIS,SMALL,DEBRIS,SMALL,1.00,41056,NOAA 16 DEB,1.00,29873,FENGYUN 1C DEB,2025-09-29T11:00:35.354000
1168526980,2025-09-27 06:30:50.000000,Y,109,0.0002442326,DEBRIS,SMALL,DEBRIS,SMALL,1.00,39969,SL-14 DEB,1.00,12209,DELTA 1 DEB,2025-09-28T02:57:07.884000
1168526950,2025-09-27 06:30:49.000000,Y,249,0.0001212929,DEBRIS,SMALL,UNKNOWN,SMALL,1.00,39942,COSMOS 1275 DEB,3.00,270039,UNKNOWN,2025-09-27T15:26:06.576000
1168446500,2025-09-27 06:28:10.000000,Y,574,0.0002460742,PAYLOAD,LARGE,DEBRIS,SMALL,5.00,33272,COSMOS 2441,1.00,56088,CZ-4B DEB,2025-09-29T03:05:07.988000
1168549046,2025-09-27 06:26:53.000000,Y,243,0.0004072434,DEBRIS,SMALL,PAYLOAD,LARGE,1.00,30510,FENGYUN 1C DEB,5.00,6079,METEOR 1-12,2025-09-29T02:17:02.059000
1168548773,2025-09-27 06:26:50.000000,Y,72,0.003496684,DEBRIS,SMALL,UNKNOWN,SMALL,1.00,30432,FENGYUN 1C DEB,5.00,49047,OBJECT E,2025-09-27T05:47:05.166000
1168548448,2025-09-27 06:26:46.000000,Y,931,0.0001781882,DEBRIS,SMALL,PAYLOAD,SMALL,1.00,30284,FENGYUN 1C DEB,5.00,27846,AAU CUBESAT,2025-09-28T19:51:29.178000
1168548088,2025-09-27 06:26:38.000000,Y,604,0.0002911947,DEBRIS,SMALL,UNKNOWN,MEDIUM,1.00,30119,FENGYUN 1C DEB,5.00,64060,OBJECT C,2025-09-28T10:16:42.300000
1168548079,2025-09-27 06:26:37.000000,Y,36,0.0007120257,DEBRIS,SMALL,ROCKET BODY,LARGE,1.00,30116,FENGYUN 1C DEB,3.00,21419,SL-8 R/B,2025-09-29T04:21:14.141000
1168547442,2025-09-27 06:26:28.000000,Y,154,0.00094142,DEBRIS,SMALL,DEBRIS,SMALL,1.00,29904,FENGYUN 1C DEB,1.00,42661,DELTA 1 DEB,2025-09-27T15:41:33.138000
1168547338,2025-09-27 06:26:26.000000,Y,93,0.0003595682,DEBRIS,SMALL,DEBRIS,SMALL,1.00,29873,FENGYUN 1C DEB,1.00,41056,NOAA 16 DEB,2025-09-29T11:00:35.354000
1168546954,2025-09-27 06:26:21.000000,Y,820,0.000305435,PAYLOAD,LARGE,DEBRIS,SMALL,5.00,29678,COROT,1.00,34486,IRIDIUM 33 DEB,2025-09-27T11:55:09.834000
1168545289,2025-09-27 06:25:58.000000,Y,931,0.0001781882,PAYLOAD,SMALL,DEBRIS,SMALL,5.00,27846,AAU CUBESAT,1.00,30284,FENGYUN 1C DEB,2025-09-28T19:51:29.178000
1168544239,2025-09-27 06:25:45.000000,Y,490,0.0001003851,PAYLOAD,LARGE,DEBRIS,SMALL,5.00,26536,NOAA 16,1.00,42218,COSMOS 1275 DEB,2025-09-27T18:58:15.173000
1168491000,2025-09-27 06:24:58.000000,Y,36,0.0007120257,ROCKET BODY,LARGE,DEBRIS,SMALL,3.00,21419,SL-8 R/B,1.00,30116,FENGYUN 1C DEB,2025-09-29T04:21:14.141000
1168489466,2025-09-27 06:24:31.000000,Y,53,0.001190854,PAYLOAD,MEDIUM,PAYLOAD,MEDIUM,5.00,18115,COSMOS 1854,5.00,7679,COSMOS 712,2025-09-29T22:43:27.304000
1168489375,2025-09-27 06:24:30.000000,Y,74,0.0001950844,DEBRIS,SMALL,DEBRIS,SMALL,1.00,17792,COSMOS 1275 DEB,1.00,61357,CZ-6A DEB,2025-09-27T20:35:26.504000
1168489049,2025-09-27 06:24:25.000000,Y,208,0.0004577676,PAYLOAD,LARGE,UNKNOWN,SMALL,5.00,16917,COSMOS 1771,3.00,85010,UNKNOWN,2025-09-27T23:44:10.450000
1168487805,2025-09-27 06:24:07.000000,Y,699,0.0001032428,ROCKET BODY,LARGE,DEBRIS,SMALL,3.00,14051,DELTA 1 R/B(1),1.00,34976,COSMOS 2251 DEB,2025-09-27T23:14:36.741000
1168486844,2025-09-27 06:23:54.000000,Y,425,0.0006319687,DEBRIS,MEDIUM,PAYLOAD,MEDIUM,1.00,12656,COSMOS 1275 DEB,5.00,729,SECOR 1B,2025-09-30T02:26:55.444000
1168486522,2025-09-27 06:23:50.000000,Y,109,0.0002442326,DEBRIS,SMALL,DEBRIS,SMALL,1.00,12209,DELTA 1 DEB,1.00,39969,SL-14 DEB,2025-09-28T02:57:07.884000
1168486189,2025-09-27 06:23:45.000000,Y,474,0.0001857097,PAYLOAD,MEDIUM,DEBRIS,SMALL,5.00,11046,COSMOS 1037,1.00,8789,THORAD DELTA 1 DEB,2025-09-27T19:33:23.008000
1168486128,2025-09-27 06:23:44.000000,Y,12,0.009855141,DEBRIS,SMALL,ROCKET BODY,LARGE,1.00,10720,DELTA 1 DEB,3.00,6320,SL-8 R/B,2025-09-28T14:37:06.723000
1168485400,2025-09-27 06:23:34.000000,Y,474,0.0001857097,DEBRIS,SMALL,PAYLOAD,MEDIUM,1.00,8789,THORAD DELTA 1 DEB,5.00,11046,COSMOS 1037,2025-09-27T19:33:23.008000
1168485121,2025-09-27 06:23:30.000000,Y,53,0.001190854,PAYLOAD,MEDIUM,PAYLOAD,MEDIUM,5.00,7679,COSMOS 712,5.00,18115,COSMOS 1854,2025-09-29T22:43:27.304000
1168484764,2025-09-27 06:23:26.000000,Y,243,0.0004072434,PAYLOAD,LARGE,DEBRIS,SMALL,5.00,6079,METEOR 1-12,1.00,30510,FENGYUN 1C DEB,2025-09-29T02:17:02.059000
1168484878,2025-09-27 06:23:26.000000,Y,12,0.009855141,ROCKET BODY,LARGE,DEBRIS,SMALL,3.00,6320,SL-8 R/B,1.00,10720,DELTA 1 DEB,2025-09-28T14:37:06.723000
1168482231,2025-09-27 06:22:51.000000,Y,425,0.0006319687,PAYLOAD,MEDIUM,DEBRIS,MEDIUM,5.00,729,SECOR 1B,1.00,12656,COSMOS 1275 DEB,2025-09-30T02:26:55.444000
1168281864,2025-09-27 05:41:05.000000,Y,4561,,DEBRIS,SMALL,ROCKET BODY,LARGE,1.00,43447,TITAN 3C TRANSTAGE DEB,3.00,22248,SL-12 R/B(2),2025-09-27T19:06:59.846000
1168280494,2025-09-27 05:40:58.000000,Y,462,,DEBRIS,MEDIUM,DEBRIS,MEDIUM,1.00,40785,ARIANE 2 DEB,1.00,33535,ARIANE 2 DEB,2025-09-27T06:49:16.202000
1168280495,2025-09-27 05:40:58.000000,Y,673,,DEBRIS,MEDIUM,DEBRIS,MEDIUM,1.00,40785,ARIANE 2 DEB,1.00,33535,ARIANE 2 DEB,2025-09-27T16:37:15.220000
1168280496,2025-09-27 05:40:58.000000,Y,883,,DEBRIS,MEDIUM,DEBRIS,MEDIUM,1.00,40785,ARIANE 2 DEB,1.00,33535,ARIANE 2 DEB,2025-09-28T02:24:15.128000
1168280497,2025-09-27 05:40:58.000000,Y,1089,,DEBRIS,MEDIUM,DEBRIS,MEDIUM,1.00,40785,ARIANE 2 DEB,1.00,33535,ARIANE 2 DEB,2025-09-28T12:10:23.223000
1168280498,2025-09-27 05:40:58.000000,Y,1291,,DEBRIS,MEDIUM,DEBRIS,MEDIUM,1.00,40785,ARIANE 2 DEB,1.00,33535,ARIANE 2 DEB,2025-09-28T21:55:40.518000
1168280499,2025-09-27 05:40:58.000000,Y,2097,,DEBRIS,MEDIUM,DEBRIS,MEDIUM,1.00,40785,ARIANE 2 DEB,1.00,33535,ARIANE 2 DEB,2025-09-28T23:32:28.655000
1168280500,2025-09-27 05:40:58.000000,Y,1487,,DEBRIS,MEDIUM,DEBRIS,MEDIUM,1.00,40785,ARIANE 2 DEB,1.00,33535,ARIANE 2 DEB,2025-09-29T07:40:02.719000
1168280501,2025-09-27 05:40:58.000000,Y,2280,,DEBRIS,MEDIUM,DEBRIS,MEDIUM,1.00,40785,ARIANE 2 DEB,1.00,33535,ARIANE 2 DEB,2025-09-29T09:43:13.596000
1168280502,2025-09-27 05:40:58.000000,Y,1678,,DEBRIS,MEDIUM,DEBRIS,MEDIUM,1.00,40785,ARIANE 2 DEB,1.00,33535,ARIANE 2 DEB,2025-09-29T17:23:29.485000
1168280503,2025-09-27 05:40:58.000000,Y,2438,,DEBRIS,MEDIUM,DEBRIS,MEDIUM,1.00,40785,ARIANE 2 DEB,1.00,33535,ARIANE 2 DEB,2025-09-29T19:56:15.951000
1168280504,2025-09-27 05:40:58.000000,Y,1860,,DEBRIS,MEDIUM,DEBRIS,MEDIUM,1.00,40785,ARIANE 2 DEB,1.00,33535,ARIANE 2 DEB,2025-09-30T03:05:58.111000
1168278461,2025-09-27 05:40:43.000000,Y,462,,DEBRIS,MEDIUM,DEBRIS,MEDIUM,1.00,33535,ARIANE 2 DEB,1.00,40785,ARIANE 2 DEB,2025-09-27T06:49:16.202000
1168278463,2025-09-27 05:40:43.000000,Y,883,,DEBRIS,MEDIUM,DEBRIS,MEDIUM,1.00,33535,ARIANE 2 DEB,1.00,40785,ARIANE 2 DEB,2025-09-28T02:24:15.128000
1168278467,2025-09-27 05:40:43.000000,Y,1487,,DEBRIS,MEDIUM,DEBRIS,MEDIUM,1.00,33535,ARIANE 2 DEB,1.00,40785,ARIANE 2 DEB,2025-09-29T07:40:02.719000
1168278468,2025-09-27 05:40:43.000000,Y,2280,,DEBRIS,MEDIUM,DEBRIS,MEDIUM,1.00,33535,ARIANE 2 DEB,1.00,40785,ARIANE 2 DEB,2025-09-29T09:43:13.596000
1168278470,2025-09-27 05:40:43.000000,Y,2438,,DEBRIS,MEDIUM,DEBRIS,MEDIUM,1.00,33535,ARIANE 2 DEB,1.00,40785,ARIANE 2 DEB,2025-09-29T19:56:15.951000
1168278471,2025-09-27 05:40:43.000000,Y,1860,,DEBRIS,MEDIUM,DEBRIS,MEDIUM,1.00,33535,ARIANE 2 DEB,1.00,40785,ARIANE 2 DEB,2025-09-30T03:05:58.111000
1168278462,2025-09-27 05:40:42.000000,Y,673,,DEBRIS,MEDIUM,DEBRIS,MEDIUM,1.00,33535,ARIANE 2 DEB,1.00,40785,ARIANE 2 DEB,2025-09-27T16:37:15.220000
1168278464,2025-09-27 05:40:42.000000,Y,1089,,DEBRIS,MEDIUM,DEBRIS,MEDIUM,1.00,33535,ARIANE 2 DEB,1.00,40785,ARIANE 2 DEB,2025-09-28T12:10:23.223000
1168278465,2025-09-27 05:40:42.000000,Y,1291,,DEBRIS,MEDIUM,DEBRIS,MEDIUM,1.00,33535,ARIANE 2 DEB,1.00,40785,ARIANE 2 DEB,2025-09-28T21:55:40.518000
1168278466,2025-09-27 05:40:42.000000,Y,2097,,DEBRIS,MEDIUM,DEBRIS,MEDIUM,1.00,33535,ARIANE 2 DEB,1.00,40785,ARIANE 2 DEB,2025-09-28T23:32:28.655000
1168278469,2025-09-27 05:40:42.000000,Y,1678,,DEBRIS,MEDIUM,DEBRIS,MEDIUM,1.00,33535,ARIANE 2 DEB,1.00,40785,ARIANE 2 DEB,2025-09-29T17:23:29.485000
1168277311,2025-09-27 05:40:29.000000,Y,4657,,ROCKET BODY,LARGE,ROCKET BODY,LARGE,3.00,26992,SL-12 R/B(2),3.00,16404,SL-12 R/B(2),2025-09-29T16:37:34.947000
1168276521,2025-09-27 05:40:12.000000,Y,4561,,ROCKET BODY,LARGE,DEBRIS,SMALL,3.00,22248,SL-12 R/B(2),1.00,43447,TITAN 3C TRANSTAGE DEB,2025-09-27T19:06:59.846000
1168276154,2025-09-27 05:40:05.000000,Y,4657,,ROCKET BODY,LARGE,ROCKET BODY,LARGE,3.00,16404,SL-12 R/B(2),3.00,26992,SL-12 R/B(2),2025-09-29T16:37:34.947000
1168107581,2025-09-27 00:38:39.000000,Y,73,0.00016409,DEBRIS,SMALL,DEBRIS,SMALL,1.00,61357,CZ-6A DEB,1.00,17792,COSMOS 1275 DEB,2025-09-27T20:35:26.536000
1168105349,2025-09-27 00:38:07.000000,Y,343,0.0006719505,DEBRIS,SMALL,PAYLOAD,MEDIUM,1.00,60878,CZ-6A DEB,5.00,27941,NIGERIASAT 1,2025-09-27T04:36:49.034000
1168154097,2025-09-27 00:33:46.000000,Y,633,0.0001889774,DEBRIS,SMALL,PAYLOAD,LARGE,1.00,56088,CZ-4B DEB,5.00,33272,COSMOS 2441,2025-09-29T03:05:07.994000
1168134397,2025-09-27 00:29:54.000000,Y,167,0.003434574,DEBRIS,,PAYLOAD,MEDIUM,1.00,43501,COSMOS 1900 DEB,5.00,5435,EOLE 1 (CAS-A),2025-09-27T02:16:15.942000
1168130788,2025-09-27 00:29:10.000000,Y,180,0.0008058866,DEBRIS,SMALL,DEBRIS,SMALL,1.00,42661,DELTA 1 DEB,1.00,29904,FENGYUN 1C DEB,2025-09-27T15:41:33.161000
1168129971,2025-09-27 00:29:00.000000,Y,493,0.0001007233,DEBRIS,SMALL,PAYLOAD,LARGE,1.00,42218,COSMOS 1275 DEB,5.00,26536,NOAA 16,2025-09-27T18:58:15.186000
1168036895,2025-09-27 00:28:25.000000,Y,8,0.0002927885,DEBRIS,SMALL,DEBRIS,SMALL,1.00,41056,NOAA 16 DEB,1.00,29873,FENGYUN 1C DEB,2025-09-29T11:00:35.376000
1168034730,2025-09-27 00:28:01.000000,Y,109,0.0002600854,DEBRIS,SMALL,DEBRIS,SMALL,1.00,39969,SL-14 DEB,1.00,12209,DELTA 1 DEB,2025-09-28T02:57:07.942000
1168034701,2025-09-27 00:27:59.000000,Y,297,0.0001147501,DEBRIS,SMALL,UNKNOWN,SMALL,1.00,39942,COSMOS 1275 DEB,3.00,270039,UNKNOWN,2025-09-27T15:26:06.589000
1168176305,2025-09-27 00:26:22.000000,Y,516,0.0002659379,DEBRIS,SMALL,PAYLOAD,LARGE,1.00,35249,CZ-4C DEB,5.00,15031,COSMOS 1570,2025-09-27T02:01:06.744000
1168174611,2025-09-27 00:26:00.000000,Y,217,0.0001166546,DEBRIS,SMALL,PAYLOAD,LARGE,1.00,34486,IRIDIUM 33 DEB,5.00,29678,COROT,2025-09-27T11:55:09.852000
1168172153,2025-09-27 00:25:31.000000,Y,633,0.0001889774,PAYLOAD,LARGE,DEBRIS,SMALL,5.00,33272,COSMOS 2441,1.00,56088,CZ-4B DEB,2025-09-29T03:05:07.994000
1168166421,2025-09-27 00:24:24.000000,Y,176,0.0001740778,DEBRIS,SMALL,PAYLOAD,LARGE,1.00,30510,FENGYUN 1C DEB,5.00,6079,METEOR 1-12,2025-09-29T02:17:02.047000
1168166144,2025-09-27 00:24:21.000000,Y,85,0.002636273,DEBRIS,SMALL,UNKNOWN,SMALL,1.00,30432,FENGYUN 1C DEB,5.00,49047,OBJECT E,2025-09-27T05:47:05.169000
1168165778,2025-09-27 00:24:16.000000,Y,133,0.0003025657,DEBRIS,SMALL,UNKNOWN,SMALL,1.00,30266,FENGYUN 1C DEB,3.00,82500,UNKNOWN,2025-09-27T00:02:55.332000
1168165800,2025-09-27 00:24:16.000000,Y,914,0.0001652801,DEBRIS,SMALL,PAYLOAD,SMALL,1.00,30284,FENGYUN 1C DEB,5.00,27846,AAU CUBESAT,2025-09-28T19:51:29.187000
1168165411,2025-09-27 00:24:12.000000,Y,25,0.0005741103,DEBRIS,SMALL,ROCKET BODY,LARGE,1.00,30116,FENGYUN 1C DEB,3.00,21419,SL-8 R/B,2025-09-29T04:21:14.155000
1168165419,2025-09-27 00:24:11.000000,Y,567,0.0002479965,DEBRIS,SMALL,UNKNOWN,MEDIUM,1.00,30119,FENGYUN 1C DEB,5.00,64060,OBJECT C,2025-09-28T10:16:42.299000
1168164758,2025-09-27 00:24:05.000000,Y,180,0.0008058866,DEBRIS,SMALL,DEBRIS,SMALL,1.00,29904,FENGYUN 1C DEB,1.00,42661,DELTA 1 DEB,2025-09-27T15:41:33.161000
1168164653,2025-09-27 00:24:02.000000,Y,8,0.0002927885,DEBRIS,SMALL,DEBRIS,SMALL,1.00,29873,FENGYUN 1C DEB,1.00,41056,NOAA 16 DEB,2025-09-29T11:00:35.376000
1168164248,2025-09-27 00:23:57.000000,Y,217,0.0001166546,PAYLOAD,LARGE,DEBRIS,SMALL,5.00,29678,COROT,1.00,34486,IRIDIUM 33 DEB,2025-09-27T11:55:09.852000
1168162627,2025-09-27 00:23:40.000000,Y,914,0.0001652801,PAYLOAD,SMALL,DEBRIS,SMALL,5.00,27846,AAU CUBESAT,1.00,30284,FENGYUN 1C DEB,2025-09-28T19:51:29.187000
1168162664,2025-09-27 00:23:40.000000,Y,343,0.0006719505,PAYLOAD,MEDIUM,DEBRIS,SMALL,5.00,27941,NIGERIASAT 1,1.00,60878,CZ-6A DEB,2025-09-27T04:36:49.034000
1168161605,2025-09-27 00:23:29.000000,Y,493,0.0001007233,PAYLOAD,LARGE,DEBRIS,SMALL,5.00,26536,NOAA 16,1.00,42218,COSMOS 1275 DEB,2025-09-27T18:58:15.186000
1168048119,2025-09-27 00:22:53.000000,Y,25,0.0005741103,ROCKET BODY,LARGE,DEBRIS,SMALL,3.00,21419,SL-8 R/B,1.00,30116,FENGYUN 1C DEB,2025-09-29T04:21:14.155000
1168046517,2025-09-27 00:22:35.000000,Y,49,0.00238547,PAYLOAD,MEDIUM,PAYLOAD,MEDIUM,5.00,18115,COSMOS 1854,5.00,7679,COSMOS 712,2025-09-29T22:43:27.307000
1168046422,2025-09-27 00:22:33.000000,Y,73,0.00016409,DEBRIS,SMALL,DEBRIS,SMALL,1.00,17792,COSMOS 1275 DEB,1.00,61357,CZ-6A DEB,2025-09-27T20:35:26.536000
1168046084,2025-09-27 00:22:30.000000,Y,206,0.0004603566,PAYLOAD,LARGE,UNKNOWN,SMALL,5.00,16917,COSMOS 1771,3.00,85010,UNKNOWN,2025-09-27T23:44:10.454000
1168045509,2025-09-27 00:22:25.000000,Y,516,0.0002659379,PAYLOAD,LARGE,DEBRIS,SMALL,5.00,15031,COSMOS 1570,1.00,35249,CZ-4C DEB,2025-09-27T02:01:06.744000
1168043578,2025-09-27 00:22:02.000000,Y,109,0.0002600854,DEBRIS,SMALL,DEBRIS,SMALL,1.00,12209,DELTA 1 DEB,1.00,39969,SL-14 DEB,2025-09-28T02:57:07.942000
1168043237,2025-09-27 00:22:00.000000,Y,474,0.0001856947,PAYLOAD,MEDIUM,DEBRIS,SMALL,5.00,11046,COSMOS 1037,1.00,8789,THORAD DELTA 1 DEB,2025-09-27T19:33:23.008000
1168043168,2025-09-27 00:21:58.000000,Y,27,0.005835446,DEBRIS,SMALL,ROCKET BODY,LARGE,1.00,10720,DELTA 1 DEB,3.00,6320,SL-8 R/B,2025-09-28T14:37:06.706000
1168042437,2025-09-27 00:21:49.000000,Y,474,0.0001856947,DEBRIS,SMALL,PAYLOAD,MEDIUM,1.00,8789,THORAD DELTA 1 DEB,5.00,11046,COSMOS 1037,2025-09-27T19:33:23.008000
1168042153,2025-09-27 00:21:46.000000,Y,49,0.00238547,PAYLOAD,MEDIUM,PAYLOAD,MEDIUM,5.00,7679,COSMOS 712,5.00,18115,COSMOS 1854,2025-09-29T22:43:27.307000
1168041917,2025-09-27 00:21:44.000000,Y,27,0.005835446,ROCKET BODY,LARGE,DEBRIS,SMALL,3.00,6320,SL-8 R/B,1.00,10720,DELTA 1 DEB,2025-09-28T14:37:06.706000
1168041806,2025-09-27 00:21:43.000000,Y,176,0.0001740778,PAYLOAD,LARGE,DEBRIS,SMALL,5.00,6079,METEOR 1-12,1.00,30510,FENGYUN 1C DEB,2025-09-29T02:17:02.047000
1168041395,2025-09-27 00:21:38.000000,Y,167,0.003434574,PAYLOAD,MEDIUM,DEBRIS,,5.00,5435,EOLE 1 (CAS-A),1.00,43501,COSMOS 1900 DEB,2025-09-27T02:16:15.942000
1168039087,2025-09-27 00:21:12.000000,Y,156,0.0003645895,DEBRIS,SMALL,UNKNOWN,SMALL,1.00,461,THOR ABLESTAR DEB,5.00,43761,OBJECT D,2025-09-26T20:51:25.035000
1167846593,2025-09-26 20:52:00.000000,Y,4561,,DEBRIS,SMALL,ROCKET BODY,LARGE,1.00,43447,TITAN 3C TRANSTAGE DEB,3.00,22248,SL-12 R/B(2),2025-09-27T19:06:59.846000
1167846239,2025-09-26 20:51:57.000000,Y,454,,DEBRIS,MEDIUM,DEBRIS,MEDIUM,1.00,40785,ARIANE 2 DEB,1.00,33535,ARIANE 2 DEB,2025-09-27T06:49:30.392000
1167846242,2025-09-26 20:51:57.000000,Y,1082,,DEBRIS,MEDIUM,DEBRIS,MEDIUM,1.00,40785,ARIANE 2 DEB,1.00,33535,ARIANE 2 DEB,2025-09-28T12:10:41.120000
1167846241,2025-09-26 20:51:56.000000,Y,875,,DEBRIS,MEDIUM,DEBRIS,MEDIUM,1.00,40785,ARIANE 2 DEB,1.00,33535,ARIANE 2 DEB,2025-09-28T02:24:35.323000
1167846243,2025-09-26 20:51:56.000000,Y,1287,,DEBRIS,MEDIUM,DEBRIS,MEDIUM,1.00,40785,ARIANE 2 DEB,1.00,33535,ARIANE 2 DEB,2025-09-28T21:55:51.642000
1167846244,2025-09-26 20:51:56.000000,Y,2092,,DEBRIS,MEDIUM,DEBRIS,MEDIUM,1.00,40785,ARIANE 2 DEB,1.00,33535,ARIANE 2 DEB,2025-09-28T23:32:08.648000
1167846245,2025-09-26 20:51:56.000000,Y,1487,,DEBRIS,MEDIUM,DEBRIS,MEDIUM,1.00,40785,ARIANE 2 DEB,1.00,33535,ARIANE 2 DEB,2025-09-29T07:40:03.084000
1167846246,2025-09-26 20:51:56.000000,Y,2280,,DEBRIS,MEDIUM,DEBRIS,MEDIUM,1.00,40785,ARIANE 2 DEB,1.00,33535,ARIANE 2 DEB,2025-09-29T09:43:11.415000
1167846247,2025-09-26 20:51:56.000000,Y,1681,,DEBRIS,MEDIUM,DEBRIS,MEDIUM,1.00,40785,ARIANE 2 DEB,1.00,33535,ARIANE 2 DEB,2025-09-29T17:23:16.140000
1167846248,2025-09-26 20:51:56.000000,Y,2442,,DEBRIS,MEDIUM,DEBRIS,MEDIUM,1.00,40785,ARIANE 2 DEB,1.00,33535,ARIANE 2 DEB,2025-09-29T19:56:39.035000
1167846240,2025-09-26 20:51:55.000000,Y,665,,DEBRIS,MEDIUM,DEBRIS,MEDIUM,1.00,40785,ARIANE 2 DEB,1.00,33535,ARIANE 2 DEB,2025-09-27T16:37:33.110000
1167845392,2025-09-26 20:51:45.000000,Y,1082,,DEBRIS,MEDIUM,DEBRIS,MEDIUM,1.00,33535,ARIANE 2 DEB,1.00,40785,ARIANE 2 DEB,2025-09-28T12:10:41.120000
1167845393,2025-09-26 20:51:45.000000,Y,1287,,DEBRIS,MEDIUM,DEBRIS,MEDIUM,1.00,33535,ARIANE 2 DEB,1.00,40785,ARIANE 2 DEB,2025-09-28T21:55:51.642000
1167845394,2025-09-26 20:51:45.000000,Y,2092,,DEBRIS,MEDIUM,DEBRIS,MEDIUM,1.00,33535,ARIANE 2 DEB,1.00,40785,ARIANE 2 DEB,2025-09-28T23:32:08.648000
1167845396,2025-09-26 20:51:45.000000,Y,2280,,DEBRIS,MEDIUM,DEBRIS,MEDIUM,1.00,33535,ARIANE 2 DEB,1.00,40785,ARIANE 2 DEB,2025-09-29T09:43:11.415000
1167845397,2025-09-26 20:51:45.000000,Y,1681,,DEBRIS,MEDIUM,DEBRIS,MEDIUM,1.00,33535,ARIANE 2 DEB,1.00,40785,ARIANE 2 DEB,2025-09-29T17:23:16.140000
1167845389,2025-09-26 20:51:44.000000,Y,454,,DEBRIS,MEDIUM,DEBRIS,MEDIUM,1.00,33535,ARIANE 2 DEB,1.00,40785,ARIANE 2 DEB,2025-09-27T06:49:30.392000
1167845390,2025-09-26 20:51:44.000000,Y,665,,DEBRIS,MEDIUM,DEBRIS,MEDIUM,1.00,33535,ARIANE 2 DEB,1.00,40785,ARIANE 2 DEB,2025-09-27T16:37:33.110000
1167845391,2025-09-26 20:51:44.000000,Y,875,,DEBRIS,MEDIUM,DEBRIS,MEDIUM,1.00,33535,ARIANE 2 DEB,1.00,40785,ARIANE 2 DEB,2025-09-28T02:24:35.323000
1167845395,2025-09-26 20:51:44.000000,Y,1487,,DEBRIS,MEDIUM,DEBRIS,MEDIUM,1.00,33535,ARIANE 2 DEB,1.00,40785,ARIANE 2 DEB,2025-09-29T07:40:03.084000
1167845398,2025-09-26 20:51:44.000000,Y,2442,,DEBRIS,MEDIUM,DEBRIS,MEDIUM,1.00,33535,ARIANE 2 DEB,1.00,40785,ARIANE 2 DEB,2025-09-29T19:56:39.035000
1167844664,2025-09-26 20:51:34.000000,Y,4657,,ROCKET BODY,LARGE,ROCKET BODY,LARGE,3.00,26992,SL-12 R/B(2),3.00,16404,SL-12 R/B(2),2025-09-29T16:37:34.947000
1167843964,2025-09-26 20:51:26.000000,Y,4561,,ROCKET BODY,LARGE,DEBRIS,SMALL,3.00,22248,SL-12 R/B(2),1.00,43447,TITAN 3C TRANSTAGE DEB,2025-09-27T19:06:59.846000
1167843645,2025-09-26 20:51:21.000000,Y,4657,,ROCKET BODY,LARGE,ROCKET BODY,LARGE,3.00,16404,SL-12 R/B(2),3.00,26992,SL-12 R/B(2),2025-09-29T16:37:34.947000
1167476414,2025-09-26 13:36:41.000000,Y,67,0.0001106265,DEBRIS,SMALL,DEBRIS,SMALL,1.00,61357,CZ-6A DEB,1.00,17792,COSMOS 1275 DEB,2025-09-27T20:35:26.438000
1167474386,2025-09-26 13:35:32.000000,Y,444,0.0003561076,DEBRIS,SMALL,PAYLOAD,MEDIUM,1.00,60878,CZ-6A DEB,5.00,27941,NIGERIASAT 1,2025-09-27T04:36:48.820000
1167458281,2025-09-26 13:25:49.000000,Y,99,0.0003183858,DEBRIS,SMALL,DEBRIS,SMALL,1.00,58396,METEOR 1-5 DEB,1.00,54312,CZ-6A DEB,2025-09-26T18:14:30.465000
1167452489,2025-09-26 13:23:27.000000,Y,165,0.0001104883,DEBRIS,SMALL,PAYLOAD,LARGE,1.00,55886,CZ-6A DEB,5.00,11425,COSMOS 1110,2025-09-27T12:29:20.118000
1167451930,2025-09-26 13:23:12.000000,Y,396,0.0001783196,DEBRIS,SMALL,DEBRIS,SMALL,1.00,55234,CZ-6A DEB,1.00,54384,CZ-6A DEB,2025-09-27T11:08:35.373000
1167564001,2025-09-26 13:14:34.000000,Y,68,0.01063843,DEBRIS,,PAYLOAD,MEDIUM,1.00,43501,COSMOS 1900 DEB,5.00,5435,EOLE 1 (CAS-A),2025-09-27T02:16:15.921000
1167556801,2025-09-26 13:13:01.000000,Y,205,0.0001809966,DEBRIS,SMALL,DEBRIS,SMALL,1.00,41056,NOAA 16 DEB,1.00,29873,FENGYUN 1C DEB,2025-09-29T11:00:35.331000
1167554667,2025-09-26 13:12:34.000000,Y,298,0.0001059769,DEBRIS,SMALL,UNKNOWN,SMALL,1.00,39942,COSMOS 1275 DEB,3.00,270039,UNKNOWN,2025-09-27T15:26:06.554000
1167554694,2025-09-26 13:12:34.000000,Y,123,0.0001858482,DEBRIS,SMALL,DEBRIS,SMALL,1.00,39969,SL-14 DEB,1.00,12209,DELTA 1 DEB,2025-09-28T02:57:07.817000
1167547122,2025-09-26 13:10:57.000000,Y,358,0.001575108,DEBRIS,SMALL,PAYLOAD,LARGE,1.00,35249,CZ-4C DEB,5.00,15031,COSMOS 1570,2025-09-27T02:01:06.723000
1167538544,2025-09-26 13:08:57.000000,Y,212,0.003044897,DEBRIS,SMALL,PAYLOAD,LARGE,1.00,30762,FENGYUN 1C DEB,5.00,18985,COSMOS 1934,2025-09-27T22:33:35.464000
1167537554,2025-09-26 13:08:46.000000,Y,48,0.002851684,DEBRIS,SMALL,UNKNOWN,SMALL,1.00,30432,FENGYUN 1C DEB,5.00,49047,OBJECT E,2025-09-27T05:47:05.150000
1167536849,2025-09-26 13:08:37.000000,Y,267,0.000525184,DEBRIS,SMALL,ROCKET BODY,LARGE,1.00,30116,FENGYUN 1C DEB,3.00,21419,SL-8 R/B,2025-09-29T04:21:13.873000
1167536181,2025-09-26 13:08:29.000000,Y,205,0.0001809966,DEBRIS,SMALL,DEBRIS,SMALL,1.00,29873,FENGYUN 1C DEB,1.00,41056,NOAA 16 DEB,2025-09-29T11:00:35.331000
1167534225,2025-09-26 13:08:07.000000,Y,444,0.0003561076,PAYLOAD,MEDIUM,DEBRIS,SMALL,5.00,27941,NIGERIASAT 1,1.00,60878,CZ-6A DEB,2025-09-27T04:36:48.820000
1167532402,2025-09-26 13:07:36.000000,Y,167,0.0001412267,DEBRIS,SMALL,PAYLOAD,MEDIUM,1.00,26023,SL-14 DEB,5.00,4389,COSMOS 342,2025-09-26T18:30:00.163000
1167531859,2025-09-26 13:07:17.000000,Y,419,0.000342046,PAYLOAD,MEDIUM,UNKNOWN,SMALL,5.00,25158,ORBCOMM FM 3,3.00,82295,UNKNOWN,2025-09-28T11:58:06.793000
1167505968,2025-09-26 13:06:55.000000,Y,267,0.000525184,ROCKET BODY,LARGE,DEBRIS,SMALL,3.00,21419,SL-8 R/B,1.00,30116,FENGYUN 1C DEB,2025-09-29T04:21:13.873000
1167504875,2025-09-26 13:06:42.000000,Y,212,0.003044897,PAYLOAD,LARGE,DEBRIS,SMALL,5.00,18985,COSMOS 1934,1.00,30762,FENGYUN 1C DEB,2025-09-27T22:33:35.464000
1167504358,2025-09-26 13:06:36.000000,Y,67,0.0001106265,DEBRIS,SMALL,DEBRIS,SMALL,1.00,17792,COSMOS 1275 DEB,1.00,61357,CZ-6A DEB,2025-09-27T20:35:26.438000
1167504023,2025-09-26 13:06:32.000000,Y,220,0.0004494413,PAYLOAD,LARGE,UNKNOWN,SMALL,5.00,16917,COSMOS 1771,3.00,85010,UNKNOWN,2025-09-27T23:44:10.446000
1167503453,2025-09-26 13:06:26.000000,Y,358,0.001575108,PAYLOAD,LARGE,DEBRIS,SMALL,5.00,15031,COSMOS 1570,1.00,35249,CZ-4C DEB,2025-09-27T02:01:06.723000
1167501574,2025-09-26 13:06:03.000000,Y,123,0.0001858482,DEBRIS,SMALL,DEBRIS,SMALL,1.00,12209,DELTA 1 DEB,1.00,39969,SL-14 DEB,2025-09-28T02:57:07.817000
1167501363,2025-09-26 13:06:01.000000,Y,165,0.0001104883,PAYLOAD,LARGE,DEBRIS,SMALL,5.00,11425,COSMOS 1110,1.00,55886,CZ-6A DEB,2025-09-27T12:29:20.118000
1167501285,2025-09-26 13:06:00.000000,Y,477,0.0001847249,PAYLOAD,MEDIUM,DEBRIS,SMALL,5.00,11046,COSMOS 1037,1.00,8789,THORAD DELTA 1 DEB,2025-09-27T19:33:23.003000
1167501221,2025-09-26 13:05:59.000000,Y,27,0.005855824,DEBRIS,SMALL,ROCKET BODY,LARGE,1.00,10720,DELTA 1 DEB,3.00,6320,SL-8 R/B,2025-09-28T14:37:06.703000
1167500507,2025-09-26 13:05:51.000000,Y,477,0.0001847249,DEBRIS,SMALL,PAYLOAD,MEDIUM,1.00,8789,THORAD DELTA 1 DEB,5.00,11046,COSMOS 1037,2025-09-27T19:33:23.003000
1167500038,2025-09-26 13:05:46.000000,Y,27,0.005855824,ROCKET BODY,LARGE,DEBRIS,SMALL,3.00,6320,SL-8 R/B,1.00,10720,DELTA 1 DEB,2025-09-28T14:37:06.703000
1167499530,2025-09-26 13:05:40.000000,Y,68,0.01063843,PAYLOAD,MEDIUM,DEBRIS,,5.00,5435,EOLE 1 (CAS-A),1.00,43501,COSMOS 1900 DEB,2025-09-27T02:16:15.921000
1167498738,2025-09-26 13:05:31.000000,Y,167,0.0001412267,PAYLOAD,MEDIUM,DEBRIS,SMALL,5.00,4389,COSMOS 342,1.00,26023,SL-14 DEB,2025-09-26T18:30:00.163000
1167497405,2025-09-26 13:05:16.000000,Y,75,0.002158568,DEBRIS,SMALL,UNKNOWN,SMALL,1.00,461,THOR ABLESTAR DEB,5.00,43761,OBJECT D,2025-09-26T20:51:25.066000
1167264631,2025-09-26 05:36:34.000000,Y,76,0.0001014199,DEBRIS,SMALL,DEBRIS,SMALL,1.00,61357,CZ-6A DEB,1.00,17792,COSMOS 1275 DEB,2025-09-27T20:35:26.388000
1167262527,2025-09-26 05:35:49.000000,Y,663,0.0002823881,DEBRIS,SMALL,PAYLOAD,MEDIUM,1.00,60878,CZ-6A DEB,5.00,27941,NIGERIASAT 1,2025-09-27T04:36:48.729000
1167246359,2025-09-26 05:31:07.000000,Y,99,0.0003161236,DEBRIS,SMALL,DEBRIS,SMALL,1.00,58396,METEOR 1-5 DEB,1.00,54312,CZ-6A DEB,2025-09-26T18:14:30.434000
1167240245,2025-09-26 05:29:28.000000,Y,412,0.0002038562,DEBRIS,SMALL,DEBRIS,SMALL,1.00,55523,CZ-6A DEB,1.00,30922,FENGYUN 1C DEB,2025-09-26T17:26:12.531000
1167240111,2025-09-26 05:29:25.000000,Y,347,0.00017421,DEBRIS,SMALL,DEBRIS,SMALL,1.00,55234,CZ-6A DEB,1.00,54384,CZ-6A DEB,2025-09-27T11:08:35.351000
1167237845,2025-09-26 05:28:52.000000,Y,150,0.0001279438,DEBRIS,SMALL,DEBRIS,SMALL,1.00,54596,CZ-6A DEB,1.00,12966,COSMOS 1275 DEB,2025-09-27T14:03:56.078000
1167237108,2025-09-26 05:28:39.000000,Y,347,0.00017421,DEBRIS,SMALL,DEBRIS,SMALL,1.00,54384,CZ-6A DEB,1.00,55234,CZ-6A DEB,2025-09-27T11:08:35.351000
1167236791,2025-09-26 05:28:36.000000,Y,99,0.0003161236,DEBRIS,SMALL,DEBRIS,SMALL,1.00,54312,CZ-6A DEB,1.00,58396,METEOR 1-5 DEB,2025-09-26T18:14:30.434000
1167201191,2025-09-26 05:24:44.000000,Y,77,0.008692283,DEBRIS,,PAYLOAD,MEDIUM,1.00,43501,COSMOS 1900 DEB,5.00,5435,EOLE 1 (CAS-A),2025-09-27T02:16:15.914000
1167195610,2025-09-26 05:23:38.000000,Y,770,0.0001050675,DEBRIS,SMALL,PAYLOAD,LARGE,1.00,41832,FENGYUN 1C DEB,5.00,16181,COSMOS 1697,2025-09-29T04:54:57.620000
1167191032,2025-09-26 05:22:41.000000,Y,136,0.0001385984,DEBRIS,SMALL,DEBRIS,SMALL,1.00,39969,SL-14 DEB,1.00,12209,DELTA 1 DEB,2025-09-28T02:57:07.612000
1167183321,2025-09-26 05:19:09.000000,Y,177,0.001589991,DEBRIS,SMALL,PAYLOAD,LARGE,1.00,35249,CZ-4C DEB,5.00,15031,COSMOS 1570,2025-09-27T02:01:06.712000
1167180425,2025-09-26 05:17:17.000000,Y,107,0.0001748272,DEBRIS,SMALL,DEBRIS,SMALL,1.00,33853,IRIDIUM 33 DEB,1.00,31007,FENGYUN 1C DEB,2025-09-26T09:15:17.137000
1167175318,2025-09-26 05:15:30.000000,Y,107,0.0001748272,DEBRIS,SMALL,DEBRIS,SMALL,1.00,31007,FENGYUN 1C DEB,1.00,33853,IRIDIUM 33 DEB,2025-09-26T09:15:17.137000
1167175086,2025-09-26 05:15:27.000000,Y,412,0.0002038562,DEBRIS,SMALL,DEBRIS,SMALL,1.00,30922,FENGYUN 1C DEB,1.00,55523,CZ-6A DEB,2025-09-26T17:26:12.531000
1167174763,2025-09-26 05:15:24.000000,Y,441,0.0001363198,DEBRIS,SMALL,UNKNOWN,SMALL,1.00,30846,FENGYUN 1C DEB,3.00,270332,UNKNOWN,2025-09-26T09:47:16.752000
1167174514,2025-09-26 05:15:20.000000,Y,154,0.002673428,DEBRIS,SMALL,PAYLOAD,LARGE,1.00,30762,FENGYUN 1C DEB,5.00,18985,COSMOS 1934,2025-09-27T22:33:35.450000
1167173503,2025-09-26 05:15:06.000000,Y,82,0.00103448,DEBRIS,SMALL,UNKNOWN,SMALL,1.00,30432,FENGYUN 1C DEB,5.00,49047,OBJECT E,2025-09-27T05:47:05.143000
1167172786,2025-09-26 05:14:57.000000,Y,336,0.0004254787,DEBRIS,SMALL,ROCKET BODY,LARGE,1.00,30116,FENGYUN 1C DEB,3.00,21419,SL-8 R/B,2025-09-29T04:21:13.783000
1167172339,2025-09-26 05:14:52.000000,Y,82,0.0002750807,DEBRIS,SMALL,DEBRIS,SMALL,1.00,29960,FENGYUN 1C DEB,1.00,6157,THORAD AGENA D DEB,2025-09-26T17:27:52.085000
1167170128,2025-09-26 05:14:29.000000,Y,663,0.0002823881,PAYLOAD,MEDIUM,DEBRIS,SMALL,5.00,27941,NIGERIASAT 1,1.00,60878,CZ-6A DEB,2025-09-27T04:36:48.729000
1167168328,2025-09-26 05:14:09.000000,Y,168,0.0001400038,DEBRIS,SMALL,PAYLOAD,MEDIUM,1.00,26023,SL-14 DEB,5.00,4389,COSMOS 342,2025-09-26T18:30:00.164000
1167167764,2025-09-26 05:14:03.000000,Y,587,0.0002525985,PAYLOAD,MEDIUM,UNKNOWN,SMALL,5.00,25158,ORBCOMM FM 3,3.00,82295,UNKNOWN,2025-09-28T11:58:06.734000
1167165865,2025-09-26 05:13:43.000000,Y,336,0.0004254787,ROCKET BODY,LARGE,DEBRIS,SMALL,3.00,21419,SL-8 R/B,1.00,30116,FENGYUN 1C DEB,2025-09-29T04:21:13.783000
1167164736,2025-09-26 05:13:31.000000,Y,154,0.002673428,PAYLOAD,LARGE,DEBRIS,SMALL,5.00,18985,COSMOS 1934,1.00,30762,FENGYUN 1C DEB,2025-09-27T22:33:35.450000
1167164186,2025-09-26 05:13:25.000000,Y,76,0.0001014199,DEBRIS,SMALL,DEBRIS,SMALL,1.00,17792,COSMOS 1275 DEB,1.00,61357,CZ-6A DEB,2025-09-27T20:35:26.388000
1167163858,2025-09-26 05:13:22.000000,Y,249,0.0004332699,PAYLOAD,LARGE,UNKNOWN,SMALL,5.00,16917,COSMOS 1771,3.00,85010,UNKNOWN,2025-09-27T23:44:10.434000
1167163646,2025-09-26 05:13:20.000000,Y,770,0.0001050675,PAYLOAD,LARGE,DEBRIS,SMALL,5.00,16181,COSMOS 1697,1.00,41832,FENGYUN 1C DEB,2025-09-29T04:54:57.620000
1167163293,2025-09-26 05:13:16.000000,Y,177,0.001589991,PAYLOAD,LARGE,DEBRIS,SMALL,5.00,15031,COSMOS 1570,1.00,35249,CZ-4C DEB,2025-09-27T02:01:06.712000
1167161919,2025-09-26 05:13:02.000000,Y,150,0.0001279438,DEBRIS,SMALL,DEBRIS,SMALL,1.00,12966,COSMOS 1275 DEB,1.00,54596,CZ-6A DEB,2025-09-27T14:03:56.078000
1167161333,2025-09-26 05:12:55.000000,Y,136,0.0001385984,DEBRIS,SMALL,DEBRIS,SMALL,1.00,12209,DELTA 1 DEB,1.00,39969,SL-14 DEB,2025-09-28T02:57:07.612000
1167160974,2025-09-26 05:12:52.000000,Y,32,0.005370361,DEBRIS,SMALL,ROCKET BODY,LARGE,1.00,10720,DELTA 1 DEB,3.00,6320,SL-8 R/B,2025-09-28T14:37:06.695000
1167161041,2025-09-26 05:12:52.000000,Y,478,0.0001843319,PAYLOAD,MEDIUM,DEBRIS,SMALL,5.00,11046,COSMOS 1037,1.00,8789,THORAD DELTA 1 DEB,2025-09-27T19:33:23.005000
1167160212,2025-09-26 05:12:43.000000,Y,478,0.0001843319,DEBRIS,SMALL,PAYLOAD,MEDIUM,1.00,8789,THORAD DELTA 1 DEB,5.00,11046,COSMOS 1037,2025-09-27T19:33:23.005000
1167159725,2025-09-26 05:12:38.000000,Y,32,0.005370361,ROCKET BODY,LARGE,DEBRIS,SMALL,3.00,6320,SL-8 R/B,1.00,10720,DELTA 1 DEB,2025-09-28T14:37:06.695000
1167159646,2025-09-26 05:12:37.000000,Y,82,0.0002750807,DEBRIS,SMALL,DEBRIS,SMALL,1.00,6157,THORAD AGENA D DEB,1.00,29960,FENGYUN 1C DEB,2025-09-26T17:27:52.085000
1167159221,2025-09-26 05:12:33.000000,Y,77,0.008692283,PAYLOAD,MEDIUM,DEBRIS,,5.00,5435,EOLE 1 (CAS-A),1.00,43501,COSMOS 1900 DEB,2025-09-27T02:16:15.914000
1167158425,2025-09-26 05:12:24.000000,Y,168,0.0001400038,PAYLOAD,MEDIUM,DEBRIS,SMALL,5.00,4389,COSMOS 342,1.00,26023,SL-14 DEB,2025-09-26T18:30:00.164000
1167157071,2025-09-26 05:12:08.000000,Y,22,0.001731198,DEBRIS,SMALL,UNKNOWN,SMALL,1.00,461,THOR ABLESTAR DEB,5.00,43761,OBJECT D,2025-09-26T20:51:25.024000
1167129682,2025-09-26 04:13:10.000000,Y,1966,,DEBRIS,MEDIUM,DEBRIS,MEDIUM,1.00,40785,ARIANE 2 DEB,1.00,33535,ARIANE 2 DEB,2025-09-28T13:26:32.059000
1167129675,2025-09-26 04:13:09.000000,Y,2044,,DEBRIS,MEDIUM,DEBRIS,MEDIUM,1.00,40785,ARIANE 2 DEB,1.00,33535,ARIANE 2 DEB,2025-09-26T04:01:50.000000
1167129678,2025-09-26 04:13:09.000000,Y,491,,DEBRIS,MEDIUM,DEBRIS,MEDIUM,1.00,40785,ARIANE 2 DEB,1.00,33535,ARIANE 2 DEB,2025-09-27T06:48:25.535000
1167129679,2025-09-26 04:13:09.000000,Y,714,,DEBRIS,MEDIUM,DEBRIS,MEDIUM,1.00,40785,ARIANE 2 DEB,1.00,33535,ARIANE 2 DEB,2025-09-27T16:35:49.763000
1167129680,2025-09-26 04:13:09.000000,Y,937,,DEBRIS,MEDIUM,DEBRIS,MEDIUM,1.00,40785,ARIANE 2 DEB,1.00,33535,ARIANE 2 DEB,2025-09-28T02:22:07.061000
1167129681,2025-09-26 04:13:09.000000,Y,1155,,DEBRIS,MEDIUM,DEBRIS,MEDIUM,1.00,40785,ARIANE 2 DEB,1.00,33535,ARIANE 2 DEB,2025-09-28T12:07:28.749000
1167129683,2025-09-26 04:13:09.000000,Y,1367,,DEBRIS,MEDIUM,DEBRIS,MEDIUM,1.00,40785,ARIANE 2 DEB,1.00,33535,ARIANE 2 DEB,2025-09-28T21:51:54.918000
1167129684,2025-09-26 04:13:09.000000,Y,2185,,DEBRIS,MEDIUM,DEBRIS,MEDIUM,1.00,40785,ARIANE 2 DEB,1.00,33535,ARIANE 2 DEB,2025-09-28T23:38:52.706000
1167128404,2025-09-26 04:12:57.000000,Y,2044,,DEBRIS,MEDIUM,DEBRIS,MEDIUM,1.00,33535,ARIANE 2 DEB,1.00,40785,ARIANE 2 DEB,2025-09-26T04:01:50.000000
1167128407,2025-09-26 04:12:57.000000,Y,491,,DEBRIS,MEDIUM,DEBRIS,MEDIUM,1.00,33535,ARIANE 2 DEB,1.00,40785,ARIANE 2 DEB,2025-09-27T06:48:25.535000
1167128408,2025-09-26 04:12:57.000000,Y,714,,DEBRIS,MEDIUM,DEBRIS,MEDIUM,1.00,33535,ARIANE 2 DEB,1.00,40785,ARIANE 2 DEB,2025-09-27T16:35:49.763000
1167128409,2025-09-26 04:12:57.000000,Y,937,,DEBRIS,MEDIUM,DEBRIS,MEDIUM,1.00,33535,ARIANE 2 DEB,1.00,40785,ARIANE 2 DEB,2025-09-28T02:22:07.061000
1167128410,2025-09-26 04:12:57.000000,Y,1155,,DEBRIS,MEDIUM,DEBRIS,MEDIUM,1.00,33535,ARIANE 2 DEB,1.00,40785,ARIANE 2 DEB,2025-09-28T12:07:28.749000
1167128411,2025-09-26 04:12:57.000000,Y,1966,,DEBRIS,MEDIUM,DEBRIS,MEDIUM,1.00,33535,ARIANE 2 DEB,1.00,40785,ARIANE 2 DEB,2025-09-28T13:26:32.059000
1167128412,2025-09-26 04:12:57.000000,Y,1367,,DEBRIS,MEDIUM,DEBRIS,MEDIUM,1.00,33535,ARIANE 2 DEB,1.00,40785,ARIANE 2 DEB,2025-09-28T21:51:54.918000
1167128413,2025-09-26 04:12:57.000000,Y,2185,,DEBRIS,MEDIUM,DEBRIS,MEDIUM,1.00,33535,ARIANE 2 DEB,1.00,40785,ARIANE 2 DEB,2025-09-28T23:38:52.706000
1167127765,2025-09-26 04:12:51.000000,Y,4425,,ROCKET BODY,LARGE,ROCKET BODY,LARGE,3.00,28904,ARIANE 5 R/B,3.00,27504,SL-12 R/B(2),2025-09-26T15:07:45.470000
1167127434,2025-09-26 04:12:47.000000,Y,4425,,ROCKET BODY,LARGE,ROCKET BODY,LARGE,3.00,27504,SL-12 R/B(2),3.00,28904,ARIANE 5 R/B,2025-09-26T15:07:45.470000
1167126551,2025-09-26 04:12:37.000000,Y,4105,,PAYLOAD,LARGE,PAYLOAD,LARGE,5.00,22087,OPTUS B1 (AUSSAT B1),5.00,21653,INTELSAT 605,2025-09-26T14:09:22.432000
1167126524,2025-09-26 04:12:36.000000,Y,4105,,PAYLOAD,LARGE,PAYLOAD,LARGE,5.00,21653,INTELSAT 605,5.00,22087,OPTUS B1 (AUSSAT B1),2025-09-26T14:09:22.432000
1166921428,2025-09-25 22:17:39.000000,Y,111,0.0001731461,DEBRIS,SMALL,DEBRIS,SMALL,1.00,65012,COSMOS 970 DEB,1.00,29835,FENGYUN 1C DEB,2025-09-26T01:22:50.044000
1166874497,2025-09-25 22:10:45.000000,Y,98,0.0003199649,DEBRIS,SMALL,DEBRIS,SMALL,1.00,58396,METEOR 1-5 DEB,1.00,54312,CZ-6A DEB,2025-09-26T18:14:30.464000
1166847022,2025-09-25 22:09:31.000000,Y,639,0.0001039693,DEBRIS,SMALL,DEBRIS,SMALL,1.00,55523,CZ-6A DEB,1.00,30922,FENGYUN 1C DEB,2025-09-26T17:26:12.560000
1166846877,2025-09-25 22:09:29.000000,Y,436,0.0001346904,DEBRIS,SMALL,DEBRIS,SMALL,1.00,55234,CZ-6A DEB,1.00,54384,CZ-6A DEB,2025-09-27T11:08:35.376000
1166844701,2025-09-25 22:09:04.000000,Y,171,0.0001139099,DEBRIS,SMALL,DEBRIS,SMALL,1.00,54596,CZ-6A DEB,1.00,12966,COSMOS 1275 DEB,2025-09-27T14:03:56.103000
1166843949,2025-09-25 22:08:56.000000,Y,436,0.0001346904,DEBRIS,SMALL,DEBRIS,SMALL,1.00,54384,CZ-6A DEB,1.00,55234,CZ-6A DEB,2025-09-27T11:08:35.376000
1166843620,2025-09-25 22:08:52.000000,Y,98,0.0003199649,DEBRIS,SMALL,DEBRIS,SMALL,1.00,54312,CZ-6A DEB,1.00,58396,METEOR 1-5 DEB,2025-09-26T18:14:30.464000
1166818455,2025-09-25 22:03:55.000000,Y,118,0.0001767901,DEBRIS,SMALL,DEBRIS,SMALL,1.00,39969,SL-14 DEB,1.00,12209,DELTA 1 DEB,2025-09-28T02:57:07.780000
1166801328,2025-09-25 22:00:43.000000,Y,639,0.0001039693,DEBRIS,SMALL,DEBRIS,SMALL,1.00,30922,FENGYUN 1C DEB,1.00,55523,CZ-6A DEB,2025-09-26T17:26:12.560000
1166800999,2025-09-25 22:00:41.000000,Y,438,0.0001268978,DEBRIS,SMALL,UNKNOWN,SMALL,1.00,30846,FENGYUN 1C DEB,3.00,270332,UNKNOWN,2025-09-26T09:47:16.749000
1166800746,2025-09-25 22:00:36.000000,Y,269,0.001776794,DEBRIS,SMALL,PAYLOAD,LARGE,1.00,30762,FENGYUN 1C DEB,5.00,18985,COSMOS 1934,2025-09-27T22:33:35.462000
1166799710,2025-09-25 22:00:25.000000,Y,111,0.0009077133,DEBRIS,SMALL,UNKNOWN,SMALL,1.00,30432,FENGYUN 1C DEB,5.00,49047,OBJECT E,2025-09-27T05:47:05.168000
1166798503,2025-09-25 22:00:11.000000,Y,110,0.00021534,DEBRIS,SMALL,DEBRIS,SMALL,1.00,29960,FENGYUN 1C DEB,1.00,6157,THORAD AGENA D DEB,2025-09-26T17:27:52.105000
1166798117,2025-09-25 22:00:06.000000,Y,111,0.0001731461,DEBRIS,SMALL,DEBRIS,SMALL,1.00,29835,FENGYUN 1C DEB,1.00,65012,COSMOS 970 DEB,2025-09-26T01:22:50.044000
1166795161,2025-09-25 21:59:35.000000,Y,483,0.0001003337,PAYLOAD,LARGE,DEBRIS,SMALL,5.00,26536,NOAA 16,1.00,42218,COSMOS 1275 DEB,2025-09-27T18:58:15.142000
1166794358,2025-09-25 21:59:27.000000,Y,171,0.0001400901,DEBRIS,SMALL,PAYLOAD,MEDIUM,1.00,26023,SL-14 DEB,5.00,4389,COSMOS 342,2025-09-26T18:30:00.164000
1166793774,2025-09-25 21:59:18.000000,Y,693,0.0002623577,PAYLOAD,MEDIUM,UNKNOWN,SMALL,5.00,25158,ORBCOMM FM 3,3.00,82295,UNKNOWN,2025-09-28T11:58:06.816000
1166790697,2025-09-25 21:58:46.000000,Y,269,0.001776794,PAYLOAD,LARGE,DEBRIS,SMALL,5.00,18985,COSMOS 1934,1.00,30762,FENGYUN 1C DEB,2025-09-27T22:33:35.462000
1166789791,2025-09-25 21:58:37.000000,Y,224,0.0004500837,PAYLOAD,LARGE,UNKNOWN,SMALL,5.00,16917,COSMOS 1771,3.00,85010,UNKNOWN,2025-09-27T23:44:10.446000
1166787827,2025-09-25 21:58:16.000000,Y,171,0.0001139099,DEBRIS,SMALL,DEBRIS,SMALL,1.00,12966,COSMOS 1275 DEB,1.00,54596,CZ-6A DEB,2025-09-27T14:03:56.103000
1166787220,2025-09-25 21:58:10.000000,Y,118,0.0001767901,DEBRIS,SMALL,DEBRIS,SMALL,1.00,12209,DELTA 1 DEB,1.00,39969,SL-14 DEB,2025-09-28T02:57:07.780000
1166786862,2025-09-25 21:58:06.000000,Y,36,0.003637657,DEBRIS,SMALL,ROCKET BODY,LARGE,1.00,10720,DELTA 1 DEB,3.00,6320,SL-8 R/B,2025-09-28T14:37:06.693000
1166786927,2025-09-25 21:58:06.000000,Y,478,0.0001843022,PAYLOAD,MEDIUM,DEBRIS,SMALL,5.00,11046,COSMOS 1037,1.00,8789,THORAD DELTA 1 DEB,2025-09-27T19:33:23.005000
1166786060,2025-09-25 21:57:58.000000,Y,478,0.0001843022,DEBRIS,SMALL,PAYLOAD,MEDIUM,1.00,8789,THORAD DELTA 1 DEB,5.00,11046,COSMOS 1037,2025-09-27T19:33:23.005000
1166785569,2025-09-25 21:57:52.000000,Y,36,0.003637657,ROCKET BODY,LARGE,DEBRIS,SMALL,3.00,6320,SL-8 R/B,1.00,10720,DELTA 1 DEB,2025-09-28T14:37:06.693000
1166785487,2025-09-25 21:57:49.000000,Y,110,0.00021534,DEBRIS,SMALL,DEBRIS,SMALL,1.00,6157,THORAD AGENA D DEB,1.00,29960,FENGYUN 1C DEB,2025-09-26T17:27:52.105000
1166785038,2025-09-25 21:57:44.000000,Y,68,0.00598124,PAYLOAD,MEDIUM,DEBRIS,,5.00,5435,EOLE 1 (CAS-A),1.00,43501,COSMOS 1900 DEB,2025-09-27T02:16:15.926000
1166784224,2025-09-25 21:57:35.000000,Y,171,0.0001400901,PAYLOAD,MEDIUM,DEBRIS,SMALL,5.00,4389,COSMOS 342,1.00,26023,SL-14 DEB,2025-09-26T18:30:00.164000
1166782810,2025-09-25 21:57:08.000000,Y,249,0.0005902533,DEBRIS,SMALL,UNKNOWN,SMALL,1.00,461,THOR ABLESTAR DEB,5.00,43761,OBJECT D,2025-09-26T20:51:25.204000
1166781118,2025-09-25 20:56:53.000000,Y,197,,DEBRIS,MEDIUM,DEBRIS,MEDIUM,1.00,40785,ARIANE 2 DEB,1.00,33535,ARIANE 2 DEB,2025-09-26T01:07:42.890000
1166781122,2025-09-25 20:56:53.000000,Y,475,,DEBRIS,MEDIUM,DEBRIS,MEDIUM,1.00,40785,ARIANE 2 DEB,1.00,33535,ARIANE 2 DEB,2025-09-27T06:48:54.518000
1166781123,2025-09-25 20:56:53.000000,Y,689,,DEBRIS,MEDIUM,DEBRIS,MEDIUM,1.00,40785,ARIANE 2 DEB,1.00,33535,ARIANE 2 DEB,2025-09-27T16:36:42.633000
1166781124,2025-09-25 20:56:53.000000,Y,903,,DEBRIS,MEDIUM,DEBRIS,MEDIUM,1.00,40785,ARIANE 2 DEB,1.00,33535,ARIANE 2 DEB,2025-09-28T02:23:29.762000
1166781125,2025-09-25 20:56:53.000000,Y,1112,,DEBRIS,MEDIUM,DEBRIS,MEDIUM,1.00,40785,ARIANE 2 DEB,1.00,33535,ARIANE 2 DEB,2025-09-28T12:09:23.966000
1166780200,2025-09-25 20:56:43.000000,Y,197,,DEBRIS,MEDIUM,DEBRIS,MEDIUM,1.00,33535,ARIANE 2 DEB,1.00,40785,ARIANE 2 DEB,2025-09-26T01:07:42.890000
1166780204,2025-09-25 20:56:43.000000,Y,475,,DEBRIS,MEDIUM,DEBRIS,MEDIUM,1.00,33535,ARIANE 2 DEB,1.00,40785,ARIANE 2 DEB,2025-09-27T06:48:54.518000
1166780205,2025-09-25 20:56:43.000000,Y,689,,DEBRIS,MEDIUM,DEBRIS,MEDIUM,1.00,33535,ARIANE 2 DEB,1.00,40785,ARIANE 2 DEB,2025-09-27T16:36:42.633000
1166780206,2025-09-25 20:56:43.000000,Y,903,,DEBRIS,MEDIUM,DEBRIS,MEDIUM,1.00,33535,ARIANE 2 DEB,1.00,40785,ARIANE 2 DEB,2025-09-28T02:23:29.762000
1166780207,2025-09-25 20:56:43.000000,Y,1112,,DEBRIS,MEDIUM,DEBRIS,MEDIUM,1.00,33535,ARIANE 2 DEB,1.00,40785,ARIANE 2 DEB,2025-09-28T12:09:23.966000
1166779741,2025-09-25 20:56:38.000000,Y,4515,,ROCKET BODY,LARGE,ROCKET BODY,LARGE,3.00,28904,ARIANE 5 R/B,3.00,27504,SL-12 R/B(2),2025-09-26T15:07:45.403000
1166779491,2025-09-25 20:56:35.000000,Y,4515,,ROCKET BODY,LARGE,ROCKET BODY,LARGE,3.00,27504,SL-12 R/B(2),3.00,28904,ARIANE 5 R/B,2025-09-26T15:07:45.403000
1166778721,2025-09-25 20:56:26.000000,Y,4105,,PAYLOAD,LARGE,PAYLOAD,LARGE,5.00,21653,INTELSAT 605,5.00,22087,OPTUS B1 (AUSSAT B1),2025-09-26T14:09:22.432000
1166778744,2025-09-25 20:56:26.000000,Y,4105,,PAYLOAD,LARGE,PAYLOAD,LARGE,5.00,22087,OPTUS B1 (AUSSAT B1),5.00,21653,INTELSAT 605,2025-09-26T14:09:22.432000
1166625576,2025-09-25 13:45:32.000000,Y,92,0.0002384569,DEBRIS,SMALL,DEBRIS,SMALL,1.00,65012,COSMOS 970 DEB,1.00,29835,FENGYUN 1C DEB,2025-09-26T01:22:50.037000
1166606710,2025-09-25 13:39:23.000000,Y,375,0.0001392071,DEBRIS,SMALL,DEBRIS,SMALL,1.00,60826,CZ-6A DEB,1.00,36229,FENGYUN 1C DEB,2025-09-27T04:11:36.072000
1166567268,2025-09-25 13:34:19.000000,Y,99,0.0003176245,DEBRIS,SMALL,DEBRIS,SMALL,1.00,58396,METEOR 1-5 DEB,1.00,54312,CZ-6A DEB,2025-09-26T18:14:30.438000
1166559039,2025-09-25 13:30:59.000000,Y,144,0.0001683133,DEBRIS,SMALL,DEBRIS,SMALL,1.00,54596,CZ-6A DEB,1.00,12966,COSMOS 1275 DEB,2025-09-27T14:03:56.075000
1166558023,2025-09-25 13:30:32.000000,Y,99,0.0003176245,DEBRIS,SMALL,DEBRIS,SMALL,1.00,54312,CZ-6A DEB,1.00,58396,METEOR 1-5 DEB,2025-09-26T18:14:30.438000
1166532721,2025-09-25 13:22:51.000000,Y,99,0.003369558,DEBRIS,,PAYLOAD,MEDIUM,1.00,43501,COSMOS 1900 DEB,5.00,5435,EOLE 1 (CAS-A),2025-09-27T02:16:15.891000
1166526244,2025-09-25 13:19:21.000000,Y,232,0.0001050735,DEBRIS,SMALL,ROCKET BODY,LARGE,1.00,41377,NOAA 16 DEB,3.00,21419,SL-8 R/B,2025-09-28T02:57:08.747000
1166522992,2025-09-25 13:17:32.000000,Y,128,0.0001312407,DEBRIS,SMALL,DEBRIS,SMALL,1.00,39969,SL-14 DEB,1.00,12209,DELTA 1 DEB,2025-09-28T02:57:07.549000
1166516995,2025-09-25 13:14:28.000000,Y,375,0.0001392071,DEBRIS,SMALL,DEBRIS,SMALL,1.00,36229,FENGYUN 1C DEB,1.00,60826,CZ-6A DEB,2025-09-27T04:11:36.072000
1166515245,2025-09-25 13:12:35.000000,Y,707,0.0004120277,DEBRIS,SMALL,PAYLOAD,LARGE,1.00,35249,CZ-4C DEB,5.00,15031,COSMOS 1570,2025-09-27T02:01:06.741000
1166500311,2025-09-25 13:05:09.000000,Y,48,0.0006905969,PAYLOAD,LARGE,DEBRIS,SMALL,5.00,25319,IRIDIUM 69,1.00,3843,COSMOS 252 DEB,2025-09-26T13:54:55.362000
1166500184,2025-09-25 13:05:08.000000,Y,468,0.0002111086,PAYLOAD,MEDIUM,UNKNOWN,SMALL,5.00,25158,ORBCOMM FM 3,3.00,82295,UNKNOWN,2025-09-28T11:58:06.671000
1166497198,2025-09-25 13:04:25.000000,Y,357,0.001984154,PAYLOAD,LARGE,DEBRIS,SMALL,5.00,18985,COSMOS 1934,1.00,30762,FENGYUN 1C DEB,2025-09-27T22:33:35.455000
1166496356,2025-09-25 13:04:13.000000,Y,247,0.000425863,PAYLOAD,LARGE,UNKNOWN,SMALL,5.00,16917,COSMOS 1771,3.00,85010,UNKNOWN,2025-09-27T23:44:10.428000
1166495812,2025-09-25 13:04:05.000000,Y,707,0.0004120277,PAYLOAD,LARGE,DEBRIS,SMALL,5.00,15031,COSMOS 1570,1.00,35249,CZ-4C DEB,2025-09-27T02:01:06.741000
1166493593,2025-09-25 13:03:32.000000,Y,476,0.0001848307,PAYLOAD,MEDIUM,DEBRIS,SMALL,5.00,11046,COSMOS 1037,1.00,8789,THORAD DELTA 1 DEB,2025-09-27T19:33:23.006000
1166491931,2025-09-25 13:02:56.000000,Y,99,0.003369558,PAYLOAD,MEDIUM,DEBRIS,,5.00,5435,EOLE 1 (CAS-A),1.00,43501,COSMOS 1900 DEB,2025-09-27T02:16:15.891000
1166393980,2025-09-25 11:40:25.000000,Y,312,,DEBRIS,MEDIUM,DEBRIS,MEDIUM,1.00,40785,ARIANE 2 DEB,1.00,33535,ARIANE 2 DEB,2025-09-25T15:02:59.177000
1166393982,2025-09-25 11:40:25.000000,Y,202,,DEBRIS,MEDIUM,DEBRIS,MEDIUM,1.00,40785,ARIANE 2 DEB,1.00,33535,ARIANE 2 DEB,2025-09-26T01:07:19.497000
1166393986,2025-09-25 11:40:25.000000,Y,470,,DEBRIS,MEDIUM,DEBRIS,MEDIUM,1.00,40785,ARIANE 2 DEB,1.00,33535,ARIANE 2 DEB,2025-09-27T06:49:02.668000
1166393987,2025-09-25 11:40:25.000000,Y,689,,DEBRIS,MEDIUM,DEBRIS,MEDIUM,1.00,40785,ARIANE 2 DEB,1.00,33535,ARIANE 2 DEB,2025-09-27T16:36:43.088000
1166393988,2025-09-25 11:40:25.000000,Y,908,,DEBRIS,MEDIUM,DEBRIS,MEDIUM,1.00,40785,ARIANE 2 DEB,1.00,33535,ARIANE 2 DEB,2025-09-28T02:23:17.922000
1166392924,2025-09-25 11:40:00.000000,Y,312,,DEBRIS,MEDIUM,DEBRIS,MEDIUM,1.00,33535,ARIANE 2 DEB,1.00,40785,ARIANE 2 DEB,2025-09-25T15:02:59.177000
1166392926,2025-09-25 11:40:00.000000,Y,202,,DEBRIS,MEDIUM,DEBRIS,MEDIUM,1.00,33535,ARIANE 2 DEB,1.00,40785,ARIANE 2 DEB,2025-09-26T01:07:19.497000
1166392930,2025-09-25 11:40:00.000000,Y,470,,DEBRIS,MEDIUM,DEBRIS,MEDIUM,1.00,33535,ARIANE 2 DEB,1.00,40785,ARIANE 2 DEB,2025-09-27T06:49:02.668000
1166392931,2025-09-25 11:40:00.000000,Y,689,,DEBRIS,MEDIUM,DEBRIS,MEDIUM,1.00,33535,ARIANE 2 DEB,1.00,40785,ARIANE 2 DEB,2025-09-27T16:36:43.088000
1166392932,2025-09-25 11:40:00.000000,Y,908,,DEBRIS,MEDIUM,DEBRIS,MEDIUM,1.00,33535,ARIANE 2 DEB,1.00,40785,ARIANE 2 DEB,2025-09-28T02:23:17.922000
1166392405,2025-09-25 11:39:55.000000,Y,4487,,ROCKET BODY,LARGE,ROCKET BODY,LARGE,3.00,28904,ARIANE 5 R/B,3.00,27504,SL-12 R/B(2),2025-09-26T15:07:45.427000
1166392140,2025-09-25 11:39:53.000000,Y,4487,,ROCKET BODY,LARGE,ROCKET BODY,LARGE,3.00,27504,SL-12 R/B(2),3.00,28904,ARIANE 5 R/B,2025-09-26T15:07:45.427000
1166391296,2025-09-25 11:39:43.000000,Y,4089,,PAYLOAD,LARGE,PAYLOAD,LARGE,5.00,21653,INTELSAT 605,5.00,22087,OPTUS B1 (AUSSAT B1),2025-09-26T14:09:22.349000
1166391322,2025-09-25 11:39:43.000000,Y,4089,,PAYLOAD,LARGE,PAYLOAD,LARGE,5.00,22087,OPTUS B1 (AUSSAT B1),5.00,21653,INTELSAT 605,2025-09-26T14:09:22.349000
1166390662,2025-09-25 11:39:34.000000,Y,4603,,PAYLOAD,LARGE,DEBRIS,MEDIUM,5.00,12624,DYNAMICS EXPLORER 1,1.00,25675,USA 142 DEB,2025-09-27T10:10:45.948000
1166304962,2025-09-25 06:40:50.000000,Y,67,0.0002945674,DEBRIS,SMALL,DEBRIS,SMALL,1.00,65012,COSMOS 970 DEB,1.00,29835,FENGYUN 1C DEB,2025-09-26T01:22:50.053000
1166257925,2025-09-25 06:38:21.000000,Y,130,0.0001069995,DEBRIS,MEDIUM,DEBRIS,SMALL,1.00,62943,DMSP 5D-2 F14 DEB,1.00,36860,METEOR 2-8 DEB,2025-09-25T09:40:44.205000
1166247632,2025-09-25 06:35:00.000000,Y,364,0.0001518358,DEBRIS,SMALL,DEBRIS,SMALL,1.00,60826,CZ-6A DEB,1.00,36229,FENGYUN 1C DEB,2025-09-27T04:11:36.121000
1166232280,2025-09-25 06:29:54.000000,Y,101,0.0003091799,DEBRIS,SMALL,DEBRIS,SMALL,1.00,58396,METEOR 1-5 DEB,1.00,54312,CZ-6A DEB,2025-09-26T18:14:30.485000
1166223588,2025-09-25 06:25:35.000000,Y,180,0.0001316554,DEBRIS,SMALL,DEBRIS,SMALL,1.00,54596,CZ-6A DEB,1.00,12966,COSMOS 1275 DEB,2025-09-27T14:03:56.131000
1166149352,2025-09-25 06:25:14.000000,Y,35,0.0006689997,DEBRIS,SMALL,DEBRIS,SMALL,1.00,54350,CZ-6A DEB,1.00,33986,COSMOS 2251 DEB,2025-09-25T05:50:03.251000
1166149186,2025-09-25 06:25:10.000000,Y,101,0.0003091799,DEBRIS,SMALL,DEBRIS,SMALL,1.00,54312,CZ-6A DEB,1.00,58396,METEOR 1-5 DEB,2025-09-26T18:14:30.485000
1166147187,2025-09-25 06:24:36.000000,Y,633,0.0002671453,DEBRIS,SMALL,UNKNOWN,SMALL,1.00,53093,COSMOS 2251 DEB,3.00,87211,UNKNOWN,2025-09-27T10:31:30.826000
1166216002,2025-09-25 06:20:09.000000,Y,164,0.003101111,DEBRIS,,PAYLOAD,MEDIUM,1.00,43501,COSMOS 1900 DEB,5.00,5435,EOLE 1 (CAS-A),2025-09-27T02:16:15.917000
1166212088,2025-09-25 06:19:03.000000,Y,481,0.0001016697,DEBRIS,SMALL,PAYLOAD,LARGE,1.00,42218,COSMOS 1275 DEB,5.00,26536,NOAA 16,2025-09-27T18:58:15.176000
1166207198,2025-09-25 06:17:50.000000,Y,106,0.0001400105,DEBRIS,SMALL,DEBRIS,SMALL,1.00,39969,SL-14 DEB,1.00,12209,DELTA 1 DEB,2025-09-28T02:57:07.828000
1166202253,2025-09-25 06:16:34.000000,Y,130,0.0001069995,DEBRIS,SMALL,DEBRIS,MEDIUM,1.00,36860,METEOR 2-8 DEB,1.00,62943,DMSP 5D-2 F14 DEB,2025-09-25T09:40:44.205000
1166201096,2025-09-25 06:16:17.000000,Y,364,0.0001518358,DEBRIS,SMALL,DEBRIS,SMALL,1.00,36229,FENGYUN 1C DEB,1.00,60826,CZ-6A DEB,2025-09-27T04:11:36.121000
1166199812,2025-09-25 06:15:59.000000,Y,74,0.0001340258,DEBRIS,SMALL,ROCKET BODY,LARGE,1.00,35445,COSMOS 2251 DEB,3.00,31699,SL-24 R/B,2025-09-25T06:25:50.240000
1166196658,2025-09-25 06:14:59.000000,Y,35,0.0006689997,DEBRIS,SMALL,DEBRIS,SMALL,1.00,33986,COSMOS 2251 DEB,1.00,54350,CZ-6A DEB,2025-09-25T05:50:03.251000
1166193382,2025-09-25 06:13:58.000000,Y,74,0.0001340258,ROCKET BODY,LARGE,DEBRIS,SMALL,3.00,31699,SL-24 R/B,1.00,35445,COSMOS 2251 DEB,2025-09-25T06:25:50.240000
1166190579,2025-09-25 06:13:03.000000,Y,507,0.001227213,DEBRIS,SMALL,PAYLOAD,LARGE,1.00,30762,FENGYUN 1C DEB,5.00,18985,COSMOS 1934,2025-09-27T22:33:35.465000
1166189995,2025-09-25 06:12:52.000000,Y,116,0.0008336894,DEBRIS,SMALL,UNKNOWN,SMALL,1.00,30568,FENGYUN 1C DEB,3.00,81366,UNKNOWN,2025-09-25T14:20:31.086000
1166189743,2025-09-25 06:12:46.000000,Y,258,0.0001162163,DEBRIS,SMALL,DEBRIS,SMALL,1.00,30489,FENGYUN 1C DEB,1.00,10613,COSMOS 839 DEB,2025-09-25T04:23:39.773000
1166189575,2025-09-25 06:12:45.000000,Y,51,0.001649011,DEBRIS,SMALL,UNKNOWN,SMALL,1.00,30432,FENGYUN 1C DEB,5.00,49047,OBJECT E,2025-09-27T05:47:05.165000
1166189465,2025-09-25 06:12:40.000000,Y,148,0.0001165033,DEBRIS,SMALL,DEBRIS,SMALL,1.00,30374,FENGYUN 1C DEB,1.00,19594,DELTA 1 DEB,2025-09-25T12:43:06.839000
1166188049,2025-09-25 06:12:12.000000,Y,67,0.0002945674,DEBRIS,SMALL,DEBRIS,SMALL,1.00,29835,FENGYUN 1C DEB,1.00,65012,COSMOS 970 DEB,2025-09-26T01:22:50.053000
1166185293,2025-09-25 06:11:16.000000,Y,481,0.0001016697,PAYLOAD,LARGE,DEBRIS,SMALL,5.00,26536,NOAA 16,1.00,42218,COSMOS 1275 DEB,2025-09-27T18:58:15.176000
1166184036,2025-09-25 06:10:53.000000,Y,210,0.0005537903,PAYLOAD,LARGE,DEBRIS,SMALL,5.00,25319,IRIDIUM 69,1.00,3843,COSMOS 252 DEB,2025-09-26T13:54:55.385000
1166044225,2025-09-25 06:10:29.000000,Y,477,0.0002372213,PAYLOAD,LARGE,DEBRIS,MEDIUM,5.00,22561,START 1,1.00,20849,CZ-4 DEB,2025-09-28T05:26:57.535000
1166042443,2025-09-25 06:09:55.000000,Y,507,0.001227213,PAYLOAD,LARGE,DEBRIS,SMALL,5.00,18985,COSMOS 1934,1.00,30762,FENGYUN 1C DEB,2025-09-27T22:33:35.465000
1166041580,2025-09-25 06:09:39.000000,Y,212,0.0004536844,PAYLOAD,LARGE,UNKNOWN,SMALL,5.00,16917,COSMOS 1771,3.00,85010,UNKNOWN,2025-09-27T23:44:10.443000
1166041244,2025-09-25 06:09:32.000000,Y,569,0.001069001,PAYLOAD,LARGE,UNKNOWN,SMALL,5.00,15471,COSMOS 1619,3.00,270247,UNKNOWN,2025-09-26T04:16:24.738000
1166038716,2025-09-25 06:08:44.000000,Y,387,0.0005987159,PAYLOAD,MEDIUM,DEBRIS,SMALL,5.00,11046,COSMOS 1037,1.00,8789,THORAD DELTA 1 DEB,2025-09-27T19:33:22.896000
1166036977,2025-09-25 06:08:10.000000,Y,164,0.003101111,PAYLOAD,MEDIUM,DEBRIS,,5.00,5435,EOLE 1 (CAS-A),1.00,43501,COSMOS 1900 DEB,2025-09-27T02:16:15.917000
1165736398,2025-09-25 04:41:39.000000,Y,222,,DEBRIS,MEDIUM,DEBRIS,MEDIUM,1.00,40785,ARIANE 2 DEB,1.00,33535,ARIANE 2 DEB,2025-09-26T01:05:29.842000
1165736403,2025-09-25 04:41:39.000000,Y,612,,DEBRIS,MEDIUM,DEBRIS,MEDIUM,1.00,40785,ARIANE 2 DEB,1.00,33535,ARIANE 2 DEB,2025-09-27T16:39:18.944000
1165736404,2025-09-25 04:41:39.000000,Y,822,,DEBRIS,MEDIUM,DEBRIS,MEDIUM,1.00,40785,ARIANE 2 DEB,1.00,33535,ARIANE 2 DEB,2025-09-28T02:26:34.413000
1165843148,2025-09-25 04:41:39.000000,Y,222,,DEBRIS,MEDIUM,DEBRIS,MEDIUM,1.00,40785,ARIANE 2 DEB,1.00,33535,ARIANE 2 DEB,2025-09-26T01:05:29.842000
1165843153,2025-09-25 04:41:39.000000,Y,612,,DEBRIS,MEDIUM,DEBRIS,MEDIUM,1.00,40785,ARIANE 2 DEB,1.00,33535,ARIANE 2 DEB,2025-09-27T16:39:18.944000
1165843154,2025-09-25 04:41:39.000000,Y,822,,DEBRIS,MEDIUM,DEBRIS,MEDIUM,1.00,40785,ARIANE 2 DEB,1.00,33535,ARIANE 2 DEB,2025-09-28T02:26:34.413000
1165736394,2025-09-25 04:41:38.000000,Y,399,,DEBRIS,MEDIUM,DEBRIS,MEDIUM,1.00,40785,ARIANE 2 DEB,1.00,33535,ARIANE 2 DEB,2025-09-25T05:00:51.499000
1165736396,2025-09-25 04:41:38.000000,Y,322,,DEBRIS,MEDIUM,DEBRIS,MEDIUM,1.00,40785,ARIANE 2 DEB,1.00,33535,ARIANE 2 DEB,2025-09-25T15:02:04.618000
1165843144,2025-09-25 04:41:38.000000,Y,399,,DEBRIS,MEDIUM,DEBRIS,MEDIUM,1.00,40785,ARIANE 2 DEB,1.00,33535,ARIANE 2 DEB,2025-09-25T05:00:51.499000
1165843146,2025-09-25 04:41:38.000000,Y,322,,DEBRIS,MEDIUM,DEBRIS,MEDIUM,1.00,40785,ARIANE 2 DEB,1.00,33535,ARIANE 2 DEB,2025-09-25T15:02:04.618000
1165735213,2025-09-25 04:41:03.000000,Y,399,,DEBRIS,MEDIUM,DEBRIS,MEDIUM,1.00,33535,ARIANE 2 DEB,1.00,40785,ARIANE 2 DEB,2025-09-25T05:00:51.499000
1165735215,2025-09-25 04:41:03.000000,Y,322,,DEBRIS,MEDIUM,DEBRIS,MEDIUM,1.00,33535,ARIANE 2 DEB,1.00,40785,ARIANE 2 DEB,2025-09-25T15:02:04.618000
1165735217,2025-09-25 04:41:03.000000,Y,222,,DEBRIS,MEDIUM,DEBRIS,MEDIUM,1.00,33535,ARIANE 2 DEB,1.00,40785,ARIANE 2 DEB,2025-09-26T01:05:29.842000
1165735222,2025-09-25 04:41:03.000000,Y,612,,DEBRIS,MEDIUM,DEBRIS,MEDIUM,1.00,33535,ARIANE 2 DEB,1.00,40785,ARIANE 2 DEB,2025-09-27T16:39:18.944000
1165735223,2025-09-25 04:41:03.000000,Y,822,,DEBRIS,MEDIUM,DEBRIS,MEDIUM,1.00,33535,ARIANE 2 DEB,1.00,40785,ARIANE 2 DEB,2025-09-28T02:26:34.413000
1165841963,2025-09-25 04:41:03.000000,Y,399,,DEBRIS,MEDIUM,DEBRIS,MEDIUM,1.00,33535,ARIANE 2 DEB,1.00,40785,ARIANE 2 DEB,2025-09-25T05:00:51.499000
1165841965,2025-09-25 04:41:03.000000,Y,322,,DEBRIS,MEDIUM,DEBRIS,MEDIUM,1.00,33535,ARIANE 2 DEB,1.00,40785,ARIANE 2 DEB,2025-09-25T15:02:04.618000
1165841967,2025-09-25 04:41:03.000000,Y,222,,DEBRIS,MEDIUM,DEBRIS,MEDIUM,1.00,33535,ARIANE 2 DEB,1.00,40785,ARIANE 2 DEB,2025-09-26T01:05:29.842000
1165841972,2025-09-25 04:41:03.000000,Y,612,,DEBRIS,MEDIUM,DEBRIS,MEDIUM,1.00,33535,ARIANE 2 DEB,1.00,40785,ARIANE 2 DEB,2025-09-27T16:39:18.944000
1165841973,2025-09-25 04:41:03.000000,Y,822,,DEBRIS,MEDIUM,DEBRIS,MEDIUM,1.00,33535,ARIANE 2 DEB,1.00,40785,ARIANE 2 DEB,2025-09-28T02:26:34.413000
1165734616,2025-09-25 04:40:46.000000,Y,4592,,ROCKET BODY,LARGE,ROCKET BODY,LARGE,3.00,28904,ARIANE 5 R/B,3.00,27504,SL-12 R/B(2),2025-09-26T15:07:45.295000
1165841366,2025-09-25 04:40:46.000000,Y,4592,,ROCKET BODY,LARGE,ROCKET BODY,LARGE,3.00,28904,ARIANE 5 R/B,3.00,27504,SL-12 R/B(2),2025-09-26T15:07:45.295000
1165734320,2025-09-25 04:40:36.000000,Y,4592,,ROCKET BODY,LARGE,ROCKET BODY,LARGE,3.00,27504,SL-12 R/B(2),3.00,28904,ARIANE 5 R/B,2025-09-26T15:07:45.295000
1165841070,2025-09-25 04:40:36.000000,Y,4592,,ROCKET BODY,LARGE,ROCKET BODY,LARGE,3.00,27504,SL-12 R/B(2),3.00,28904,ARIANE 5 R/B,2025-09-26T15:07:45.295000
1165733362,2025-09-25 04:40:05.000000,Y,3998,,PAYLOAD,LARGE,PAYLOAD,LARGE,5.00,21653,INTELSAT 605,5.00,22087,OPTUS B1 (AUSSAT B1),2025-09-26T14:09:22.227000
1165733397,2025-09-25 04:40:05.000000,Y,3998,,PAYLOAD,LARGE,PAYLOAD,LARGE,5.00,22087,OPTUS B1 (AUSSAT B1),5.00,21653,INTELSAT 605,2025-09-26T14:09:22.227000
1165489407,2025-09-25 00:58:47.000000,Y,67,0.0002945677,DEBRIS,SMALL,DEBRIS,SMALL,1.00,65012,COSMOS 970 DEB,1.00,29835,FENGYUN 1C DEB,2025-09-26T01:22:50.053000
1165452245,2025-09-25 00:54:01.000000,Y,361,0.0001656451,DEBRIS,SMALL,DEBRIS,SMALL,1.00,60826,CZ-6A DEB,1.00,36229,FENGYUN 1C DEB,2025-09-27T04:11:36.119000
1165436742,2025-09-25 00:50:09.000000,Y,69,0.0004254301,DEBRIS,SMALL,DEBRIS,SMALL,1.00,58396,METEOR 1-5 DEB,1.00,54312,CZ-6A DEB,2025-09-26T18:14:30.485000
1165415080,2025-09-25 00:49:47.000000,Y,435,0.0003892952,ROCKET BODY,LARGE,DEBRIS,SMALL,3.00,57835,CZ-6A R/B,1.00,37622,CZ-4 DEB,2025-09-26T02:45:45.179000
1165407863,2025-09-25 00:47:53.000000,Y,180,0.0001316571,DEBRIS,SMALL,DEBRIS,SMALL,1.00,54596,CZ-6A DEB,1.00,12966,COSMOS 1275 DEB,2025-09-27T14:03:56.131000
1165406972,2025-09-25 00:47:42.000000,Y,34,0.001999204,DEBRIS,SMALL,DEBRIS,SMALL,1.00,54350,CZ-6A DEB,1.00,33986,COSMOS 2251 DEB,2025-09-25T05:50:03.247000
1165406802,2025-09-25 00:47:40.000000,Y,69,0.0004254301,DEBRIS,SMALL,DEBRIS,SMALL,1.00,54312,CZ-6A DEB,1.00,58396,METEOR 1-5 DEB,2025-09-26T18:14:30.485000
1165406757,2025-09-25 00:47:39.000000,Y,244,0.0001645081,DEBRIS,SMALL,DEBRIS,SMALL,1.00,54295,CZ-6A DEB,1.00,35032,COSMOS 2251 DEB,2025-09-24T23:03:12.247000
1165377386,2025-09-25 00:39:22.000000,Y,435,0.0003892952,DEBRIS,SMALL,ROCKET BODY,LARGE,1.00,37622,CZ-4 DEB,3.00,57835,CZ-6A R/B,2025-09-26T02:45:45.179000
1165375230,2025-09-25 00:38:44.000000,Y,361,0.0001656451,DEBRIS,SMALL,DEBRIS,SMALL,1.00,36229,FENGYUN 1C DEB,1.00,60826,CZ-6A DEB,2025-09-27T04:11:36.119000
1165373916,2025-09-25 00:38:09.000000,Y,73,0.0001384008,DEBRIS,SMALL,ROCKET BODY,LARGE,1.00,35445,COSMOS 2251 DEB,3.00,31699,SL-24 R/B,2025-09-25T06:25:50.241000
1165373413,2025-09-25 00:37:55.000000,Y,628,0.000343762,DEBRIS,SMALL,PAYLOAD,LARGE,1.00,35249,CZ-4C DEB,5.00,15031,COSMOS 1570,2025-09-27T02:01:06.739000
1165372958,2025-09-25 00:37:41.000000,Y,244,0.0001645081,DEBRIS,SMALL,DEBRIS,SMALL,1.00,35032,COSMOS 2251 DEB,1.00,54295,CZ-6A DEB,2025-09-24T23:03:12.247000
1165370774,2025-09-25 00:36:33.000000,Y,34,0.001999204,DEBRIS,SMALL,DEBRIS,SMALL,1.00,33986,COSMOS 2251 DEB,1.00,54350,CZ-6A DEB,2025-09-25T05:50:03.247000
1165367469,2025-09-25 00:34:49.000000,Y,73,0.0001384008,ROCKET BODY,LARGE,DEBRIS,SMALL,3.00,31699,SL-24 R/B,1.00,35445,COSMOS 2251 DEB,2025-09-25T06:25:50.241000
1165338299,2025-09-25 00:33:18.000000,Y,565,0.001066363,DEBRIS,SMALL,PAYLOAD,LARGE,1.00,30762,FENGYUN 1C DEB,5.00,18985,COSMOS 1934,2025-09-27T22:33:35.471000
1165337726,2025-09-25 00:32:57.000000,Y,102,0.0004614793,DEBRIS,SMALL,UNKNOWN,SMALL,1.00,30568,FENGYUN 1C DEB,3.00,81366,UNKNOWN,2025-09-25T14:20:31.096000
1165337462,2025-09-25 00:32:51.000000,Y,218,0.0001591539,DEBRIS,SMALL,DEBRIS,SMALL,1.00,30489,FENGYUN 1C DEB,1.00,10613,COSMOS 839 DEB,2025-09-25T04:23:39.776000
1165337295,2025-09-25 00:32:47.000000,Y,51,0.001649006,DEBRIS,SMALL,UNKNOWN,SMALL,1.00,30432,FENGYUN 1C DEB,5.00,49047,OBJECT E,2025-09-27T05:47:05.164000
1165335724,2025-09-25 00:32:02.000000,Y,67,0.0002945677,DEBRIS,SMALL,DEBRIS,SMALL,1.00,29835,FENGYUN 1C DEB,1.00,65012,COSMOS 970 DEB,2025-09-26T01:22:50.053000
1165332794,2025-09-25 00:30:56.000000,Y,483,0.0001014532,PAYLOAD,LARGE,DEBRIS,SMALL,5.00,26536,NOAA 16,1.00,42218,COSMOS 1275 DEB,2025-09-27T18:58:15.177000
1165331527,2025-09-25 00:30:28.000000,Y,146,0.0005758199,PAYLOAD,LARGE,DEBRIS,SMALL,5.00,25319,IRIDIUM 69,1.00,3843,COSMOS 252 DEB,2025-09-26T13:54:55.382000
1165328359,2025-09-25 00:28:45.000000,Y,565,0.001066363,PAYLOAD,LARGE,DEBRIS,SMALL,5.00,18985,COSMOS 1934,1.00,30762,FENGYUN 1C DEB,2025-09-27T22:33:35.471000
1165327482,2025-09-25 00:28:15.000000,Y,212,0.000453685,PAYLOAD,LARGE,UNKNOWN,SMALL,5.00,16917,COSMOS 1771,3.00,85010,UNKNOWN,2025-09-27T23:44:10.443000
1165327127,2025-09-25 00:28:03.000000,Y,552,0.001264597,PAYLOAD,LARGE,UNKNOWN,SMALL,5.00,15471,COSMOS 1619,3.00,270247,UNKNOWN,2025-09-26T04:16:24.740000
1165326891,2025-09-25 00:27:55.000000,Y,628,0.000343762,PAYLOAD,LARGE,DEBRIS,SMALL,5.00,15031,COSMOS 1570,1.00,35249,CZ-4C DEB,2025-09-27T02:01:06.739000
1165325435,2025-09-25 00:27:05.000000,Y,180,0.0001316571,DEBRIS,SMALL,DEBRIS,SMALL,1.00,12966,COSMOS 1275 DEB,1.00,54596,CZ-6A DEB,2025-09-27T14:03:56.131000
1165324523,2025-09-25 00:26:33.000000,Y,387,0.0005987161,PAYLOAD,MEDIUM,DEBRIS,SMALL,5.00,11046,COSMOS 1037,1.00,8789,THORAD DELTA 1 DEB,2025-09-27T19:33:22.896000
1165324415,2025-09-25 00:26:29.000000,Y,218,0.0001591539,DEBRIS,SMALL,DEBRIS,SMALL,1.00,10613,COSMOS 839 DEB,1.00,30489,FENGYUN 1C DEB,2025-09-25T04:23:39.776000
1165323722,2025-09-25 00:26:03.000000,Y,387,0.0005987161,DEBRIS,SMALL,PAYLOAD,MEDIUM,1.00,8789,THORAD DELTA 1 DEB,5.00,11046,COSMOS 1037,2025-09-27T19:33:22.896000
1165323474,2025-09-25 00:25:55.000000,Y,113,0.0001918237,ROCKET BODY,LARGE,DEBRIS,SMALL,3.00,7616,DELTA 1 R/B,1.00,42230,COSMOS 1275 DEB,2025-09-25T00:23:00.104000
1165322738,2025-09-25 00:25:30.000000,Y,332,0.002425808,PAYLOAD,MEDIUM,DEBRIS,,5.00,5435,EOLE 1 (CAS-A),1.00,43501,COSMOS 1900 DEB,2025-09-27T02:16:15.899000
1165321551,2025-09-25 00:24:58.000000,Y,146,0.0005758199,DEBRIS,SMALL,PAYLOAD,LARGE,1.00,3843,COSMOS 252 DEB,5.00,25319,IRIDIUM 69,2025-09-26T13:54:55.382000
1165320561,2025-09-25 00:24:46.000000,Y,842,0.0002760041,DEBRIS,SMALL,UNKNOWN,SMALL,1.00,461,THOR ABLESTAR DEB,5.00,43761,OBJECT D,2025-09-26T20:51:25.491000
1165277763,2025-09-24 22:05:51.000000,Y,3998,,PAYLOAD,LARGE,PAYLOAD,LARGE,5.00,22087,OPTUS B1 (AUSSAT B1),5.00,21653,INTELSAT 605,2025-09-26T14:09:22.226000
1165277732,2025-09-24 22:05:50.000000,Y,3998,,PAYLOAD,LARGE,PAYLOAD,LARGE,5.00,21653,INTELSAT 605,5.00,22087,OPTUS B1 (AUSSAT B1),2025-09-26T14:09:22.226000
1165077225,2025-09-24 13:22:47.000000,Y,83,0.0001220308,DEBRIS,SMALL,DEBRIS,LARGE,1.00,61500,CZ-6A DEB,1.00,60663,CZ-6A DEB,2025-09-24T16:38:11.336000
1165074134,2025-09-24 13:21:56.000000,Y,386,0.0002391182,DEBRIS,SMALL,DEBRIS,SMALL,1.00,60826,CZ-6A DEB,1.00,36229,FENGYUN 1C DEB,2025-09-27T04:11:36.059000
1165073520,2025-09-24 13:21:47.000000,Y,83,0.0001220308,DEBRIS,LARGE,DEBRIS,SMALL,1.00,60663,CZ-6A DEB,1.00,61500,CZ-6A DEB,2025-09-24T16:38:11.336000
1165049050,2025-09-24 13:17:45.000000,Y,114,0.0001174236,DEBRIS,SMALL,DEBRIS,SMALL,1.00,58396,METEOR 1-5 DEB,1.00,54312,CZ-6A DEB,2025-09-26T18:14:30.466000
1165047413,2025-09-24 13:17:15.000000,Y,759,0.0002726317,ROCKET BODY,LARGE,DEBRIS,SMALL,3.00,57835,CZ-6A R/B,1.00,37622,CZ-4 DEB,2025-09-26T02:45:45.152000
1165039578,2025-09-24 13:13:54.000000,Y,64,0.001139748,DEBRIS,SMALL,DEBRIS,SMALL,1.00,54350,CZ-6A DEB,1.00,33986,COSMOS 2251 DEB,2025-09-25T05:50:03.242000
1165039421,2025-09-24 13:13:47.000000,Y,114,0.0001174236,DEBRIS,SMALL,DEBRIS,SMALL,1.00,54312,CZ-6A DEB,1.00,58396,METEOR 1-5 DEB,2025-09-26T18:14:30.466000
1165037408,2025-09-24 13:12:42.000000,Y,694,0.000169025,DEBRIS,SMALL,UNKNOWN,SMALL,1.00,53093,COSMOS 2251 DEB,3.00,87211,UNKNOWN,2025-09-27T10:31:30.681000
1165000462,2025-09-24 13:07:22.000000,Y,212,0.001674225,DEBRIS,,PAYLOAD,MEDIUM,1.00,43501,COSMOS 1900 DEB,5.00,5435,EOLE 1 (CAS-A),2025-09-27T02:16:15.884000
1164995717,2025-09-24 13:06:16.000000,Y,116,0.000296556,DEBRIS,SMALL,ROCKET BODY,LARGE,1.00,42230,COSMOS 1275 DEB,3.00,7616,DELTA 1 R/B,2025-09-25T00:23:00.096000
1164995713,2025-09-24 13:06:15.000000,Y,398,0.0006158344,DEBRIS,SMALL,PAYLOAD,LARGE,1.00,42225,COSMOS 1275 DEB,5.00,5917,METEOR 1-11,2025-09-24T17:53:22.974000
1164992042,2025-09-24 13:05:25.000000,Y,105,0.001015507,DEBRIS,SMALL,ROCKET BODY,LARGE,1.00,40487,DMSP 5D-2 F13 DEB,3.00,5732,SL-3 R/B,2025-09-24T17:29:44.298000
1164987488,2025-09-24 13:04:34.000000,Y,60,0.0020309,DEBRIS,SMALL,ROCKET BODY,MEDIUM,1.00,37959,COSMOS 2251 DEB,3.00,1433,DELTA 1 R/B,2025-09-24T16:39:20.708000
1164987038,2025-09-24 13:04:29.000000,Y,759,0.0002726317,DEBRIS,SMALL,ROCKET BODY,LARGE,1.00,37622,CZ-4 DEB,3.00,57835,CZ-6A R/B,2025-09-26T02:45:45.152000
1164986294,2025-09-24 13:04:22.000000,Y,355,0.0002450385,DEBRIS,SMALL,PAYLOAD,SMALL,1.00,37064,FENGYUN 1C DEB,5.00,35871,BLITS,2025-09-24T19:33:38.364000
1164984980,2025-09-24 13:04:02.000000,Y,386,0.0002391182,DEBRIS,SMALL,DEBRIS,SMALL,1.00,36229,FENGYUN 1C DEB,1.00,60826,CZ-6A DEB,2025-09-27T04:11:36.059000
1164984281,2025-09-24 13:03:55.000000,Y,355,0.0002450385,PAYLOAD,SMALL,DEBRIS,SMALL,5.00,35871,BLITS,1.00,37064,FENGYUN 1C DEB,2025-09-24T19:33:38.364000
1164983725,2025-09-24 13:03:49.000000,Y,77,0.0001755872,DEBRIS,SMALL,ROCKET BODY,LARGE,1.00,35445,COSMOS 2251 DEB,3.00,31699,SL-24 R/B,2025-09-25T06:25:50.189000
1164983261,2025-09-24 13:03:42.000000,Y,639,0.0002641023,DEBRIS,SMALL,PAYLOAD,LARGE,1.00,35249,CZ-4C DEB,5.00,15031,COSMOS 1570,2025-09-27T02:01:06.727000
1164983112,2025-09-24 13:03:41.000000,Y,285,0.0001360843,DEBRIS,SMALL,UNKNOWN,SMALL,1.00,35171,FENGYUN 1C DEB,3.00,82199,UNKNOWN,2025-09-25T02:09:18.693000
1164980711,2025-09-24 13:03:13.000000,Y,64,0.001139748,DEBRIS,SMALL,DEBRIS,SMALL,1.00,33986,COSMOS 2251 DEB,1.00,54350,CZ-6A DEB,2025-09-25T05:50:03.242000
1164977492,2025-09-24 13:02:36.000000,Y,77,0.0001755872,ROCKET BODY,LARGE,DEBRIS,SMALL,3.00,31699,SL-24 R/B,1.00,35445,COSMOS 2251 DEB,2025-09-25T06:25:50.189000
1164974359,2025-09-24 13:01:59.000000,Y,129,0.000121431,DEBRIS,SMALL,UNKNOWN,SMALL,1.00,30568,FENGYUN 1C DEB,3.00,81366,UNKNOWN,2025-09-25T14:20:31.082000
1164974092,2025-09-24 13:01:55.000000,Y,214,0.0001670248,DEBRIS,SMALL,DEBRIS,SMALL,1.00,30489,FENGYUN 1C DEB,1.00,10613,COSMOS 839 DEB,2025-09-25T04:23:39.776000
1164973928,2025-09-24 13:01:54.000000,Y,221,0.0003683877,DEBRIS,SMALL,UNKNOWN,SMALL,1.00,30432,FENGYUN 1C DEB,5.00,49047,OBJECT E,2025-09-27T05:47:05.137000
1164968751,2025-09-24 13:00:54.000000,Y,514,0.0004068944,PAYLOAD,LARGE,PAYLOAD,LARGE,5.00,25560,SWAS,5.00,21397,OKEAN 3,2025-09-25T12:20:39.637000
1164968583,2025-09-24 13:00:51.000000,Y,89,0.0002500849,PAYLOAD,LARGE,DEBRIS,SMALL,5.00,25319,IRIDIUM 69,1.00,3843,COSMOS 252 DEB,2025-09-26T13:54:55.358000
1164966648,2025-09-24 13:00:28.000000,Y,514,0.0004068944,PAYLOAD,LARGE,PAYLOAD,LARGE,5.00,21397,OKEAN 3,5.00,25560,SWAS,2025-09-25T12:20:39.637000
1164965476,2025-09-24 13:00:13.000000,Y,651,0.00109222,DEBRIS,SMALL,UNKNOWN,LARGE,1.00,18519,SL-8 DEB *,5.00,65301,OBJECT E,2025-09-25T04:13:52.803000
1164964486,2025-09-24 12:59:58.000000,Y,571,0.001207805,PAYLOAD,LARGE,UNKNOWN,SMALL,5.00,15471,COSMOS 1619,3.00,270247,UNKNOWN,2025-09-26T04:16:24.737000
1164964240,2025-09-24 12:59:57.000000,Y,639,0.0002641023,PAYLOAD,LARGE,DEBRIS,SMALL,5.00,15031,COSMOS 1570,1.00,35249,CZ-4C DEB,2025-09-27T02:01:06.727000
1164961841,2025-09-24 12:59:29.000000,Y,214,0.0001670248,DEBRIS,SMALL,DEBRIS,SMALL,1.00,10613,COSMOS 839 DEB,1.00,30489,FENGYUN 1C DEB,2025-09-25T04:23:39.776000
1164960986,2025-09-24 12:59:18.000000,Y,116,0.000296556,ROCKET BODY,LARGE,DEBRIS,SMALL,3.00,7616,DELTA 1 R/B,1.00,42230,COSMOS 1275 DEB,2025-09-25T00:23:00.096000
1164960588,2025-09-24 12:59:14.000000,Y,398,0.0006158344,PAYLOAD,LARGE,DEBRIS,SMALL,5.00,5917,METEOR 1-11,1.00,42225,COSMOS 1275 DEB,2025-09-24T17:53:22.974000
1164960401,2025-09-24 12:59:13.000000,Y,105,0.001015507,ROCKET BODY,LARGE,DEBRIS,SMALL,3.00,5732,SL-3 R/B,1.00,40487,DMSP 5D-2 F13 DEB,2025-09-24T17:29:44.298000
1164960291,2025-09-24 12:59:11.000000,Y,212,0.001674225,PAYLOAD,MEDIUM,DEBRIS,,5.00,5435,EOLE 1 (CAS-A),1.00,43501,COSMOS 1900 DEB,2025-09-27T02:16:15.884000
1164959235,2025-09-24 12:59:01.000000,Y,89,0.0002500849,DEBRIS,SMALL,PAYLOAD,LARGE,1.00,3843,COSMOS 252 DEB,5.00,25319,IRIDIUM 69,2025-09-26T13:54:55.358000
1164958538,2025-09-24 12:58:53.000000,Y,60,0.0020309,ROCKET BODY,MEDIUM,DEBRIS,SMALL,3.00,1433,DELTA 1 R/B,1.00,37959,COSMOS 2251 DEB,2025-09-24T16:39:20.708000
1164958315,2025-09-24 12:58:52.000000,Y,834,0.0001080436,DEBRIS,SMALL,UNKNOWN,SMALL,1.00,461,THOR ABLESTAR DEB,5.00,43761,OBJECT D,2025-09-26T20:51:24.905000
1164945280,2025-09-24 11:38:49.000000,Y,230,,DEBRIS,MEDIUM,DEBRIS,MEDIUM,1.00,40785,ARIANE 2 DEB,1.00,33535,ARIANE 2 DEB,2025-09-26T01:04:46.855000
1164945274,2025-09-24 11:38:47.000000,Y,463,,DEBRIS,MEDIUM,DEBRIS,MEDIUM,1.00,40785,ARIANE 2 DEB,1.00,33535,ARIANE 2 DEB,2025-09-24T19:00:39.848000
1164945273,2025-09-24 11:38:46.000000,Y,1619,,DEBRIS,MEDIUM,DEBRIS,MEDIUM,1.00,40785,ARIANE 2 DEB,1.00,33535,ARIANE 2 DEB,2025-09-24T11:26:45.000000
1164945276,2025-09-24 11:38:46.000000,Y,404,,DEBRIS,MEDIUM,DEBRIS,MEDIUM,1.00,40785,ARIANE 2 DEB,1.00,33535,ARIANE 2 DEB,2025-09-25T05:00:24.982000
1164945278,2025-09-24 11:38:46.000000,Y,328,,DEBRIS,MEDIUM,DEBRIS,MEDIUM,1.00,40785,ARIANE 2 DEB,1.00,33535,ARIANE 2 DEB,2025-09-25T15:01:33.584000
1164944359,2025-09-24 11:38:34.000000,Y,1619,,DEBRIS,MEDIUM,DEBRIS,MEDIUM,1.00,33535,ARIANE 2 DEB,1.00,40785,ARIANE 2 DEB,2025-09-24T11:26:45.000000
1164944360,2025-09-24 11:38:34.000000,Y,463,,DEBRIS,MEDIUM,DEBRIS,MEDIUM,1.00,33535,ARIANE 2 DEB,1.00,40785,ARIANE 2 DEB,2025-09-24T19:00:39.848000
1164944362,2025-09-24 11:38:34.000000,Y,404,,DEBRIS,MEDIUM,DEBRIS,MEDIUM,1.00,33535,ARIANE 2 DEB,1.00,40785,ARIANE 2 DEB,2025-09-25T05:00:24.982000
1164944364,2025-09-24 11:38:34.000000,Y,328,,DEBRIS,MEDIUM,DEBRIS,MEDIUM,1.00,33535,ARIANE 2 DEB,1.00,40785,ARIANE 2 DEB,2025-09-25T15:01:33.584000
1164944366,2025-09-24 11:38:34.000000,Y,230,,DEBRIS,MEDIUM,DEBRIS,MEDIUM,1.00,33535,ARIANE 2 DEB,1.00,40785,ARIANE 2 DEB,2025-09-26T01:04:46.855000
1164943896,2025-09-24 11:38:28.000000,Y,4721,,ROCKET BODY,LARGE,ROCKET BODY,LARGE,3.00,28904,ARIANE 5 R/B,3.00,27504,SL-12 R/B(2),2025-09-26T15:07:46.289000
1164943641,2025-09-24 11:38:24.000000,Y,4721,,ROCKET BODY,LARGE,ROCKET BODY,LARGE,3.00,27504,SL-12 R/B(2),3.00,28904,ARIANE 5 R/B,2025-09-26T15:07:46.289000
1164942810,2025-09-24 11:38:14.000000,Y,4049,,PAYLOAD,LARGE,PAYLOAD,LARGE,5.00,21653,INTELSAT 605,5.00,22087,OPTUS B1 (AUSSAT B1),2025-09-26T14:09:22.666000
1164942843,2025-09-24 11:38:14.000000,Y,4049,,PAYLOAD,LARGE,PAYLOAD,LARGE,5.00,22087,OPTUS B1 (AUSSAT B1),5.00,21653,INTELSAT 605,2025-09-26T14:09:22.666000
1164684587,2025-09-24 05:11:42.000000,Y,74,0.000130487,DEBRIS,SMALL,DEBRIS,LARGE,1.00,61500,CZ-6A DEB,1.00,60663,CZ-6A DEB,2025-09-24T16:38:11.329000
1164683962,2025-09-24 05:11:36.000000,Y,163,0.000121306,DEBRIS,SMALL,DEBRIS,SMALL,1.00,61376,CZ-6A DEB,1.00,31333,FENGYUN 1C DEB,2025-09-25T09:07:20.138000
1164680993,2025-09-24 05:11:05.000000,Y,282,0.000101785,DEBRIS,MEDIUM,DEBRIS,SMALL,1.00,60696,CZ-6A DEB,1.00,54986,CZ-6A DEB,2025-09-24T21:47:38.215000
1164680876,2025-09-24 05:11:03.000000,Y,74,0.000130487,DEBRIS,LARGE,DEBRIS,SMALL,1.00,60663,CZ-6A DEB,1.00,61500,CZ-6A DEB,2025-09-24T16:38:11.329000
1164666320,2025-09-24 05:08:14.000000,Y,113,0.0001156731,DEBRIS,SMALL,DEBRIS,SMALL,1.00,58396,METEOR 1-5 DEB,1.00,54312,CZ-6A DEB,2025-09-26T18:14:30.238000
1164659048,2025-09-24 05:06:36.000000,Y,282,0.000101785,DEBRIS,SMALL,DEBRIS,MEDIUM,1.00,54986,CZ-6A DEB,1.00,60696,CZ-6A DEB,2025-09-24T21:47:38.215000
1164620262,2025-09-24 05:03:15.000000,Y,529,0.001156157,DEBRIS,,PAYLOAD,MEDIUM,1.00,43501,COSMOS 1900 DEB,5.00,5435,EOLE 1 (CAS-A),2025-09-27T02:16:15.774000
1164616171,2025-09-24 05:02:31.000000,Y,353,0.001084659,DEBRIS,SMALL,PAYLOAD,LARGE,1.00,42225,COSMOS 1275 DEB,5.00,5917,METEOR 1-11,2025-09-24T17:53:22.961000
1164616176,2025-09-24 05:02:31.000000,Y,117,0.0002453986,DEBRIS,SMALL,ROCKET BODY,LARGE,1.00,42230,COSMOS 1275 DEB,3.00,7616,DELTA 1 R/B,2025-09-25T00:23:00.070000
1164612570,2025-09-24 05:01:52.000000,Y,106,0.0009393233,DEBRIS,SMALL,ROCKET BODY,LARGE,1.00,40487,DMSP 5D-2 F13 DEB,3.00,5732,SL-3 R/B,2025-09-24T17:29:44.276000
1164607940,2025-09-24 05:01:04.000000,Y,72,0.0005171537,DEBRIS,SMALL,ROCKET BODY,MEDIUM,1.00,37959,COSMOS 2251 DEB,3.00,1433,DELTA 1 R/B,2025-09-24T16:39:20.689000
1164606744,2025-09-24 05:00:53.000000,Y,400,0.0001360128,DEBRIS,SMALL,PAYLOAD,SMALL,1.00,37064,FENGYUN 1C DEB,5.00,35871,BLITS,2025-09-24T19:33:38.315000
1164604723,2025-09-24 05:00:31.000000,Y,400,0.0001360128,PAYLOAD,SMALL,DEBRIS,SMALL,5.00,35871,BLITS,1.00,37064,FENGYUN 1C DEB,2025-09-24T19:33:38.315000
1164604138,2025-09-24 05:00:25.000000,Y,176,0.0001676253,DEBRIS,SMALL,ROCKET BODY,LARGE,1.00,35445,COSMOS 2251 DEB,3.00,31699,SL-24 R/B,2025-09-25T06:25:50.049000
1164603533,2025-09-24 05:00:20.000000,Y,194,0.0001204586,DEBRIS,SMALL,DEBRIS,SMALL,1.00,35171,FENGYUN 1C DEB,1.00,335,THOR ABLESTAR DEB,2025-09-24T04:52:06.504000
1164603536,2025-09-24 05:00:19.000000,Y,453,0.0001846585,DEBRIS,SMALL,UNKNOWN,SMALL,1.00,35171,FENGYUN 1C DEB,3.00,82199,UNKNOWN,2025-09-25T02:09:18.658000
1164601076,2025-09-24 04:59:50.000000,Y,151,0.0001346005,DEBRIS,SMALL,DEBRIS,SMALL,1.00,33986,COSMOS 2251 DEB,1.00,54350,CZ-6A DEB,2025-09-25T05:50:03.197000
1164597656,2025-09-24 04:59:14.000000,Y,176,0.0001676253,ROCKET BODY,LARGE,DEBRIS,SMALL,3.00,31699,SL-24 R/B,1.00,35445,COSMOS 2251 DEB,2025-09-25T06:25:50.049000
1164596615,2025-09-24 04:59:04.000000,Y,163,0.000121306,DEBRIS,SMALL,DEBRIS,SMALL,1.00,31333,FENGYUN 1C DEB,1.00,61376,CZ-6A DEB,2025-09-25T09:07:20.138000
1164594175,2025-09-24 04:58:39.000000,Y,218,0.0001227821,DEBRIS,SMALL,DEBRIS,SMALL,1.00,30489,FENGYUN 1C DEB,1.00,10613,COSMOS 839 DEB,2025-09-25T04:23:39.731000
1164593573,2025-09-24 04:58:31.000000,Y,38,0.0001177758,DEBRIS,SMALL,ROCKET BODY,LARGE,1.00,30237,FENGYUN 1C DEB,3.00,26066,MINOTAUR R/B,2025-09-26T01:30:00.943000
1164589156,2025-09-24 04:57:44.000000,Y,38,0.0001177758,ROCKET BODY,LARGE,DEBRIS,SMALL,3.00,26066,MINOTAUR R/B,1.00,30237,FENGYUN 1C DEB,2025-09-26T01:30:00.943000
1164588796,2025-09-24 04:57:39.000000,Y,306,0.0001420666,PAYLOAD,LARGE,PAYLOAD,LARGE,5.00,25560,SWAS,5.00,21397,OKEAN 3,2025-09-25T12:20:39.509000
1164587820,2025-09-24 04:57:28.000000,Y,901,0.0002346907,PAYLOAD,LARGE,DEBRIS,SMALL,5.00,23827,IRS B3,1.00,4857,THORAD AGENA D DEB,2025-09-25T23:20:12.548000
1164586608,2025-09-24 04:57:15.000000,Y,306,0.0001420666,PAYLOAD,LARGE,PAYLOAD,LARGE,5.00,21397,OKEAN 3,5.00,25560,SWAS,2025-09-25T12:20:39.509000
1164585438,2025-09-24 04:57:03.000000,Y,772,0.000894364,DEBRIS,SMALL,UNKNOWN,LARGE,1.00,18519,SL-8 DEB *,5.00,65301,OBJECT E,2025-09-25T04:13:52.715000
1164584415,2025-09-24 04:56:51.000000,Y,512,0.001615891,PAYLOAD,LARGE,UNKNOWN,SMALL,5.00,15471,COSMOS 1619,3.00,270247,UNKNOWN,2025-09-26T04:16:24.739000
1164581766,2025-09-24 04:56:22.000000,Y,218,0.0001227821,DEBRIS,SMALL,DEBRIS,SMALL,1.00,10613,COSMOS 839 DEB,1.00,30489,FENGYUN 1C DEB,2025-09-25T04:23:39.731000
1164580902,2025-09-24 04:56:13.000000,Y,117,0.0002453986,ROCKET BODY,LARGE,DEBRIS,SMALL,3.00,7616,DELTA 1 R/B,1.00,42230,COSMOS 1275 DEB,2025-09-25T00:23:00.070000
1164580511,2025-09-24 04:56:10.000000,Y,353,0.001084659,PAYLOAD,LARGE,DEBRIS,SMALL,5.00,5917,METEOR 1-11,1.00,42225,COSMOS 1275 DEB,2025-09-24T17:53:22.961000
1164580313,2025-09-24 04:56:07.000000,Y,106,0.0009393233,ROCKET BODY,LARGE,DEBRIS,SMALL,3.00,5732,SL-3 R/B,1.00,40487,DMSP 5D-2 F13 DEB,2025-09-24T17:29:44.276000
1164580195,2025-09-24 04:56:05.000000,Y,529,0.001156157,PAYLOAD,MEDIUM,DEBRIS,,5.00,5435,EOLE 1 (CAS-A),1.00,43501,COSMOS 1900 DEB,2025-09-27T02:16:15.774000
1164579842,2025-09-24 04:56:01.000000,Y,901,0.0002346907,DEBRIS,SMALL,PAYLOAD,LARGE,1.00,4857,THORAD AGENA D DEB,5.00,23827,IRS B3,2025-09-25T23:20:12.548000
1164578414,2025-09-24 04:55:46.000000,Y,72,0.0005171537,ROCKET BODY,MEDIUM,DEBRIS,SMALL,3.00,1433,DELTA 1 R/B,1.00,37959,COSMOS 2251 DEB,2025-09-24T16:39:20.689000
1164578139,2025-09-24 04:55:43.000000,Y,194,0.0001204586,DEBRIS,SMALL,DEBRIS,SMALL,1.00,335,THOR ABLESTAR DEB,1.00,35171,FENGYUN 1C DEB,2025-09-24T04:52:06.504000
1164532054,2025-09-24 03:57:04.000000,Y,509,,DEBRIS,MEDIUM,DEBRIS,MEDIUM,1.00,40785,ARIANE 2 DEB,1.00,33535,ARIANE 2 DEB,2025-09-24T09:01:57.971000
1164532058,2025-09-24 03:57:02.000000,Y,393,,DEBRIS,MEDIUM,DEBRIS,MEDIUM,1.00,40785,ARIANE 2 DEB,1.00,33535,ARIANE 2 DEB,2025-09-25T05:01:25.435000
1164532060,2025-09-24 03:57:02.000000,Y,307,,DEBRIS,MEDIUM,DEBRIS,MEDIUM,1.00,40785,ARIANE 2 DEB,1.00,33535,ARIANE 2 DEB,2025-09-25T15:03:26.077000
1164532062,2025-09-24 03:57:02.000000,Y,193,,DEBRIS,MEDIUM,DEBRIS,MEDIUM,1.00,40785,ARIANE 2 DEB,1.00,33535,ARIANE 2 DEB,2025-09-26T01:08:04.182000
1164532053,2025-09-24 03:57:01.000000,Y,2121,,DEBRIS,MEDIUM,DEBRIS,MEDIUM,1.00,40785,ARIANE 2 DEB,1.00,33535,ARIANE 2 DEB,2025-09-24T03:38:46.000000
1164532056,2025-09-24 03:57:01.000000,Y,458,,DEBRIS,MEDIUM,DEBRIS,MEDIUM,1.00,40785,ARIANE 2 DEB,1.00,33535,ARIANE 2 DEB,2025-09-24T19:01:04.950000
1164530939,2025-09-24 03:56:48.000000,Y,2121,,DEBRIS,MEDIUM,DEBRIS,MEDIUM,1.00,33535,ARIANE 2 DEB,1.00,40785,ARIANE 2 DEB,2025-09-24T03:38:46.000000
1164530940,2025-09-24 03:56:48.000000,Y,509,,DEBRIS,MEDIUM,DEBRIS,MEDIUM,1.00,33535,ARIANE 2 DEB,1.00,40785,ARIANE 2 DEB,2025-09-24T09:01:57.971000
1164530942,2025-09-24 03:56:48.000000,Y,458,,DEBRIS,MEDIUM,DEBRIS,MEDIUM,1.00,33535,ARIANE 2 DEB,1.00,40785,ARIANE 2 DEB,2025-09-24T19:01:04.950000
1164530944,2025-09-24 03:56:48.000000,Y,393,,DEBRIS,MEDIUM,DEBRIS,MEDIUM,1.00,33535,ARIANE 2 DEB,1.00,40785,ARIANE 2 DEB,2025-09-25T05:01:25.435000
1164530946,2025-09-24 03:56:48.000000,Y,307,,DEBRIS,MEDIUM,DEBRIS,MEDIUM,1.00,33535,ARIANE 2 DEB,1.00,40785,ARIANE 2 DEB,2025-09-25T15:03:26.077000
1164530948,2025-09-24 03:56:48.000000,Y,193,,DEBRIS,MEDIUM,DEBRIS,MEDIUM,1.00,33535,ARIANE 2 DEB,1.00,40785,ARIANE 2 DEB,2025-09-26T01:08:04.182000
1164530278,2025-09-24 03:56:41.000000,Y,4685,,ROCKET BODY,LARGE,ROCKET BODY,LARGE,3.00,28904,ARIANE 5 R/B,3.00,27504,SL-12 R/B(2),2025-09-26T15:07:46.310000
1164529934,2025-09-24 03:56:37.000000,Y,4685,,ROCKET BODY,LARGE,ROCKET BODY,LARGE,3.00,27504,SL-12 R/B(2),3.00,28904,ARIANE 5 R/B,2025-09-26T15:07:46.310000
1164529033,2025-09-24 03:56:24.000000,Y,3944,,PAYLOAD,LARGE,PAYLOAD,LARGE,5.00,21653,INTELSAT 605,5.00,22087,OPTUS B1 (AUSSAT B1),2025-09-26T14:09:22.639000
1164529068,2025-09-24 03:56:24.000000,Y,3944,,PAYLOAD,LARGE,PAYLOAD,LARGE,5.00,22087,OPTUS B1 (AUSSAT B1),5.00,21653,INTELSAT 605,2025-09-26T14:09:22.639000
1164371825,2025-09-23 23:00:25.000000,Y,292,0.0001244137,ROCKET BODY,MEDIUM,DEBRIS,SMALL,3.00,64692,ELECTRON KICK STAGE R/B,1.00,55546,CZ-6A DEB,2025-09-24T13:45:39.803000
1164322268,2025-09-23 22:54:26.000000,Y,54,0.0004167038,DEBRIS,SMALL,DEBRIS,SMALL,1.00,58396,METEOR 1-5 DEB,1.00,54312,CZ-6A DEB,2025-09-26T18:14:30.283000
1164250796,2025-09-23 22:53:21.000000,Y,292,0.0001244137,DEBRIS,SMALL,ROCKET BODY,MEDIUM,1.00,55546,CZ-6A DEB,3.00,64692,ELECTRON KICK STAGE R/B,2025-09-24T13:45:39.803000
1164247381,2025-09-23 22:52:44.000000,Y,124,0.000725462,DEBRIS,SMALL,DEBRIS,SMALL,1.00,54350,CZ-6A DEB,1.00,33986,COSMOS 2251 DEB,2025-09-25T05:50:03.203000
1164247226,2025-09-23 22:52:42.000000,Y,54,0.0004167038,DEBRIS,SMALL,DEBRIS,SMALL,1.00,54312,CZ-6A DEB,1.00,58396,METEOR 1-5 DEB,2025-09-26T18:14:30.283000
1164301940,2025-09-23 22:48:53.000000,Y,360,0.001129586,DEBRIS,SMALL,PAYLOAD,LARGE,1.00,42225,COSMOS 1275 DEB,5.00,5917,METEOR 1-11,2025-09-24T17:53:22.960000
1164298157,2025-09-23 22:48:13.000000,Y,103,0.000964512,DEBRIS,SMALL,ROCKET BODY,LARGE,1.00,40487,DMSP 5D-2 F13 DEB,3.00,5732,SL-3 R/B,2025-09-24T17:29:44.278000
1164293385,2025-09-23 22:47:22.000000,Y,68,0.0004669388,DEBRIS,SMALL,ROCKET BODY,MEDIUM,1.00,37959,COSMOS 2251 DEB,3.00,1433,DELTA 1 R/B,2025-09-24T16:39:20.681000
1164292177,2025-09-23 22:47:09.000000,Y,400,0.0001360128,DEBRIS,SMALL,PAYLOAD,SMALL,1.00,37064,FENGYUN 1C DEB,5.00,35871,BLITS,2025-09-24T19:33:38.315000
1164214617,2025-09-23 22:46:45.000000,Y,400,0.0001360128,PAYLOAD,SMALL,DEBRIS,SMALL,5.00,35871,BLITS,1.00,37064,FENGYUN 1C DEB,2025-09-24T19:33:38.315000
1164214032,2025-09-23 22:46:37.000000,Y,188,0.000170638,DEBRIS,SMALL,ROCKET BODY,LARGE,1.00,35445,COSMOS 2251 DEB,3.00,31699,SL-24 R/B,2025-09-25T06:25:50.060000
1164213727,2025-09-23 22:46:32.000000,Y,64,0.0002048794,DEBRIS,SMALL,DEBRIS,SMALL,1.00,35288,COSMOS 2251 DEB,1.00,54945,CZ-6A DEB,2025-09-24T01:25:29.547000
1164213441,2025-09-23 22:46:29.000000,Y,514,0.0001258155,DEBRIS,SMALL,UNKNOWN,SMALL,1.00,35171,FENGYUN 1C DEB,3.00,82199,UNKNOWN,2025-09-25T02:09:18.669000
1164213438,2025-09-23 22:46:28.000000,Y,194,0.0001204586,DEBRIS,SMALL,DEBRIS,SMALL,1.00,35171,FENGYUN 1C DEB,1.00,335,THOR ABLESTAR DEB,2025-09-24T04:52:06.504000
1164210973,2025-09-23 22:45:56.000000,Y,124,0.000725462,DEBRIS,SMALL,DEBRIS,SMALL,1.00,33986,COSMOS 2251 DEB,1.00,54350,CZ-6A DEB,2025-09-25T05:50:03.203000
1164208215,2025-09-23 22:45:27.000000,Y,177,0.0002017146,DEBRIS,SMALL,DEBRIS,MEDIUM,1.00,31955,FENGYUN 1C DEB,1.00,26198,CZ-4 DEB,2025-09-24T12:38:25.924000
1164207521,2025-09-23 22:45:18.000000,Y,188,0.000170638,ROCKET BODY,LARGE,DEBRIS,SMALL,3.00,31699,SL-24 R/B,1.00,35445,COSMOS 2251 DEB,2025-09-25T06:25:50.060000
1164265356,2025-09-23 22:44:59.000000,Y,698,0.00012644,DEBRIS,SMALL,PAYLOAD,MEDIUM,1.00,31199,FENGYUN 1C DEB,5.00,2828,GGSE 4,2025-09-24T01:38:01.253000
1164262582,2025-09-23 22:44:30.000000,Y,15,0.0001217697,DEBRIS,SMALL,ROCKET BODY,LARGE,1.00,30237,FENGYUN 1C DEB,3.00,26066,MINOTAUR R/B,2025-09-26T01:30:00.936000
1164258420,2025-09-23 22:43:46.000000,Y,177,0.0002017146,DEBRIS,MEDIUM,DEBRIS,SMALL,1.00,26198,CZ-4 DEB,1.00,31955,FENGYUN 1C DEB,2025-09-24T12:38:25.924000
1164258057,2025-09-23 22:43:43.000000,Y,15,0.0001217697,ROCKET BODY,LARGE,DEBRIS,SMALL,3.00,26066,MINOTAUR R/B,1.00,30237,FENGYUN 1C DEB,2025-09-26T01:30:00.936000
1164257698,2025-09-23 22:43:38.000000,Y,382,0.0001136008,PAYLOAD,LARGE,PAYLOAD,LARGE,5.00,25560,SWAS,5.00,21397,OKEAN 3,2025-09-25T12:20:39.515000
1164257518,2025-09-23 22:43:36.000000,Y,978,0.0001601289,PAYLOAD,LARGE,DEBRIS,SMALL,5.00,25319,IRIDIUM 69,1.00,3843,COSMOS 252 DEB,2025-09-26T13:54:55.265000
1164257255,2025-09-23 22:43:34.000000,Y,47,0.0004468876,DEBRIS,SMALL,DEBRIS,MEDIUM,1.00,25057,SL-8 DEB,1.00,12743,COSMOS 1275 DEB,2025-09-24T00:43:56.465000
1164256711,2025-09-23 22:43:28.000000,Y,928,0.0002169546,PAYLOAD,LARGE,DEBRIS,SMALL,5.00,23827,IRS B3,1.00,4857,THORAD AGENA D DEB,2025-09-25T23:20:12.553000
1164206330,2025-09-23 22:43:24.000000,Y,112,0.0002775532,ROCKET BODY,LARGE,UNKNOWN,SMALL,3.00,22784,SL-14 R/B,3.00,81545,UNKNOWN,2025-09-24T02:17:52.505000
1164205486,2025-09-23 22:43:16.000000,Y,382,0.0001136008,PAYLOAD,LARGE,PAYLOAD,LARGE,5.00,21397,OKEAN 3,5.00,25560,SWAS,2025-09-25T12:20:39.515000
1164204313,2025-09-23 22:43:03.000000,Y,518,0.0004677359,DEBRIS,SMALL,UNKNOWN,LARGE,1.00,18519,SL-8 DEB *,5.00,65301,OBJECT E,2025-09-25T04:13:52.858000
1164203220,2025-09-23 22:42:50.000000,Y,508,0.001666883,PAYLOAD,LARGE,UNKNOWN,SMALL,5.00,15471,COSMOS 1619,3.00,270247,UNKNOWN,2025-09-26T04:16:24.739000
1164201377,2025-09-23 22:42:32.000000,Y,47,0.0004468876,DEBRIS,MEDIUM,DEBRIS,SMALL,1.00,12743,COSMOS 1275 DEB,1.00,25057,SL-8 DEB,2025-09-24T00:43:56.465000
1164199670,2025-09-23 22:42:13.000000,Y,178,0.0002972747,ROCKET BODY,LARGE,UNKNOWN,SMALL,3.00,7594,SL-8 R/B,3.00,87237,UNKNOWN,2025-09-24T23:57:40.447000
1164199264,2025-09-23 22:42:08.000000,Y,360,0.001129586,PAYLOAD,LARGE,DEBRIS,SMALL,5.00,5917,METEOR 1-11,1.00,42225,COSMOS 1275 DEB,2025-09-24T17:53:22.960000
1164199265,2025-09-23 22:42:07.000000,Y,130,0.0003929063,ROCKET BODY,LARGE,DEBRIS,SMALL,3.00,5918,SL-3 R/B,1.00,5430,THORAD AGENA D DEB,2025-09-24T05:28:37.826000
1164199115,2025-09-23 22:42:06.000000,Y,103,0.000964512,ROCKET BODY,LARGE,DEBRIS,SMALL,3.00,5732,SL-3 R/B,1.00,40487,DMSP 5D-2 F13 DEB,2025-09-24T17:29:44.278000
1164198986,2025-09-23 22:42:05.000000,Y,130,0.0003929063,DEBRIS,SMALL,ROCKET BODY,LARGE,1.00,5430,THORAD AGENA D DEB,3.00,5918,SL-3 R/B,2025-09-24T05:28:37.826000
1164198645,2025-09-23 22:42:01.000000,Y,928,0.0002169546,DEBRIS,SMALL,PAYLOAD,LARGE,1.00,4857,THORAD AGENA D DEB,5.00,23827,IRS B3,2025-09-25T23:20:12.553000
1164197944,2025-09-23 22:41:53.000000,Y,978,0.0001601289,DEBRIS,SMALL,PAYLOAD,LARGE,1.00,3843,COSMOS 252 DEB,5.00,25319,IRIDIUM 69,2025-09-26T13:54:55.265000
1164197576,2025-09-23 22:41:49.000000,Y,698,0.00012644,PAYLOAD,MEDIUM,DEBRIS,SMALL,5.00,2828,GGSE 4,1.00,31199,FENGYUN 1C DEB,2025-09-24T01:38:01.253000
1164197227,2025-09-23 22:41:45.000000,Y,68,0.0004669388,ROCKET BODY,MEDIUM,DEBRIS,SMALL,3.00,1433,DELTA 1 R/B,1.00,37959,COSMOS 2251 DEB,2025-09-24T16:39:20.681000
1164196942,2025-09-23 22:41:42.000000,Y,194,0.0001204586,DEBRIS,SMALL,DEBRIS,SMALL,1.00,335,THOR ABLESTAR DEB,1.00,35171,FENGYUN 1C DEB,2025-09-24T04:52:06.504000
1164070270,2025-09-23 21:36:09.000000,Y,549,,DEBRIS,MEDIUM,DEBRIS,MEDIUM,1.00,40785,ARIANE 2 DEB,1.00,33535,ARIANE 2 DEB,2025-09-23T23:03:51.458000
1164070272,2025-09-23 21:36:09.000000,Y,509,,DEBRIS,MEDIUM,DEBRIS,MEDIUM,1.00,40785,ARIANE 2 DEB,1.00,33535,ARIANE 2 DEB,2025-09-24T09:01:57.972000
1164070274,2025-09-23 21:36:09.000000,Y,458,,DEBRIS,MEDIUM,DEBRIS,MEDIUM,1.00,40785,ARIANE 2 DEB,1.00,33535,ARIANE 2 DEB,2025-09-24T19:01:04.950000
1164070276,2025-09-23 21:36:09.000000,Y,393,,DEBRIS,MEDIUM,DEBRIS,MEDIUM,1.00,40785,ARIANE 2 DEB,1.00,33535,ARIANE 2 DEB,2025-09-25T05:01:25.434000
1164070278,2025-09-23 21:36:09.000000,Y,307,,DEBRIS,MEDIUM,DEBRIS,MEDIUM,1.00,40785,ARIANE 2 DEB,1.00,33535,ARIANE 2 DEB,2025-09-25T15:03:26.077000
1164070280,2025-09-23 21:36:09.000000,Y,193,,DEBRIS,MEDIUM,DEBRIS,MEDIUM,1.00,40785,ARIANE 2 DEB,1.00,33535,ARIANE 2 DEB,2025-09-26T01:08:04.183000
1164068456,2025-09-23 21:36:01.000000,Y,509,,DEBRIS,MEDIUM,DEBRIS,MEDIUM,1.00,33535,ARIANE 2 DEB,1.00,40785,ARIANE 2 DEB,2025-09-24T09:01:57.972000
1164068454,2025-09-23 21:36:00.000000,Y,549,,DEBRIS,MEDIUM,DEBRIS,MEDIUM,1.00,33535,ARIANE 2 DEB,1.00,40785,ARIANE 2 DEB,2025-09-23T23:03:51.458000
1164068458,2025-09-23 21:36:00.000000,Y,458,,DEBRIS,MEDIUM,DEBRIS,MEDIUM,1.00,33535,ARIANE 2 DEB,1.00,40785,ARIANE 2 DEB,2025-09-24T19:01:04.950000
1164068460,2025-09-23 21:36:00.000000,Y,393,,DEBRIS,MEDIUM,DEBRIS,MEDIUM,1.00,33535,ARIANE 2 DEB,1.00,40785,ARIANE 2 DEB,2025-09-25T05:01:25.434000
1164068462,2025-09-23 21:36:00.000000,Y,307,,DEBRIS,MEDIUM,DEBRIS,MEDIUM,1.00,33535,ARIANE 2 DEB,1.00,40785,ARIANE 2 DEB,2025-09-25T15:03:26.077000
1164068464,2025-09-23 21:36:00.000000,Y,193,,DEBRIS,MEDIUM,DEBRIS,MEDIUM,1.00,33535,ARIANE 2 DEB,1.00,40785,ARIANE 2 DEB,2025-09-26T01:08:04.183000
1164067799,2025-09-23 21:35:56.000000,Y,4685,,ROCKET BODY,LARGE,ROCKET BODY,LARGE,3.00,28904,ARIANE 5 R/B,3.00,27504,SL-12 R/B(2),2025-09-26T15:07:46.310000
1164067478,2025-09-23 21:35:53.000000,Y,4685,,ROCKET BODY,LARGE,ROCKET BODY,LARGE,3.00,27504,SL-12 R/B(2),3.00,28904,ARIANE 5 R/B,2025-09-26T15:07:46.310000
1164066729,2025-09-23 21:35:46.000000,Y,3944,,PAYLOAD,LARGE,PAYLOAD,LARGE,5.00,21653,INTELSAT 605,5.00,22087,OPTUS B1 (AUSSAT B1),2025-09-26T14:09:22.639000
1164066755,2025-09-23 21:35:46.000000,Y,3944,,PAYLOAD,LARGE,PAYLOAD,LARGE,5.00,22087,OPTUS B1 (AUSSAT B1),5.00,21653,INTELSAT 605,2025-09-26T14:09:22.639000
1163856881,2025-09-23 13:14:25.000000,Y,185,0.000102434,ROCKET BODY,MEDIUM,DEBRIS,SMALL,3.00,64692,ELECTRON KICK STAGE R/B,1.00,55546,CZ-6A DEB,2025-09-24T13:45:39.790000
1163823549,2025-09-23 13:03:48.000000,Y,570,0.0001022645,ROCKET BODY,LARGE,DEBRIS,,3.00,57835,CZ-6A R/B,1.00,50777,COSMOS 1818 COOLANT,2025-09-25T17:57:31.404000
1163819519,2025-09-23 13:02:44.000000,Y,97,0.0001117191,DEBRIS,SMALL,DEBRIS,SMALL,1.00,55882,CZ-6A DEB,1.00,17272,SL-14 DEB,2025-09-25T21:57:12.672000
1163819164,2025-09-23 13:02:40.000000,Y,185,0.000102434,DEBRIS,SMALL,ROCKET BODY,MEDIUM,1.00,55546,CZ-6A DEB,3.00,64692,ELECTRON KICK STAGE R/B,2025-09-24T13:45:39.790000
1163816217,2025-09-23 13:01:50.000000,Y,244,0.0001654976,DEBRIS,SMALL,DEBRIS,SMALL,1.00,54437,CZ-6A DEB,1.00,34129,COSMOS 2251 DEB,2025-09-24T09:56:44.667000
1163815908,2025-09-23 13:01:45.000000,Y,81,0.000104601,DEBRIS,SMALL,DEBRIS,SMALL,1.00,54350,CZ-6A DEB,1.00,33986,COSMOS 2251 DEB,2025-09-25T05:50:03.219000
1163811621,2025-09-23 13:00:41.000000,Y,965,0.0001602923,ROCKET BODY,LARGE,UNKNOWN,SMALL,3.00,52201,CZ-4C R/B,3.00,81838,UNKNOWN,2025-09-25T23:52:29.006000
1163810385,2025-09-23 13:00:21.000000,Y,570,0.0001022645,DEBRIS,,ROCKET BODY,LARGE,1.00,50777,COSMOS 1818 COOLANT,3.00,57835,CZ-6A R/B,2025-09-25T17:57:31.404000
1163775361,2025-09-23 12:56:49.000000,Y,86,0.001351721,DEBRIS,SMALL,PAYLOAD,LARGE,1.00,42225,COSMOS 1275 DEB,5.00,5917,METEOR 1-11,2025-09-24T17:53:22.894000
1163771787,2025-09-23 12:55:45.000000,Y,100,0.0008807188,DEBRIS,SMALL,ROCKET BODY,LARGE,1.00,40487,DMSP 5D-2 F13 DEB,3.00,5732,SL-3 R/B,2025-09-24T17:29:44.239000
1163767990,2025-09-23 12:54:40.000000,Y,6,0.0003131271,DEBRIS,SMALL,DEBRIS,SMALL,1.00,38309,CZ-4B DEB,1.00,31071,FENGYUN 1C DEB,2025-09-23T12:14:44.651000
1163767214,2025-09-23 12:54:27.000000,Y,168,0.0001222872,DEBRIS,SMALL,ROCKET BODY,MEDIUM,1.00,37959,COSMOS 2251 DEB,3.00,1433,DELTA 1 R/B,2025-09-24T16:39:20.618000
1163767127,2025-09-23 12:54:26.000000,Y,112,0.0001676025,DEBRIS,SMALL,DEBRIS,SMALL,1.00,37865,COSMOS 1417 DEB,1.00,13468,COSMOS 1275 DEB,2025-09-23T16:36:40.022000
1163763559,2025-09-23 12:53:28.000000,Y,496,0.0001069625,DEBRIS,SMALL,ROCKET BODY,LARGE,1.00,35445,COSMOS 2251 DEB,3.00,31699,SL-24 R/B,2025-09-25T06:25:49.780000
1163762918,2025-09-23 12:53:17.000000,Y,778,0.0001230932,DEBRIS,SMALL,UNKNOWN,SMALL,1.00,35171,FENGYUN 1C DEB,3.00,82199,UNKNOWN,2025-09-25T02:09:18.616000
1163760853,2025-09-23 12:52:46.000000,Y,244,0.0001654976,DEBRIS,SMALL,DEBRIS,SMALL,1.00,34129,COSMOS 2251 DEB,1.00,54437,CZ-6A DEB,2025-09-24T09:56:44.667000
1163760563,2025-09-23 12:52:42.000000,Y,81,0.000104601,DEBRIS,SMALL,DEBRIS,SMALL,1.00,33986,COSMOS 2251 DEB,1.00,54350,CZ-6A DEB,2025-09-25T05:50:03.219000
1163758075,2025-09-23 12:52:07.000000,Y,146,0.0001206718,DEBRIS,SMALL,DEBRIS,MEDIUM,1.00,31955,FENGYUN 1C DEB,1.00,26198,CZ-4 DEB,2025-09-24T12:38:25.896000
1163757444,2025-09-23 12:51:58.000000,Y,496,0.0001069625,ROCKET BODY,LARGE,DEBRIS,SMALL,3.00,31699,SL-24 R/B,1.00,35445,COSMOS 2251 DEB,2025-09-25T06:25:49.780000
1163756179,2025-09-23 12:51:38.000000,Y,724,0.0001214118,DEBRIS,SMALL,PAYLOAD,MEDIUM,1.00,31199,FENGYUN 1C DEB,5.00,2828,GGSE 4,2025-09-24T01:38:01.251000
1163755805,2025-09-23 12:51:33.000000,Y,6,0.0003131271,DEBRIS,SMALL,DEBRIS,SMALL,1.00,31071,FENGYUN 1C DEB,1.00,38309,CZ-4B DEB,2025-09-23T12:14:44.651000
1163754967,2025-09-23 12:51:22.000000,Y,954,0.000135223,DEBRIS,SMALL,PAYLOAD,LARGE,1.00,30756,FENGYUN 1C DEB,5.00,25406,COSMOS 2360,2025-09-25T05:02:32.625000
1163749728,2025-09-23 12:50:03.000000,Y,146,0.0001206718,DEBRIS,MEDIUM,DEBRIS,SMALL,1.00,26198,CZ-4 DEB,1.00,31955,FENGYUN 1C DEB,2025-09-24T12:38:25.896000
1163748894,2025-09-23 12:49:50.000000,Y,954,0.000135223,PAYLOAD,LARGE,DEBRIS,SMALL,5.00,25406,COSMOS 2360,1.00,30756,FENGYUN 1C DEB,2025-09-25T05:02:32.625000
1163748650,2025-09-23 12:49:47.000000,Y,56,0.0003644162,DEBRIS,SMALL,DEBRIS,MEDIUM,1.00,25057,SL-8 DEB,1.00,12743,COSMOS 1275 DEB,2025-09-24T00:43:56.463000
1163748116,2025-09-23 12:49:39.000000,Y,639,0.0003859098,PAYLOAD,LARGE,DEBRIS,SMALL,5.00,23827,IRS B3,1.00,4857,THORAD AGENA D DEB,2025-09-25T23:20:12.613000
1163747773,2025-09-23 12:49:33.000000,Y,142,0.0001210084,ROCKET BODY,LARGE,UNKNOWN,SMALL,3.00,22784,SL-14 R/B,3.00,81545,UNKNOWN,2025-09-24T02:17:52.494000
1163745388,2025-09-23 12:48:58.000000,Y,97,0.0001117191,DEBRIS,SMALL,DEBRIS,SMALL,1.00,17272,SL-14 DEB,1.00,55882,CZ-6A DEB,2025-09-25T21:57:12.672000
1163744902,2025-09-23 12:48:51.000000,Y,557,0.001345375,PAYLOAD,LARGE,UNKNOWN,SMALL,5.00,15471,COSMOS 1619,3.00,270247,UNKNOWN,2025-09-26T04:16:24.740000
1163743637,2025-09-23 12:48:31.000000,Y,112,0.0001676025,DEBRIS,SMALL,DEBRIS,SMALL,1.00,13468,COSMOS 1275 DEB,1.00,37865,COSMOS 1417 DEB,2025-09-23T16:36:40.022000
1163743183,2025-09-23 12:48:25.000000,Y,56,0.0003644162,DEBRIS,MEDIUM,DEBRIS,SMALL,1.00,12743,COSMOS 1275 DEB,1.00,25057,SL-8 DEB,2025-09-24T00:43:56.463000
1163741653,2025-09-23 12:47:59.000000,Y,188,0.0002687645,ROCKET BODY,LARGE,UNKNOWN,SMALL,3.00,7594,SL-8 R/B,3.00,87237,UNKNOWN,2025-09-24T23:57:40.443000
1163741275,2025-09-23 12:47:53.000000,Y,86,0.001351721,PAYLOAD,LARGE,DEBRIS,SMALL,5.00,5917,METEOR 1-11,1.00,42225,COSMOS 1275 DEB,2025-09-24T17:53:22.894000
1163741276,2025-09-23 12:47:53.000000,Y,190,0.0003974899,ROCKET BODY,LARGE,DEBRIS,SMALL,3.00,5918,SL-3 R/B,1.00,5430,THORAD AGENA D DEB,2025-09-24T05:28:37.828000
1163741113,2025-09-23 12:47:51.000000,Y,100,0.0008807188,ROCKET BODY,LARGE,DEBRIS,SMALL,3.00,5732,SL-3 R/B,1.00,40487,DMSP 5D-2 F13 DEB,2025-09-24T17:29:44.239000
1163741023,2025-09-23 12:47:50.000000,Y,190,0.0003974899,DEBRIS,SMALL,ROCKET BODY,LARGE,1.00,5430,THORAD AGENA D DEB,3.00,5918,SL-3 R/B,2025-09-24T05:28:37.828000
1163740671,2025-09-23 12:47:45.000000,Y,639,0.0003859098,DEBRIS,SMALL,PAYLOAD,LARGE,1.00,4857,THORAD AGENA D DEB,5.00,23827,IRS B3,2025-09-25T23:20:12.613000
1163739702,2025-09-23 12:47:30.000000,Y,724,0.0001214118,PAYLOAD,MEDIUM,DEBRIS,SMALL,5.00,2828,GGSE 4,1.00,31199,FENGYUN 1C DEB,2025-09-24T01:38:01.251000
1163739413,2025-09-23 12:47:26.000000,Y,168,0.0001222872,ROCKET BODY,MEDIUM,DEBRIS,SMALL,3.00,1433,DELTA 1 R/B,1.00,37959,COSMOS 2251 DEB,2025-09-24T16:39:20.618000
1163725404,2025-09-23 11:41:30.000000,Y,579,,DEBRIS,MEDIUM,DEBRIS,MEDIUM,1.00,40785,ARIANE 2 DEB,1.00,33535,ARIANE 2 DEB,2025-09-23T13:06:35.939000
1163725406,2025-09-23 11:41:28.000000,Y,552,,DEBRIS,MEDIUM,DEBRIS,MEDIUM,1.00,40785,ARIANE 2 DEB,1.00,33535,ARIANE 2 DEB,2025-09-23T23:03:36.707000
1163725408,2025-09-23 11:41:28.000000,Y,512,,DEBRIS,MEDIUM,DEBRIS,MEDIUM,1.00,40785,ARIANE 2 DEB,1.00,33535,ARIANE 2 DEB,2025-09-24T09:01:44.093000
1163725410,2025-09-23 11:41:28.000000,Y,458,,DEBRIS,MEDIUM,DEBRIS,MEDIUM,1.00,40785,ARIANE 2 DEB,1.00,33535,ARIANE 2 DEB,2025-09-24T19:01:08.130000
1163725412,2025-09-23 11:41:28.000000,Y,385,,DEBRIS,MEDIUM,DEBRIS,MEDIUM,1.00,40785,ARIANE 2 DEB,1.00,33535,ARIANE 2 DEB,2025-09-25T05:02:05.507000
1163725414,2025-09-23 11:41:28.000000,Y,288,,DEBRIS,MEDIUM,DEBRIS,MEDIUM,1.00,40785,ARIANE 2 DEB,1.00,33535,ARIANE 2 DEB,2025-09-25T15:05:00.863000
1163724483,2025-09-23 11:41:18.000000,Y,579,,DEBRIS,MEDIUM,DEBRIS,MEDIUM,1.00,33535,ARIANE 2 DEB,1.00,40785,ARIANE 2 DEB,2025-09-23T13:06:35.939000
1163724487,2025-09-23 11:41:18.000000,Y,512,,DEBRIS,MEDIUM,DEBRIS,MEDIUM,1.00,33535,ARIANE 2 DEB,1.00,40785,ARIANE 2 DEB,2025-09-24T09:01:44.093000
1163724485,2025-09-23 11:41:17.000000,Y,552,,DEBRIS,MEDIUM,DEBRIS,MEDIUM,1.00,33535,ARIANE 2 DEB,1.00,40785,ARIANE 2 DEB,2025-09-23T23:03:36.707000
1163724489,2025-09-23 11:41:17.000000,Y,458,,DEBRIS,MEDIUM,DEBRIS,MEDIUM,1.00,33535,ARIANE 2 DEB,1.00,40785,ARIANE 2 DEB,2025-09-24T19:01:08.130000
1163724491,2025-09-23 11:41:17.000000,Y,385,,DEBRIS,MEDIUM,DEBRIS,MEDIUM,1.00,33535,ARIANE 2 DEB,1.00,40785,ARIANE 2 DEB,2025-09-25T05:02:05.507000
1163724493,2025-09-23 11:41:17.000000,Y,288,,DEBRIS,MEDIUM,DEBRIS,MEDIUM,1.00,33535,ARIANE 2 DEB,1.00,40785,ARIANE 2 DEB,2025-09-25T15:05:00.863000
1163508013,2025-09-23 06:57:37.000000,Y,568,0.000106861,ROCKET BODY,LARGE,DEBRIS,,3.00,57835,CZ-6A R/B,1.00,50777,COSMOS 1818 COOLANT,2025-09-25T17:57:31.405000
1163503988,2025-09-23 06:56:38.000000,Y,98,0.000111719,DEBRIS,SMALL,DEBRIS,SMALL,1.00,55882,CZ-6A DEB,1.00,17272,SL-14 DEB,2025-09-25T21:57:12.671000
1163500763,2025-09-23 06:55:44.000000,Y,267,0.0001598862,DEBRIS,SMALL,DEBRIS,SMALL,1.00,54437,CZ-6A DEB,1.00,34129,COSMOS 2251 DEB,2025-09-24T09:56:44.694000
1163500440,2025-09-23 06:55:39.000000,Y,83,0.0001163407,DEBRIS,SMALL,DEBRIS,SMALL,1.00,54350,CZ-6A DEB,1.00,33986,COSMOS 2251 DEB,2025-09-25T05:50:03.219000
1163496180,2025-09-23 06:54:31.000000,Y,882,0.0001654077,ROCKET BODY,LARGE,UNKNOWN,SMALL,3.00,52201,CZ-4C R/B,3.00,81838,UNKNOWN,2025-09-25T23:52:29.023000
1163494841,2025-09-23 06:54:11.000000,Y,568,0.000106861,DEBRIS,,ROCKET BODY,LARGE,1.00,50777,COSMOS 1818 COOLANT,3.00,57835,CZ-6A R/B,2025-09-25T17:57:31.405000
1163480460,2025-09-23 06:50:31.000000,Y,97,0.001673692,DEBRIS,SMALL,PAYLOAD,LARGE,1.00,42225,COSMOS 1275 DEB,5.00,5917,METEOR 1-11,2025-09-24T17:53:22.892000
1163476797,2025-09-23 06:49:40.000000,Y,96,0.0008980618,DEBRIS,SMALL,ROCKET BODY,LARGE,1.00,40487,DMSP 5D-2 F13 DEB,3.00,5732,SL-3 R/B,2025-09-24T17:29:44.240000
1163472998,2025-09-23 06:48:47.000000,Y,6,0.0003131271,DEBRIS,SMALL,DEBRIS,SMALL,1.00,38309,CZ-4B DEB,1.00,31071,FENGYUN 1C DEB,2025-09-23T12:14:44.651000
1163406481,2025-09-23 06:48:36.000000,Y,147,0.0001350203,DEBRIS,SMALL,ROCKET BODY,MEDIUM,1.00,37959,COSMOS 2251 DEB,3.00,1433,DELTA 1 R/B,2025-09-24T16:39:20.612000
1163406386,2025-09-23 06:48:35.000000,Y,194,0.0001784693,DEBRIS,SMALL,DEBRIS,SMALL,1.00,37865,COSMOS 1417 DEB,1.00,13468,COSMOS 1275 DEB,2025-09-23T16:36:40.030000
1163402858,2025-09-23 06:47:44.000000,Y,515,0.0001085161,DEBRIS,SMALL,ROCKET BODY,LARGE,1.00,35445,COSMOS 2251 DEB,3.00,31699,SL-24 R/B,2025-09-25T06:25:49.791000
1163402213,2025-09-23 06:47:34.000000,Y,806,0.0001637175,DEBRIS,SMALL,UNKNOWN,SMALL,1.00,35171,FENGYUN 1C DEB,3.00,82199,UNKNOWN,2025-09-25T02:09:18.863000
1163400091,2025-09-23 06:47:03.000000,Y,244,0.0001817258,DEBRIS,SMALL,DEBRIS,SMALL,1.00,34129,COSMOS 2251 DEB,1.00,54437,CZ-6A DEB,2025-09-24T09:56:44.665000
1163399783,2025-09-23 06:46:59.000000,Y,81,0.0001045995,DEBRIS,SMALL,DEBRIS,SMALL,1.00,33986,COSMOS 2251 DEB,1.00,54350,CZ-6A DEB,2025-09-25T05:50:03.220000
1163427179,2025-09-23 06:43:37.000000,Y,954,0.0001352165,PAYLOAD,LARGE,DEBRIS,SMALL,5.00,25406,COSMOS 2360,1.00,30756,FENGYUN 1C DEB,2025-09-25T05:02:32.625000
1163396880,2025-09-23 06:43:33.000000,Y,76,0.0002418183,DEBRIS,SMALL,DEBRIS,MEDIUM,1.00,25057,SL-8 DEB,1.00,12743,COSMOS 1275 DEB,2025-09-24T00:43:56.467000
1163396354,2025-09-23 06:43:27.000000,Y,606,0.0003830839,PAYLOAD,LARGE,DEBRIS,SMALL,5.00,23827,IRS B3,1.00,4857,THORAD AGENA D DEB,2025-09-25T23:20:12.607000
1163393590,2025-09-23 06:42:53.000000,Y,98,0.000111719,DEBRIS,SMALL,DEBRIS,SMALL,1.00,17272,SL-14 DEB,1.00,55882,CZ-6A DEB,2025-09-25T21:57:12.671000
1163393073,2025-09-23 06:42:47.000000,Y,583,0.001161993,PAYLOAD,LARGE,UNKNOWN,SMALL,5.00,15471,COSMOS 1619,3.00,270247,UNKNOWN,2025-09-26T04:16:24.737000
1163391741,2025-09-23 06:42:19.000000,Y,194,0.0001784693,DEBRIS,SMALL,DEBRIS,SMALL,1.00,13468,COSMOS 1275 DEB,1.00,37865,COSMOS 1417 DEB,2025-09-23T16:36:40.030000
1163391278,2025-09-23 06:42:06.000000,Y,76,0.0002418183,DEBRIS,MEDIUM,DEBRIS,SMALL,1.00,12743,COSMOS 1275 DEB,1.00,25057,SL-8 DEB,2025-09-24T00:43:56.467000
1163389380,2025-09-23 06:41:10.000000,Y,97,0.001673692,PAYLOAD,LARGE,DEBRIS,SMALL,5.00,5917,METEOR 1-11,1.00,42225,COSMOS 1275 DEB,2025-09-24T17:53:22.892000
1163389381,2025-09-23 06:41:10.000000,Y,263,0.0004013079,ROCKET BODY,LARGE,DEBRIS,SMALL,3.00,5918,SL-3 R/B,1.00,5430,THORAD AGENA D DEB,2025-09-24T05:28:37.858000
1163389189,2025-09-23 06:41:04.000000,Y,96,0.0008980618,ROCKET BODY,LARGE,DEBRIS,SMALL,3.00,5732,SL-3 R/B,1.00,40487,DMSP 5D-2 F13 DEB,2025-09-24T17:29:44.240000
1163389089,2025-09-23 06:41:00.000000,Y,263,0.0004013079,DEBRIS,SMALL,ROCKET BODY,LARGE,1.00,5430,THORAD AGENA D DEB,3.00,5918,SL-3 R/B,2025-09-24T05:28:37.858000
1163388741,2025-09-23 06:40:49.000000,Y,606,0.0003830839,DEBRIS,SMALL,PAYLOAD,LARGE,1.00,4857,THORAD AGENA D DEB,5.00,23827,IRS B3,2025-09-25T23:20:12.607000
1163387747,2025-09-23 06:40:18.000000,Y,725,0.0001200211,PAYLOAD,MEDIUM,DEBRIS,SMALL,5.00,2828,GGSE 4,1.00,31199,FENGYUN 1C DEB,2025-09-24T01:38:01.251000
1163387457,2025-09-23 06:40:10.000000,Y,147,0.0001350203,ROCKET BODY,MEDIUM,DEBRIS,SMALL,3.00,1433,DELTA 1 R/B,1.00,37959,COSMOS 2251 DEB,2025-09-24T16:39:20.612000
1163341867,2025-09-23 05:46:26.000000,Y,1513,,DEBRIS,MEDIUM,DEBRIS,MEDIUM,1.00,40785,ARIANE 2 DEB,1.00,33535,ARIANE 2 DEB,2025-09-23T05:33:08.000000
1163341868,2025-09-23 05:46:26.000000,Y,579,,DEBRIS,MEDIUM,DEBRIS,MEDIUM,1.00,40785,ARIANE 2 DEB,1.00,33535,ARIANE 2 DEB,2025-09-23T13:06:35.939000
1163341870,2025-09-23 05:46:26.000000,Y,552,,DEBRIS,MEDIUM,DEBRIS,MEDIUM,1.00,40785,ARIANE 2 DEB,1.00,33535,ARIANE 2 DEB,2025-09-23T23:03:36.707000
1163341872,2025-09-23 05:46:26.000000,Y,512,,DEBRIS,MEDIUM,DEBRIS,MEDIUM,1.00,40785,ARIANE 2 DEB,1.00,33535,ARIANE 2 DEB,2025-09-24T09:01:44.093000
1163341874,2025-09-23 05:46:26.000000,Y,458,,DEBRIS,MEDIUM,DEBRIS,MEDIUM,1.00,40785,ARIANE 2 DEB,1.00,33535,ARIANE 2 DEB,2025-09-24T19:01:08.130000
1163341876,2025-09-23 05:46:26.000000,Y,385,,DEBRIS,MEDIUM,DEBRIS,MEDIUM,1.00,40785,ARIANE 2 DEB,1.00,33535,ARIANE 2 DEB,2025-09-25T05:02:05.507000
1163341878,2025-09-23 05:46:26.000000,Y,288,,DEBRIS,MEDIUM,DEBRIS,MEDIUM,1.00,40785,ARIANE 2 DEB,1.00,33535,ARIANE 2 DEB,2025-09-25T15:05:00.863000
1163340754,2025-09-23 05:46:14.000000,Y,579,,DEBRIS,MEDIUM,DEBRIS,MEDIUM,1.00,33535,ARIANE 2 DEB,1.00,40785,ARIANE 2 DEB,2025-09-23T13:06:35.939000
1163340753,2025-09-23 05:46:13.000000,Y,1513,,DEBRIS,MEDIUM,DEBRIS,MEDIUM,1.00,33535,ARIANE 2 DEB,1.00,40785,ARIANE 2 DEB,2025-09-23T05:33:08.000000
1163340762,2025-09-23 05:46:13.000000,Y,385,,DEBRIS,MEDIUM,DEBRIS,MEDIUM,1.00,33535,ARIANE 2 DEB,1.00,40785,ARIANE 2 DEB,2025-09-25T05:02:05.507000
1163340764,2025-09-23 05:46:13.000000,Y,288,,DEBRIS,MEDIUM,DEBRIS,MEDIUM,1.00,33535,ARIANE 2 DEB,1.00,40785,ARIANE 2 DEB,2025-09-25T15:05:00.863000
1163340756,2025-09-23 05:46:12.000000,Y,552,,DEBRIS,MEDIUM,DEBRIS,MEDIUM,1.00,33535,ARIANE 2 DEB,1.00,40785,ARIANE 2 DEB,2025-09-23T23:03:36.707000
1163340758,2025-09-23 05:46:12.000000,Y,512,,DEBRIS,MEDIUM,DEBRIS,MEDIUM,1.00,33535,ARIANE 2 DEB,1.00,40785,ARIANE 2 DEB,2025-09-24T09:01:44.093000
1163340760,2025-09-23 05:46:12.000000,Y,458,,DEBRIS,MEDIUM,DEBRIS,MEDIUM,1.00,33535,ARIANE 2 DEB,1.00,40785,ARIANE 2 DEB,2025-09-24T19:01:08.130000
1163101326,2025-09-22 23:20:50.000000,Y,509,0.0001032058,ROCKET BODY,LARGE,DEBRIS,,3.00,57835,CZ-6A R/B,1.00,50777,COSMOS 1818 COOLANT,2025-09-25T17:57:31.380000
1163093970,2025-09-22 23:18:57.000000,Y,256,0.0001272087,DEBRIS,SMALL,DEBRIS,SMALL,1.00,54437,CZ-6A DEB,1.00,34129,COSMOS 2251 DEB,2025-09-24T09:56:44.593000
1163093638,2025-09-22 23:18:42.000000,Y,116,0.0001048049,DEBRIS,SMALL,DEBRIS,SMALL,1.00,54350,CZ-6A DEB,1.00,33986,COSMOS 2251 DEB,2025-09-25T05:50:03.153000
1163088253,2025-09-22 23:15:30.000000,Y,509,0.0001032058,DEBRIS,,ROCKET BODY,LARGE,1.00,50777,COSMOS 1818 COOLANT,3.00,57835,CZ-6A R/B,2025-09-25T17:57:31.380000
1163072646,2025-09-22 23:09:53.000000,Y,329,0.0001001362,DEBRIS,SMALL,UNKNOWN,SMALL,1.00,42233,COSMOS 1275 DEB,1.00,270082,UNKNOWN,2025-09-23T10:47:56.897000
1163072631,2025-09-22 23:09:52.000000,Y,44,0.001267505,DEBRIS,SMALL,PAYLOAD,LARGE,1.00,42225,COSMOS 1275 DEB,5.00,5917,METEOR 1-11,2025-09-24T17:53:22.866000
1163068971,2025-09-22 23:09:06.000000,Y,94,0.0008446443,DEBRIS,SMALL,ROCKET BODY,LARGE,1.00,40487,DMSP 5D-2 F13 DEB,3.00,5732,SL-3 R/B,2025-09-24T17:29:44.197000
1163067420,2025-09-22 23:08:47.000000,Y,63,0.0001604206,DEBRIS,SMALL,DEBRIS,SMALL,1.00,39657,COSMOS 1867 COOLANT,1.00,30501,FENGYUN 1C DEB,2025-09-22T23:12:19.175000
1163065110,2025-09-22 23:08:18.000000,Y,164,0.0002320508,DEBRIS,SMALL,DEBRIS,SMALL,1.00,38309,CZ-4B DEB,1.00,31071,FENGYUN 1C DEB,2025-09-23T12:14:44.663000
1163064356,2025-09-22 23:08:07.000000,Y,233,0.0001069183,DEBRIS,SMALL,ROCKET BODY,MEDIUM,1.00,37959,COSMOS 2251 DEB,3.00,1433,DELTA 1 R/B,2025-09-24T16:39:20.586000
1163064257,2025-09-22 23:08:05.000000,Y,330,0.0001052876,DEBRIS,SMALL,DEBRIS,SMALL,1.00,37865,COSMOS 1417 DEB,1.00,13468,COSMOS 1275 DEB,2025-09-23T16:36:40.042000
1163059922,2025-09-22 23:07:09.000000,Y,453,0.0001590141,DEBRIS,SMALL,UNKNOWN,SMALL,1.00,35171,FENGYUN 1C DEB,3.00,82199,UNKNOWN,2025-09-25T02:09:18.795000
1163057844,2025-09-22 23:06:41.000000,Y,256,0.0001272087,DEBRIS,SMALL,DEBRIS,SMALL,1.00,34129,COSMOS 2251 DEB,1.00,54437,CZ-6A DEB,2025-09-24T09:56:44.593000
1163057537,2025-09-22 23:06:37.000000,Y,116,0.0001048049,DEBRIS,SMALL,DEBRIS,SMALL,1.00,33986,COSMOS 2251 DEB,1.00,54350,CZ-6A DEB,2025-09-25T05:50:03.153000
1163053013,2025-09-22 23:05:40.000000,Y,753,0.000116285,DEBRIS,SMALL,PAYLOAD,MEDIUM,1.00,31199,FENGYUN 1C DEB,5.00,2828,GGSE 4,2025-09-24T01:38:01.251000
1163052625,2025-09-22 23:05:34.000000,Y,164,0.0002320508,DEBRIS,SMALL,DEBRIS,SMALL,1.00,31071,FENGYUN 1C DEB,1.00,38309,CZ-4B DEB,2025-09-23T12:14:44.663000
1163051738,2025-09-22 23:05:21.000000,Y,636,0.0003703202,DEBRIS,SMALL,PAYLOAD,LARGE,1.00,30756,FENGYUN 1C DEB,5.00,25406,COSMOS 2360,2025-09-25T05:02:32.580000
1163051021,2025-09-22 23:05:11.000000,Y,63,0.0001604206,DEBRIS,SMALL,DEBRIS,SMALL,1.00,30501,FENGYUN 1C DEB,1.00,39657,COSMOS 1867 COOLANT,2025-09-22T23:12:19.175000
1163045358,2025-09-22 23:03:48.000000,Y,636,0.0003703202,PAYLOAD,LARGE,DEBRIS,SMALL,5.00,25406,COSMOS 2360,1.00,30756,FENGYUN 1C DEB,2025-09-25T05:02:32.580000
1163045102,2025-09-22 23:03:44.000000,Y,83,0.0002189235,DEBRIS,SMALL,DEBRIS,MEDIUM,1.00,25057,SL-8 DEB,1.00,12743,COSMOS 1275 DEB,2025-09-24T00:43:56.470000
1163042464,2025-09-22 23:03:06.000000,Y,563,0.0001253023,PAYLOAD,LARGE,UNKNOWN,SMALL,5.00,19070,OSCAR 23,3.00,270348,UNKNOWN,2025-09-24T06:08:53.739000
1163039751,2025-09-22 23:02:26.000000,Y,330,0.0001052876,DEBRIS,SMALL,DEBRIS,SMALL,1.00,13468,COSMOS 1275 DEB,1.00,37865,COSMOS 1417 DEB,2025-09-23T16:36:40.042000
1163039288,2025-09-22 23:02:19.000000,Y,83,0.0002189235,DEBRIS,MEDIUM,DEBRIS,SMALL,1.00,12743,COSMOS 1275 DEB,1.00,25057,SL-8 DEB,2025-09-24T00:43:56.470000
1163037404,2025-09-22 23:01:52.000000,Y,44,0.001267505,PAYLOAD,LARGE,DEBRIS,SMALL,5.00,5917,METEOR 1-11,1.00,42225,COSMOS 1275 DEB,2025-09-24T17:53:22.866000
1163037405,2025-09-22 23:01:52.000000,Y,148,0.000358544,ROCKET BODY,LARGE,DEBRIS,SMALL,3.00,5918,SL-3 R/B,1.00,5430,THORAD AGENA D DEB,2025-09-24T05:28:37.852000
1163037201,2025-09-22 23:01:49.000000,Y,94,0.0008446443,ROCKET BODY,LARGE,DEBRIS,SMALL,3.00,5732,SL-3 R/B,1.00,40487,DMSP 5D-2 F13 DEB,2025-09-24T17:29:44.197000
1163037099,2025-09-22 23:01:47.000000,Y,148,0.000358544,DEBRIS,SMALL,ROCKET BODY,LARGE,1.00,5430,THORAD AGENA D DEB,3.00,5918,SL-3 R/B,2025-09-24T05:28:37.852000
1163035720,2025-09-22 23:01:27.000000,Y,753,0.000116285,PAYLOAD,MEDIUM,DEBRIS,SMALL,5.00,2828,GGSE 4,1.00,31199,FENGYUN 1C DEB,2025-09-24T01:38:01.251000
1163035478,2025-09-22 23:01:24.000000,Y,416,0.0003982171,PAYLOAD,MEDIUM,UNKNOWN,SMALL,5.00,1738,EXPLORER 30,3.00,81674,UNKNOWN,2025-09-22T22:21:42.729000
1163035407,2025-09-22 23:01:23.000000,Y,233,0.0001069183,ROCKET BODY,MEDIUM,DEBRIS,SMALL,3.00,1433,DELTA 1 R/B,1.00,37959,COSMOS 2251 DEB,2025-09-24T16:39:20.586000
1162881924,2025-09-22 22:06:51.000000,Y,595,,DEBRIS,MEDIUM,DEBRIS,MEDIUM,1.00,40785,ARIANE 2 DEB,1.00,33535,ARIANE 2 DEB,2025-09-23T03:10:48.139000
1162881923,2025-09-22 22:06:48.000000,Y,2150,,DEBRIS,MEDIUM,DEBRIS,MEDIUM,1.00,40785,ARIANE 2 DEB,1.00,33535,ARIANE 2 DEB,2025-09-22T21:56:36.000000
1162881926,2025-09-22 22:06:48.000000,Y,575,,DEBRIS,MEDIUM,DEBRIS,MEDIUM,1.00,40785,ARIANE 2 DEB,1.00,33535,ARIANE 2 DEB,2025-09-23T13:07:01.581000
1162881928,2025-09-22 22:06:48.000000,Y,542,,DEBRIS,MEDIUM,DEBRIS,MEDIUM,1.00,40785,ARIANE 2 DEB,1.00,33535,ARIANE 2 DEB,2025-09-23T23:04:32.118000
1162881930,2025-09-22 22:06:48.000000,Y,494,,DEBRIS,MEDIUM,DEBRIS,MEDIUM,1.00,40785,ARIANE 2 DEB,1.00,33535,ARIANE 2 DEB,2025-09-24T09:03:22.284000
1162881932,2025-09-22 22:06:48.000000,Y,430,,DEBRIS,MEDIUM,DEBRIS,MEDIUM,1.00,40785,ARIANE 2 DEB,1.00,33535,ARIANE 2 DEB,2025-09-24T19:03:38.204000
1162881934,2025-09-22 22:06:48.000000,Y,343,,DEBRIS,MEDIUM,DEBRIS,MEDIUM,1.00,40785,ARIANE 2 DEB,1.00,33535,ARIANE 2 DEB,2025-09-25T05:05:43.555000
1162881936,2025-09-22 22:06:48.000000,Y,230,,DEBRIS,MEDIUM,DEBRIS,MEDIUM,1.00,40785,ARIANE 2 DEB,1.00,33535,ARIANE 2 DEB,2025-09-25T15:10:06.158000
1162879267,2025-09-22 22:06:39.000000,Y,2150,,DEBRIS,MEDIUM,DEBRIS,MEDIUM,1.00,33535,ARIANE 2 DEB,1.00,40785,ARIANE 2 DEB,2025-09-22T21:56:36.000000
1162879268,2025-09-22 22:06:39.000000,Y,595,,DEBRIS,MEDIUM,DEBRIS,MEDIUM,1.00,33535,ARIANE 2 DEB,1.00,40785,ARIANE 2 DEB,2025-09-23T03:10:48.139000
1162879270,2025-09-22 22:06:39.000000,Y,575,,DEBRIS,MEDIUM,DEBRIS,MEDIUM,1.00,33535,ARIANE 2 DEB,1.00,40785,ARIANE 2 DEB,2025-09-23T13:07:01.581000
1162879272,2025-09-22 22:06:39.000000,Y,542,,DEBRIS,MEDIUM,DEBRIS,MEDIUM,1.00,33535,ARIANE 2 DEB,1.00,40785,ARIANE 2 DEB,2025-09-23T23:04:32.118000
1162879274,2025-09-22 22:06:39.000000,Y,494,,DEBRIS,MEDIUM,DEBRIS,MEDIUM,1.00,33535,ARIANE 2 DEB,1.00,40785,ARIANE 2 DEB,2025-09-24T09:03:22.284000
1162879276,2025-09-22 22:06:39.000000,Y,430,,DEBRIS,MEDIUM,DEBRIS,MEDIUM,1.00,33535,ARIANE 2 DEB,1.00,40785,ARIANE 2 DEB,2025-09-24T19:03:38.204000
1162879278,2025-09-22 22:06:39.000000,Y,343,,DEBRIS,MEDIUM,DEBRIS,MEDIUM,1.00,33535,ARIANE 2 DEB,1.00,40785,ARIANE 2 DEB,2025-09-25T05:05:43.555000
1162879280,2025-09-22 22:06:39.000000,Y,230,,DEBRIS,MEDIUM,DEBRIS,MEDIUM,1.00,33535,ARIANE 2 DEB,1.00,40785,ARIANE 2 DEB,2025-09-25T15:10:06.158000
1162644886,2025-09-22 12:23:39.000000,Y,33,0.0001257449,DEBRIS,SMALL,UNKNOWN,SMALL,1.00,42233,COSMOS 1275 DEB,1.00,270082,UNKNOWN,2025-09-23T10:47:56.935000
1162643573,2025-09-22 12:23:24.000000,Y,62,0.005871,DEBRIS,SMALL,PAYLOAD,LARGE,1.00,41409,NOAA 16 DEB,5.00,24841,IRIDIUM 16,2025-09-22T19:17:49.828000
1162642324,2025-09-22 12:23:12.000000,Y,46,0.0002162839,DEBRIS,SMALL,DEBRIS,SMALL,1.00,41064,NOAA 16 DEB,1.00,48711,NOAA 17 DEB,2025-09-23T01:34:33.717000
1162641327,2025-09-22 12:23:02.000000,Y,104,0.0008304822,DEBRIS,SMALL,ROCKET BODY,LARGE,1.00,40487,DMSP 5D-2 F13 DEB,3.00,5732,SL-3 R/B,2025-09-24T17:29:44.490000
1162639840,2025-09-22 12:22:49.000000,Y,126,0.0001132286,DEBRIS,SMALL,DEBRIS,SMALL,1.00,39657,COSMOS 1867 COOLANT,1.00,30501,FENGYUN 1C DEB,2025-09-22T23:12:19.213000
1162637206,2025-09-22 12:22:23.000000,Y,284,0.0001186728,DEBRIS,SMALL,ROCKET BODY,LARGE,1.00,38149,FENGYUN 1C DEB,3.00,14241,SL-8 R/B,2025-09-25T06:15:58.508000
1162632042,2025-09-22 12:21:29.000000,Y,612,0.0002512198,DEBRIS,SMALL,PAYLOAD,LARGE,1.00,34964,COSMOS 2251 DEB,5.00,8072,COSMOS 755,2025-09-24T00:50:54.219000
1162625971,2025-09-22 12:20:26.000000,Y,588,0.0001573786,DEBRIS,SMALL,PAYLOAD,MEDIUM,1.00,31199,FENGYUN 1C DEB,5.00,2828,GGSE 4,2025-09-24T01:38:01.270000
1162624109,2025-09-22 12:20:08.000000,Y,126,0.0001132286,DEBRIS,SMALL,DEBRIS,SMALL,1.00,30501,FENGYUN 1C DEB,1.00,39657,COSMOS 1867 COOLANT,2025-09-22T23:12:19.213000
1162618637,2025-09-22 12:19:20.000000,Y,115,0.0001284771,DEBRIS,SMALL,DEBRIS,MEDIUM,1.00,25057,SL-8 DEB,1.00,12743,COSMOS 1275 DEB,2025-09-24T00:43:56.506000
1162618466,2025-09-22 12:19:17.000000,Y,62,0.005871,PAYLOAD,LARGE,DEBRIS,SMALL,5.00,24841,IRIDIUM 16,1.00,41409,NOAA 16 DEB,2025-09-22T19:17:49.828000
1162617598,2025-09-22 12:19:11.000000,Y,199,0.0001049909,DEBRIS,SMALL,DEBRIS,SMALL,1.00,22455,SL-16 DEB,1.00,1312,DELTA 1 DEB,2025-09-22T17:33:35.117000
1162616559,2025-09-22 12:19:02.000000,Y,439,0.000234067,PAYLOAD,MEDIUM,UNKNOWN,SMALL,5.00,20442,OSCAR 19 (LUSAT),3.00,87271,UNKNOWN,2025-09-24T20:54:14.036000
1162614301,2025-09-22 12:18:42.000000,Y,284,0.0001186728,ROCKET BODY,LARGE,DEBRIS,SMALL,3.00,14241,SL-8 R/B,1.00,38149,FENGYUN 1C DEB,2025-09-25T06:15:58.508000
1162613261,2025-09-22 12:18:33.000000,Y,115,0.0001284771,DEBRIS,MEDIUM,DEBRIS,SMALL,1.00,12743,COSMOS 1275 DEB,1.00,25057,SL-8 DEB,2025-09-24T00:43:56.506000
1162611824,2025-09-22 12:18:20.000000,Y,159,0.0001393437,ROCKET BODY,LARGE,UNKNOWN,SMALL,3.00,7594,SL-8 R/B,3.00,87237,UNKNOWN,2025-09-24T23:57:40.476000
1162611899,2025-09-22 12:18:20.000000,Y,612,0.0002512198,PAYLOAD,LARGE,DEBRIS,SMALL,5.00,8072,COSMOS 755,1.00,34964,COSMOS 2251 DEB,2025-09-24T00:50:54.219000
1162611494,2025-09-22 12:18:16.000000,Y,792,0.0001122276,ROCKET BODY,LARGE,DEBRIS,SMALL,3.00,5918,SL-3 R/B,1.00,5430,THORAD AGENA D DEB,2025-09-24T05:28:37.901000
1162611370,2025-09-22 12:18:15.000000,Y,104,0.0008304822,ROCKET BODY,LARGE,DEBRIS,SMALL,3.00,5732,SL-3 R/B,1.00,40487,DMSP 5D-2 F13 DEB,2025-09-24T17:29:44.490000
1162611282,2025-09-22 12:18:13.000000,Y,792,0.0001122276,DEBRIS,SMALL,ROCKET BODY,LARGE,1.00,5430,THORAD AGENA D DEB,3.00,5918,SL-3 R/B,2025-09-24T05:28:37.901000
1162609985,2025-09-22 12:17:58.000000,Y,588,0.0001573786,PAYLOAD,MEDIUM,DEBRIS,SMALL,5.00,2828,GGSE 4,1.00,31199,FENGYUN 1C DEB,2025-09-24T01:38:01.270000
1162609762,2025-09-22 12:17:57.000000,Y,451,0.0003110242,PAYLOAD,MEDIUM,UNKNOWN,SMALL,5.00,1738,EXPLORER 30,3.00,81674,UNKNOWN,2025-09-22T22:21:42.735000
1162609655,2025-09-22 12:17:55.000000,Y,199,0.0001049909,DEBRIS,SMALL,DEBRIS,SMALL,1.00,1312,DELTA 1 DEB,1.00,22455,SL-16 DEB,2025-09-22T17:33:35.117000
1162556831,2025-09-22 11:29:03.000000,Y,2109,,DEBRIS,MEDIUM,DEBRIS,MEDIUM,1.00,40785,ARIANE 2 DEB,1.00,33535,ARIANE 2 DEB,2025-09-22T11:14:07.000000
1162556832,2025-09-22 11:29:03.000000,Y,613,,DEBRIS,MEDIUM,DEBRIS,MEDIUM,1.00,40785,ARIANE 2 DEB,1.00,33535,ARIANE 2 DEB,2025-09-22T17:14:48.089000
1162556834,2025-09-22 11:29:03.000000,Y,616,,DEBRIS,MEDIUM,DEBRIS,MEDIUM,1.00,40785,ARIANE 2 DEB,1.00,33535,ARIANE 2 DEB,2025-09-23T03:08:45.737000
1162556836,2025-09-22 11:29:03.000000,Y,614,,DEBRIS,MEDIUM,DEBRIS,MEDIUM,1.00,40785,ARIANE 2 DEB,1.00,33535,ARIANE 2 DEB,2025-09-23T13:03:10.485000
1162556838,2025-09-22 11:29:03.000000,Y,604,,DEBRIS,MEDIUM,DEBRIS,MEDIUM,1.00,40785,ARIANE 2 DEB,1.00,33535,ARIANE 2 DEB,2025-09-23T22:58:27.614000
1162556840,2025-09-22 11:29:03.000000,Y,587,,DEBRIS,MEDIUM,DEBRIS,MEDIUM,1.00,40785,ARIANE 2 DEB,1.00,33535,ARIANE 2 DEB,2025-09-24T08:54:28.721000
1162556842,2025-09-22 11:29:03.000000,Y,562,,DEBRIS,MEDIUM,DEBRIS,MEDIUM,1.00,40785,ARIANE 2 DEB,1.00,33535,ARIANE 2 DEB,2025-09-24T18:51:12.708000
1162556844,2025-09-22 11:29:03.000000,Y,529,,DEBRIS,MEDIUM,DEBRIS,MEDIUM,1.00,40785,ARIANE 2 DEB,1.00,33535,ARIANE 2 DEB,2025-09-25T04:48:45.460000
1162555893,2025-09-22 11:28:51.000000,Y,613,,DEBRIS,MEDIUM,DEBRIS,MEDIUM,1.00,33535,ARIANE 2 DEB,1.00,40785,ARIANE 2 DEB,2025-09-22T17:14:48.089000
1162555901,2025-09-22 11:28:51.000000,Y,587,,DEBRIS,MEDIUM,DEBRIS,MEDIUM,1.00,33535,ARIANE 2 DEB,1.00,40785,ARIANE 2 DEB,2025-09-24T08:54:28.721000
1162555905,2025-09-22 11:28:51.000000,Y,529,,DEBRIS,MEDIUM,DEBRIS,MEDIUM,1.00,33535,ARIANE 2 DEB,1.00,40785,ARIANE 2 DEB,2025-09-25T04:48:45.460000
1162555892,2025-09-22 11:28:50.000000,Y,2109,,DEBRIS,MEDIUM,DEBRIS,MEDIUM,1.00,33535,ARIANE 2 DEB,1.00,40785,ARIANE 2 DEB,2025-09-22T11:14:07.000000
1162555895,2025-09-22 11:28:50.000000,Y,616,,DEBRIS,MEDIUM,DEBRIS,MEDIUM,1.00,33535,ARIANE 2 DEB,1.00,40785,ARIANE 2 DEB,2025-09-23T03:08:45.737000
1162555897,2025-09-22 11:28:50.000000,Y,614,,DEBRIS,MEDIUM,DEBRIS,MEDIUM,1.00,33535,ARIANE 2 DEB,1.00,40785,ARIANE 2 DEB,2025-09-23T13:03:10.485000
1162555899,2025-09-22 11:28:50.000000,Y,604,,DEBRIS,MEDIUM,DEBRIS,MEDIUM,1.00,33535,ARIANE 2 DEB,1.00,40785,ARIANE 2 DEB,2025-09-23T22:58:27.614000
1162555903,2025-09-22 11:28:50.000000,Y,562,,DEBRIS,MEDIUM,DEBRIS,MEDIUM,1.00,33535,ARIANE 2 DEB,1.00,40785,ARIANE 2 DEB,2025-09-24T18:51:12.708000
1162555267,2025-09-22 11:28:40.000000,Y,2042,,ROCKET BODY,LARGE,PAYLOAD,LARGE,3.00,28138,BLOCK DM-SL R/B,5.00,4353,NATO 2A,2025-09-22T12:22:21.399000
1162553570,2025-09-22 11:27:39.000000,Y,2042,,PAYLOAD,LARGE,ROCKET BODY,LARGE,5.00,4353,NATO 2A,3.00,28138,BLOCK DM-SL R/B,2025-09-22T12:22:21.399000
1162406316,2025-09-22 05:34:59.000000,Y,54,0.0001408586,DEBRIS,SMALL,DEBRIS,SMALL,1.00,48711,NOAA 17 DEB,1.00,41064,NOAA 16 DEB,2025-09-23T01:34:33.607000
1162401791,2025-09-22 05:33:19.000000,Y,174,0.000108236,DEBRIS,SMALL,DEBRIS,SMALL,1.00,45320,SL-14 DEB,1.00,42561,DELTA 1 DEB,2025-09-25T01:31:50.915000
1162484098,2025-09-22 05:30:39.000000,Y,174,0.000108236,DEBRIS,SMALL,DEBRIS,SMALL,1.00,42561,DELTA 1 DEB,1.00,45320,SL-14 DEB,2025-09-25T01:31:50.915000
1162483403,2025-09-22 05:30:23.000000,Y,319,0.0004793729,DEBRIS,SMALL,PAYLOAD,LARGE,1.00,42225,COSMOS 1275 DEB,5.00,5917,METEOR 1-11,2025-09-24T17:53:22.973000
1162482136,2025-09-22 05:29:51.000000,Y,78,0.002894809,DEBRIS,SMALL,PAYLOAD,LARGE,1.00,41409,NOAA 16 DEB,5.00,24841,IRIDIUM 16,2025-09-22T19:17:49.801000
1162480909,2025-09-22 05:29:26.000000,Y,54,0.0001408586,DEBRIS,SMALL,DEBRIS,SMALL,1.00,41064,NOAA 16 DEB,1.00,48711,NOAA 17 DEB,2025-09-23T01:34:33.607000
1162479903,2025-09-22 05:29:05.000000,Y,92,0.0009263648,DEBRIS,SMALL,ROCKET BODY,LARGE,1.00,40487,DMSP 5D-2 F13 DEB,3.00,5732,SL-3 R/B,2025-09-24T17:29:44.314000
1162478436,2025-09-22 05:28:37.000000,Y,63,0.0002095081,DEBRIS,SMALL,DEBRIS,SMALL,1.00,39657,COSMOS 1867 COOLANT,1.00,30501,FENGYUN 1C DEB,2025-09-22T23:12:19.180000
1162476489,2025-09-22 05:27:53.000000,Y,178,0.0001398761,DEBRIS,SMALL,UNKNOWN,SMALL,1.00,38539,METEOR 2-17 DEB,3.00,89172,UNKNOWN,2025-09-22T19:10:42.135000
1162466743,2025-09-22 05:21:34.000000,Y,61,0.0001142775,DEBRIS,SMALL,UNKNOWN,SMALL,1.00,32218,FENGYUN 1C DEB,3.00,81995,UNKNOWN,2025-09-23T05:19:16.114000
1162464357,2025-09-22 05:19:55.000000,Y,694,0.0001269901,DEBRIS,SMALL,PAYLOAD,MEDIUM,1.00,31199,FENGYUN 1C DEB,5.00,2828,GGSE 4,2025-09-24T01:38:01.253000
1162463133,2025-09-22 05:18:31.000000,Y,934,0.0002334109,DEBRIS,SMALL,PAYLOAD,LARGE,1.00,30756,FENGYUN 1C DEB,5.00,25406,COSMOS 2360,2025-09-25T05:02:32.643000
1162462434,2025-09-22 05:17:57.000000,Y,63,0.0002095081,DEBRIS,SMALL,DEBRIS,SMALL,1.00,30501,FENGYUN 1C DEB,1.00,39657,COSMOS 1867 COOLANT,2025-09-22T23:12:19.180000
1162417115,2025-09-22 05:10:56.000000,Y,934,0.0002334109,PAYLOAD,LARGE,DEBRIS,SMALL,5.00,25406,COSMOS 2360,1.00,30756,FENGYUN 1C DEB,2025-09-25T05:02:32.643000
1162416880,2025-09-22 05:10:50.000000,Y,118,0.0001709085,DEBRIS,SMALL,DEBRIS,MEDIUM,1.00,25057,SL-8 DEB,1.00,12743,COSMOS 1275 DEB,2025-09-24T00:43:56.485000
1162416705,2025-09-22 05:10:47.000000,Y,78,0.002894809,PAYLOAD,LARGE,DEBRIS,SMALL,5.00,24841,IRIDIUM 16,1.00,41409,NOAA 16 DEB,2025-09-22T19:17:49.801000
1162411505,2025-09-22 05:09:15.000000,Y,118,0.0001709085,DEBRIS,MEDIUM,DEBRIS,SMALL,1.00,12743,COSMOS 1275 DEB,1.00,25057,SL-8 DEB,2025-09-24T00:43:56.485000
1162409654,2025-09-22 05:08:50.000000,Y,319,0.0004793729,PAYLOAD,LARGE,DEBRIS,SMALL,5.00,5917,METEOR 1-11,1.00,42225,COSMOS 1275 DEB,2025-09-24T17:53:22.973000
1162409523,2025-09-22 05:08:49.000000,Y,92,0.0009263648,ROCKET BODY,LARGE,DEBRIS,SMALL,3.00,5732,SL-3 R/B,1.00,40487,DMSP 5D-2 F13 DEB,2025-09-24T17:29:44.314000
1162408119,2025-09-22 05:08:30.000000,Y,694,0.0001269901,PAYLOAD,MEDIUM,DEBRIS,SMALL,5.00,2828,GGSE 4,1.00,31199,FENGYUN 1C DEB,2025-09-24T01:38:01.253000
1162407884,2025-09-22 05:08:27.000000,Y,436,0.0005929186,PAYLOAD,MEDIUM,UNKNOWN,SMALL,5.00,1738,EXPLORER 30,3.00,81674,UNKNOWN,2025-09-22T22:21:42.730000
1162205784,2025-09-22 04:08:41.000000,Y,610,,DEBRIS,MEDIUM,DEBRIS,MEDIUM,1.00,40785,ARIANE 2 DEB,1.00,33535,ARIANE 2 DEB,2025-09-23T03:09:20.209000
1162205788,2025-09-22 04:08:40.000000,Y,577,,DEBRIS,MEDIUM,DEBRIS,MEDIUM,1.00,40785,ARIANE 2 DEB,1.00,33535,ARIANE 2 DEB,2025-09-23T23:01:09.109000
1162205780,2025-09-22 04:08:39.000000,Y,607,,DEBRIS,MEDIUM,DEBRIS,MEDIUM,1.00,40785,ARIANE 2 DEB,1.00,33535,ARIANE 2 DEB,2025-09-22T07:21:07.418000
1162205782,2025-09-22 04:08:39.000000,Y,612,,DEBRIS,MEDIUM,DEBRIS,MEDIUM,1.00,40785,ARIANE 2 DEB,1.00,33535,ARIANE 2 DEB,2025-09-22T17:14:52.176000
1162205786,2025-09-22 04:08:39.000000,Y,598,,DEBRIS,MEDIUM,DEBRIS,MEDIUM,1.00,40785,ARIANE 2 DEB,1.00,33535,ARIANE 2 DEB,2025-09-23T13:04:45.052000
1162205790,2025-09-22 04:08:39.000000,Y,548,,DEBRIS,MEDIUM,DEBRIS,MEDIUM,1.00,40785,ARIANE 2 DEB,1.00,33535,ARIANE 2 DEB,2025-09-24T08:58:18.286000
1162205792,2025-09-22 04:08:39.000000,Y,511,,DEBRIS,MEDIUM,DEBRIS,MEDIUM,1.00,40785,ARIANE 2 DEB,1.00,33535,ARIANE 2 DEB,2025-09-24T18:56:12.462000
1162205653,2025-09-22 04:08:36.000000,Y,2940,,DEBRIS,SMALL,ROCKET BODY,MEDIUM,1.00,40200,CZ-3C DEB,3.00,21904,METEOSAT 5 AKM,2025-09-22T08:48:55.664000
1162204777,2025-09-22 04:08:25.000000,Y,548,,DEBRIS,MEDIUM,DEBRIS,MEDIUM,1.00,33535,ARIANE 2 DEB,1.00,40785,ARIANE 2 DEB,2025-09-24T08:58:18.286000
1162204779,2025-09-22 04:08:24.000000,Y,511,,DEBRIS,MEDIUM,DEBRIS,MEDIUM,1.00,33535,ARIANE 2 DEB,1.00,40785,ARIANE 2 DEB,2025-09-24T18:56:12.462000
1162204767,2025-09-22 04:08:23.000000,Y,607,,DEBRIS,MEDIUM,DEBRIS,MEDIUM,1.00,33535,ARIANE 2 DEB,1.00,40785,ARIANE 2 DEB,2025-09-22T07:21:07.418000
1162204769,2025-09-22 04:08:23.000000,Y,612,,DEBRIS,MEDIUM,DEBRIS,MEDIUM,1.00,33535,ARIANE 2 DEB,1.00,40785,ARIANE 2 DEB,2025-09-22T17:14:52.176000
1162204771,2025-09-22 04:08:23.000000,Y,610,,DEBRIS,MEDIUM,DEBRIS,MEDIUM,1.00,33535,ARIANE 2 DEB,1.00,40785,ARIANE 2 DEB,2025-09-23T03:09:20.209000
1162204773,2025-09-22 04:08:23.000000,Y,598,,DEBRIS,MEDIUM,DEBRIS,MEDIUM,1.00,33535,ARIANE 2 DEB,1.00,40785,ARIANE 2 DEB,2025-09-23T13:04:45.052000
1162204775,2025-09-22 04:08:23.000000,Y,577,,DEBRIS,MEDIUM,DEBRIS,MEDIUM,1.00,33535,ARIANE 2 DEB,1.00,40785,ARIANE 2 DEB,2025-09-23T23:01:09.109000
1162204059,2025-09-22 04:08:09.000000,Y,2047,,ROCKET BODY,LARGE,PAYLOAD,LARGE,3.00,28138,BLOCK DM-SL R/B,5.00,4353,NATO 2A,2025-09-22T12:22:21.381000
1162203018,2025-09-22 04:07:48.000000,Y,2940,,ROCKET BODY,MEDIUM,DEBRIS,SMALL,3.00,21904,METEOSAT 5 AKM,1.00,40200,CZ-3C DEB,2025-09-22T08:48:55.664000
1162202197,2025-09-22 04:07:32.000000,Y,2047,,PAYLOAD,LARGE,ROCKET BODY,LARGE,5.00,4353,NATO 2A,3.00,28138,BLOCK DM-SL R/B,2025-09-22T12:22:21.381000
1161951572,2025-09-22 00:45:44.000000,Y,669,0.000150962,DEBRIS,SMALL,PAYLOAD,SMALL,1.00,38272,METEOR 2-5 DEB,5.00,26080,PICOSAT 1&2 (TETHERED),2025-09-23T12:25:24.162000
1161942182,2025-09-22 00:44:15.000000,Y,61,0.0001142775,DEBRIS,SMALL,UNKNOWN,SMALL,1.00,32218,FENGYUN 1C DEB,3.00,81995,UNKNOWN,2025-09-23T05:19:16.114000
1162036824,2025-09-22 00:43:50.000000,Y,702,0.0001347851,DEBRIS,SMALL,PAYLOAD,MEDIUM,1.00,31199,FENGYUN 1C DEB,5.00,2828,GGSE 4,2025-09-24T01:38:01.254000
1162034871,2025-09-22 00:43:32.000000,Y,62,0.0002095082,DEBRIS,SMALL,DEBRIS,SMALL,1.00,30501,FENGYUN 1C DEB,1.00,39657,COSMOS 1867 COOLANT,2025-09-22T23:12:19.180000
1162029861,2025-09-22 00:42:48.000000,Y,669,0.000150962,PAYLOAD,SMALL,DEBRIS,SMALL,5.00,26080,PICOSAT 1&2 (TETHERED),1.00,38272,METEOR 2-5 DEB,2025-09-23T12:25:24.162000
1161961555,2025-09-22 00:42:41.000000,Y,118,0.0001709086,DEBRIS,SMALL,DEBRIS,MEDIUM,1.00,25057,SL-8 DEB,1.00,12743,COSMOS 1275 DEB,2025-09-24T00:43:56.485000
1161961374,2025-09-22 00:42:39.000000,Y,77,0.003048119,PAYLOAD,LARGE,DEBRIS,SMALL,5.00,24841,IRIDIUM 16,1.00,41409,NOAA 16 DEB,2025-09-22T19:17:49.802000
1161959863,2025-09-22 00:42:25.000000,Y,39,0.0003979694,DEBRIS,SMALL,DEBRIS,SMALL,1.00,21250,SL-8 DEB,1.00,7163,DELTA 1 DEB,2025-09-22T03:07:08.409000
1161956128,2025-09-22 00:41:45.000000,Y,118,0.0001709086,DEBRIS,MEDIUM,DEBRIS,SMALL,1.00,12743,COSMOS 1275 DEB,1.00,25057,SL-8 DEB,2025-09-24T00:43:56.485000
1161955475,2025-09-22 00:41:39.000000,Y,238,0.000117913,DEBRIS,SMALL,DEBRIS,SMALL,1.00,10713,DELTA 1 DEB,1.00,5187,COSMOS 397 DEB,2025-09-22T08:49:09.881000
1161954468,2025-09-22 00:41:29.000000,Y,76,0.0001936374,DEBRIS,SMALL,DEBRIS,SMALL,1.00,7163,DELTA 1 DEB,1.00,21250,SL-8 DEB,2025-09-22T03:07:08.412000
1161954225,2025-09-22 00:41:26.000000,Y,325,0.0006250237,PAYLOAD,LARGE,DEBRIS,SMALL,5.00,5917,METEOR 1-11,1.00,42225,COSMOS 1275 DEB,2025-09-24T17:53:22.971000
1161954089,2025-09-22 00:41:25.000000,Y,92,0.0009195881,ROCKET BODY,LARGE,DEBRIS,SMALL,3.00,5732,SL-3 R/B,1.00,40487,DMSP 5D-2 F13 DEB,2025-09-24T17:29:44.314000
1161953900,2025-09-22 00:41:23.000000,Y,238,0.000117913,DEBRIS,SMALL,DEBRIS,SMALL,1.00,5187,COSMOS 397 DEB,1.00,10713,DELTA 1 DEB,2025-09-22T08:49:09.881000
1161952646,2025-09-22 00:41:12.000000,Y,702,0.0001347851,PAYLOAD,MEDIUM,DEBRIS,SMALL,5.00,2828,GGSE 4,1.00,31199,FENGYUN 1C DEB,2025-09-24T01:38:01.254000
1161952404,2025-09-22 00:41:09.000000,Y,388,0.0008549901,PAYLOAD,MEDIUM,UNKNOWN,SMALL,5.00,1738,EXPLORER 30,3.00,81674,UNKNOWN,2025-09-22T22:21:42.736000
1161872824,2025-09-21 23:33:44.000000,Y,1216,,DEBRIS,MEDIUM,DEBRIS,MEDIUM,1.00,40785,ARIANE 2 DEB,1.00,33535,ARIANE 2 DEB,2025-09-21T23:23:46.000000
1161872825,2025-09-21 23:33:44.000000,Y,607,,DEBRIS,MEDIUM,DEBRIS,MEDIUM,1.00,40785,ARIANE 2 DEB,1.00,33535,ARIANE 2 DEB,2025-09-22T07:21:07.418000
1161872827,2025-09-21 23:33:44.000000,Y,612,,DEBRIS,MEDIUM,DEBRIS,MEDIUM,1.00,40785,ARIANE 2 DEB,1.00,33535,ARIANE 2 DEB,2025-09-22T17:14:52.176000
1161872829,2025-09-21 23:33:44.000000,Y,610,,DEBRIS,MEDIUM,DEBRIS,MEDIUM,1.00,40785,ARIANE 2 DEB,1.00,33535,ARIANE 2 DEB,2025-09-23T03:09:20.208000
1161872831,2025-09-21 23:33:44.000000,Y,598,,DEBRIS,MEDIUM,DEBRIS,MEDIUM,1.00,40785,ARIANE 2 DEB,1.00,33535,ARIANE 2 DEB,2025-09-23T13:04:45.052000
1161872833,2025-09-21 23:33:44.000000,Y,577,,DEBRIS,MEDIUM,DEBRIS,MEDIUM,1.00,40785,ARIANE 2 DEB,1.00,33535,ARIANE 2 DEB,2025-09-23T23:01:09.110000
1161872835,2025-09-21 23:33:44.000000,Y,548,,DEBRIS,MEDIUM,DEBRIS,MEDIUM,1.00,40785,ARIANE 2 DEB,1.00,33535,ARIANE 2 DEB,2025-09-24T08:58:18.286000
1161872837,2025-09-21 23:33:44.000000,Y,511,,DEBRIS,MEDIUM,DEBRIS,MEDIUM,1.00,40785,ARIANE 2 DEB,1.00,33535,ARIANE 2 DEB,2025-09-24T18:56:12.462000
1161871960,2025-09-21 23:33:38.000000,Y,1216,,DEBRIS,MEDIUM,DEBRIS,MEDIUM,1.00,33535,ARIANE 2 DEB,1.00,40785,ARIANE 2 DEB,2025-09-21T23:23:46.000000
1161871961,2025-09-21 23:33:37.000000,Y,607,,DEBRIS,MEDIUM,DEBRIS,MEDIUM,1.00,33535,ARIANE 2 DEB,1.00,40785,ARIANE 2 DEB,2025-09-22T07:21:07.418000
1161871963,2025-09-21 23:33:37.000000,Y,612,,DEBRIS,MEDIUM,DEBRIS,MEDIUM,1.00,33535,ARIANE 2 DEB,1.00,40785,ARIANE 2 DEB,2025-09-22T17:14:52.176000
1161871965,2025-09-21 23:33:37.000000,Y,610,,DEBRIS,MEDIUM,DEBRIS,MEDIUM,1.00,33535,ARIANE 2 DEB,1.00,40785,ARIANE 2 DEB,2025-09-23T03:09:20.208000
1161871967,2025-09-21 23:33:37.000000,Y,598,,DEBRIS,MEDIUM,DEBRIS,MEDIUM,1.00,33535,ARIANE 2 DEB,1.00,40785,ARIANE 2 DEB,2025-09-23T13:04:45.052000
1161871969,2025-09-21 23:33:37.000000,Y,577,,DEBRIS,MEDIUM,DEBRIS,MEDIUM,1.00,33535,ARIANE 2 DEB,1.00,40785,ARIANE 2 DEB,2025-09-23T23:01:09.110000
1161871971,2025-09-21 23:33:37.000000,Y,548,,DEBRIS,MEDIUM,DEBRIS,MEDIUM,1.00,33535,ARIANE 2 DEB,1.00,40785,ARIANE 2 DEB,2025-09-24T08:58:18.286000
1161871973,2025-09-21 23:33:37.000000,Y,511,,DEBRIS,MEDIUM,DEBRIS,MEDIUM,1.00,33535,ARIANE 2 DEB,1.00,40785,ARIANE 2 DEB,2025-09-24T18:56:12.462000
1161871399,2025-09-21 23:33:34.000000,Y,2048,,ROCKET BODY,LARGE,PAYLOAD,LARGE,3.00,28138,BLOCK DM-SL R/B,5.00,4353,NATO 2A,2025-09-22T12:22:21.385000
1161869943,2025-09-21 23:33:19.000000,Y,2048,,PAYLOAD,LARGE,ROCKET BODY,LARGE,5.00,4353,NATO 2A,3.00,28138,BLOCK DM-SL R/B,2025-09-22T12:22:21.385000
1161623071,2025-09-21 14:01:16.000000,Y,61,0.0004300942,DEBRIS,,DEBRIS,SMALL,1.00,50792,COSMOS 1818 COOLANT,1.00,1943,THOR ABLESTAR DEB,2025-09-21T22:52:17.844000
1161617069,2025-09-21 14:00:13.000000,Y,46,0.0007884654,DEBRIS,SMALL,DEBRIS,SMALL,1.00,45511,METEOR 2-5 DEB,1.00,28302,DMSP 5D-2 F11 DEB,2025-09-21T16:26:30.733000
1161608134,2025-09-21 13:58:37.000000,Y,36,0.001864573,DEBRIS,SMALL,PAYLOAD,LARGE,1.00,41409,NOAA 16 DEB,5.00,24841,IRIDIUM 16,2025-09-22T19:17:49.951000
1161607017,2025-09-21 13:58:26.000000,Y,501,0.0001249837,DEBRIS,SMALL,DEBRIS,SMALL,1.00,41085,NOAA 16 DEB,1.00,31387,FENGYUN 1C DEB,2025-09-23T23:57:16.067000
1161606166,2025-09-21 13:58:17.000000,Y,91,0.0002504537,DEBRIS,SMALL,DEBRIS,,1.00,40533,CZ-4B DEB,1.00,34672,COSMOS 2251 DEB,2025-09-21T22:57:01.944000
1161600651,2025-09-21 13:57:20.000000,Y,171,0.0001151612,DEBRIS,SMALL,DEBRIS,SMALL,1.00,36858,METEOR 2-8 DEB,1.00,23259,CZ-4 DEB,2025-09-22T14:39:37.131000
1161597202,2025-09-21 13:56:43.000000,Y,410,0.0004621883,DEBRIS,SMALL,PAYLOAD,LARGE,1.00,34964,COSMOS 2251 DEB,5.00,8072,COSMOS 755,2025-09-24T00:50:54.243000
1161596605,2025-09-21 13:56:37.000000,Y,91,0.0002504537,DEBRIS,,DEBRIS,SMALL,1.00,34672,COSMOS 2251 DEB,1.00,40533,CZ-4B DEB,2025-09-21T22:57:01.944000
1161593289,2025-09-21 13:55:56.000000,Y,337,0.0001767253,DEBRIS,SMALL,DEBRIS,SMALL,1.00,32153,FENGYUN 1C DEB,1.00,56595,CZ-6A DEB,2025-09-23T10:11:43.541000
1161593133,2025-09-21 13:55:55.000000,Y,745,0.000188278,DEBRIS,SMALL,PAYLOAD,LARGE,1.00,31948,FENGYUN 1C DEB,5.00,7433,COSMOS 676,2025-09-21T15:49:09.171000
1161591791,2025-09-21 13:55:40.000000,Y,501,0.0001249837,DEBRIS,SMALL,DEBRIS,SMALL,1.00,31387,FENGYUN 1C DEB,1.00,41085,NOAA 16 DEB,2025-09-23T23:57:16.067000
1161591360,2025-09-21 13:55:35.000000,Y,528,0.000165121,DEBRIS,SMALL,PAYLOAD,MEDIUM,1.00,31199,FENGYUN 1C DEB,5.00,2828,GGSE 4,2025-09-24T01:38:01.276000
1161588535,2025-09-21 13:55:05.000000,Y,37,0.0003685782,DEBRIS,SMALL,ROCKET BODY,MEDIUM,1.00,29948,FENGYUN 1C DEB,3.00,15335,SL-12 R/B(AUX MOTOR),2025-09-24T05:39:49.934000
1161586744,2025-09-21 13:54:45.000000,Y,46,0.0007884654,DEBRIS,SMALL,DEBRIS,SMALL,1.00,28302,DMSP 5D-2 F11 DEB,1.00,45511,METEOR 2-5 DEB,2025-09-21T16:26:30.733000
1161584466,2025-09-21 13:54:20.000000,Y,36,0.001864573,PAYLOAD,LARGE,DEBRIS,SMALL,5.00,24841,IRIDIUM 16,1.00,41409,NOAA 16 DEB,2025-09-22T19:17:49.951000
1161583924,2025-09-21 13:54:15.000000,Y,171,0.0001151612,DEBRIS,SMALL,DEBRIS,SMALL,1.00,23259,CZ-4 DEB,1.00,36858,METEOR 2-8 DEB,2025-09-22T14:39:37.131000
1161583107,2025-09-21 13:54:05.000000,Y,198,0.0001375757,DEBRIS,SMALL,DEBRIS,SMALL,1.00,21250,SL-8 DEB,1.00,7163,DELTA 1 DEB,2025-09-22T03:07:08.422000
1161581197,2025-09-21 13:53:45.000000,Y,37,0.0003685782,ROCKET BODY,MEDIUM,DEBRIS,SMALL,3.00,15335,SL-12 R/B(AUX MOTOR),1.00,29948,FENGYUN 1C DEB,2025-09-24T05:39:49.934000
1161579058,2025-09-21 13:53:20.000000,Y,86,0.0001845403,DEBRIS,SMALL,DEBRIS,SMALL,1.00,10713,DELTA 1 DEB,1.00,5187,COSMOS 397 DEB,2025-09-22T08:49:09.882000
1161578349,2025-09-21 13:53:13.000000,Y,410,0.0004621883,PAYLOAD,LARGE,DEBRIS,SMALL,5.00,8072,COSMOS 755,1.00,34964,COSMOS 2251 DEB,2025-09-24T00:50:54.243000
1161578181,2025-09-21 13:53:12.000000,Y,198,0.0001375757,DEBRIS,SMALL,DEBRIS,SMALL,1.00,7163,DELTA 1 DEB,1.00,21250,SL-8 DEB,2025-09-22T03:07:08.422000
1161578267,2025-09-21 13:53:12.000000,Y,745,0.000188278,PAYLOAD,LARGE,DEBRIS,SMALL,5.00,7433,COSMOS 676,1.00,31948,FENGYUN 1C DEB,2025-09-21T15:49:09.171000
1161577682,2025-09-21 13:53:06.000000,Y,86,0.0001845403,DEBRIS,SMALL,DEBRIS,SMALL,1.00,5187,COSMOS 397 DEB,1.00,10713,DELTA 1 DEB,2025-09-22T08:49:09.882000
1161576577,2025-09-21 13:52:54.000000,Y,528,0.000165121,PAYLOAD,MEDIUM,DEBRIS,SMALL,5.00,2828,GGSE 4,1.00,31199,FENGYUN 1C DEB,2025-09-24T01:38:01.276000
1161576397,2025-09-21 13:52:52.000000,Y,61,0.0004300942,DEBRIS,SMALL,DEBRIS,,1.00,1943,THOR ABLESTAR DEB,1.00,50792,COSMOS 1818 COOLANT,2025-09-21T22:52:17.844000
1161576335,2025-09-21 13:52:51.000000,Y,519,0.000523612,PAYLOAD,MEDIUM,UNKNOWN,SMALL,5.00,1738,EXPLORER 30,3.00,81674,UNKNOWN,2025-09-22T22:21:42.770000
1161413936,2025-09-21 12:50:27.000000,Y,2058,,PAYLOAD,LARGE,ROCKET BODY,LARGE,5.00,4353,NATO 2A,3.00,28138,BLOCK DM-SL R/B,2025-09-22T12:22:21.343000
1161310736,2025-09-21 05:29:17.000000,Y,389,0.0001607647,DEBRIS,SMALL,DEBRIS,SMALL,1.00,56595,CZ-6A DEB,1.00,32153,FENGYUN 1C DEB,2025-09-23T10:11:43.562000
1161301181,2025-09-21 05:27:07.000000,Y,256,0.0003249157,ROCKET BODY,LARGE,DEBRIS,,3.00,50467,CZ-4C R/B,1.00,38728,FENGYUN 1C DEB,2025-09-22T00:22:47.269000
1161295364,2025-09-21 05:26:00.000000,Y,45,0.0007985812,DEBRIS,SMALL,DEBRIS,SMALL,1.00,45511,METEOR 2-5 DEB,1.00,28302,DMSP 5D-2 F11 DEB,2025-09-21T16:26:30.741000
1161286172,2025-09-21 05:24:25.000000,Y,37,0.0007740579,DEBRIS,SMALL,PAYLOAD,LARGE,1.00,41409,NOAA 16 DEB,5.00,24841,IRIDIUM 16,2025-09-22T19:17:49.900000
1161285038,2025-09-21 05:24:10.000000,Y,456,0.0001480996,DEBRIS,SMALL,DEBRIS,SMALL,1.00,41085,NOAA 16 DEB,1.00,31387,FENGYUN 1C DEB,2025-09-23T23:57:16.039000
1161284346,2025-09-21 05:24:00.000000,Y,192,0.0001597117,DEBRIS,SMALL,ROCKET BODY,LARGE,1.00,40611,DMSP 5D-2 F13 DEB,3.00,12443,SL-8 R/B,2025-09-21T12:29:55.473000
1161241171,2025-09-21 05:23:24.000000,Y,256,0.0003249157,DEBRIS,,ROCKET BODY,LARGE,1.00,38728,FENGYUN 1C DEB,3.00,50467,CZ-4C R/B,2025-09-22T00:22:47.269000
1161240520,2025-09-21 05:23:17.000000,Y,121,0.0001019624,DEBRIS,SMALL,DEBRIS,SMALL,1.00,38176,CZ-2D DEB,1.00,31311,FENGYUN 1C DEB,2025-09-21T16:12:25.493000
1161235424,2025-09-21 05:22:26.000000,Y,521,0.0004013484,DEBRIS,SMALL,PAYLOAD,LARGE,1.00,34964,COSMOS 2251 DEB,5.00,8072,COSMOS 755,2025-09-24T00:50:54.204000
1161091023,2025-09-21 05:21:40.000000,Y,389,0.0001607647,DEBRIS,SMALL,DEBRIS,SMALL,1.00,32153,FENGYUN 1C DEB,1.00,56595,CZ-6A DEB,2025-09-23T10:11:43.562000
1161090855,2025-09-21 05:21:39.000000,Y,802,0.0001821301,DEBRIS,SMALL,PAYLOAD,LARGE,1.00,31948,FENGYUN 1C DEB,5.00,7433,COSMOS 676,2025-09-21T15:49:09.177000
1161089425,2025-09-21 05:21:24.000000,Y,456,0.0001480996,DEBRIS,SMALL,DEBRIS,SMALL,1.00,31387,FENGYUN 1C DEB,1.00,41085,NOAA 16 DEB,2025-09-23T23:57:16.039000
1161089268,2025-09-21 05:21:22.000000,Y,121,0.0001019624,DEBRIS,SMALL,DEBRIS,SMALL,1.00,31311,FENGYUN 1C DEB,1.00,38176,CZ-2D DEB,2025-09-21T16:12:25.493000
1161088991,2025-09-21 05:21:19.000000,Y,505,0.0001551006,DEBRIS,SMALL,PAYLOAD,MEDIUM,1.00,31199,FENGYUN 1C DEB,5.00,2828,GGSE 4,2025-09-24T01:38:01.279000
1161084233,2025-09-21 05:20:29.000000,Y,45,0.0007985812,DEBRIS,SMALL,DEBRIS,SMALL,1.00,28302,DMSP 5D-2 F11 DEB,1.00,45511,METEOR 2-5 DEB,2025-09-21T16:26:30.741000
1161081888,2025-09-21 05:19:59.000000,Y,37,0.0007740579,PAYLOAD,LARGE,DEBRIS,SMALL,5.00,24841,IRIDIUM 16,1.00,41409,NOAA 16 DEB,2025-09-22T19:17:49.900000
1161080429,2025-09-21 05:19:43.000000,Y,88,0.0001451992,DEBRIS,SMALL,DEBRIS,SMALL,1.00,21250,SL-8 DEB,1.00,7163,DELTA 1 DEB,2025-09-22T03:07:08.416000
1161076563,2025-09-21 05:19:03.000000,Y,192,0.0001597117,ROCKET BODY,LARGE,DEBRIS,SMALL,3.00,12443,SL-8 R/B,1.00,40611,DMSP 5D-2 F13 DEB,2025-09-21T12:29:55.473000
1161075461,2025-09-21 05:18:51.000000,Y,521,0.0004013484,PAYLOAD,LARGE,DEBRIS,SMALL,5.00,8072,COSMOS 755,1.00,34964,COSMOS 2251 DEB,2025-09-24T00:50:54.204000
1161075366,2025-09-21 05:18:50.000000,Y,802,0.0001821301,PAYLOAD,LARGE,DEBRIS,SMALL,5.00,7433,COSMOS 676,1.00,31948,FENGYUN 1C DEB,2025-09-21T15:49:09.177000
1161075281,2025-09-21 05:18:49.000000,Y,88,0.0001451992,DEBRIS,SMALL,DEBRIS,SMALL,1.00,7163,DELTA 1 DEB,1.00,21250,SL-8 DEB,2025-09-22T03:07:08.416000
1161073655,2025-09-21 05:18:32.000000,Y,505,0.0001551006,PAYLOAD,MEDIUM,DEBRIS,SMALL,5.00,2828,GGSE 4,1.00,31199,FENGYUN 1C DEB,2025-09-24T01:38:01.279000
1161073377,2025-09-21 05:18:29.000000,Y,499,0.0008153018,PAYLOAD,MEDIUM,UNKNOWN,SMALL,5.00,1738,EXPLORER 30,3.00,81674,UNKNOWN,2025-09-22T22:21:42.769000
1161127547,2025-09-21 04:28:32.000000,Y,604,,DEBRIS,MEDIUM,DEBRIS,MEDIUM,1.00,40785,ARIANE 2 DEB,1.00,33535,ARIANE 2 DEB,2025-09-21T21:27:05.526000
1161127557,2025-09-21 04:28:32.000000,Y,608,,DEBRIS,MEDIUM,DEBRIS,MEDIUM,1.00,40785,ARIANE 2 DEB,1.00,33535,ARIANE 2 DEB,2025-09-23T22:58:04.632000
1161127549,2025-09-21 04:28:31.000000,Y,616,,DEBRIS,MEDIUM,DEBRIS,MEDIUM,1.00,40785,ARIANE 2 DEB,1.00,33535,ARIANE 2 DEB,2025-09-22T07:20:11.232000
1161127544,2025-09-21 04:28:30.000000,Y,1666,,DEBRIS,MEDIUM,DEBRIS,MEDIUM,1.00,40785,ARIANE 2 DEB,1.00,33535,ARIANE 2 DEB,2025-09-21T04:02:31.000000
1161127545,2025-09-21 04:28:30.000000,Y,589,,DEBRIS,MEDIUM,DEBRIS,MEDIUM,1.00,40785,ARIANE 2 DEB,1.00,33535,ARIANE 2 DEB,2025-09-21T11:34:19.217000
1161127551,2025-09-21 04:28:30.000000,Y,623,,DEBRIS,MEDIUM,DEBRIS,MEDIUM,1.00,40785,ARIANE 2 DEB,1.00,33535,ARIANE 2 DEB,2025-09-22T17:13:47.359000
1161127553,2025-09-21 04:28:30.000000,Y,623,,DEBRIS,MEDIUM,DEBRIS,MEDIUM,1.00,40785,ARIANE 2 DEB,1.00,33535,ARIANE 2 DEB,2025-09-23T03:07:59.342000
1161127555,2025-09-21 04:28:30.000000,Y,618,,DEBRIS,MEDIUM,DEBRIS,MEDIUM,1.00,40785,ARIANE 2 DEB,1.00,33535,ARIANE 2 DEB,2025-09-23T13:02:43.782000
1161126560,2025-09-21 04:28:20.000000,Y,589,,DEBRIS,MEDIUM,DEBRIS,MEDIUM,1.00,33535,ARIANE 2 DEB,1.00,40785,ARIANE 2 DEB,2025-09-21T11:34:19.217000
1161126570,2025-09-21 04:28:20.000000,Y,618,,DEBRIS,MEDIUM,DEBRIS,MEDIUM,1.00,33535,ARIANE 2 DEB,1.00,40785,ARIANE 2 DEB,2025-09-23T13:02:43.782000
1161126559,2025-09-21 04:28:19.000000,Y,1666,,DEBRIS,MEDIUM,DEBRIS,MEDIUM,1.00,33535,ARIANE 2 DEB,1.00,40785,ARIANE 2 DEB,2025-09-21T04:02:31.000000
1161126562,2025-09-21 04:28:19.000000,Y,604,,DEBRIS,MEDIUM,DEBRIS,MEDIUM,1.00,33535,ARIANE 2 DEB,1.00,40785,ARIANE 2 DEB,2025-09-21T21:27:05.526000
1161126564,2025-09-21 04:28:19.000000,Y,616,,DEBRIS,MEDIUM,DEBRIS,MEDIUM,1.00,33535,ARIANE 2 DEB,1.00,40785,ARIANE 2 DEB,2025-09-22T07:20:11.232000
1161126566,2025-09-21 04:28:19.000000,Y,623,,DEBRIS,MEDIUM,DEBRIS,MEDIUM,1.00,33535,ARIANE 2 DEB,1.00,40785,ARIANE 2 DEB,2025-09-22T17:13:47.359000
1161126568,2025-09-21 04:28:19.000000,Y,623,,DEBRIS,MEDIUM,DEBRIS,MEDIUM,1.00,33535,ARIANE 2 DEB,1.00,40785,ARIANE 2 DEB,2025-09-23T03:07:59.342000
1161126572,2025-09-21 04:28:19.000000,Y,608,,DEBRIS,MEDIUM,DEBRIS,MEDIUM,1.00,33535,ARIANE 2 DEB,1.00,40785,ARIANE 2 DEB,2025-09-23T22:58:04.632000
1161125845,2025-09-21 04:28:09.000000,Y,2048,,ROCKET BODY,LARGE,PAYLOAD,LARGE,3.00,28138,BLOCK DM-SL R/B,5.00,4353,NATO 2A,2025-09-22T12:22:21.361000
1161125085,2025-09-21 04:28:00.000000,Y,4862,,PAYLOAD,LARGE,PAYLOAD,LARGE,5.00,23398,COSMOS 2294 (GLONASS),5.00,23205,COSMOS 2288 (GLONASS),2025-09-21T08:37:40.375000
1161124879,2025-09-21 04:27:58.000000,Y,4862,,PAYLOAD,LARGE,PAYLOAD,LARGE,5.00,23205,COSMOS 2288 (GLONASS),5.00,23398,COSMOS 2294 (GLONASS),2025-09-21T08:37:40.375000
1161124700,2025-09-21 04:27:55.000000,Y,3844,,PAYLOAD,LARGE,PAYLOAD,LARGE,5.00,21111,COSMOS 2133,5.00,2608,ATS 1,2025-09-21T04:47:05.092000
1161123960,2025-09-21 04:27:47.000000,Y,2048,,PAYLOAD,LARGE,ROCKET BODY,LARGE,5.00,4353,NATO 2A,3.00,28138,BLOCK DM-SL R/B,2025-09-22T12:22:21.361000
1161123790,2025-09-21 04:27:45.000000,Y,3844,,PAYLOAD,LARGE,PAYLOAD,LARGE,5.00,2608,ATS 1,5.00,21111,COSMOS 2133,2025-09-21T04:47:05.092000
1160750660,2025-09-21 00:11:54.000000,Y,278,0.00012992,DEBRIS,SMALL,DEBRIS,SMALL,1.00,64661,CZ-6A DEB,1.00,36353,METEOR 2-8 DEB,2025-09-23T17:07:44.491000
1160809150,2025-09-21 00:01:35.000000,Y,218,0.0002805911,DEBRIS,SMALL,DEBRIS,SMALL,1.00,61316,CZ-6A DEB,1.00,26442,CZ-4 DEB,2025-09-21T06:01:57.262000
1160792084,2025-09-20 23:54:43.000000,Y,827,0.0001040662,PAYLOAD,SMALL,UNKNOWN,LARGE,5.00,58023,PRETTY,5.00,51949,OBJECT D,2025-09-22T15:32:16.626000
1160788844,2025-09-20 23:53:44.000000,Y,418,0.0001623221,DEBRIS,SMALL,DEBRIS,SMALL,1.00,56595,CZ-6A DEB,1.00,32153,FENGYUN 1C DEB,2025-09-23T10:11:43.599000
1160778951,2025-09-20 23:50:00.000000,Y,404,0.000227706,ROCKET BODY,LARGE,DEBRIS,,3.00,50467,CZ-4C R/B,1.00,38728,FENGYUN 1C DEB,2025-09-22T00:22:47.219000
1160763019,2025-09-20 23:48:38.000000,Y,43,0.000895066,DEBRIS,SMALL,DEBRIS,SMALL,1.00,45511,METEOR 2-5 DEB,1.00,28302,DMSP 5D-2 F11 DEB,2025-09-21T16:26:30.731000
1160844937,2025-09-20 23:46:48.000000,Y,275,0.0001009749,DEBRIS,SMALL,DEBRIS,SMALL,1.00,42518,THORAD AGENA D DEB,1.00,41062,NOAA 16 DEB,2025-09-21T00:32:47.917000
1160842979,2025-09-20 23:46:12.000000,Y,21,0.003252202,DEBRIS,SMALL,PAYLOAD,LARGE,1.00,41409,NOAA 16 DEB,5.00,24841,IRIDIUM 16,2025-09-22T19:17:49.902000
1160841723,2025-09-20 23:45:52.000000,Y,275,0.0001009749,DEBRIS,SMALL,DEBRIS,SMALL,1.00,41062,NOAA 16 DEB,1.00,42518,THORAD AGENA D DEB,2025-09-21T00:32:47.917000
1160837452,2025-09-20 23:44:40.000000,Y,404,0.000227706,DEBRIS,,ROCKET BODY,LARGE,1.00,38728,FENGYUN 1C DEB,3.00,50467,CZ-4C R/B,2025-09-22T00:22:47.219000
1160835820,2025-09-20 23:44:14.000000,Y,955,0.0004491196,DEBRIS,SMALL,PAYLOAD,LARGE,1.00,37568,CZ-4C DEB,5.00,25758,IRS P4 (OCEANSAT 1),2025-09-22T01:08:36.815000
1160834214,2025-09-20 23:43:49.000000,Y,278,0.00012992,DEBRIS,SMALL,DEBRIS,SMALL,1.00,36353,METEOR 2-8 DEB,1.00,64661,CZ-6A DEB,2025-09-23T17:07:44.491000
1160827439,2025-09-20 23:41:57.000000,Y,418,0.0001623221,DEBRIS,SMALL,DEBRIS,SMALL,1.00,32153,FENGYUN 1C DEB,1.00,56595,CZ-6A DEB,2025-09-23T10:11:43.599000
1160827253,2025-09-20 23:41:55.000000,Y,709,0.0001945137,DEBRIS,SMALL,PAYLOAD,LARGE,1.00,31948,FENGYUN 1C DEB,5.00,7433,COSMOS 676,2025-09-21T15:49:09.169000
1160822303,2025-09-20 23:39:53.000000,Y,44,0.0001209678,DEBRIS,MEDIUM,DEBRIS,SMALL,1.00,29964,FENGYUN 1C DEB,1.00,15950,SCOUT G-1 DEB,2025-09-23T10:51:26.144000
1160820378,2025-09-20 23:38:57.000000,Y,43,0.000895066,DEBRIS,SMALL,DEBRIS,SMALL,1.00,28302,DMSP 5D-2 F11 DEB,1.00,45511,METEOR 2-5 DEB,2025-09-21T16:26:30.731000
1160819317,2025-09-20 23:38:37.000000,Y,218,0.0002805911,DEBRIS,SMALL,DEBRIS,SMALL,1.00,26442,CZ-4 DEB,1.00,61316,CZ-6A DEB,2025-09-21T06:01:57.262000
1160778489,2025-09-20 23:38:24.000000,Y,955,0.0004491196,PAYLOAD,LARGE,DEBRIS,SMALL,5.00,25758,IRS P4 (OCEANSAT 1),1.00,37568,CZ-4C DEB,2025-09-22T01:08:36.815000
1160777943,2025-09-20 23:38:12.000000,Y,21,0.003252202,PAYLOAD,LARGE,DEBRIS,SMALL,5.00,24841,IRIDIUM 16,1.00,41409,NOAA 16 DEB,2025-09-22T19:17:49.902000
1160773615,2025-09-20 23:36:54.000000,Y,71,0.0001055112,PAYLOAD,MEDIUM,ROCKET BODY,LARGE,5.00,14173,COSMOS 1475,3.00,22188,SL-14 R/B,2025-09-21T06:24:34.175000
1160771150,2025-09-20 23:36:08.000000,Y,709,0.0001945137,PAYLOAD,LARGE,DEBRIS,SMALL,5.00,7433,COSMOS 676,1.00,31948,FENGYUN 1C DEB,2025-09-21T15:49:09.169000
1160769157,2025-09-20 23:35:27.000000,Y,501,0.0008599355,PAYLOAD,MEDIUM,UNKNOWN,SMALL,5.00,1738,EXPLORER 30,3.00,81674,UNKNOWN,2025-09-22T22:21:42.782000
1160556317,2025-09-20 20:48:39.000000,Y,582,,DEBRIS,MEDIUM,DEBRIS,MEDIUM,1.00,40785,ARIANE 2 DEB,1.00,33535,ARIANE 2 DEB,2025-09-21T11:34:54.820000
1160556323,2025-09-20 20:48:39.000000,Y,610,,DEBRIS,MEDIUM,DEBRIS,MEDIUM,1.00,40785,ARIANE 2 DEB,1.00,33535,ARIANE 2 DEB,2025-09-22T17:15:07.308000
1160556325,2025-09-20 20:48:39.000000,Y,610,,DEBRIS,MEDIUM,DEBRIS,MEDIUM,1.00,40785,ARIANE 2 DEB,1.00,33535,ARIANE 2 DEB,2025-09-23T03:09:18.970000
1160556327,2025-09-20 20:48:39.000000,Y,607,,DEBRIS,MEDIUM,DEBRIS,MEDIUM,1.00,40785,ARIANE 2 DEB,1.00,33535,ARIANE 2 DEB,2025-09-23T13:03:55.535000
1160556315,2025-09-20 20:48:38.000000,Y,566,,DEBRIS,MEDIUM,DEBRIS,MEDIUM,1.00,40785,ARIANE 2 DEB,1.00,33535,ARIANE 2 DEB,2025-09-21T01:42:03.062000
1160556319,2025-09-20 20:48:38.000000,Y,595,,DEBRIS,MEDIUM,DEBRIS,MEDIUM,1.00,40785,ARIANE 2 DEB,1.00,33535,ARIANE 2 DEB,2025-09-21T21:27:59.820000
1160556321,2025-09-20 20:48:38.000000,Y,604,,DEBRIS,MEDIUM,DEBRIS,MEDIUM,1.00,40785,ARIANE 2 DEB,1.00,33535,ARIANE 2 DEB,2025-09-22T07:21:22.316000
1160555474,2025-09-20 20:48:33.000000,Y,610,,DEBRIS,MEDIUM,DEBRIS,MEDIUM,1.00,33535,ARIANE 2 DEB,1.00,40785,ARIANE 2 DEB,2025-09-22T17:15:07.308000
1160555466,2025-09-20 20:48:32.000000,Y,566,,DEBRIS,MEDIUM,DEBRIS,MEDIUM,1.00,33535,ARIANE 2 DEB,1.00,40785,ARIANE 2 DEB,2025-09-21T01:42:03.062000
1160555472,2025-09-20 20:48:32.000000,Y,604,,DEBRIS,MEDIUM,DEBRIS,MEDIUM,1.00,33535,ARIANE 2 DEB,1.00,40785,ARIANE 2 DEB,2025-09-22T07:21:22.316000
1160555476,2025-09-20 20:48:32.000000,Y,610,,DEBRIS,MEDIUM,DEBRIS,MEDIUM,1.00,33535,ARIANE 2 DEB,1.00,40785,ARIANE 2 DEB,2025-09-23T03:09:18.970000
1160555478,2025-09-20 20:48:32.000000,Y,607,,DEBRIS,MEDIUM,DEBRIS,MEDIUM,1.00,33535,ARIANE 2 DEB,1.00,40785,ARIANE 2 DEB,2025-09-23T13:03:55.535000
1160555468,2025-09-20 20:48:31.000000,Y,582,,DEBRIS,MEDIUM,DEBRIS,MEDIUM,1.00,33535,ARIANE 2 DEB,1.00,40785,ARIANE 2 DEB,2025-09-21T11:34:54.820000
1160555470,2025-09-20 20:48:31.000000,Y,595,,DEBRIS,MEDIUM,DEBRIS,MEDIUM,1.00,33535,ARIANE 2 DEB,1.00,40785,ARIANE 2 DEB,2025-09-21T21:27:59.820000
1160554897,2025-09-20 20:48:27.000000,Y,2044,,ROCKET BODY,LARGE,PAYLOAD,LARGE,3.00,28138,BLOCK DM-SL R/B,5.00,4353,NATO 2A,2025-09-22T12:22:21.363000
1160554278,2025-09-20 20:48:22.000000,Y,3954,,PAYLOAD,LARGE,PAYLOAD,LARGE,5.00,23398,COSMOS 2294 (GLONASS),5.00,23205,COSMOS 2288 (GLONASS),2025-09-20T21:21:56.303000
1160554279,2025-09-20 20:48:22.000000,Y,4862,,PAYLOAD,LARGE,PAYLOAD,LARGE,5.00,23398,COSMOS 2294 (GLONASS),5.00,23205,COSMOS 2288 (GLONASS),2025-09-21T08:37:40.375000
1160554117,2025-09-20 20:48:21.000000,Y,3954,,PAYLOAD,LARGE,PAYLOAD,LARGE,5.00,23205,COSMOS 2288 (GLONASS),5.00,23398,COSMOS 2294 (GLONASS),2025-09-20T21:21:56.303000
1160554118,2025-09-20 20:48:21.000000,Y,4862,,PAYLOAD,LARGE,PAYLOAD,LARGE,5.00,23205,COSMOS 2288 (GLONASS),5.00,23398,COSMOS 2294 (GLONASS),2025-09-21T08:37:40.375000
1160553977,2025-09-20 20:48:19.000000,Y,3829,,PAYLOAD,LARGE,PAYLOAD,LARGE,5.00,21111,COSMOS 2133,5.00,2608,ATS 1,2025-09-21T04:47:05.094000
1160553322,2025-09-20 20:48:13.000000,Y,2044,,PAYLOAD,LARGE,ROCKET BODY,LARGE,5.00,4353,NATO 2A,3.00,28138,BLOCK DM-SL R/B,2025-09-22T12:22:21.363000
1160553168,2025-09-20 20:48:12.000000,Y,3829,,PAYLOAD,LARGE,PAYLOAD,LARGE,5.00,2608,ATS 1,5.00,21111,COSMOS 2133,2025-09-21T04:47:05.094000
1160482383,2025-09-20 13:02:01.000000,Y,312,0.000279399,DEBRIS,SMALL,PAYLOAD,LARGE,1.00,54975,CZ-6A DEB,5.00,24926,DUMMY MASS 2,2025-09-20T16:49:13.422000
1160475574,2025-09-20 13:01:03.000000,Y,270,0.0001430551,ROCKET BODY,LARGE,DEBRIS,,3.00,50467,CZ-4C R/B,1.00,38728,FENGYUN 1C DEB,2025-09-22T00:22:47.357000
1160461344,2025-09-20 13:00:25.000000,Y,44,0.0001367046,DEBRIS,,DEBRIS,SMALL,1.00,46734,IRIDIUM 33 DEB,1.00,31903,FENGYUN 1C DEB,2025-09-21T09:12:33.072000
1160460020,2025-09-20 13:00:12.000000,Y,32,0.0004354994,DEBRIS,SMALL,DEBRIS,SMALL,1.00,45511,METEOR 2-5 DEB,1.00,28302,DMSP 5D-2 F11 DEB,2025-09-21T16:26:30.368000
1160459285,2025-09-20 13:00:05.000000,Y,299,0.0002482959,DEBRIS,SMALL,UNKNOWN,MEDIUM,1.00,44641,COSMOS 2535 DEB,5.00,61894,OBJECT A,2025-09-20T21:01:14.963000
1160452570,2025-09-20 12:59:05.000000,Y,305,0.0001053081,DEBRIS,,DEBRIS,SMALL,1.00,42228,COSMOS 1275 DEB,1.00,29194,COSMOS 860 COOLANT,2025-09-21T07:01:35.666000
1160449609,2025-09-20 12:58:55.000000,Y,65,0.002622522,DEBRIS,SMALL,PAYLOAD,LARGE,1.00,41409,NOAA 16 DEB,5.00,24841,IRIDIUM 16,2025-09-22T19:17:50.033000
1160447578,2025-09-20 12:58:40.000000,Y,162,0.0001667866,DEBRIS,SMALL,DEBRIS,,1.00,40533,CZ-4B DEB,1.00,34672,COSMOS 2251 DEB,2025-09-21T22:57:01.957000
1160444158,2025-09-20 12:58:11.000000,Y,270,0.0001430551,DEBRIS,,ROCKET BODY,LARGE,1.00,38728,FENGYUN 1C DEB,3.00,50467,CZ-4C R/B,2025-09-22T00:22:47.357000
1160442611,2025-09-20 12:57:59.000000,Y,466,0.0006390618,DEBRIS,SMALL,PAYLOAD,LARGE,1.00,37568,CZ-4C DEB,5.00,25758,IRS P4 (OCEANSAT 1),2025-09-22T01:08:36.867000
1160440286,2025-09-20 12:57:40.000000,Y,279,0.0001401084,PAYLOAD,LARGE,DEBRIS,SMALL,5.00,35936,RUBIN 9.1/RUBIN 9.2/PSLV,1.00,31428,FENGYUN 1C DEB,2025-09-23T00:53:36.977000
1160439185,2025-09-20 12:57:30.000000,Y,37,0.0001916994,DEBRIS,SMALL,DEBRIS,SMALL,1.00,35196,FENGYUN 1C DEB,1.00,34613,COSMOS 2251 DEB,2025-09-20T13:20:14.686000
1160438133,2025-09-20 12:57:21.000000,Y,37,0.0001916994,DEBRIS,SMALL,DEBRIS,SMALL,1.00,34613,COSMOS 2251 DEB,1.00,35196,FENGYUN 1C DEB,2025-09-20T13:20:14.686000
1160438186,2025-09-20 12:57:21.000000,Y,162,0.0001667866,DEBRIS,,DEBRIS,SMALL,1.00,34672,COSMOS 2251 DEB,1.00,40533,CZ-4B DEB,2025-09-21T22:57:01.957000
1160434606,2025-09-20 12:56:53.000000,Y,896,0.0001674808,DEBRIS,SMALL,PAYLOAD,LARGE,1.00,31948,FENGYUN 1C DEB,5.00,7433,COSMOS 676,2025-09-21T15:49:09.191000
1160434459,2025-09-20 12:56:52.000000,Y,44,0.0001367046,DEBRIS,SMALL,DEBRIS,,1.00,31903,FENGYUN 1C DEB,1.00,46734,IRIDIUM 33 DEB,2025-09-21T09:12:33.072000
1160434477,2025-09-20 12:56:52.000000,Y,165,0.0001365297,DEBRIS,SMALL,UNKNOWN,,1.00,31913,FENGYUN 1C DEB,3.00,87335,UNKNOWN,2025-09-20T13:44:29.259000
1160433441,2025-09-20 12:56:43.000000,Y,279,0.0001401084,DEBRIS,SMALL,PAYLOAD,LARGE,1.00,31428,FENGYUN 1C DEB,5.00,35936,RUBIN 9.1/RUBIN 9.2/PSLV,2025-09-23T00:53:36.977000
1160431041,2025-09-20 12:56:22.000000,Y,152,0.000131571,DEBRIS,SMALL,DEBRIS,SMALL,1.00,30270,FENGYUN 1C DEB,1.00,12966,COSMOS 1275 DEB,2025-09-23T06:13:09.589000
1160430553,2025-09-20 12:56:17.000000,Y,15,0.0001814534,DEBRIS,MEDIUM,DEBRIS,SMALL,1.00,29964,FENGYUN 1C DEB,1.00,15950,SCOUT G-1 DEB,2025-09-23T10:51:26.171000
1160429627,2025-09-20 12:56:10.000000,Y,305,0.0001053081,DEBRIS,SMALL,DEBRIS,,1.00,29194,COSMOS 860 COOLANT,1.00,42228,COSMOS 1275 DEB,2025-09-21T07:01:35.666000
1160428636,2025-09-20 12:56:03.000000,Y,32,0.0004354994,DEBRIS,SMALL,DEBRIS,SMALL,1.00,28302,DMSP 5D-2 F11 DEB,1.00,45511,METEOR 2-5 DEB,2025-09-21T16:26:30.368000
1160427442,2025-09-20 12:55:55.000000,Y,252,0.000179932,DEBRIS,SMALL,DEBRIS,SMALL,1.00,26442,CZ-4 DEB,1.00,61316,CZ-6A DEB,2025-09-21T06:01:57.280000
1160426573,2025-09-20 12:55:49.000000,Y,466,0.0006390618,PAYLOAD,LARGE,DEBRIS,SMALL,5.00,25758,IRS P4 (OCEANSAT 1),1.00,37568,CZ-4C DEB,2025-09-22T01:08:36.867000
1160426090,2025-09-20 12:55:46.000000,Y,312,0.000279399,PAYLOAD,LARGE,DEBRIS,SMALL,5.00,24926,DUMMY MASS 2,1.00,54975,CZ-6A DEB,2025-09-20T16:49:13.422000
1160426011,2025-09-20 12:55:45.000000,Y,65,0.002622522,PAYLOAD,LARGE,DEBRIS,SMALL,5.00,24841,IRIDIUM 16,1.00,41409,NOAA 16 DEB,2025-09-22T19:17:50.033000
1160424724,2025-09-20 12:55:38.000000,Y,66,0.001208495,ROCKET BODY,LARGE,PAYLOAD,MEDIUM,3.00,22188,SL-14 R/B,5.00,14173,COSMOS 1475,2025-09-21T06:24:34.177000
1160422530,2025-09-20 12:55:22.000000,Y,15,0.0001814534,DEBRIS,SMALL,DEBRIS,MEDIUM,1.00,15950,SCOUT G-1 DEB,1.00,29964,FENGYUN 1C DEB,2025-09-23T10:51:26.171000
1160421628,2025-09-20 12:55:16.000000,Y,66,0.001208495,PAYLOAD,MEDIUM,ROCKET BODY,LARGE,5.00,14173,COSMOS 1475,3.00,22188,SL-14 R/B,2025-09-21T06:24:34.177000
1160421421,2025-09-20 12:55:14.000000,Y,157,0.000123626,DEBRIS,SMALL,DEBRIS,SMALL,1.00,13798,COSMOS 1275 DEB,1.00,61273,CZ-6A DEB,2025-09-21T16:38:05.998000
1160420829,2025-09-20 12:55:09.000000,Y,152,0.000131571,DEBRIS,SMALL,DEBRIS,SMALL,1.00,12966,COSMOS 1275 DEB,1.00,30270,FENGYUN 1C DEB,2025-09-23T06:13:09.589000
1160419499,2025-09-20 12:54:59.000000,Y,896,0.0001674808,PAYLOAD,LARGE,DEBRIS,SMALL,5.00,7433,COSMOS 676,1.00,31948,FENGYUN 1C DEB,2025-09-21T15:49:09.191000
1160417681,2025-09-20 12:54:45.000000,Y,606,0.0005548494,PAYLOAD,MEDIUM,UNKNOWN,SMALL,5.00,1738,EXPLORER 30,3.00,81674,UNKNOWN,2025-09-22T22:21:42.809000
1160447917,2025-09-20 12:13:04.000000,Y,584,,DEBRIS,MEDIUM,DEBRIS,MEDIUM,1.00,40785,ARIANE 2 DEB,1.00,33535,ARIANE 2 DEB,2025-09-21T11:34:44.723000
1160447919,2025-09-20 12:13:04.000000,Y,597,,DEBRIS,MEDIUM,DEBRIS,MEDIUM,1.00,40785,ARIANE 2 DEB,1.00,33535,ARIANE 2 DEB,2025-09-21T21:27:45.519000
1160447921,2025-09-20 12:13:04.000000,Y,607,,DEBRIS,MEDIUM,DEBRIS,MEDIUM,1.00,40785,ARIANE 2 DEB,1.00,33535,ARIANE 2 DEB,2025-09-22T07:21:05.256000
1160447913,2025-09-20 12:13:03.000000,Y,549,,DEBRIS,MEDIUM,DEBRIS,MEDIUM,1.00,40785,ARIANE 2 DEB,1.00,33535,ARIANE 2 DEB,2025-09-20T15:49:15.678000
1160447915,2025-09-20 12:13:03.000000,Y,567,,DEBRIS,MEDIUM,DEBRIS,MEDIUM,1.00,40785,ARIANE 2 DEB,1.00,33535,ARIANE 2 DEB,2025-09-21T01:41:58.778000
1160447923,2025-09-20 12:13:03.000000,Y,613,,DEBRIS,MEDIUM,DEBRIS,MEDIUM,1.00,40785,ARIANE 2 DEB,1.00,33535,ARIANE 2 DEB,2025-09-22T17:14:48.670000
1160447925,2025-09-20 12:13:03.000000,Y,613,,DEBRIS,MEDIUM,DEBRIS,MEDIUM,1.00,40785,ARIANE 2 DEB,1.00,33535,ARIANE 2 DEB,2025-09-23T03:08:59.658000
1160436143,2025-09-20 12:12:57.000000,Y,584,,DEBRIS,MEDIUM,DEBRIS,MEDIUM,1.00,33535,ARIANE 2 DEB,1.00,40785,ARIANE 2 DEB,2025-09-21T11:34:44.723000
1160436141,2025-09-20 12:12:56.000000,Y,567,,DEBRIS,MEDIUM,DEBRIS,MEDIUM,1.00,33535,ARIANE 2 DEB,1.00,40785,ARIANE 2 DEB,2025-09-21T01:41:58.778000
1160436145,2025-09-20 12:12:56.000000,Y,597,,DEBRIS,MEDIUM,DEBRIS,MEDIUM,1.00,33535,ARIANE 2 DEB,1.00,40785,ARIANE 2 DEB,2025-09-21T21:27:45.519000
1160436149,2025-09-20 12:12:56.000000,Y,613,,DEBRIS,MEDIUM,DEBRIS,MEDIUM,1.00,33535,ARIANE 2 DEB,1.00,40785,ARIANE 2 DEB,2025-09-22T17:14:48.670000
1160436139,2025-09-20 12:12:55.000000,Y,549,,DEBRIS,MEDIUM,DEBRIS,MEDIUM,1.00,33535,ARIANE 2 DEB,1.00,40785,ARIANE 2 DEB,2025-09-20T15:49:15.678000
1160436147,2025-09-20 12:12:55.000000,Y,607,,DEBRIS,MEDIUM,DEBRIS,MEDIUM,1.00,33535,ARIANE 2 DEB,1.00,40785,ARIANE 2 DEB,2025-09-22T07:21:05.256000
1160436151,2025-09-20 12:12:55.000000,Y,613,,DEBRIS,MEDIUM,DEBRIS,MEDIUM,1.00,33535,ARIANE 2 DEB,1.00,40785,ARIANE 2 DEB,2025-09-23T03:08:59.658000
1160428541,2025-09-20 12:12:51.000000,Y,2021,,ROCKET BODY,LARGE,PAYLOAD,LARGE,3.00,28138,BLOCK DM-SL R/B,5.00,4353,NATO 2A,2025-09-22T12:22:21.431000
1160425446,2025-09-20 12:12:46.000000,Y,4862,,PAYLOAD,LARGE,PAYLOAD,LARGE,5.00,23398,COSMOS 2294 (GLONASS),5.00,23205,COSMOS 2288 (GLONASS),2025-09-21T08:37:40.375000
1160425445,2025-09-20 12:12:45.000000,Y,3954,,PAYLOAD,LARGE,PAYLOAD,LARGE,5.00,23398,COSMOS 2294 (GLONASS),5.00,23205,COSMOS 2288 (GLONASS),2025-09-20T21:21:56.302000
1160425164,2025-09-20 12:12:44.000000,Y,4862,,PAYLOAD,LARGE,PAYLOAD,LARGE,5.00,23205,COSMOS 2288 (GLONASS),5.00,23398,COSMOS 2294 (GLONASS),2025-09-21T08:37:40.375000
1160425163,2025-09-20 12:12:43.000000,Y,3954,,PAYLOAD,LARGE,PAYLOAD,LARGE,5.00,23205,COSMOS 2288 (GLONASS),5.00,23398,COSMOS 2294 (GLONASS),2025-09-20T21:21:56.302000
1160424381,2025-09-20 12:12:42.000000,Y,3860,,PAYLOAD,LARGE,PAYLOAD,LARGE,5.00,21111,COSMOS 2133,5.00,2608,ATS 1,2025-09-21T04:47:05.093000
1160418666,2025-09-20 12:12:36.000000,Y,2021,,PAYLOAD,LARGE,ROCKET BODY,LARGE,5.00,4353,NATO 2A,3.00,28138,BLOCK DM-SL R/B,2025-09-22T12:22:21.431000
1160417867,2025-09-20 12:12:35.000000,Y,3860,,PAYLOAD,LARGE,PAYLOAD,LARGE,5.00,2608,ATS 1,5.00,21111,COSMOS 2133,2025-09-21T04:47:05.093000
1160295131,2025-09-20 04:58:19.000000,Y,332,0.0001373639,DEBRIS,SMALL,DEBRIS,SMALL,1.00,61316,CZ-6A DEB,1.00,26442,CZ-4 DEB,2025-09-21T06:01:57.299000
1160294999,2025-09-20 04:58:18.000000,Y,32,0.0001007211,DEBRIS,SMALL,DEBRIS,SMALL,1.00,61273,CZ-6A DEB,1.00,13798,COSMOS 1275 DEB,2025-09-21T16:38:06.004000
1160293906,2025-09-20 04:58:09.000000,Y,166,0.0001243066,DEBRIS,SMALL,DEBRIS,SMALL,1.00,60987,CZ-6A DEB,1.00,57539,METEOR 1-17 DEB,2025-09-20T09:33:27.651000
1160277473,2025-09-20 04:55:45.000000,Y,166,0.0001243066,DEBRIS,SMALL,DEBRIS,SMALL,1.00,57539,METEOR 1-17 DEB,1.00,60987,CZ-6A DEB,2025-09-20T09:33:27.651000
1160274725,2025-09-20 04:55:21.000000,Y,60,0.0001193368,DEBRIS,SMALL,DEBRIS,SMALL,1.00,56251,CZ-6A DEB,1.00,30524,FENGYUN 1C DEB,2025-09-20T08:19:09.468000
1160272700,2025-09-20 04:55:03.000000,Y,62,0.000200519,DEBRIS,SMALL,PAYLOAD,LARGE,1.00,54975,CZ-6A DEB,5.00,24926,DUMMY MASS 2,2025-09-20T16:49:13.459000
1160359195,2025-09-20 04:54:05.000000,Y,45,0.0001504649,ROCKET BODY,LARGE,DEBRIS,,3.00,50467,CZ-4C R/B,1.00,38728,FENGYUN 1C DEB,2025-09-22T00:22:47.467000
1160353614,2025-09-20 04:53:18.000000,Y,33,0.0004396667,DEBRIS,SMALL,DEBRIS,SMALL,1.00,45511,METEOR 2-5 DEB,1.00,28302,DMSP 5D-2 F11 DEB,2025-09-21T16:26:30.384000
1160352891,2025-09-20 04:53:13.000000,Y,506,0.0001899647,DEBRIS,SMALL,UNKNOWN,MEDIUM,1.00,44641,COSMOS 2535 DEB,5.00,61894,OBJECT A,2025-09-20T21:01:15.009000
1160346089,2025-09-20 04:52:10.000000,Y,288,0.000111437,DEBRIS,,DEBRIS,SMALL,1.00,42228,COSMOS 1275 DEB,1.00,29194,COSMOS 860 COOLANT,2025-09-21T07:01:35.672000
1160345071,2025-09-20 04:52:03.000000,Y,425,0.0001009388,DEBRIS,SMALL,UNKNOWN,SMALL,1.00,41511,NOAA 16 DEB,3.00,81405,UNKNOWN,2025-09-20T08:32:27.930000
1160344893,2025-09-20 04:52:00.000000,Y,141,0.00469108,DEBRIS,SMALL,PAYLOAD,LARGE,1.00,41409,NOAA 16 DEB,5.00,24841,IRIDIUM 16,2025-09-22T19:17:50.147000
1160344810,2025-09-20 04:51:59.000000,Y,70,0.0005626637,DEBRIS,SMALL,DEBRIS,SMALL,1.00,41374,NOAA 16 DEB,1.00,29965,FENGYUN 1C DEB,2025-09-20T11:31:36.009000
1160324019,2025-09-20 04:50:25.000000,Y,226,0.0001364956,DEBRIS,,DEBRIS,SMALL,1.00,34672,COSMOS 2251 DEB,1.00,40533,CZ-4B DEB,2025-09-21T22:57:01.950000
1160323960,2025-09-20 04:50:24.000000,Y,58,0.0001861701,DEBRIS,SMALL,DEBRIS,SMALL,1.00,34613,COSMOS 2251 DEB,1.00,35196,FENGYUN 1C DEB,2025-09-20T13:20:14.698000
1160317605,2025-09-20 04:49:30.000000,Y,60,0.0001193368,DEBRIS,SMALL,DEBRIS,SMALL,1.00,30524,FENGYUN 1C DEB,1.00,56251,CZ-6A DEB,2025-09-20T08:19:09.468000
1160316575,2025-09-20 04:49:21.000000,Y,70,0.0005626637,DEBRIS,SMALL,DEBRIS,SMALL,1.00,29965,FENGYUN 1C DEB,1.00,41374,NOAA 16 DEB,2025-09-20T11:31:36.009000
1160315737,2025-09-20 04:49:14.000000,Y,288,0.000111437,DEBRIS,SMALL,DEBRIS,,1.00,29194,COSMOS 860 COOLANT,1.00,42228,COSMOS 1275 DEB,2025-09-21T07:01:35.672000
1160314856,2025-09-20 04:49:07.000000,Y,32,0.000440848,DEBRIS,SMALL,DEBRIS,SMALL,1.00,28302,DMSP 5D-2 F11 DEB,1.00,45511,METEOR 2-5 DEB,2025-09-21T16:26:30.390000
1160365277,2025-09-20 04:49:00.000000,Y,332,0.0001373639,DEBRIS,SMALL,DEBRIS,SMALL,1.00,26442,CZ-4 DEB,1.00,61316,CZ-6A DEB,2025-09-21T06:01:57.299000
1160334371,2025-09-20 04:48:53.000000,Y,206,0.0005767375,PAYLOAD,LARGE,DEBRIS,SMALL,5.00,25758,IRS P4 (OCEANSAT 1),1.00,37568,CZ-4C DEB,2025-09-22T01:08:36.907000
1160333761,2025-09-20 04:48:49.000000,Y,141,0.00469108,PAYLOAD,LARGE,DEBRIS,SMALL,5.00,24841,IRIDIUM 16,1.00,41409,NOAA 16 DEB,2025-09-22T19:17:50.147000
1160333841,2025-09-20 04:48:49.000000,Y,62,0.000200519,PAYLOAD,LARGE,DEBRIS,SMALL,5.00,24926,DUMMY MASS 2,1.00,54975,CZ-6A DEB,2025-09-20T16:49:13.459000
1160329163,2025-09-20 04:48:19.000000,Y,66,0.00114409,PAYLOAD,MEDIUM,ROCKET BODY,LARGE,5.00,14173,COSMOS 1475,3.00,22188,SL-14 R/B,2025-09-21T06:24:34.177000
1160328946,2025-09-20 04:48:17.000000,Y,32,0.0001007211,DEBRIS,SMALL,DEBRIS,SMALL,1.00,13798,COSMOS 1275 DEB,1.00,61273,CZ-6A DEB,2025-09-21T16:38:06.004000
1160327607,2025-09-20 04:48:05.000000,Y,936,0.0001185251,PAYLOAD,MEDIUM,UNKNOWN,SMALL,5.00,10529,SS 1,3.00,81969,UNKNOWN,2025-09-21T08:52:53.814000
1160324995,2025-09-20 04:47:47.000000,Y,797,0.0001863361,PAYLOAD,MEDIUM,UNKNOWN,SMALL,5.00,1738,EXPLORER 30,3.00,81674,UNKNOWN,2025-09-22T22:21:42.858000
1160367995,2025-09-20 04:06:31.000000,Y,582,,DEBRIS,MEDIUM,DEBRIS,MEDIUM,1.00,40785,ARIANE 2 DEB,1.00,33535,ARIANE 2 DEB,2025-09-21T11:34:56.650000
1160367999,2025-09-20 04:06:31.000000,Y,606,,DEBRIS,MEDIUM,DEBRIS,MEDIUM,1.00,40785,ARIANE 2 DEB,1.00,33535,ARIANE 2 DEB,2025-09-22T07:21:10.840000
1160367993,2025-09-20 04:06:30.000000,Y,566,,DEBRIS,MEDIUM,DEBRIS,MEDIUM,1.00,40785,ARIANE 2 DEB,1.00,33535,ARIANE 2 DEB,2025-09-21T01:42:04.132000
1160367997,2025-09-20 04:06:30.000000,Y,595,,DEBRIS,MEDIUM,DEBRIS,MEDIUM,1.00,40785,ARIANE 2 DEB,1.00,33535,ARIANE 2 DEB,2025-09-21T21:27:57.098000
1160368001,2025-09-20 04:06:30.000000,Y,614,,DEBRIS,MEDIUM,DEBRIS,MEDIUM,1.00,40785,ARIANE 2 DEB,1.00,33535,ARIANE 2 DEB,2025-09-22T17:14:39.819000
1160368003,2025-09-20 04:06:30.000000,Y,619,,DEBRIS,MEDIUM,DEBRIS,MEDIUM,1.00,40785,ARIANE 2 DEB,1.00,33535,ARIANE 2 DEB,2025-09-23T03:08:25.715000
1160367989,2025-09-20 04:06:29.000000,Y,531,,DEBRIS,MEDIUM,DEBRIS,MEDIUM,1.00,40785,ARIANE 2 DEB,1.00,33535,ARIANE 2 DEB,2025-09-20T05:56:28.180000
1160367991,2025-09-20 04:06:29.000000,Y,549,,DEBRIS,MEDIUM,DEBRIS,MEDIUM,1.00,40785,ARIANE 2 DEB,1.00,33535,ARIANE 2 DEB,2025-09-20T15:49:17.215000
1160366877,2025-09-20 04:06:22.000000,Y,566,,DEBRIS,MEDIUM,DEBRIS,MEDIUM,1.00,33535,ARIANE 2 DEB,1.00,40785,ARIANE 2 DEB,2025-09-21T01:42:04.132000
1160366879,2025-09-20 04:06:22.000000,Y,582,,DEBRIS,MEDIUM,DEBRIS,MEDIUM,1.00,33535,ARIANE 2 DEB,1.00,40785,ARIANE 2 DEB,2025-09-21T11:34:56.650000
1160366883,2025-09-20 04:06:22.000000,Y,606,,DEBRIS,MEDIUM,DEBRIS,MEDIUM,1.00,33535,ARIANE 2 DEB,1.00,40785,ARIANE 2 DEB,2025-09-22T07:21:10.840000
1160366873,2025-09-20 04:06:21.000000,Y,531,,DEBRIS,MEDIUM,DEBRIS,MEDIUM,1.00,33535,ARIANE 2 DEB,1.00,40785,ARIANE 2 DEB,2025-09-20T05:56:28.180000
1160366875,2025-09-20 04:06:21.000000,Y,549,,DEBRIS,MEDIUM,DEBRIS,MEDIUM,1.00,33535,ARIANE 2 DEB,1.00,40785,ARIANE 2 DEB,2025-09-20T15:49:17.215000
1160366881,2025-09-20 04:06:21.000000,Y,595,,DEBRIS,MEDIUM,DEBRIS,MEDIUM,1.00,33535,ARIANE 2 DEB,1.00,40785,ARIANE 2 DEB,2025-09-21T21:27:57.098000
1160366885,2025-09-20 04:06:21.000000,Y,614,,DEBRIS,MEDIUM,DEBRIS,MEDIUM,1.00,33535,ARIANE 2 DEB,1.00,40785,ARIANE 2 DEB,2025-09-22T17:14:39.819000
1160366887,2025-09-20 04:06:21.000000,Y,619,,DEBRIS,MEDIUM,DEBRIS,MEDIUM,1.00,33535,ARIANE 2 DEB,1.00,40785,ARIANE 2 DEB,2025-09-23T03:08:25.715000
1160366126,2025-09-20 04:06:14.000000,Y,2022,,ROCKET BODY,LARGE,PAYLOAD,LARGE,3.00,28138,BLOCK DM-SL R/B,5.00,4353,NATO 2A,2025-09-22T12:22:21.430000
1160333174,2025-09-20 04:06:08.000000,Y,3207,,PAYLOAD,LARGE,PAYLOAD,LARGE,5.00,23398,COSMOS 2294 (GLONASS),5.00,23205,COSMOS 2288 (GLONASS),2025-09-20T10:06:12.239000
1160333175,2025-09-20 04:06:08.000000,Y,3954,,PAYLOAD,LARGE,PAYLOAD,LARGE,5.00,23398,COSMOS 2294 (GLONASS),5.00,23205,COSMOS 2288 (GLONASS),2025-09-20T21:21:56.303000
1160333176,2025-09-20 04:06:07.000000,Y,4862,,PAYLOAD,LARGE,PAYLOAD,LARGE,5.00,23398,COSMOS 2294 (GLONASS),5.00,23205,COSMOS 2288 (GLONASS),2025-09-21T08:37:40.376000
1160332869,2025-09-20 04:06:06.000000,Y,3207,,PAYLOAD,LARGE,PAYLOAD,LARGE,5.00,23205,COSMOS 2288 (GLONASS),5.00,23398,COSMOS 2294 (GLONASS),2025-09-20T10:06:12.239000
1160332870,2025-09-20 04:06:06.000000,Y,3954,,PAYLOAD,LARGE,PAYLOAD,LARGE,5.00,23205,COSMOS 2288 (GLONASS),5.00,23398,COSMOS 2294 (GLONASS),2025-09-20T21:21:56.303000
1160332871,2025-09-20 04:06:06.000000,Y,4862,,PAYLOAD,LARGE,PAYLOAD,LARGE,5.00,23205,COSMOS 2288 (GLONASS),5.00,23398,COSMOS 2294 (GLONASS),2025-09-21T08:37:40.376000
1160332034,2025-09-20 04:06:05.000000,Y,3860,,PAYLOAD,LARGE,PAYLOAD,LARGE,5.00,21111,COSMOS 2133,5.00,2608,ATS 1,2025-09-21T04:47:05.093000
1160325214,2025-09-20 04:05:58.000000,Y,3860,,PAYLOAD,LARGE,PAYLOAD,LARGE,5.00,2608,ATS 1,5.00,21111,COSMOS 2133,2025-09-21T04:47:05.093000
1160326049,2025-09-20 04:05:58.000000,Y,2022,,PAYLOAD,LARGE,ROCKET BODY,LARGE,5.00,4353,NATO 2A,3.00,28138,BLOCK DM-SL R/B,2025-09-22T12:22:21.430000
1159586290,2025-09-19 13:23:06.000000,Y,585,0.0001072446,DEBRIS,SMALL,DEBRIS,SMALL,1.00,61418,CZ-6A DEB,1.00,30245,FENGYUN 1C DEB,2025-09-21T11:39:33.575000
1159584591,2025-09-19 13:22:48.000000,Y,28,0.0001078078,DEBRIS,SMALL,DEBRIS,SMALL,1.00,60987,CZ-6A DEB,1.00,57539,METEOR 1-17 DEB,2025-09-20T09:33:27.668000
1159583323,2025-09-19 13:22:36.000000,Y,180,0.0001913358,DEBRIS,SMALL,DEBRIS,SMALL,1.00,60625,CZ-6A DEB,1.00,35051,IRIDIUM 33 DEB,2025-09-20T04:15:54.099000
1159621157,2025-09-19 13:20:00.000000,Y,28,0.0001078078,DEBRIS,SMALL,DEBRIS,SMALL,1.00,57539,METEOR 1-17 DEB,1.00,60987,CZ-6A DEB,2025-09-20T09:33:27.668000
1159618272,2025-09-19 13:19:30.000000,Y,28,0.0006114664,DEBRIS,SMALL,DEBRIS,SMALL,1.00,56251,CZ-6A DEB,1.00,30524,FENGYUN 1C DEB,2025-09-20T08:19:09.511000
1159614751,2025-09-19 13:18:52.000000,Y,117,0.0001818611,DEBRIS,SMALL,DEBRIS,SMALL,1.00,54550,CZ-6A DEB,1.00,19453,COSMOS 1375 DEB,2025-09-19T17:58:52.613000
1159602809,2025-09-19 13:15:55.000000,Y,49,0.0004480499,DEBRIS,SMALL,DEBRIS,SMALL,1.00,45511,METEOR 2-5 DEB,1.00,28302,DMSP 5D-2 F11 DEB,2025-09-21T16:26:30.469000
1159602837,2025-09-19 13:15:55.000000,Y,454,0.0001239691,DEBRIS,SMALL,ROCKET BODY,LARGE,1.00,45521,METEOR 2-17 DEB,3.00,7364,SL-3 R/B,2025-09-20T18:25:13.136000
1159570860,2025-09-19 13:13:57.000000,Y,303,0.0001060776,DEBRIS,,DEBRIS,SMALL,1.00,42228,COSMOS 1275 DEB,1.00,29194,COSMOS 860 COOLANT,2025-09-21T07:01:35.685000
1159541667,2025-09-19 13:11:37.000000,Y,927,0.000135767,DEBRIS,SMALL,PAYLOAD,LARGE,1.00,36701,FENGYUN 1C DEB,5.00,26069,COSMOS 2369,2025-09-19T15:20:14.015000
1159538885,2025-09-19 13:10:43.000000,Y,180,0.0001913358,DEBRIS,SMALL,DEBRIS,SMALL,1.00,35051,IRIDIUM 33 DEB,1.00,60625,CZ-6A DEB,2025-09-20T04:15:54.099000
1159531265,2025-09-19 13:07:39.000000,Y,550,0.0004763721,DEBRIS,SMALL,PAYLOAD,MEDIUM,1.00,30621,FENGYUN 1C DEB,5.00,26932,SAPPHIRE,2025-09-21T16:45:26.944000
1159531057,2025-09-19 13:07:33.000000,Y,28,0.0006114664,DEBRIS,SMALL,DEBRIS,SMALL,1.00,30524,FENGYUN 1C DEB,1.00,56251,CZ-6A DEB,2025-09-20T08:19:09.511000
1159531072,2025-09-19 13:07:33.000000,Y,116,0.0001146085,DEBRIS,SMALL,UNKNOWN,SMALL,1.00,30531,FENGYUN 1C DEB,3.00,82295,UNKNOWN,2025-09-20T06:16:20.577000
1159530723,2025-09-19 13:07:25.000000,Y,116,0.0001119035,DEBRIS,SMALL,DEBRIS,MEDIUM,1.00,30398,FENGYUN 1C DEB,1.00,13458,COSMOS 1275 DEB,2025-09-20T03:41:04.545000
1159530387,2025-09-19 13:07:17.000000,Y,585,0.0001072446,DEBRIS,SMALL,DEBRIS,SMALL,1.00,30245,FENGYUN 1C DEB,1.00,61418,CZ-6A DEB,2025-09-21T11:39:33.575000
1159529024,2025-09-19 13:06:44.000000,Y,303,0.0001060776,DEBRIS,SMALL,DEBRIS,,1.00,29194,COSMOS 860 COOLANT,1.00,42228,COSMOS 1275 DEB,2025-09-21T07:01:35.685000
1159528101,2025-09-19 13:06:26.000000,Y,49,0.0004480499,DEBRIS,SMALL,DEBRIS,SMALL,1.00,28302,DMSP 5D-2 F11 DEB,1.00,45511,METEOR 2-5 DEB,2025-09-21T16:26:30.469000
1159528024,2025-09-19 13:06:25.000000,Y,308,0.0001475335,DEBRIS,MEDIUM,ROCKET BODY,LARGE,1.00,28080,DMSP 5D-3 F16 DEB,3.00,22676,SL-8 R/B,2025-09-22T08:50:10.172000
1159527389,2025-09-19 13:06:12.000000,Y,550,0.0004763721,PAYLOAD,MEDIUM,DEBRIS,SMALL,5.00,26932,SAPPHIRE,1.00,30621,FENGYUN 1C DEB,2025-09-21T16:45:26.944000
1159525843,2025-09-19 13:05:59.000000,Y,927,0.000135767,PAYLOAD,LARGE,DEBRIS,SMALL,5.00,26069,COSMOS 2369,1.00,36701,FENGYUN 1C DEB,2025-09-19T15:20:14.015000
1159524462,2025-09-19 13:05:47.000000,Y,308,0.0001475335,ROCKET BODY,LARGE,DEBRIS,MEDIUM,3.00,22676,SL-8 R/B,1.00,28080,DMSP 5D-3 F16 DEB,2025-09-22T08:50:10.172000
1159524103,2025-09-19 13:05:43.000000,Y,80,0.004817648,ROCKET BODY,LARGE,PAYLOAD,MEDIUM,3.00,22188,SL-14 R/B,5.00,14173,COSMOS 1475,2025-09-21T06:24:34.175000
1159523213,2025-09-19 13:05:35.000000,Y,117,0.0001818611,DEBRIS,SMALL,DEBRIS,SMALL,1.00,19453,COSMOS 1375 DEB,1.00,54550,CZ-6A DEB,2025-09-19T17:58:52.613000
1159522562,2025-09-19 13:05:29.000000,Y,187,0.000101741,DEBRIS,SMALL,UNKNOWN,SMALL,1.00,17635,COSMOS 1275 DEB,3.00,82820,UNKNOWN,2025-09-21T02:45:40.840000
1159521270,2025-09-19 13:05:17.000000,Y,80,0.004817648,PAYLOAD,MEDIUM,ROCKET BODY,LARGE,5.00,14173,COSMOS 1475,3.00,22188,SL-14 R/B,2025-09-21T06:24:34.175000
1159520847,2025-09-19 13:05:13.000000,Y,116,0.0001119035,DEBRIS,MEDIUM,DEBRIS,SMALL,1.00,13458,COSMOS 1275 DEB,1.00,30398,FENGYUN 1C DEB,2025-09-20T03:41:04.545000
1159519739,2025-09-19 13:05:03.000000,Y,398,0.0001072997,PAYLOAD,MEDIUM,UNKNOWN,SMALL,5.00,10529,SS 1,3.00,81969,UNKNOWN,2025-09-21T08:52:54.009000
1159518908,2025-09-19 13:04:55.000000,Y,138,0.0005056376,DEBRIS,SMALL,PAYLOAD,MEDIUM,1.00,7146,DELTA 1 DEB,5.00,3764,ESSA 9 (TOS-G),2025-09-20T17:50:16.412000
1159518980,2025-09-19 13:04:55.000000,Y,454,0.0001239691,ROCKET BODY,LARGE,DEBRIS,SMALL,3.00,7364,SL-3 R/B,1.00,45521,METEOR 2-17 DEB,2025-09-20T18:25:13.136000
1159517748,2025-09-19 13:04:44.000000,Y,138,0.0005056376,PAYLOAD,MEDIUM,DEBRIS,SMALL,5.00,3764,ESSA 9 (TOS-G),1.00,7146,DELTA 1 DEB,2025-09-20T17:50:16.412000
1159517060,2025-09-19 13:04:38.000000,Y,294,0.000116192,ROCKET BODY,LARGE,UNKNOWN,SMALL,3.00,1245,THOR AGENA D R/B,3.00,87214,UNKNOWN,2025-09-21T19:00:37.354000
1159500381,2025-09-19 12:03:15.000000,Y,623,,DEBRIS,MEDIUM,DEBRIS,MEDIUM,1.00,40785,ARIANE 2 DEB,1.00,33535,ARIANE 2 DEB,2025-09-21T21:25:14.736000
1159500370,2025-09-19 12:03:14.000000,Y,1340,,DEBRIS,MEDIUM,DEBRIS,MEDIUM,1.00,40785,ARIANE 2 DEB,1.00,33535,ARIANE 2 DEB,2025-09-19T11:52:38.000000
1159500371,2025-09-19 12:03:14.000000,Y,518,,DEBRIS,MEDIUM,DEBRIS,MEDIUM,1.00,40785,ARIANE 2 DEB,1.00,33535,ARIANE 2 DEB,2025-09-19T20:03:14.061000
1159500373,2025-09-19 12:03:14.000000,Y,539,,DEBRIS,MEDIUM,DEBRIS,MEDIUM,1.00,40785,ARIANE 2 DEB,1.00,33535,ARIANE 2 DEB,2025-09-20T05:55:49.814000
1159500375,2025-09-19 12:03:14.000000,Y,561,,DEBRIS,MEDIUM,DEBRIS,MEDIUM,1.00,40785,ARIANE 2 DEB,1.00,33535,ARIANE 2 DEB,2025-09-20T15:48:14.604000
1159500377,2025-09-19 12:03:14.000000,Y,583,,DEBRIS,MEDIUM,DEBRIS,MEDIUM,1.00,40785,ARIANE 2 DEB,1.00,33535,ARIANE 2 DEB,2025-09-21T01:40:34.038000
1159500379,2025-09-19 12:03:14.000000,Y,603,,DEBRIS,MEDIUM,DEBRIS,MEDIUM,1.00,40785,ARIANE 2 DEB,1.00,33535,ARIANE 2 DEB,2025-09-21T11:32:53.486000
1159500383,2025-09-19 12:03:14.000000,Y,641,,DEBRIS,MEDIUM,DEBRIS,MEDIUM,1.00,40785,ARIANE 2 DEB,1.00,33535,ARIANE 2 DEB,2025-09-22T07:17:42.696000
1159499427,2025-09-19 12:03:05.000000,Y,1340,,DEBRIS,MEDIUM,DEBRIS,MEDIUM,1.00,33535,ARIANE 2 DEB,1.00,40785,ARIANE 2 DEB,2025-09-19T11:52:38.000000
1159499432,2025-09-19 12:03:05.000000,Y,561,,DEBRIS,MEDIUM,DEBRIS,MEDIUM,1.00,33535,ARIANE 2 DEB,1.00,40785,ARIANE 2 DEB,2025-09-20T15:48:14.604000
1159499434,2025-09-19 12:03:05.000000,Y,583,,DEBRIS,MEDIUM,DEBRIS,MEDIUM,1.00,33535,ARIANE 2 DEB,1.00,40785,ARIANE 2 DEB,2025-09-21T01:40:34.038000
1159499436,2025-09-19 12:03:05.000000,Y,603,,DEBRIS,MEDIUM,DEBRIS,MEDIUM,1.00,33535,ARIANE 2 DEB,1.00,40785,ARIANE 2 DEB,2025-09-21T11:32:53.486000
1159499438,2025-09-19 12:03:05.000000,Y,623,,DEBRIS,MEDIUM,DEBRIS,MEDIUM,1.00,33535,ARIANE 2 DEB,1.00,40785,ARIANE 2 DEB,2025-09-21T21:25:14.736000
1159499440,2025-09-19 12:03:05.000000,Y,641,,DEBRIS,MEDIUM,DEBRIS,MEDIUM,1.00,33535,ARIANE 2 DEB,1.00,40785,ARIANE 2 DEB,2025-09-22T07:17:42.696000
1159499428,2025-09-19 12:03:04.000000,Y,518,,DEBRIS,MEDIUM,DEBRIS,MEDIUM,1.00,33535,ARIANE 2 DEB,1.00,40785,ARIANE 2 DEB,2025-09-19T20:03:14.061000
1159499430,2025-09-19 12:03:04.000000,Y,539,,DEBRIS,MEDIUM,DEBRIS,MEDIUM,1.00,33535,ARIANE 2 DEB,1.00,40785,ARIANE 2 DEB,2025-09-20T05:55:49.814000
1159498095,2025-09-19 12:02:51.000000,Y,2598,,PAYLOAD,LARGE,PAYLOAD,LARGE,5.00,23398,COSMOS 2294 (GLONASS),5.00,23205,COSMOS 2288 (GLONASS),2025-09-19T22:50:28.200000
1159498096,2025-09-19 12:02:51.000000,Y,3207,,PAYLOAD,LARGE,PAYLOAD,LARGE,5.00,23398,COSMOS 2294 (GLONASS),5.00,23205,COSMOS 2288 (GLONASS),2025-09-20T10:06:12.239000
1159498097,2025-09-19 12:02:51.000000,Y,3954,,PAYLOAD,LARGE,PAYLOAD,LARGE,5.00,23398,COSMOS 2294 (GLONASS),5.00,23205,COSMOS 2288 (GLONASS),2025-09-20T21:21:56.303000
1159498098,2025-09-19 12:02:51.000000,Y,4862,,PAYLOAD,LARGE,PAYLOAD,LARGE,5.00,23398,COSMOS 2294 (GLONASS),5.00,23205,COSMOS 2288 (GLONASS),2025-09-21T08:37:40.376000
1159497863,2025-09-19 12:02:49.000000,Y,2254,,PAYLOAD,LARGE,PAYLOAD,LARGE,5.00,22210,EKRAN 20,5.00,23327,ELEKTRO (GOMS),2025-09-19T22:46:38.292000
1159497916,2025-09-19 12:02:49.000000,Y,2598,,PAYLOAD,LARGE,PAYLOAD,LARGE,5.00,23205,COSMOS 2288 (GLONASS),5.00,23398,COSMOS 2294 (GLONASS),2025-09-19T22:50:28.200000
1159497917,2025-09-19 12:02:49.000000,Y,3207,,PAYLOAD,LARGE,PAYLOAD,LARGE,5.00,23205,COSMOS 2288 (GLONASS),5.00,23398,COSMOS 2294 (GLONASS),2025-09-20T10:06:12.239000
1159497918,2025-09-19 12:02:49.000000,Y,3954,,PAYLOAD,LARGE,PAYLOAD,LARGE,5.00,23205,COSMOS 2288 (GLONASS),5.00,23398,COSMOS 2294 (GLONASS),2025-09-20T21:21:56.303000
1159497919,2025-09-19 12:02:49.000000,Y,4862,,PAYLOAD,LARGE,PAYLOAD,LARGE,5.00,23205,COSMOS 2288 (GLONASS),5.00,23398,COSMOS 2294 (GLONASS),2025-09-21T08:37:40.376000
1159497956,2025-09-19 12:02:49.000000,Y,2254,,PAYLOAD,LARGE,PAYLOAD,LARGE,5.00,23327,ELEKTRO (GOMS),5.00,22210,EKRAN 20,2025-09-19T22:46:38.292000
1159497758,2025-09-19 12:02:48.000000,Y,3784,,PAYLOAD,LARGE,PAYLOAD,LARGE,5.00,21111,COSMOS 2133,5.00,2608,ATS 1,2025-09-21T04:47:05.073000
1159496877,2025-09-19 12:02:38.000000,Y,3784,,PAYLOAD,LARGE,PAYLOAD,LARGE,5.00,2608,ATS 1,5.00,21111,COSMOS 2133,2025-09-21T04:47:05.073000
1159090474,2025-09-19 05:19:10.000000,Y,449,0.0001448406,DEBRIS,SMALL,DEBRIS,SMALL,1.00,61418,CZ-6A DEB,1.00,30245,FENGYUN 1C DEB,2025-09-21T11:39:33.564000
1159088840,2025-09-19 05:18:51.000000,Y,573,0.0001167449,DEBRIS,SMALL,DEBRIS,SMALL,1.00,61084,CZ-6A DEB,1.00,12703,COSMOS 1275 DEB,2025-09-20T19:44:28.293000
1159088040,2025-09-19 05:18:42.000000,Y,158,0.001772786,DEBRIS,MEDIUM,PAYLOAD,LARGE,1.00,60811,CZ-6A DEB,5.00,5560,ASTEX 1,2025-09-20T01:57:46.933000
1159087388,2025-09-19 05:18:34.000000,Y,79,0.0001454057,DEBRIS,SMALL,DEBRIS,SMALL,1.00,60625,CZ-6A DEB,1.00,35051,IRIDIUM 33 DEB,2025-09-20T04:15:54.073000
1159068142,2025-09-19 05:14:22.000000,Y,60,0.0001411007,DEBRIS,SMALL,DEBRIS,SMALL,1.00,56251,CZ-6A DEB,1.00,30524,FENGYUN 1C DEB,2025-09-20T08:19:09.492000
1159052279,2025-09-19 05:10:23.000000,Y,66,0.0003845121,DEBRIS,SMALL,DEBRIS,SMALL,1.00,45511,METEOR 2-5 DEB,1.00,28302,DMSP 5D-2 F11 DEB,2025-09-21T16:26:30.410000
1159052313,2025-09-19 05:10:23.000000,Y,578,0.0001149839,DEBRIS,SMALL,ROCKET BODY,LARGE,1.00,45521,METEOR 2-17 DEB,3.00,7364,SL-3 R/B,2025-09-20T18:25:13.127000
1158980099,2025-09-19 05:08:51.000000,Y,311,0.0001042142,DEBRIS,,DEBRIS,SMALL,1.00,42228,COSMOS 1275 DEB,1.00,29194,COSMOS 860 COOLANT,2025-09-21T07:01:35.673000
1158945092,2025-09-19 05:06:31.000000,Y,462,0.0002295885,DEBRIS,SMALL,PAYLOAD,LARGE,1.00,37568,CZ-4C DEB,5.00,25758,IRS P4 (OCEANSAT 1),2025-09-22T01:08:36.994000
1158944111,2025-09-19 05:06:14.000000,Y,989,0.0001148439,DEBRIS,SMALL,PAYLOAD,LARGE,1.00,36701,FENGYUN 1C DEB,5.00,26069,COSMOS 2369,2025-09-19T15:20:14.012000
1158941196,2025-09-19 05:05:13.000000,Y,79,0.0001454057,DEBRIS,SMALL,DEBRIS,SMALL,1.00,35051,IRIDIUM 33 DEB,1.00,60625,CZ-6A DEB,2025-09-20T04:15:54.073000
1158887506,2025-09-19 05:02:33.000000,Y,60,0.0001411007,DEBRIS,SMALL,DEBRIS,SMALL,1.00,30524,FENGYUN 1C DEB,1.00,56251,CZ-6A DEB,2025-09-20T08:19:09.492000
1158887143,2025-09-19 05:02:27.000000,Y,106,0.0002028942,DEBRIS,SMALL,DEBRIS,MEDIUM,1.00,30398,FENGYUN 1C DEB,1.00,13458,COSMOS 1275 DEB,2025-09-20T03:41:04.546000
1158886802,2025-09-19 05:02:22.000000,Y,449,0.0001448406,DEBRIS,SMALL,DEBRIS,SMALL,1.00,30245,FENGYUN 1C DEB,1.00,61418,CZ-6A DEB,2025-09-21T11:39:33.564000
1158885387,2025-09-19 05:02:03.000000,Y,311,0.0001042142,DEBRIS,SMALL,DEBRIS,,1.00,29194,COSMOS 860 COOLANT,1.00,42228,COSMOS 1275 DEB,2025-09-21T07:01:35.673000
1158884390,2025-09-19 05:01:54.000000,Y,66,0.0003845121,DEBRIS,SMALL,DEBRIS,SMALL,1.00,28302,DMSP 5D-2 F11 DEB,1.00,45511,METEOR 2-5 DEB,2025-09-21T16:26:30.410000
1158872626,2025-09-19 05:01:34.000000,Y,989,0.0001148439,PAYLOAD,LARGE,DEBRIS,SMALL,5.00,26069,COSMOS 2369,1.00,36701,FENGYUN 1C DEB,2025-09-19T15:20:14.012000
1158872439,2025-09-19 05:01:31.000000,Y,462,0.0002295885,PAYLOAD,LARGE,DEBRIS,SMALL,5.00,25758,IRS P4 (OCEANSAT 1),1.00,37568,CZ-4C DEB,2025-09-22T01:08:36.994000
1158870872,2025-09-19 05:01:13.000000,Y,47,0.009652564,ROCKET BODY,LARGE,PAYLOAD,MEDIUM,3.00,22188,SL-14 R/B,5.00,14173,COSMOS 1475,2025-09-21T06:24:34.178000
1158870513,2025-09-19 05:01:09.000000,Y,515,0.0001560361,DEBRIS,SMALL,DEBRIS,SMALL,1.00,20904,CZ-4 DEB,1.00,12404,SL-8 DEB,2025-09-20T20:03:09.509000
1158869188,2025-09-19 05:00:53.000000,Y,185,0.0001290543,DEBRIS,SMALL,UNKNOWN,SMALL,1.00,17635,COSMOS 1275 DEB,3.00,82820,UNKNOWN,2025-09-21T02:45:40.781000
1158867878,2025-09-19 05:00:38.000000,Y,47,0.009652564,PAYLOAD,MEDIUM,ROCKET BODY,LARGE,5.00,14173,COSMOS 1475,3.00,22188,SL-14 R/B,2025-09-21T06:24:34.178000
1158867414,2025-09-19 05:00:32.000000,Y,106,0.0002028942,DEBRIS,MEDIUM,DEBRIS,SMALL,1.00,13458,COSMOS 1275 DEB,1.00,30398,FENGYUN 1C DEB,2025-09-20T03:41:04.546000
1158866592,2025-09-19 05:00:23.000000,Y,573,0.0001167449,DEBRIS,SMALL,DEBRIS,SMALL,1.00,12703,COSMOS 1275 DEB,1.00,61084,CZ-6A DEB,2025-09-20T19:44:28.293000
1158866433,2025-09-19 05:00:21.000000,Y,515,0.0001560361,DEBRIS,SMALL,DEBRIS,SMALL,1.00,12404,SL-8 DEB,1.00,20904,CZ-4 DEB,2025-09-20T20:03:09.509000
1158865200,2025-09-19 05:00:07.000000,Y,578,0.0001149839,ROCKET BODY,LARGE,DEBRIS,SMALL,3.00,7364,SL-3 R/B,1.00,45521,METEOR 2-17 DEB,2025-09-20T18:25:13.127000
1158864737,2025-09-19 05:00:02.000000,Y,158,0.001772786,PAYLOAD,LARGE,DEBRIS,MEDIUM,5.00,5560,ASTEX 1,1.00,60811,CZ-6A DEB,2025-09-20T01:57:46.933000
1158746305,2025-09-19 03:58:46.000000,Y,593,,DEBRIS,MEDIUM,DEBRIS,MEDIUM,1.00,40785,ARIANE 2 DEB,1.00,33535,ARIANE 2 DEB,2025-09-21T21:28:14.312000
1158746297,2025-09-19 03:58:46.000000,Y,527,,DEBRIS,MEDIUM,DEBRIS,MEDIUM,1.00,40785,ARIANE 2 DEB,1.00,33535,ARIANE 2 DEB,2025-09-20T05:56:51.898000
1158746292,2025-09-19 03:58:45.000000,Y,2342,,DEBRIS,MEDIUM,DEBRIS,MEDIUM,1.00,40785,ARIANE 2 DEB,1.00,33535,ARIANE 2 DEB,2025-09-19T03:47:06.000000
1158746293,2025-09-19 03:58:45.000000,Y,497,,DEBRIS,MEDIUM,DEBRIS,MEDIUM,1.00,40785,ARIANE 2 DEB,1.00,33535,ARIANE 2 DEB,2025-09-19T10:10:37.327000
1158746295,2025-09-19 03:58:45.000000,Y,511,,DEBRIS,MEDIUM,DEBRIS,MEDIUM,1.00,40785,ARIANE 2 DEB,1.00,33535,ARIANE 2 DEB,2025-09-19T20:03:48.862000
1158746299,2025-09-19 03:58:45.000000,Y,543,,DEBRIS,MEDIUM,DEBRIS,MEDIUM,1.00,40785,ARIANE 2 DEB,1.00,33535,ARIANE 2 DEB,2025-09-20T15:49:47.689000
1158746301,2025-09-19 03:58:45.000000,Y,560,,DEBRIS,MEDIUM,DEBRIS,MEDIUM,1.00,40785,ARIANE 2 DEB,1.00,33535,ARIANE 2 DEB,2025-09-21T01:42:38.222000
1158746303,2025-09-19 03:58:45.000000,Y,577,,DEBRIS,MEDIUM,DEBRIS,MEDIUM,1.00,40785,ARIANE 2 DEB,1.00,33535,ARIANE 2 DEB,2025-09-21T11:35:26.605000
1158744936,2025-09-19 03:58:34.000000,Y,2342,,DEBRIS,MEDIUM,DEBRIS,MEDIUM,1.00,33535,ARIANE 2 DEB,1.00,40785,ARIANE 2 DEB,2025-09-19T03:47:06.000000
1158744937,2025-09-19 03:58:34.000000,Y,497,,DEBRIS,MEDIUM,DEBRIS,MEDIUM,1.00,33535,ARIANE 2 DEB,1.00,40785,ARIANE 2 DEB,2025-09-19T10:10:37.327000
1158744939,2025-09-19 03:58:34.000000,Y,511,,DEBRIS,MEDIUM,DEBRIS,MEDIUM,1.00,33535,ARIANE 2 DEB,1.00,40785,ARIANE 2 DEB,2025-09-19T20:03:48.862000
1158744941,2025-09-19 03:58:34.000000,Y,527,,DEBRIS,MEDIUM,DEBRIS,MEDIUM,1.00,33535,ARIANE 2 DEB,1.00,40785,ARIANE 2 DEB,2025-09-20T05:56:51.898000
1158744943,2025-09-19 03:58:34.000000,Y,543,,DEBRIS,MEDIUM,DEBRIS,MEDIUM,1.00,33535,ARIANE 2 DEB,1.00,40785,ARIANE 2 DEB,2025-09-20T15:49:47.689000
1158744945,2025-09-19 03:58:34.000000,Y,560,,DEBRIS,MEDIUM,DEBRIS,MEDIUM,1.00,33535,ARIANE 2 DEB,1.00,40785,ARIANE 2 DEB,2025-09-21T01:42:38.222000
1158744947,2025-09-19 03:58:34.000000,Y,577,,DEBRIS,MEDIUM,DEBRIS,MEDIUM,1.00,33535,ARIANE 2 DEB,1.00,40785,ARIANE 2 DEB,2025-09-21T11:35:26.605000
1158744949,2025-09-19 03:58:34.000000,Y,593,,DEBRIS,MEDIUM,DEBRIS,MEDIUM,1.00,33535,ARIANE 2 DEB,1.00,40785,ARIANE 2 DEB,2025-09-21T21:28:14.312000
1158743319,2025-09-19 03:58:19.000000,Y,3207,,PAYLOAD,LARGE,PAYLOAD,LARGE,5.00,23398,COSMOS 2294 (GLONASS),5.00,23205,COSMOS 2288 (GLONASS),2025-09-20T10:06:12.239000
1158743320,2025-09-19 03:58:19.000000,Y,3954,,PAYLOAD,LARGE,PAYLOAD,LARGE,5.00,23398,COSMOS 2294 (GLONASS),5.00,23205,COSMOS 2288 (GLONASS),2025-09-20T21:21:56.303000
1158743321,2025-09-19 03:58:19.000000,Y,4862,,PAYLOAD,LARGE,PAYLOAD,LARGE,5.00,23398,COSMOS 2294 (GLONASS),5.00,23205,COSMOS 2288 (GLONASS),2025-09-21T08:37:40.375000
1158743317,2025-09-19 03:58:18.000000,Y,2178,,PAYLOAD,LARGE,PAYLOAD,LARGE,5.00,23398,COSMOS 2294 (GLONASS),5.00,23205,COSMOS 2288 (GLONASS),2025-09-19T11:34:44.180000
1158743318,2025-09-19 03:58:18.000000,Y,2598,,PAYLOAD,LARGE,PAYLOAD,LARGE,5.00,23398,COSMOS 2294 (GLONASS),5.00,23205,COSMOS 2288 (GLONASS),2025-09-19T22:50:28.200000
1158743164,2025-09-19 03:58:17.000000,Y,2254,,PAYLOAD,LARGE,PAYLOAD,LARGE,5.00,23327,ELEKTRO (GOMS),5.00,22210,EKRAN 20,2025-09-19T22:46:38.292000
1158743068,2025-09-19 03:58:16.000000,Y,2254,,PAYLOAD,LARGE,PAYLOAD,LARGE,5.00,22210,EKRAN 20,5.00,23327,ELEKTRO (GOMS),2025-09-19T22:46:38.292000
1158743124,2025-09-19 03:58:16.000000,Y,2178,,PAYLOAD,LARGE,PAYLOAD,LARGE,5.00,23205,COSMOS 2288 (GLONASS),5.00,23398,COSMOS 2294 (GLONASS),2025-09-19T11:34:44.180000
1158743125,2025-09-19 03:58:16.000000,Y,2598,,PAYLOAD,LARGE,PAYLOAD,LARGE,5.00,23205,COSMOS 2288 (GLONASS),5.00,23398,COSMOS 2294 (GLONASS),2025-09-19T22:50:28.200000
1158743126,2025-09-19 03:58:16.000000,Y,3207,,PAYLOAD,LARGE,PAYLOAD,LARGE,5.00,23205,COSMOS 2288 (GLONASS),5.00,23398,COSMOS 2294 (GLONASS),2025-09-20T10:06:12.239000
1158743127,2025-09-19 03:58:16.000000,Y,3954,,PAYLOAD,LARGE,PAYLOAD,LARGE,5.00,23205,COSMOS 2288 (GLONASS),5.00,23398,COSMOS 2294 (GLONASS),2025-09-20T21:21:56.303000
1158743128,2025-09-19 03:58:16.000000,Y,4862,,PAYLOAD,LARGE,PAYLOAD,LARGE,5.00,23205,COSMOS 2288 (GLONASS),5.00,23398,COSMOS 2294 (GLONASS),2025-09-21T08:37:40.375000
1158742949,2025-09-19 03:58:15.000000,Y,3800,,PAYLOAD,LARGE,PAYLOAD,LARGE,5.00,21111,COSMOS 2133,5.00,2608,ATS 1,2025-09-21T04:47:05.071000
1158742053,2025-09-19 03:58:05.000000,Y,3800,,PAYLOAD,LARGE,PAYLOAD,LARGE,5.00,2608,ATS 1,5.00,21111,COSMOS 2133,2025-09-21T04:47:05.071000
1158612799,2025-09-18 22:47:33.000000,Y,449,0.0001448404,DEBRIS,SMALL,DEBRIS,SMALL,1.00,61418,CZ-6A DEB,1.00,30245,FENGYUN 1C DEB,2025-09-21T11:39:33.564000
1158610310,2025-09-18 22:47:12.000000,Y,179,0.001634922,DEBRIS,MEDIUM,PAYLOAD,LARGE,1.00,60811,CZ-6A DEB,5.00,5560,ASTEX 1,2025-09-20T01:57:46.945000
1158609643,2025-09-18 22:47:06.000000,Y,222,0.0001034808,DEBRIS,SMALL,DEBRIS,SMALL,1.00,60625,CZ-6A DEB,1.00,35051,IRIDIUM 33 DEB,2025-09-20T04:15:54.087000
1158590310,2025-09-18 22:44:17.000000,Y,59,0.0001412179,DEBRIS,SMALL,DEBRIS,SMALL,1.00,56251,CZ-6A DEB,1.00,30524,FENGYUN 1C DEB,2025-09-20T08:19:09.491000
1158551999,2025-09-18 22:41:54.000000,Y,541,0.0001116496,DEBRIS,SMALL,ROCKET BODY,LARGE,1.00,45521,METEOR 2-17 DEB,3.00,7364,SL-3 R/B,2025-09-20T18:25:13.122000
1158551956,2025-09-18 22:41:53.000000,Y,79,0.0003697437,DEBRIS,SMALL,DEBRIS,SMALL,1.00,45511,METEOR 2-5 DEB,1.00,28302,DMSP 5D-2 F11 DEB,2025-09-21T16:26:30.426000
1158550848,2025-09-18 22:41:44.000000,Y,96,0.0001463222,DEBRIS,SMALL,DEBRIS,MEDIUM,1.00,44611,CZ-2D DEB,1.00,23250,DMSP 5D-2 F12 DEB,2025-09-19T00:26:16.897000
1158543869,2025-09-18 22:40:43.000000,Y,311,0.000104214,DEBRIS,,DEBRIS,SMALL,1.00,42228,COSMOS 1275 DEB,1.00,29194,COSMOS 860 COOLANT,2025-09-21T07:01:35.673000
1158489929,2025-09-18 22:39:18.000000,Y,979,0.000119099,DEBRIS,SMALL,PAYLOAD,LARGE,1.00,36701,FENGYUN 1C DEB,5.00,26069,COSMOS 2369,2025-09-19T15:20:14.011000
1158486924,2025-09-18 22:38:49.000000,Y,222,0.0001034808,DEBRIS,SMALL,DEBRIS,SMALL,1.00,35051,IRIDIUM 33 DEB,1.00,60625,CZ-6A DEB,2025-09-20T04:15:54.087000
1158498096,2025-09-18 22:37:37.000000,Y,59,0.0001412179,DEBRIS,SMALL,DEBRIS,SMALL,1.00,30524,FENGYUN 1C DEB,1.00,56251,CZ-6A DEB,2025-09-20T08:19:09.491000
1158497717,2025-09-18 22:37:34.000000,Y,106,0.0002028908,DEBRIS,SMALL,DEBRIS,MEDIUM,1.00,30398,FENGYUN 1C DEB,1.00,13458,COSMOS 1275 DEB,2025-09-20T03:41:04.546000
1158497371,2025-09-18 22:37:33.000000,Y,449,0.0001448404,DEBRIS,SMALL,DEBRIS,SMALL,1.00,30245,FENGYUN 1C DEB,1.00,61418,CZ-6A DEB,2025-09-21T11:39:33.564000
1158495884,2025-09-18 22:37:19.000000,Y,311,0.000104214,DEBRIS,SMALL,DEBRIS,,1.00,29194,COSMOS 860 COOLANT,1.00,42228,COSMOS 1275 DEB,2025-09-21T07:01:35.673000
1158494935,2025-09-18 22:37:11.000000,Y,79,0.0003697437,DEBRIS,SMALL,DEBRIS,SMALL,1.00,28302,DMSP 5D-2 F11 DEB,1.00,45511,METEOR 2-5 DEB,2025-09-21T16:26:30.426000
1158483155,2025-09-18 22:36:55.000000,Y,984,0.0001153782,PAYLOAD,LARGE,DEBRIS,SMALL,5.00,26069,COSMOS 2369,1.00,36701,FENGYUN 1C DEB,2025-09-19T15:20:14.011000
1158478270,2025-09-18 22:36:14.000000,Y,193,0.0002224483,PAYLOAD,MEDIUM,ROCKET BODY,LARGE,5.00,14173,COSMOS 1475,3.00,22188,SL-14 R/B,2025-09-21T06:24:34.181000
1158475278,2025-09-18 22:35:47.000000,Y,179,0.001634922,PAYLOAD,LARGE,DEBRIS,MEDIUM,5.00,5560,ASTEX 1,1.00,60811,CZ-6A DEB,2025-09-20T01:57:46.945000
1158405582,2025-09-18 21:49:04.000000,Y,484,,DEBRIS,MEDIUM,DEBRIS,MEDIUM,1.00,40785,ARIANE 2 DEB,1.00,33535,ARIANE 2 DEB,2025-09-19T00:17:18.298000
1158405584,2025-09-18 21:49:04.000000,Y,497,,DEBRIS,MEDIUM,DEBRIS,MEDIUM,1.00,40785,ARIANE 2 DEB,1.00,33535,ARIANE 2 DEB,2025-09-19T10:10:37.328000
1158405586,2025-09-18 21:49:04.000000,Y,511,,DEBRIS,MEDIUM,DEBRIS,MEDIUM,1.00,40785,ARIANE 2 DEB,1.00,33535,ARIANE 2 DEB,2025-09-19T20:03:48.862000
1158405588,2025-09-18 21:49:04.000000,Y,527,,DEBRIS,MEDIUM,DEBRIS,MEDIUM,1.00,40785,ARIANE 2 DEB,1.00,33535,ARIANE 2 DEB,2025-09-20T05:56:51.898000
1158405590,2025-09-18 21:49:04.000000,Y,543,,DEBRIS,MEDIUM,DEBRIS,MEDIUM,1.00,40785,ARIANE 2 DEB,1.00,33535,ARIANE 2 DEB,2025-09-20T15:49:47.689000
1158405592,2025-09-18 21:49:04.000000,Y,560,,DEBRIS,MEDIUM,DEBRIS,MEDIUM,1.00,40785,ARIANE 2 DEB,1.00,33535,ARIANE 2 DEB,2025-09-21T01:42:38.221000
1158405594,2025-09-18 21:49:04.000000,Y,577,,DEBRIS,MEDIUM,DEBRIS,MEDIUM,1.00,40785,ARIANE 2 DEB,1.00,33535,ARIANE 2 DEB,2025-09-21T11:35:26.606000
1158405596,2025-09-18 21:49:04.000000,Y,593,,DEBRIS,MEDIUM,DEBRIS,MEDIUM,1.00,40785,ARIANE 2 DEB,1.00,33535,ARIANE 2 DEB,2025-09-21T21:28:14.312000
1158404768,2025-09-18 21:48:57.000000,Y,484,,DEBRIS,MEDIUM,DEBRIS,MEDIUM,1.00,33535,ARIANE 2 DEB,1.00,40785,ARIANE 2 DEB,2025-09-19T00:17:18.298000
1158404770,2025-09-18 21:48:57.000000,Y,497,,DEBRIS,MEDIUM,DEBRIS,MEDIUM,1.00,33535,ARIANE 2 DEB,1.00,40785,ARIANE 2 DEB,2025-09-19T10:10:37.328000
1158404772,2025-09-18 21:48:57.000000,Y,511,,DEBRIS,MEDIUM,DEBRIS,MEDIUM,1.00,33535,ARIANE 2 DEB,1.00,40785,ARIANE 2 DEB,2025-09-19T20:03:48.862000
1158404774,2025-09-18 21:48:57.000000,Y,527,,DEBRIS,MEDIUM,DEBRIS,MEDIUM,1.00,33535,ARIANE 2 DEB,1.00,40785,ARIANE 2 DEB,2025-09-20T05:56:51.898000
1158404776,2025-09-18 21:48:57.000000,Y,543,,DEBRIS,MEDIUM,DEBRIS,MEDIUM,1.00,33535,ARIANE 2 DEB,1.00,40785,ARIANE 2 DEB,2025-09-20T15:49:47.689000
1158404778,2025-09-18 21:48:57.000000,Y,560,,DEBRIS,MEDIUM,DEBRIS,MEDIUM,1.00,33535,ARIANE 2 DEB,1.00,40785,ARIANE 2 DEB,2025-09-21T01:42:38.221000
1158404780,2025-09-18 21:48:57.000000,Y,577,,DEBRIS,MEDIUM,DEBRIS,MEDIUM,1.00,33535,ARIANE 2 DEB,1.00,40785,ARIANE 2 DEB,2025-09-21T11:35:26.606000
1158404782,2025-09-18 21:48:57.000000,Y,593,,DEBRIS,MEDIUM,DEBRIS,MEDIUM,1.00,33535,ARIANE 2 DEB,1.00,40785,ARIANE 2 DEB,2025-09-21T21:28:14.312000
1158403364,2025-09-18 21:48:47.000000,Y,2178,,PAYLOAD,LARGE,PAYLOAD,LARGE,5.00,23205,COSMOS 2288 (GLONASS),5.00,23398,COSMOS 2294 (GLONASS),2025-09-19T11:34:44.180000
1158403366,2025-09-18 21:48:47.000000,Y,3207,,PAYLOAD,LARGE,PAYLOAD,LARGE,5.00,23205,COSMOS 2288 (GLONASS),5.00,23398,COSMOS 2294 (GLONASS),2025-09-20T10:06:12.239000
1158403542,2025-09-18 21:48:47.000000,Y,1947,,PAYLOAD,LARGE,PAYLOAD,LARGE,5.00,23398,COSMOS 2294 (GLONASS),5.00,23205,COSMOS 2288 (GLONASS),2025-09-19T00:19:00.150000
1158403543,2025-09-18 21:48:47.000000,Y,2178,,PAYLOAD,LARGE,PAYLOAD,LARGE,5.00,23398,COSMOS 2294 (GLONASS),5.00,23205,COSMOS 2288 (GLONASS),2025-09-19T11:34:44.180000
1158403544,2025-09-18 21:48:47.000000,Y,2598,,PAYLOAD,LARGE,PAYLOAD,LARGE,5.00,23398,COSMOS 2294 (GLONASS),5.00,23205,COSMOS 2288 (GLONASS),2025-09-19T22:50:28.199000
1158403545,2025-09-18 21:48:47.000000,Y,3207,,PAYLOAD,LARGE,PAYLOAD,LARGE,5.00,23398,COSMOS 2294 (GLONASS),5.00,23205,COSMOS 2288 (GLONASS),2025-09-20T10:06:12.239000
1158403546,2025-09-18 21:48:47.000000,Y,3954,,PAYLOAD,LARGE,PAYLOAD,LARGE,5.00,23398,COSMOS 2294 (GLONASS),5.00,23205,COSMOS 2288 (GLONASS),2025-09-20T21:21:56.303000
1158403547,2025-09-18 21:48:47.000000,Y,4862,,PAYLOAD,LARGE,PAYLOAD,LARGE,5.00,23398,COSMOS 2294 (GLONASS),5.00,23205,COSMOS 2288 (GLONASS),2025-09-21T08:37:40.376000
1158403363,2025-09-18 21:48:46.000000,Y,1947,,PAYLOAD,LARGE,PAYLOAD,LARGE,5.00,23205,COSMOS 2288 (GLONASS),5.00,23398,COSMOS 2294 (GLONASS),2025-09-19T00:19:00.150000
1158403367,2025-09-18 21:48:46.000000,Y,3954,,PAYLOAD,LARGE,PAYLOAD,LARGE,5.00,23205,COSMOS 2288 (GLONASS),5.00,23398,COSMOS 2294 (GLONASS),2025-09-20T21:21:56.303000
1158403397,2025-09-18 21:48:46.000000,Y,2151,,PAYLOAD,LARGE,PAYLOAD,LARGE,5.00,23327,ELEKTRO (GOMS),5.00,22210,EKRAN 20,2025-09-19T22:46:38.275000
1158403313,2025-09-18 21:48:45.000000,Y,2108,,PAYLOAD,LARGE,PAYLOAD,LARGE,5.00,22210,EKRAN 20,5.00,23327,ELEKTRO (GOMS),2025-09-19T22:46:38.330000
1158403365,2025-09-18 21:48:45.000000,Y,2598,,PAYLOAD,LARGE,PAYLOAD,LARGE,5.00,23205,COSMOS 2288 (GLONASS),5.00,23398,COSMOS 2294 (GLONASS),2025-09-19T22:50:28.199000
1158403368,2025-09-18 21:48:45.000000,Y,4862,,PAYLOAD,LARGE,PAYLOAD,LARGE,5.00,23205,COSMOS 2288 (GLONASS),5.00,23398,COSMOS 2294 (GLONASS),2025-09-21T08:37:40.376000
1158403219,2025-09-18 21:48:44.000000,Y,3812,,PAYLOAD,LARGE,PAYLOAD,LARGE,5.00,21111,COSMOS 2133,5.00,2608,ATS 1,2025-09-21T04:47:05.068000
1158402488,2025-09-18 21:48:38.000000,Y,3812,,PAYLOAD,LARGE,PAYLOAD,LARGE,5.00,2608,ATS 1,5.00,21111,COSMOS 2133,2025-09-21T04:47:05.068000
1158207378,2025-09-18 12:15:24.000000,Y,348,0.0001062934,DEBRIS,SMALL,DEBRIS,SMALL,1.00,61418,CZ-6A DEB,1.00,30245,FENGYUN 1C DEB,2025-09-21T11:39:33.599000
1158184975,2025-09-18 12:14:42.000000,Y,32,0.01052948,DEBRIS,SMALL,PAYLOAD,LARGE,1.00,60816,CZ-6A DEB,5.00,19256,COSMOS 1954,2025-09-18T17:22:26.214000
1158184955,2025-09-18 12:14:41.000000,Y,264,0.001388215,DEBRIS,MEDIUM,PAYLOAD,LARGE,1.00,60811,CZ-6A DEB,5.00,5560,ASTEX 1,2025-09-20T01:57:47.028000
1158139870,2025-09-18 12:08:08.000000,Y,990,0.0002567948,DEBRIS,,PAYLOAD,LARGE,1.00,45350,SL-14 DEB,5.00,3818,COSMOS 272,2025-09-18T16:22:06.568000
1158131407,2025-09-18 12:06:34.000000,Y,267,0.0001095098,DEBRIS,,DEBRIS,SMALL,1.00,42228,COSMOS 1275 DEB,1.00,29194,COSMOS 860 COOLANT,2025-09-21T07:01:35.689000
1158122457,2025-09-18 12:04:44.000000,Y,929,0.0001443913,DEBRIS,SMALL,PAYLOAD,LARGE,1.00,36701,FENGYUN 1C DEB,5.00,26069,COSMOS 2369,2025-09-19T15:20:14.022000
1158119647,2025-09-18 12:04:12.000000,Y,570,0.0001204945,DEBRIS,SMALL,DEBRIS,SMALL,1.00,35196,FENGYUN 1C DEB,1.00,34613,COSMOS 2251 DEB,2025-09-20T13:20:14.902000
1158118487,2025-09-18 12:03:57.000000,Y,570,0.0001204945,DEBRIS,SMALL,DEBRIS,SMALL,1.00,34613,COSMOS 2251 DEB,1.00,35196,FENGYUN 1C DEB,2025-09-20T13:20:14.902000
1158115391,2025-09-18 12:03:23.000000,Y,396,0.0003322508,DEBRIS,SMALL,UNKNOWN,SMALL,1.00,32141,FENGYUN 1C DEB,3.00,270089,UNKNOWN,2025-09-18T19:31:58.978000
1158111194,2025-09-18 12:02:32.000000,Y,104,0.0004638369,DEBRIS,SMALL,DEBRIS,MEDIUM,1.00,30398,FENGYUN 1C DEB,1.00,13458,COSMOS 1275 DEB,2025-09-20T03:41:04.549000
1158110895,2025-09-18 12:02:28.000000,Y,348,0.0001062934,DEBRIS,SMALL,DEBRIS,SMALL,1.00,30245,FENGYUN 1C DEB,1.00,61418,CZ-6A DEB,2025-09-21T11:39:33.599000
1158109532,2025-09-18 12:02:12.000000,Y,267,0.0001095098,DEBRIS,SMALL,DEBRIS,,1.00,29194,COSMOS 860 COOLANT,1.00,42228,COSMOS 1275 DEB,2025-09-21T07:01:35.689000
1158106798,2025-09-18 12:01:39.000000,Y,929,0.0001443913,PAYLOAD,LARGE,DEBRIS,SMALL,5.00,26069,COSMOS 2369,1.00,36701,FENGYUN 1C DEB,2025-09-19T15:20:14.022000
1158104924,2025-09-18 12:01:17.000000,Y,212,0.0005597856,ROCKET BODY,LARGE,PAYLOAD,MEDIUM,3.00,22188,SL-14 R/B,5.00,14173,COSMOS 1475,2025-09-21T06:24:34.179000
1158104512,2025-09-18 12:01:13.000000,Y,497,0.0002231746,DEBRIS,SMALL,DEBRIS,SMALL,1.00,20904,CZ-4 DEB,1.00,12404,SL-8 DEB,2025-09-20T20:03:09.664000
1158103756,2025-09-18 12:01:04.000000,Y,32,0.01052948,PAYLOAD,LARGE,DEBRIS,SMALL,5.00,19256,COSMOS 1954,1.00,60816,CZ-6A DEB,2025-09-18T17:22:26.214000
1158103185,2025-09-18 12:00:59.000000,Y,185,0.0001340834,DEBRIS,SMALL,UNKNOWN,SMALL,1.00,17635,COSMOS 1275 DEB,3.00,82820,UNKNOWN,2025-09-21T02:45:40.873000
1158101952,2025-09-18 12:00:44.000000,Y,212,0.0005597856,PAYLOAD,MEDIUM,ROCKET BODY,LARGE,5.00,14173,COSMOS 1475,3.00,22188,SL-14 R/B,2025-09-21T06:24:34.179000
1158101493,2025-09-18 12:00:40.000000,Y,104,0.0004638369,DEBRIS,MEDIUM,DEBRIS,SMALL,1.00,13458,COSMOS 1275 DEB,1.00,30398,FENGYUN 1C DEB,2025-09-20T03:41:04.549000
1158100847,2025-09-18 12:00:32.000000,Y,497,0.0002231746,DEBRIS,SMALL,DEBRIS,SMALL,1.00,12404,SL-8 DEB,1.00,20904,CZ-4 DEB,2025-09-20T20:03:09.664000
1158099193,2025-09-18 12:00:13.000000,Y,264,0.001388215,PAYLOAD,LARGE,DEBRIS,MEDIUM,5.00,5560,ASTEX 1,1.00,60811,CZ-6A DEB,2025-09-20T01:57:47.028000
1158098325,2025-09-18 12:00:00.000000,Y,990,0.0002567948,PAYLOAD,LARGE,DEBRIS,,5.00,3818,COSMOS 272,1.00,45350,SL-14 DEB,2025-09-18T16:22:06.568000
1157953430,2025-09-18 11:07:12.000000,Y,548,,DEBRIS,MEDIUM,DEBRIS,MEDIUM,1.00,40785,ARIANE 2 DEB,1.00,33535,ARIANE 2 DEB,2025-09-20T15:49:25.292000
1157953420,2025-09-18 11:07:10.000000,Y,471,,DEBRIS,MEDIUM,DEBRIS,MEDIUM,1.00,40785,ARIANE 2 DEB,1.00,33535,ARIANE 2 DEB,2025-09-18T14:23:54.045000
1157953422,2025-09-18 11:07:10.000000,Y,485,,DEBRIS,MEDIUM,DEBRIS,MEDIUM,1.00,40785,ARIANE 2 DEB,1.00,33535,ARIANE 2 DEB,2025-09-19T00:17:12.969000
1157953424,2025-09-18 11:07:10.000000,Y,498,,DEBRIS,MEDIUM,DEBRIS,MEDIUM,1.00,40785,ARIANE 2 DEB,1.00,33535,ARIANE 2 DEB,2025-09-19T10:10:29.836000
1157953426,2025-09-18 11:07:10.000000,Y,513,,DEBRIS,MEDIUM,DEBRIS,MEDIUM,1.00,40785,ARIANE 2 DEB,1.00,33535,ARIANE 2 DEB,2025-09-19T20:03:38.396000
1157953428,2025-09-18 11:07:10.000000,Y,530,,DEBRIS,MEDIUM,DEBRIS,MEDIUM,1.00,40785,ARIANE 2 DEB,1.00,33535,ARIANE 2 DEB,2025-09-20T05:56:37.253000
1157953432,2025-09-18 11:07:10.000000,Y,566,,DEBRIS,MEDIUM,DEBRIS,MEDIUM,1.00,40785,ARIANE 2 DEB,1.00,33535,ARIANE 2 DEB,2025-09-21T01:42:04.141000
1157952378,2025-09-18 11:07:02.000000,Y,566,,DEBRIS,MEDIUM,DEBRIS,MEDIUM,1.00,33535,ARIANE 2 DEB,1.00,40785,ARIANE 2 DEB,2025-09-21T01:42:04.141000
1157952370,2025-09-18 11:07:01.000000,Y,498,,DEBRIS,MEDIUM,DEBRIS,MEDIUM,1.00,33535,ARIANE 2 DEB,1.00,40785,ARIANE 2 DEB,2025-09-19T10:10:29.836000
1157952372,2025-09-18 11:07:01.000000,Y,513,,DEBRIS,MEDIUM,DEBRIS,MEDIUM,1.00,33535,ARIANE 2 DEB,1.00,40785,ARIANE 2 DEB,2025-09-19T20:03:38.396000
1157952374,2025-09-18 11:07:01.000000,Y,530,,DEBRIS,MEDIUM,DEBRIS,MEDIUM,1.00,33535,ARIANE 2 DEB,1.00,40785,ARIANE 2 DEB,2025-09-20T05:56:37.253000
1157952376,2025-09-18 11:07:01.000000,Y,548,,DEBRIS,MEDIUM,DEBRIS,MEDIUM,1.00,33535,ARIANE 2 DEB,1.00,40785,ARIANE 2 DEB,2025-09-20T15:49:25.292000
1157952366,2025-09-18 11:07:00.000000,Y,471,,DEBRIS,MEDIUM,DEBRIS,MEDIUM,1.00,33535,ARIANE 2 DEB,1.00,40785,ARIANE 2 DEB,2025-09-18T14:23:54.045000
1157952368,2025-09-18 11:07:00.000000,Y,485,,DEBRIS,MEDIUM,DEBRIS,MEDIUM,1.00,33535,ARIANE 2 DEB,1.00,40785,ARIANE 2 DEB,2025-09-19T00:17:12.969000
1157950832,2025-09-18 11:06:47.000000,Y,2126,,PAYLOAD,LARGE,PAYLOAD,LARGE,5.00,23327,ELEKTRO (GOMS),5.00,22210,EKRAN 20,2025-09-19T22:46:38.329000
1157950957,2025-09-18 11:06:47.000000,Y,1889,,PAYLOAD,LARGE,PAYLOAD,LARGE,5.00,23398,COSMOS 2294 (GLONASS),5.00,23205,COSMOS 2288 (GLONASS),2025-09-18T13:03:16.138000
1157950958,2025-09-18 11:06:47.000000,Y,1947,,PAYLOAD,LARGE,PAYLOAD,LARGE,5.00,23398,COSMOS 2294 (GLONASS),5.00,23205,COSMOS 2288 (GLONASS),2025-09-19T00:19:00.150000
1157950959,2025-09-18 11:06:47.000000,Y,2178,,PAYLOAD,LARGE,PAYLOAD,LARGE,5.00,23398,COSMOS 2294 (GLONASS),5.00,23205,COSMOS 2288 (GLONASS),2025-09-19T11:34:44.180000
1157950960,2025-09-18 11:06:47.000000,Y,2598,,PAYLOAD,LARGE,PAYLOAD,LARGE,5.00,23398,COSMOS 2294 (GLONASS),5.00,23205,COSMOS 2288 (GLONASS),2025-09-19T22:50:28.200000
1157950963,2025-09-18 11:06:47.000000,Y,4862,,PAYLOAD,LARGE,PAYLOAD,LARGE,5.00,23398,COSMOS 2294 (GLONASS),5.00,23205,COSMOS 2288 (GLONASS),2025-09-21T08:37:40.375000
1157950794,2025-09-18 11:06:46.000000,Y,1889,,PAYLOAD,LARGE,PAYLOAD,LARGE,5.00,23205,COSMOS 2288 (GLONASS),5.00,23398,COSMOS 2294 (GLONASS),2025-09-18T13:03:16.138000
1157950798,2025-09-18 11:06:46.000000,Y,3207,,PAYLOAD,LARGE,PAYLOAD,LARGE,5.00,23205,COSMOS 2288 (GLONASS),5.00,23398,COSMOS 2294 (GLONASS),2025-09-20T10:06:12.239000
1157950961,2025-09-18 11:06:46.000000,Y,3207,,PAYLOAD,LARGE,PAYLOAD,LARGE,5.00,23398,COSMOS 2294 (GLONASS),5.00,23205,COSMOS 2288 (GLONASS),2025-09-20T10:06:12.239000
1157950962,2025-09-18 11:06:46.000000,Y,3954,,PAYLOAD,LARGE,PAYLOAD,LARGE,5.00,23398,COSMOS 2294 (GLONASS),5.00,23205,COSMOS 2288 (GLONASS),2025-09-20T21:21:56.303000
1157950797,2025-09-18 11:06:45.000000,Y,2598,,PAYLOAD,LARGE,PAYLOAD,LARGE,5.00,23205,COSMOS 2288 (GLONASS),5.00,23398,COSMOS 2294 (GLONASS),2025-09-19T22:50:28.200000
1157950799,2025-09-18 11:06:45.000000,Y,3954,,PAYLOAD,LARGE,PAYLOAD,LARGE,5.00,23205,COSMOS 2288 (GLONASS),5.00,23398,COSMOS 2294 (GLONASS),2025-09-20T21:21:56.303000
1157950800,2025-09-18 11:06:45.000000,Y,4862,,PAYLOAD,LARGE,PAYLOAD,LARGE,5.00,23205,COSMOS 2288 (GLONASS),5.00,23398,COSMOS 2294 (GLONASS),2025-09-21T08:37:40.375000
1157950731,2025-09-18 11:06:44.000000,Y,2126,,PAYLOAD,LARGE,PAYLOAD,LARGE,5.00,22210,EKRAN 20,5.00,23327,ELEKTRO (GOMS),2025-09-19T22:46:38.329000
1157950795,2025-09-18 11:06:44.000000,Y,1947,,PAYLOAD,LARGE,PAYLOAD,LARGE,5.00,23205,COSMOS 2288 (GLONASS),5.00,23398,COSMOS 2294 (GLONASS),2025-09-19T00:19:00.150000
1157950796,2025-09-18 11:06:44.000000,Y,2178,,PAYLOAD,LARGE,PAYLOAD,LARGE,5.00,23205,COSMOS 2288 (GLONASS),5.00,23398,COSMOS 2294 (GLONASS),2025-09-19T11:34:44.180000
1157950631,2025-09-18 11:06:43.000000,Y,4156,,PAYLOAD,LARGE,PAYLOAD,LARGE,5.00,21111,COSMOS 2133,5.00,2608,ATS 1,2025-09-21T04:47:05.137000
1157949821,2025-09-18 11:06:34.000000,Y,4156,,PAYLOAD,LARGE,PAYLOAD,LARGE,5.00,2608,ATS 1,5.00,21111,COSMOS 2133,2025-09-21T04:47:05.137000
1157627798,2025-09-18 06:15:39.000000,Y,225,0.001488016,DEBRIS,MEDIUM,PAYLOAD,LARGE,1.00,60811,CZ-6A DEB,5.00,5560,ASTEX 1,2025-09-20T01:57:46.987000
1157627821,2025-09-18 06:15:39.000000,Y,39,0.008463193,DEBRIS,SMALL,PAYLOAD,LARGE,1.00,60816,CZ-6A DEB,5.00,19256,COSMOS 1954,2025-09-18T17:22:26.217000
1157541857,2025-09-18 06:08:18.000000,Y,994,0.0002541398,DEBRIS,,PAYLOAD,LARGE,1.00,45350,SL-14 DEB,5.00,3818,COSMOS 272,2025-09-18T16:22:06.568000
1157535645,2025-09-18 06:01:44.000000,Y,863,0.0001552031,PAYLOAD,LARGE,DEBRIS,SMALL,5.00,26069,COSMOS 2369,1.00,36701,FENGYUN 1C DEB,2025-09-19T15:20:14.023000
1157533278,2025-09-18 06:01:16.000000,Y,578,0.0001517935,DEBRIS,SMALL,DEBRIS,SMALL,1.00,20904,CZ-4 DEB,1.00,12404,SL-8 DEB,2025-09-20T20:03:09.642000
1157532503,2025-09-18 06:01:06.000000,Y,39,0.008463193,PAYLOAD,LARGE,DEBRIS,SMALL,5.00,19256,COSMOS 1954,1.00,60816,CZ-6A DEB,2025-09-18T17:22:26.217000
1157532353,2025-09-18 06:01:04.000000,Y,103,0.0001533727,ROCKET BODY,LARGE,DEBRIS,SMALL,3.00,18749,SL-14 R/B,1.00,34091,IRIDIUM 33 DEB,2025-09-18T19:33:37.564000
1157531907,2025-09-18 06:01:01.000000,Y,209,0.0001155533,DEBRIS,SMALL,UNKNOWN,SMALL,1.00,17635,COSMOS 1275 DEB,3.00,82820,UNKNOWN,2025-09-21T02:45:40.934000
1157530193,2025-09-18 06:00:38.000000,Y,83,0.0006289792,DEBRIS,MEDIUM,DEBRIS,SMALL,1.00,13458,COSMOS 1275 DEB,1.00,30398,FENGYUN 1C DEB,2025-09-20T03:41:04.553000
1157529512,2025-09-18 06:00:29.000000,Y,578,0.0001517935,DEBRIS,SMALL,DEBRIS,SMALL,1.00,12404,SL-8 DEB,1.00,20904,CZ-4 DEB,2025-09-20T20:03:09.642000
1157527817,2025-09-18 06:00:08.000000,Y,225,0.001488016,PAYLOAD,LARGE,DEBRIS,MEDIUM,5.00,5560,ASTEX 1,1.00,60811,CZ-6A DEB,2025-09-20T01:57:46.987000
1157527739,2025-09-18 06:00:07.000000,Y,573,0.0001103833,PAYLOAD,MEDIUM,DEBRIS,SMALL,5.00,5210,COSMOS 411,1.00,35203,FENGYUN 1C DEB,2025-09-18T09:29:01.237000
1157526922,2025-09-18 05:59:56.000000,Y,994,0.0002541398,PAYLOAD,LARGE,DEBRIS,,5.00,3818,COSMOS 272,1.00,45350,SL-14 DEB,2025-09-18T16:22:06.568000
1157456320,2025-09-18 04:46:30.000000,Y,488,,DEBRIS,MEDIUM,DEBRIS,MEDIUM,1.00,40785,ARIANE 2 DEB,1.00,33535,ARIANE 2 DEB,2025-09-19T00:16:56.388000
1157456316,2025-09-18 04:46:29.000000,Y,464,,DEBRIS,MEDIUM,DEBRIS,MEDIUM,1.00,40785,ARIANE 2 DEB,1.00,33535,ARIANE 2 DEB,2025-09-18T04:35:11.000000
1157456318,2025-09-18 04:46:29.000000,Y,474,,DEBRIS,MEDIUM,DEBRIS,MEDIUM,1.00,40785,ARIANE 2 DEB,1.00,33535,ARIANE 2 DEB,2025-09-18T14:23:41.430000
1157456322,2025-09-18 04:46:29.000000,Y,502,,DEBRIS,MEDIUM,DEBRIS,MEDIUM,1.00,40785,ARIANE 2 DEB,1.00,33535,ARIANE 2 DEB,2025-09-19T10:10:11.177000
1157456324,2025-09-18 04:46:29.000000,Y,517,,DEBRIS,MEDIUM,DEBRIS,MEDIUM,1.00,40785,ARIANE 2 DEB,1.00,33535,ARIANE 2 DEB,2025-09-19T20:03:18.769000
1157456326,2025-09-18 04:46:29.000000,Y,533,,DEBRIS,MEDIUM,DEBRIS,MEDIUM,1.00,40785,ARIANE 2 DEB,1.00,33535,ARIANE 2 DEB,2025-09-20T05:56:18.126000
1157456328,2025-09-18 04:46:29.000000,Y,551,,DEBRIS,MEDIUM,DEBRIS,MEDIUM,1.00,40785,ARIANE 2 DEB,1.00,33535,ARIANE 2 DEB,2025-09-20T15:49:05.402000
1157456330,2025-09-18 04:46:29.000000,Y,571,,DEBRIS,MEDIUM,DEBRIS,MEDIUM,1.00,40785,ARIANE 2 DEB,1.00,33535,ARIANE 2 DEB,2025-09-21T01:41:41.042000
1157455101,2025-09-18 04:46:18.000000,Y,464,,DEBRIS,MEDIUM,DEBRIS,MEDIUM,1.00,33535,ARIANE 2 DEB,1.00,40785,ARIANE 2 DEB,2025-09-18T04:35:11.000000
1157455103,2025-09-18 04:46:18.000000,Y,474,,DEBRIS,MEDIUM,DEBRIS,MEDIUM,1.00,33535,ARIANE 2 DEB,1.00,40785,ARIANE 2 DEB,2025-09-18T14:23:41.430000
1157455105,2025-09-18 04:46:18.000000,Y,488,,DEBRIS,MEDIUM,DEBRIS,MEDIUM,1.00,33535,ARIANE 2 DEB,1.00,40785,ARIANE 2 DEB,2025-09-19T00:16:56.388000
1157455107,2025-09-18 04:46:18.000000,Y,502,,DEBRIS,MEDIUM,DEBRIS,MEDIUM,1.00,33535,ARIANE 2 DEB,1.00,40785,ARIANE 2 DEB,2025-09-19T10:10:11.177000
1157455109,2025-09-18 04:46:18.000000,Y,517,,DEBRIS,MEDIUM,DEBRIS,MEDIUM,1.00,33535,ARIANE 2 DEB,1.00,40785,ARIANE 2 DEB,2025-09-19T20:03:18.769000
1157455111,2025-09-18 04:46:18.000000,Y,533,,DEBRIS,MEDIUM,DEBRIS,MEDIUM,1.00,33535,ARIANE 2 DEB,1.00,40785,ARIANE 2 DEB,2025-09-20T05:56:18.126000
1157455113,2025-09-18 04:46:18.000000,Y,551,,DEBRIS,MEDIUM,DEBRIS,MEDIUM,1.00,33535,ARIANE 2 DEB,1.00,40785,ARIANE 2 DEB,2025-09-20T15:49:05.402000
1157455115,2025-09-18 04:46:18.000000,Y,571,,DEBRIS,MEDIUM,DEBRIS,MEDIUM,1.00,33535,ARIANE 2 DEB,1.00,40785,ARIANE 2 DEB,2025-09-21T01:41:41.042000
1157453567,2025-09-18 04:46:04.000000,Y,2598,,PAYLOAD,LARGE,PAYLOAD,LARGE,5.00,23398,COSMOS 2294 (GLONASS),5.00,23205,COSMOS 2288 (GLONASS),2025-09-19T22:50:28.200000
1157453568,2025-09-18 04:46:04.000000,Y,3207,,PAYLOAD,LARGE,PAYLOAD,LARGE,5.00,23398,COSMOS 2294 (GLONASS),5.00,23205,COSMOS 2288 (GLONASS),2025-09-20T10:06:12.239000
1157453564,2025-09-18 04:46:03.000000,Y,1889,,PAYLOAD,LARGE,PAYLOAD,LARGE,5.00,23398,COSMOS 2294 (GLONASS),5.00,23205,COSMOS 2288 (GLONASS),2025-09-18T13:03:16.138000
1157453565,2025-09-18 04:46:03.000000,Y,1947,,PAYLOAD,LARGE,PAYLOAD,LARGE,5.00,23398,COSMOS 2294 (GLONASS),5.00,23205,COSMOS 2288 (GLONASS),2025-09-19T00:19:00.150000
1157453566,2025-09-18 04:46:03.000000,Y,2178,,PAYLOAD,LARGE,PAYLOAD,LARGE,5.00,23398,COSMOS 2294 (GLONASS),5.00,23205,COSMOS 2288 (GLONASS),2025-09-19T11:34:44.180000
1157453569,2025-09-18 04:46:03.000000,Y,3954,,PAYLOAD,LARGE,PAYLOAD,LARGE,5.00,23398,COSMOS 2294 (GLONASS),5.00,23205,COSMOS 2288 (GLONASS),2025-09-20T21:21:56.303000
1157453399,2025-09-18 04:46:02.000000,Y,2598,,PAYLOAD,LARGE,PAYLOAD,LARGE,5.00,23205,COSMOS 2288 (GLONASS),5.00,23398,COSMOS 2294 (GLONASS),2025-09-19T22:50:28.200000
1157453401,2025-09-18 04:46:02.000000,Y,3954,,PAYLOAD,LARGE,PAYLOAD,LARGE,5.00,23205,COSMOS 2288 (GLONASS),5.00,23398,COSMOS 2294 (GLONASS),2025-09-20T21:21:56.303000
1157453434,2025-09-18 04:46:02.000000,Y,2126,,PAYLOAD,LARGE,PAYLOAD,LARGE,5.00,23327,ELEKTRO (GOMS),5.00,22210,EKRAN 20,2025-09-19T22:46:38.329000
1157453328,2025-09-18 04:46:01.000000,Y,2126,,PAYLOAD,LARGE,PAYLOAD,LARGE,5.00,22210,EKRAN 20,5.00,23327,ELEKTRO (GOMS),2025-09-19T22:46:38.329000
1157453396,2025-09-18 04:46:01.000000,Y,1889,,PAYLOAD,LARGE,PAYLOAD,LARGE,5.00,23205,COSMOS 2288 (GLONASS),5.00,23398,COSMOS 2294 (GLONASS),2025-09-18T13:03:16.138000
1157453397,2025-09-18 04:46:01.000000,Y,1947,,PAYLOAD,LARGE,PAYLOAD,LARGE,5.00,23205,COSMOS 2288 (GLONASS),5.00,23398,COSMOS 2294 (GLONASS),2025-09-19T00:19:00.150000
1157453398,2025-09-18 04:46:01.000000,Y,2178,,PAYLOAD,LARGE,PAYLOAD,LARGE,5.00,23205,COSMOS 2288 (GLONASS),5.00,23398,COSMOS 2294 (GLONASS),2025-09-19T11:34:44.180000
1157453400,2025-09-18 04:46:01.000000,Y,3207,,PAYLOAD,LARGE,PAYLOAD,LARGE,5.00,23205,COSMOS 2288 (GLONASS),5.00,23398,COSMOS 2294 (GLONASS),2025-09-20T10:06:12.239000
1157285590,2025-09-17 23:54:46.000000,Y,194,0.002580891,DEBRIS,MEDIUM,PAYLOAD,LARGE,1.00,60811,CZ-6A DEB,5.00,5560,ASTEX 1,2025-09-20T01:57:46.953000
1157285141,2025-09-17 23:54:40.000000,Y,58,0.0001081802,DEBRIS,SMALL,DEBRIS,SMALL,1.00,60658,CZ-6A DEB,1.00,54500,CZ-6A DEB,2025-09-18T09:21:01.824000
1157269026,2025-09-17 23:51:12.000000,Y,262,0.0002144171,DEBRIS,SMALL,UNKNOWN,SMALL,1.00,57539,METEOR 1-17 DEB,3.00,270098,UNKNOWN,2025-09-18T02:24:24.126000
1157265636,2025-09-17 23:50:31.000000,Y,60,0.0002189898,DEBRIS,SMALL,DEBRIS,SMALL,1.00,56251,CZ-6A DEB,1.00,30524,FENGYUN 1C DEB,2025-09-20T08:19:09.538000
1157261974,2025-09-17 23:49:45.000000,Y,58,0.0001081802,DEBRIS,SMALL,DEBRIS,SMALL,1.00,54500,CZ-6A DEB,1.00,60658,CZ-6A DEB,2025-09-18T09:21:01.824000
1157249189,2025-09-17 23:47:13.000000,Y,996,0.0002517534,DEBRIS,,PAYLOAD,LARGE,1.00,45350,SL-14 DEB,5.00,3818,COSMOS 272,2025-09-18T16:22:06.568000
1157200795,2025-09-17 23:41:01.000000,Y,83,0.0006289756,DEBRIS,SMALL,DEBRIS,MEDIUM,1.00,30398,FENGYUN 1C DEB,1.00,13458,COSMOS 1275 DEB,2025-09-20T03:41:04.553000
1157196170,2025-09-17 23:39:54.000000,Y,847,0.0001473465,PAYLOAD,LARGE,DEBRIS,SMALL,5.00,26069,COSMOS 2369,1.00,36701,FENGYUN 1C DEB,2025-09-19T15:20:14.022000
1157193782,2025-09-17 23:39:25.000000,Y,569,0.0001783171,DEBRIS,SMALL,DEBRIS,SMALL,1.00,20904,CZ-4 DEB,1.00,12404,SL-8 DEB,2025-09-20T20:03:09.642000
1157191211,2025-09-17 23:38:53.000000,Y,433,0.0001037565,DEBRIS,SMALL,DEBRIS,SMALL,1.00,14364,COSMOS 1275 DEB,1.00,31510,FENGYUN 1C DEB,2025-09-20T11:44:58.832000
1157190620,2025-09-17 23:38:47.000000,Y,83,0.0006289756,DEBRIS,MEDIUM,DEBRIS,SMALL,1.00,13458,COSMOS 1275 DEB,1.00,30398,FENGYUN 1C DEB,2025-09-20T03:41:04.553000
1157189929,2025-09-17 23:38:39.000000,Y,569,0.0001783171,DEBRIS,SMALL,DEBRIS,SMALL,1.00,12404,SL-8 DEB,1.00,20904,CZ-4 DEB,2025-09-20T20:03:09.642000
1157188156,2025-09-17 23:38:15.000000,Y,194,0.002580891,PAYLOAD,LARGE,DEBRIS,MEDIUM,5.00,5560,ASTEX 1,1.00,60811,CZ-6A DEB,2025-09-20T01:57:46.953000
1157188080,2025-09-17 23:38:14.000000,Y,569,0.0001104776,PAYLOAD,MEDIUM,DEBRIS,SMALL,5.00,5210,COSMOS 411,1.00,35203,FENGYUN 1C DEB,2025-09-18T09:29:01.237000
1157187228,2025-09-17 23:38:05.000000,Y,996,0.0002517534,PAYLOAD,LARGE,DEBRIS,,5.00,3818,COSMOS 272,1.00,45350,SL-14 DEB,2025-09-18T16:22:06.568000
1157153718,2025-09-17 22:22:46.000000,Y,2441,,DEBRIS,MEDIUM,DEBRIS,MEDIUM,1.00,40785,ARIANE 2 DEB,1.00,33535,ARIANE 2 DEB,2025-09-17T22:06:28.000000
1157153719,2025-09-17 22:22:46.000000,Y,459,,DEBRIS,MEDIUM,DEBRIS,MEDIUM,1.00,40785,ARIANE 2 DEB,1.00,33535,ARIANE 2 DEB,2025-09-18T04:30:24.028000
1157153721,2025-09-17 22:22:46.000000,Y,474,,DEBRIS,MEDIUM,DEBRIS,MEDIUM,1.00,40785,ARIANE 2 DEB,1.00,33535,ARIANE 2 DEB,2025-09-18T14:23:41.430000
1157153723,2025-09-17 22:22:46.000000,Y,488,,DEBRIS,MEDIUM,DEBRIS,MEDIUM,1.00,40785,ARIANE 2 DEB,1.00,33535,ARIANE 2 DEB,2025-09-19T00:16:56.388000
1157153727,2025-09-17 22:22:46.000000,Y,517,,DEBRIS,MEDIUM,DEBRIS,MEDIUM,1.00,40785,ARIANE 2 DEB,1.00,33535,ARIANE 2 DEB,2025-09-19T20:03:18.769000
1157153729,2025-09-17 22:22:46.000000,Y,533,,DEBRIS,MEDIUM,DEBRIS,MEDIUM,1.00,40785,ARIANE 2 DEB,1.00,33535,ARIANE 2 DEB,2025-09-20T05:56:18.125000
1157153731,2025-09-17 22:22:46.000000,Y,551,,DEBRIS,MEDIUM,DEBRIS,MEDIUM,1.00,40785,ARIANE 2 DEB,1.00,33535,ARIANE 2 DEB,2025-09-20T15:49:05.402000
1157153725,2025-09-17 22:22:45.000000,Y,502,,DEBRIS,MEDIUM,DEBRIS,MEDIUM,1.00,40785,ARIANE 2 DEB,1.00,33535,ARIANE 2 DEB,2025-09-19T10:10:11.177000
1157152882,2025-09-17 22:22:26.000000,Y,502,,DEBRIS,MEDIUM,DEBRIS,MEDIUM,1.00,33535,ARIANE 2 DEB,1.00,40785,ARIANE 2 DEB,2025-09-19T10:10:11.177000
1157152886,2025-09-17 22:22:26.000000,Y,533,,DEBRIS,MEDIUM,DEBRIS,MEDIUM,1.00,33535,ARIANE 2 DEB,1.00,40785,ARIANE 2 DEB,2025-09-20T05:56:18.125000
1157152884,2025-09-17 22:22:25.000000,Y,517,,DEBRIS,MEDIUM,DEBRIS,MEDIUM,1.00,33535,ARIANE 2 DEB,1.00,40785,ARIANE 2 DEB,2025-09-19T20:03:18.769000
1157152875,2025-09-17 22:22:24.000000,Y,2441,,DEBRIS,MEDIUM,DEBRIS,MEDIUM,1.00,33535,ARIANE 2 DEB,1.00,40785,ARIANE 2 DEB,2025-09-17T22:06:28.000000
1157152876,2025-09-17 22:22:24.000000,Y,459,,DEBRIS,MEDIUM,DEBRIS,MEDIUM,1.00,33535,ARIANE 2 DEB,1.00,40785,ARIANE 2 DEB,2025-09-18T04:30:24.028000
1157152878,2025-09-17 22:22:24.000000,Y,474,,DEBRIS,MEDIUM,DEBRIS,MEDIUM,1.00,33535,ARIANE 2 DEB,1.00,40785,ARIANE 2 DEB,2025-09-18T14:23:41.430000
1157152880,2025-09-17 22:22:24.000000,Y,488,,DEBRIS,MEDIUM,DEBRIS,MEDIUM,1.00,33535,ARIANE 2 DEB,1.00,40785,ARIANE 2 DEB,2025-09-19T00:16:56.388000
1157152888,2025-09-17 22:22:24.000000,Y,551,,DEBRIS,MEDIUM,DEBRIS,MEDIUM,1.00,33535,ARIANE 2 DEB,1.00,40785,ARIANE 2 DEB,2025-09-20T15:49:05.402000
1157151666,2025-09-17 22:21:50.000000,Y,2178,,PAYLOAD,LARGE,PAYLOAD,LARGE,5.00,23398,COSMOS 2294 (GLONASS),5.00,23205,COSMOS 2288 (GLONASS),2025-09-19T11:34:44.180000
1157151669,2025-09-17 22:21:50.000000,Y,3954,,PAYLOAD,LARGE,PAYLOAD,LARGE,5.00,23398,COSMOS 2294 (GLONASS),5.00,23205,COSMOS 2288 (GLONASS),2025-09-20T21:21:56.303000
1157151663,2025-09-17 22:21:49.000000,Y,2063,,PAYLOAD,LARGE,PAYLOAD,LARGE,5.00,23398,COSMOS 2294 (GLONASS),5.00,23205,COSMOS 2288 (GLONASS),2025-09-18T01:47:32.102000
1157151664,2025-09-17 22:21:49.000000,Y,1889,,PAYLOAD,LARGE,PAYLOAD,LARGE,5.00,23398,COSMOS 2294 (GLONASS),5.00,23205,COSMOS 2288 (GLONASS),2025-09-18T13:03:16.138000
1157151665,2025-09-17 22:21:49.000000,Y,1947,,PAYLOAD,LARGE,PAYLOAD,LARGE,5.00,23398,COSMOS 2294 (GLONASS),5.00,23205,COSMOS 2288 (GLONASS),2025-09-19T00:19:00.150000
1157151667,2025-09-17 22:21:49.000000,Y,2598,,PAYLOAD,LARGE,PAYLOAD,LARGE,5.00,23398,COSMOS 2294 (GLONASS),5.00,23205,COSMOS 2288 (GLONASS),2025-09-19T22:50:28.200000
1157151668,2025-09-17 22:21:49.000000,Y,3207,,PAYLOAD,LARGE,PAYLOAD,LARGE,5.00,23398,COSMOS 2294 (GLONASS),5.00,23205,COSMOS 2288 (GLONASS),2025-09-20T10:06:12.239000
1157151503,2025-09-17 22:21:46.000000,Y,2063,,PAYLOAD,LARGE,PAYLOAD,LARGE,5.00,23205,COSMOS 2288 (GLONASS),5.00,23398,COSMOS 2294 (GLONASS),2025-09-18T01:47:32.102000
1157151504,2025-09-17 22:21:46.000000,Y,1889,,PAYLOAD,LARGE,PAYLOAD,LARGE,5.00,23205,COSMOS 2288 (GLONASS),5.00,23398,COSMOS 2294 (GLONASS),2025-09-18T13:03:16.138000
1157151506,2025-09-17 22:21:46.000000,Y,2178,,PAYLOAD,LARGE,PAYLOAD,LARGE,5.00,23205,COSMOS 2288 (GLONASS),5.00,23398,COSMOS 2294 (GLONASS),2025-09-19T11:34:44.180000
1157151509,2025-09-17 22:21:46.000000,Y,3954,,PAYLOAD,LARGE,PAYLOAD,LARGE,5.00,23205,COSMOS 2288 (GLONASS),5.00,23398,COSMOS 2294 (GLONASS),2025-09-20T21:21:56.303000
1157151540,2025-09-17 22:21:46.000000,Y,2126,,PAYLOAD,LARGE,PAYLOAD,LARGE,5.00,23327,ELEKTRO (GOMS),5.00,22210,EKRAN 20,2025-09-19T22:46:38.329000
1157151508,2025-09-17 22:21:45.000000,Y,3207,,PAYLOAD,LARGE,PAYLOAD,LARGE,5.00,23205,COSMOS 2288 (GLONASS),5.00,23398,COSMOS 2294 (GLONASS),2025-09-20T10:06:12.239000
1157151505,2025-09-17 22:21:44.000000,Y,1947,,PAYLOAD,LARGE,PAYLOAD,LARGE,5.00,23205,COSMOS 2288 (GLONASS),5.00,23398,COSMOS 2294 (GLONASS),2025-09-19T00:19:00.150000
1157151507,2025-09-17 22:21:44.000000,Y,2598,,PAYLOAD,LARGE,PAYLOAD,LARGE,5.00,23205,COSMOS 2288 (GLONASS),5.00,23398,COSMOS 2294 (GLONASS),2025-09-19T22:50:28.200000
1157151447,2025-09-17 22:21:42.000000,Y,2126,,PAYLOAD,LARGE,PAYLOAD,LARGE,5.00,22210,EKRAN 20,5.00,23327,ELEKTRO (GOMS),2025-09-19T22:46:38.329000
1157151242,2025-09-17 22:21:36.000000,Y,4657,,ROCKET BODY,LARGE,ROCKET BODY,LARGE,3.00,19550,IUS R/B(2),3.00,11567,SL-12 R/B(2),2025-09-17T23:35:53.369000
1157150849,2025-09-17 22:21:24.000000,Y,4657,,ROCKET BODY,LARGE,ROCKET BODY,LARGE,3.00,11567,SL-12 R/B(2),3.00,19550,IUS R/B(2),2025-09-17T23:35:53.369000
1156739249,2025-09-17 12:32:06.000000,Y,489,0.0006428084,DEBRIS,MEDIUM,PAYLOAD,LARGE,1.00,60811,CZ-6A DEB,5.00,5560,ASTEX 1,2025-09-20T01:57:47.296000
1156722906,2025-09-17 12:28:56.000000,Y,257,0.0002206851,DEBRIS,SMALL,UNKNOWN,SMALL,1.00,57539,METEOR 1-17 DEB,3.00,270098,UNKNOWN,2025-09-18T02:24:24.160000
1156719525,2025-09-17 12:28:18.000000,Y,428,0.0001356263,DEBRIS,SMALL,DEBRIS,SMALL,1.00,56251,CZ-6A DEB,1.00,30524,FENGYUN 1C DEB,2025-09-20T08:19:09.700000
1156680564,2025-09-17 12:23:06.000000,Y,125,0.000119713,DEBRIS,LARGE,DEBRIS,SMALL,15.00,40049,SL-24 PLAT,1.00,33655,FENGYUN 1C DEB,2025-09-20T07:13:36.857000
1156676538,2025-09-17 12:22:22.000000,Y,372,0.000254985,DEBRIS,SMALL,PAYLOAD,MEDIUM,1.00,37733,CZ-2C DEB,5.00,22825,EYESAT A,2025-09-20T09:13:30.766000
1156675356,2025-09-17 12:22:08.000000,Y,323,0.0001844261,DEBRIS,SMALL,PAYLOAD,LARGE,1.00,36701,FENGYUN 1C DEB,5.00,26069,COSMOS 2369,2025-09-19T15:20:14.068000
1156672638,2025-09-17 12:21:39.000000,Y,520,0.0001279905,DEBRIS,SMALL,DEBRIS,SMALL,1.00,35249,CZ-4C DEB,1.00,34576,COSMOS 2251 DEB,2025-09-20T05:02:37.444000
1156671262,2025-09-17 12:21:24.000000,Y,520,0.0001279905,DEBRIS,SMALL,DEBRIS,SMALL,1.00,34576,COSMOS 2251 DEB,1.00,35249,CZ-4C DEB,2025-09-20T05:02:37.444000
1156669499,2025-09-17 12:21:05.000000,Y,125,0.000119713,DEBRIS,SMALL,DEBRIS,LARGE,1.00,33655,FENGYUN 1C DEB,15.00,40049,SL-24 PLAT,2025-09-20T07:13:36.857000
1156668260,2025-09-17 12:20:51.000000,Y,449,0.0002699533,DEBRIS,SMALL,UNKNOWN,SMALL,1.00,32141,FENGYUN 1C DEB,3.00,270089,UNKNOWN,2025-09-18T19:31:58.993000
1156664311,2025-09-17 12:20:09.000000,Y,428,0.0001356263,DEBRIS,SMALL,DEBRIS,SMALL,1.00,30524,FENGYUN 1C DEB,1.00,56251,CZ-6A DEB,2025-09-20T08:19:09.700000
1156663998,2025-09-17 12:20:05.000000,Y,24,0.0008048625,DEBRIS,SMALL,DEBRIS,MEDIUM,1.00,30398,FENGYUN 1C DEB,1.00,13458,COSMOS 1275 DEB,2025-09-20T03:41:04.587000
1156659594,2025-09-17 12:19:18.000000,Y,323,0.0001844261,PAYLOAD,LARGE,DEBRIS,SMALL,5.00,26069,COSMOS 2369,1.00,36701,FENGYUN 1C DEB,2025-09-19T15:20:14.068000
1156658102,2025-09-17 12:19:02.000000,Y,363,0.0002564814,PAYLOAD,MEDIUM,DEBRIS,SMALL,5.00,22825,EYESAT A,1.00,37733,CZ-2C DEB,2025-09-20T09:13:30.766000
1156654266,2025-09-17 12:18:19.000000,Y,24,0.0008048625,DEBRIS,MEDIUM,DEBRIS,SMALL,1.00,13458,COSMOS 1275 DEB,1.00,30398,FENGYUN 1C DEB,2025-09-20T03:41:04.587000
1156651825,2025-09-17 12:17:36.000000,Y,489,0.0006428084,PAYLOAD,LARGE,DEBRIS,MEDIUM,5.00,5560,ASTEX 1,1.00,60811,CZ-6A DEB,2025-09-20T01:57:47.296000
1156624648,2025-09-17 11:20:24.000000,Y,2099,,DEBRIS,MEDIUM,DEBRIS,MEDIUM,1.00,40785,ARIANE 2 DEB,1.00,33535,ARIANE 2 DEB,2025-09-17T11:03:08.000000
1156624649,2025-09-17 11:20:24.000000,Y,449,,DEBRIS,MEDIUM,DEBRIS,MEDIUM,1.00,40785,ARIANE 2 DEB,1.00,33535,ARIANE 2 DEB,2025-09-17T18:36:45.460000
1156624655,2025-09-17 11:20:24.000000,Y,498,,DEBRIS,MEDIUM,DEBRIS,MEDIUM,1.00,40785,ARIANE 2 DEB,1.00,33535,ARIANE 2 DEB,2025-09-19T00:16:09.174000
1156624651,2025-09-17 11:20:23.000000,Y,464,,DEBRIS,MEDIUM,DEBRIS,MEDIUM,1.00,40785,ARIANE 2 DEB,1.00,33535,ARIANE 2 DEB,2025-09-18T04:30:01.196000
1156624657,2025-09-17 11:20:23.000000,Y,515,,DEBRIS,MEDIUM,DEBRIS,MEDIUM,1.00,40785,ARIANE 2 DEB,1.00,33535,ARIANE 2 DEB,2025-09-19T10:09:06.832000
1156624661,2025-09-17 11:20:23.000000,Y,554,,DEBRIS,MEDIUM,DEBRIS,MEDIUM,1.00,40785,ARIANE 2 DEB,1.00,33535,ARIANE 2 DEB,2025-09-20T05:54:27.215000
1156624653,2025-09-17 11:20:22.000000,Y,481,,DEBRIS,MEDIUM,DEBRIS,MEDIUM,1.00,40785,ARIANE 2 DEB,1.00,33535,ARIANE 2 DEB,2025-09-18T14:23:07.369000
1156624659,2025-09-17 11:20:22.000000,Y,534,,DEBRIS,MEDIUM,DEBRIS,MEDIUM,1.00,40785,ARIANE 2 DEB,1.00,33535,ARIANE 2 DEB,2025-09-19T20:01:52.951000
1156623639,2025-09-17 11:20:02.000000,Y,481,,DEBRIS,MEDIUM,DEBRIS,MEDIUM,1.00,33535,ARIANE 2 DEB,1.00,40785,ARIANE 2 DEB,2025-09-18T14:23:07.369000
1156623641,2025-09-17 11:20:02.000000,Y,498,,DEBRIS,MEDIUM,DEBRIS,MEDIUM,1.00,33535,ARIANE 2 DEB,1.00,40785,ARIANE 2 DEB,2025-09-19T00:16:09.174000
1156623643,2025-09-17 11:20:02.000000,Y,515,,DEBRIS,MEDIUM,DEBRIS,MEDIUM,1.00,33535,ARIANE 2 DEB,1.00,40785,ARIANE 2 DEB,2025-09-19T10:09:06.832000
1156623645,2025-09-17 11:20:02.000000,Y,534,,DEBRIS,MEDIUM,DEBRIS,MEDIUM,1.00,33535,ARIANE 2 DEB,1.00,40785,ARIANE 2 DEB,2025-09-19T20:01:52.951000
1156623647,2025-09-17 11:20:02.000000,Y,554,,DEBRIS,MEDIUM,DEBRIS,MEDIUM,1.00,33535,ARIANE 2 DEB,1.00,40785,ARIANE 2 DEB,2025-09-20T05:54:27.215000
1156623634,2025-09-17 11:20:01.000000,Y,2099,,DEBRIS,MEDIUM,DEBRIS,MEDIUM,1.00,33535,ARIANE 2 DEB,1.00,40785,ARIANE 2 DEB,2025-09-17T11:03:08.000000
1156623635,2025-09-17 11:20:01.000000,Y,449,,DEBRIS,MEDIUM,DEBRIS,MEDIUM,1.00,33535,ARIANE 2 DEB,1.00,40785,ARIANE 2 DEB,2025-09-17T18:36:45.460000
1156623637,2025-09-17 11:20:01.000000,Y,464,,DEBRIS,MEDIUM,DEBRIS,MEDIUM,1.00,33535,ARIANE 2 DEB,1.00,40785,ARIANE 2 DEB,2025-09-18T04:30:01.196000
1156622221,2025-09-17 11:19:31.000000,Y,2373,,PAYLOAD,LARGE,PAYLOAD,LARGE,5.00,23398,COSMOS 2294 (GLONASS),5.00,23205,COSMOS 2288 (GLONASS),2025-09-17T14:31:48.060000
1156622222,2025-09-17 11:19:31.000000,Y,2063,,PAYLOAD,LARGE,PAYLOAD,LARGE,5.00,23398,COSMOS 2294 (GLONASS),5.00,23205,COSMOS 2288 (GLONASS),2025-09-18T01:47:32.101000
1156622223,2025-09-17 11:19:31.000000,Y,1889,,PAYLOAD,LARGE,PAYLOAD,LARGE,5.00,23398,COSMOS 2294 (GLONASS),5.00,23205,COSMOS 2288 (GLONASS),2025-09-18T13:03:16.138000
1156622224,2025-09-17 11:19:31.000000,Y,1947,,PAYLOAD,LARGE,PAYLOAD,LARGE,5.00,23398,COSMOS 2294 (GLONASS),5.00,23205,COSMOS 2288 (GLONASS),2025-09-19T00:19:00.150000
1156622225,2025-09-17 11:19:31.000000,Y,2178,,PAYLOAD,LARGE,PAYLOAD,LARGE,5.00,23398,COSMOS 2294 (GLONASS),5.00,23205,COSMOS 2288 (GLONASS),2025-09-19T11:34:44.180000
1156622226,2025-09-17 11:19:31.000000,Y,2598,,PAYLOAD,LARGE,PAYLOAD,LARGE,5.00,23398,COSMOS 2294 (GLONASS),5.00,23205,COSMOS 2288 (GLONASS),2025-09-19T22:50:28.200000
1156622227,2025-09-17 11:19:31.000000,Y,3207,,PAYLOAD,LARGE,PAYLOAD,LARGE,5.00,23398,COSMOS 2294 (GLONASS),5.00,23205,COSMOS 2288 (GLONASS),2025-09-20T10:06:12.239000
1156622242,2025-09-17 11:19:31.000000,Y,4154,,PAYLOAD,LARGE,PAYLOAD,LARGE,5.00,23426,LUCH,5.00,15825,ARABSAT 1B,2025-09-17T17:38:09.489000
1156622041,2025-09-17 11:19:28.000000,Y,1947,,PAYLOAD,LARGE,PAYLOAD,LARGE,5.00,23205,COSMOS 2288 (GLONASS),5.00,23398,COSMOS 2294 (GLONASS),2025-09-19T00:19:00.150000
1156622044,2025-09-17 11:19:28.000000,Y,3207,,PAYLOAD,LARGE,PAYLOAD,LARGE,5.00,23205,COSMOS 2288 (GLONASS),5.00,23398,COSMOS 2294 (GLONASS),2025-09-20T10:06:12.239000
1156622038,2025-09-17 11:19:26.000000,Y,2373,,PAYLOAD,LARGE,PAYLOAD,LARGE,5.00,23205,COSMOS 2288 (GLONASS),5.00,23398,COSMOS 2294 (GLONASS),2025-09-17T14:31:48.060000
1156622039,2025-09-17 11:19:26.000000,Y,2063,,PAYLOAD,LARGE,PAYLOAD,LARGE,5.00,23205,COSMOS 2288 (GLONASS),5.00,23398,COSMOS 2294 (GLONASS),2025-09-18T01:47:32.101000
1156622040,2025-09-17 11:19:26.000000,Y,1889,,PAYLOAD,LARGE,PAYLOAD,LARGE,5.00,23205,COSMOS 2288 (GLONASS),5.00,23398,COSMOS 2294 (GLONASS),2025-09-18T13:03:16.138000
1156622042,2025-09-17 11:19:26.000000,Y,2178,,PAYLOAD,LARGE,PAYLOAD,LARGE,5.00,23205,COSMOS 2288 (GLONASS),5.00,23398,COSMOS 2294 (GLONASS),2025-09-19T11:34:44.180000
1156622043,2025-09-17 11:19:26.000000,Y,2598,,PAYLOAD,LARGE,PAYLOAD,LARGE,5.00,23205,COSMOS 2288 (GLONASS),5.00,23398,COSMOS 2294 (GLONASS),2025-09-19T22:50:28.200000
1156622078,2025-09-17 11:19:26.000000,Y,2126,,PAYLOAD,LARGE,PAYLOAD,LARGE,5.00,23327,ELEKTRO (GOMS),5.00,22210,EKRAN 20,2025-09-19T22:46:38.329000
1156621968,2025-09-17 11:19:25.000000,Y,1471,,ROCKET BODY,LARGE,ROCKET BODY,LARGE,3.00,22061,SL-12 R/B(2),3.00,21011,SL-12 R/B(2),2025-09-17T19:01:02.381000
1156621985,2025-09-17 11:19:25.000000,Y,2126,,PAYLOAD,LARGE,PAYLOAD,LARGE,5.00,22210,EKRAN 20,5.00,23327,ELEKTRO (GOMS),2025-09-19T22:46:38.329000
1156621881,2025-09-17 11:19:22.000000,Y,1471,,ROCKET BODY,LARGE,ROCKET BODY,LARGE,3.00,21011,SL-12 R/B(2),3.00,22061,SL-12 R/B(2),2025-09-17T19:01:02.381000
1156621754,2025-09-17 11:19:20.000000,Y,4650,,ROCKET BODY,LARGE,ROCKET BODY,LARGE,3.00,19550,IUS R/B(2),3.00,11567,SL-12 R/B(2),2025-09-17T23:35:53.362000
1156621576,2025-09-17 11:19:14.000000,Y,4154,,PAYLOAD,LARGE,PAYLOAD,LARGE,5.00,15825,ARABSAT 1B,5.00,23426,LUCH,2025-09-17T17:38:09.489000
1156621303,2025-09-17 11:19:07.000000,Y,4650,,ROCKET BODY,LARGE,ROCKET BODY,LARGE,3.00,11567,SL-12 R/B(2),3.00,19550,IUS R/B(2),2025-09-17T23:35:53.362000
1156372078,2025-09-17 07:30:16.000000,Y,557,0.0004584062,DEBRIS,MEDIUM,PAYLOAD,LARGE,1.00,60811,CZ-6A DEB,5.00,5560,ASTEX 1,2025-09-20T01:57:47.364000
1156346375,2025-09-17 07:26:44.000000,Y,272,0.0002008799,DEBRIS,SMALL,UNKNOWN,SMALL,1.00,57539,METEOR 1-17 DEB,3.00,270098,UNKNOWN,2025-09-18T02:24:24.133000
1156331346,2025-09-17 07:23:32.000000,Y,837,0.0001705882,DEBRIS,SMALL,PAYLOAD,LARGE,1.00,48736,NOAA 17 DEB,5.00,20510,OKEAN 2,2025-09-20T01:40:06.285000
1156326373,2025-09-17 07:22:33.000000,Y,977,0.0002647881,DEBRIS,,PAYLOAD,LARGE,1.00,45350,SL-14 DEB,5.00,3818,COSMOS 272,2025-09-18T16:22:06.563000
1156291943,2025-09-17 07:18:26.000000,Y,520,0.0001279829,DEBRIS,SMALL,DEBRIS,SMALL,1.00,35249,CZ-4C DEB,1.00,34576,COSMOS 2251 DEB,2025-09-20T05:02:37.445000
1156290558,2025-09-17 07:18:09.000000,Y,520,0.0001279829,DEBRIS,SMALL,DEBRIS,SMALL,1.00,34576,COSMOS 2251 DEB,1.00,35249,CZ-4C DEB,2025-09-20T05:02:37.445000
1156289300,2025-09-17 07:17:54.000000,Y,79,0.0001140049,DEBRIS,SMALL,DEBRIS,SMALL,1.00,33837,COSMOS 2251 DEB,1.00,30452,FENGYUN 1C DEB,2025-09-18T01:47:52.241000
1156275861,2025-09-17 07:14:49.000000,Y,837,0.0001705882,PAYLOAD,LARGE,DEBRIS,SMALL,5.00,20510,OKEAN 2,1.00,48736,NOAA 17 DEB,2025-09-20T01:40:06.285000
1156274715,2025-09-17 07:14:35.000000,Y,238,0.0001432781,PAYLOAD,LARGE,DEBRIS,SMALL,5.00,17239,COSMOS 1808,1.00,27881,COSMOS 887 DEB,2025-09-17T09:22:56.216000
1156270587,2025-09-17 07:13:47.000000,Y,557,0.0004584062,PAYLOAD,LARGE,DEBRIS,MEDIUM,5.00,5560,ASTEX 1,1.00,60811,CZ-6A DEB,2025-09-20T01:57:47.364000
1156269644,2025-09-17 07:13:36.000000,Y,977,0.0002647881,PAYLOAD,LARGE,DEBRIS,,5.00,3818,COSMOS 272,1.00,45350,SL-14 DEB,2025-09-18T16:22:06.563000
1156269216,2025-09-17 07:13:31.000000,Y,171,0.001071493,PAYLOAD,MEDIUM,DEBRIS,,5.00,2121,OV1-4,1.00,26506,COSMOS 1249 COOLANT,2025-09-17T06:28:28.712000
1156201413,2025-09-17 05:04:08.000000,Y,470,,DEBRIS,MEDIUM,DEBRIS,MEDIUM,1.00,40785,ARIANE 2 DEB,1.00,33535,ARIANE 2 DEB,2025-09-19T10:12:53.566000
1156201415,2025-09-17 05:04:08.000000,Y,481,,DEBRIS,MEDIUM,DEBRIS,MEDIUM,1.00,40785,ARIANE 2 DEB,1.00,33535,ARIANE 2 DEB,2025-09-19T20:06:25.957000
1156201403,2025-09-17 05:04:07.000000,Y,431,,DEBRIS,MEDIUM,DEBRIS,MEDIUM,1.00,40785,ARIANE 2 DEB,1.00,33535,ARIANE 2 DEB,2025-09-17T08:43:39.049000
1156201405,2025-09-17 05:04:07.000000,Y,439,,DEBRIS,MEDIUM,DEBRIS,MEDIUM,1.00,40785,ARIANE 2 DEB,1.00,33535,ARIANE 2 DEB,2025-09-17T18:37:33.480000
1156201407,2025-09-17 05:04:07.000000,Y,446,,DEBRIS,MEDIUM,DEBRIS,MEDIUM,1.00,40785,ARIANE 2 DEB,1.00,33535,ARIANE 2 DEB,2025-09-18T04:31:26.664000
1156201409,2025-09-17 05:04:07.000000,Y,454,,DEBRIS,MEDIUM,DEBRIS,MEDIUM,1.00,40785,ARIANE 2 DEB,1.00,33535,ARIANE 2 DEB,2025-09-18T14:25:18.770000
1156201411,2025-09-17 05:04:07.000000,Y,461,,DEBRIS,MEDIUM,DEBRIS,MEDIUM,1.00,40785,ARIANE 2 DEB,1.00,33535,ARIANE 2 DEB,2025-09-19T00:19:08.954000
1156200423,2025-09-17 05:03:44.000000,Y,439,,DEBRIS,MEDIUM,DEBRIS,MEDIUM,1.00,33535,ARIANE 2 DEB,1.00,40785,ARIANE 2 DEB,2025-09-17T18:37:33.480000
1156200425,2025-09-17 05:03:44.000000,Y,446,,DEBRIS,MEDIUM,DEBRIS,MEDIUM,1.00,33535,ARIANE 2 DEB,1.00,40785,ARIANE 2 DEB,2025-09-18T04:31:26.664000
1156200429,2025-09-17 05:03:44.000000,Y,461,,DEBRIS,MEDIUM,DEBRIS,MEDIUM,1.00,33535,ARIANE 2 DEB,1.00,40785,ARIANE 2 DEB,2025-09-19T00:19:08.954000
1156200431,2025-09-17 05:03:44.000000,Y,470,,DEBRIS,MEDIUM,DEBRIS,MEDIUM,1.00,33535,ARIANE 2 DEB,1.00,40785,ARIANE 2 DEB,2025-09-19T10:12:53.566000
1156200433,2025-09-17 05:03:44.000000,Y,481,,DEBRIS,MEDIUM,DEBRIS,MEDIUM,1.00,33535,ARIANE 2 DEB,1.00,40785,ARIANE 2 DEB,2025-09-19T20:06:25.957000
1156200421,2025-09-17 05:03:43.000000,Y,431,,DEBRIS,MEDIUM,DEBRIS,MEDIUM,1.00,33535,ARIANE 2 DEB,1.00,40785,ARIANE 2 DEB,2025-09-17T08:43:39.049000
1156200427,2025-09-17 05:03:43.000000,Y,454,,DEBRIS,MEDIUM,DEBRIS,MEDIUM,1.00,33535,ARIANE 2 DEB,1.00,40785,ARIANE 2 DEB,2025-09-18T14:25:18.770000
1156198939,2025-09-17 05:03:10.000000,Y,2558,,PAYLOAD,LARGE,PAYLOAD,LARGE,5.00,23398,COSMOS 2294 (GLONASS),5.00,23205,COSMOS 2288 (GLONASS),2025-09-19T22:50:28.212000
1156198934,2025-09-17 05:03:09.000000,Y,2339,,PAYLOAD,LARGE,PAYLOAD,LARGE,5.00,23398,COSMOS 2294 (GLONASS),5.00,23205,COSMOS 2288 (GLONASS),2025-09-17T14:31:48.071000
1156198935,2025-09-17 05:03:09.000000,Y,2028,,PAYLOAD,LARGE,PAYLOAD,LARGE,5.00,23398,COSMOS 2294 (GLONASS),5.00,23205,COSMOS 2288 (GLONASS),2025-09-18T01:47:32.113000
1156198936,2025-09-17 05:03:09.000000,Y,1853,,PAYLOAD,LARGE,PAYLOAD,LARGE,5.00,23398,COSMOS 2294 (GLONASS),5.00,23205,COSMOS 2288 (GLONASS),2025-09-18T13:03:16.149000
1156198938,2025-09-17 05:03:09.000000,Y,2140,,PAYLOAD,LARGE,PAYLOAD,LARGE,5.00,23398,COSMOS 2294 (GLONASS),5.00,23205,COSMOS 2288 (GLONASS),2025-09-19T11:34:44.192000
1156198955,2025-09-17 05:03:09.000000,Y,4154,,PAYLOAD,LARGE,PAYLOAD,LARGE,5.00,23426,LUCH,5.00,15825,ARABSAT 1B,2025-09-17T17:38:09.489000
1156198937,2025-09-17 05:03:08.000000,Y,1911,,PAYLOAD,LARGE,PAYLOAD,LARGE,5.00,23398,COSMOS 2294 (GLONASS),5.00,23205,COSMOS 2288 (GLONASS),2025-09-19T00:19:00.162000
1156198744,2025-09-17 05:03:04.000000,Y,1853,,PAYLOAD,LARGE,PAYLOAD,LARGE,5.00,23205,COSMOS 2288 (GLONASS),5.00,23398,COSMOS 2294 (GLONASS),2025-09-18T13:03:16.149000
1156198745,2025-09-17 05:03:04.000000,Y,1911,,PAYLOAD,LARGE,PAYLOAD,LARGE,5.00,23205,COSMOS 2288 (GLONASS),5.00,23398,COSMOS 2294 (GLONASS),2025-09-19T00:19:00.162000
1156198747,2025-09-17 05:03:04.000000,Y,2558,,PAYLOAD,LARGE,PAYLOAD,LARGE,5.00,23205,COSMOS 2288 (GLONASS),5.00,23398,COSMOS 2294 (GLONASS),2025-09-19T22:50:28.212000
1156198743,2025-09-17 05:03:03.000000,Y,2028,,PAYLOAD,LARGE,PAYLOAD,LARGE,5.00,23205,COSMOS 2288 (GLONASS),5.00,23398,COSMOS 2294 (GLONASS),2025-09-18T01:47:32.113000
1156198746,2025-09-17 05:03:03.000000,Y,2140,,PAYLOAD,LARGE,PAYLOAD,LARGE,5.00,23205,COSMOS 2288 (GLONASS),5.00,23398,COSMOS 2294 (GLONASS),2025-09-19T11:34:44.192000
1156198785,2025-09-17 05:03:03.000000,Y,2126,,PAYLOAD,LARGE,PAYLOAD,LARGE,5.00,23327,ELEKTRO (GOMS),5.00,22210,EKRAN 20,2025-09-19T22:46:38.329000
1156198742,2025-09-17 05:03:02.000000,Y,2339,,PAYLOAD,LARGE,PAYLOAD,LARGE,5.00,23205,COSMOS 2288 (GLONASS),5.00,23398,COSMOS 2294 (GLONASS),2025-09-17T14:31:48.071000
1156198677,2025-09-17 05:03:01.000000,Y,2126,,PAYLOAD,LARGE,PAYLOAD,LARGE,5.00,22210,EKRAN 20,5.00,23327,ELEKTRO (GOMS),2025-09-19T22:46:38.329000
1156198655,2025-09-17 05:03:00.000000,Y,1368,,ROCKET BODY,LARGE,ROCKET BODY,LARGE,3.00,22061,SL-12 R/B(2),3.00,21011,SL-12 R/B(2),2025-09-17T19:01:02.396000
1156198559,2025-09-17 05:02:57.000000,Y,1368,,ROCKET BODY,LARGE,ROCKET BODY,LARGE,3.00,21011,SL-12 R/B(2),3.00,22061,SL-12 R/B(2),2025-09-17T19:01:02.396000
1156198405,2025-09-17 05:02:54.000000,Y,4644,,ROCKET BODY,LARGE,ROCKET BODY,LARGE,3.00,19550,IUS R/B(2),3.00,11567,SL-12 R/B(2),2025-09-17T23:35:53.372000
1156198223,2025-09-17 05:02:50.000000,Y,4154,,PAYLOAD,LARGE,PAYLOAD,LARGE,5.00,15825,ARABSAT 1B,5.00,23426,LUCH,2025-09-17T17:38:09.489000
1156197932,2025-09-17 05:02:43.000000,Y,4644,,ROCKET BODY,LARGE,ROCKET BODY,LARGE,3.00,11567,SL-12 R/B(2),3.00,19550,IUS R/B(2),2025-09-17T23:35:53.372000
1156087144,2025-09-17 00:50:22.000000,Y,200,0.0002058159,DEBRIS,SMALL,PAYLOAD,LARGE,1.00,60816,CZ-6A DEB,5.00,19256,COSMOS 1954,2025-09-18T17:22:26.243000
1156061386,2025-09-17 00:34:01.000000,Y,962,0.0001690951,DEBRIS,SMALL,PAYLOAD,LARGE,1.00,47025,FENGYUN 1C DEB *,5.00,4369,COSMOS 332,2025-09-17T21:41:24.517000
1156061369,2025-09-17 00:34:00.000000,Y,72,0.001417385,DEBRIS,,PAYLOAD,LARGE,1.00,47007,FENGYUN 1C DEB,5.00,9481,METEOR 1-26,2025-09-16T22:26:36.898000
1156059674,2025-09-17 00:33:04.000000,Y,966,0.0002636365,DEBRIS,,PAYLOAD,LARGE,1.00,45350,SL-14 DEB,5.00,3818,COSMOS 272,2025-09-18T16:22:06.564000
1156039609,2025-09-17 00:29:26.000000,Y,721,0.0002271903,DEBRIS,SMALL,UNKNOWN,MEDIUM,1.00,42671,CZ-4C DEB,5.00,44889,OBJECT L,2025-09-18T09:30:56.553000
1156038951,2025-09-17 00:29:01.000000,Y,704,0.0001903714,DEBRIS,SMALL,ROCKET BODY,LARGE,1.00,42318,DMSP 5D-2 F13 DEB,3.00,1245,THOR AGENA D R/B,2025-09-18T02:49:52.789000
1156030004,2025-09-17 00:23:34.000000,Y,320,0.0001005255,DEBRIS,LARGE,DEBRIS,MEDIUM,1.00,37756,FREGAT DEB (TANK),1.00,701,ATLAS CENTAUR 2 DEB,2025-09-17T05:56:27.385000
1156023387,2025-09-17 00:19:49.000000,Y,114,0.0001100154,DEBRIS,SMALL,DEBRIS,SMALL,1.00,33837,COSMOS 2251 DEB,1.00,30452,FENGYUN 1C DEB,2025-09-18T01:47:52.224000
1156021512,2025-09-17 00:19:04.000000,Y,384,0.0002490271,DEBRIS,SMALL,UNKNOWN,SMALL,1.00,32141,FENGYUN 1C DEB,3.00,270089,UNKNOWN,2025-09-18T19:31:58.980000
1156018730,2025-09-17 00:17:53.000000,Y,805,0.000467289,DEBRIS,SMALL,UNKNOWN,MEDIUM,1.00,30988,FENGYUN 1C DEB,5.00,44887,OBJECT J,2025-09-17T23:18:03.622000
1156017286,2025-09-17 00:17:18.000000,Y,114,0.0001100154,DEBRIS,SMALL,DEBRIS,SMALL,1.00,30452,FENGYUN 1C DEB,1.00,33837,COSMOS 2251 DEB,2025-09-18T01:47:52.224000
1156017063,2025-09-17 00:17:12.000000,Y,598,0.000195375,DEBRIS,SMALL,ROCKET BODY,MEDIUM,1.00,30360,FENGYUN 1C DEB,3.00,15338,SL-12 R/B(AUX MOTOR),2025-09-18T06:26:17.181000
1156014231,2025-09-17 00:15:52.000000,Y,374,0.0004765276,PAYLOAD,LARGE,DEBRIS,MEDIUM,5.00,28060,SERVIS 1,1.00,25928,ARIANE 44LP DEB,2025-09-17T01:35:35.327000
1156014142,2025-09-17 00:15:49.000000,Y,313,0.0003058026,ROCKET BODY,LARGE,DEBRIS,SMALL,3.00,27870,SL-8 R/B,1.00,3812,DELTA 1 DEB,2025-09-17T10:50:16.660000
1156014143,2025-09-17 00:15:49.000000,Y,190,0.001320337,DEBRIS,SMALL,PAYLOAD,LARGE,1.00,27881,COSMOS 887 DEB,5.00,17239,COSMOS 1808,2025-09-17T09:22:56.212000
1156013235,2025-09-17 00:15:29.000000,Y,163,0.001125142,DEBRIS,,PAYLOAD,MEDIUM,1.00,26506,COSMOS 1249 COOLANT,5.00,2121,OV1-4,2025-09-17T06:28:28.712000
1156011664,2025-09-17 00:14:52.000000,Y,181,0.000893416,PAYLOAD,LARGE,DEBRIS,SMALL,5.00,24841,IRIDIUM 16,1.00,54360,CZ-6A DEB,2025-09-17T19:32:03.691000
1156009564,2025-09-17 00:14:03.000000,Y,650,0.0001513577,PAYLOAD,LARGE,DEBRIS,SMALL,5.00,20305,METEOR 3-3,1.00,9653,COSMOS 886 DEB,2025-09-19T17:30:57.220000
1156009290,2025-09-17 00:13:57.000000,Y,200,0.0002058159,PAYLOAD,LARGE,DEBRIS,SMALL,5.00,19256,COSMOS 1954,1.00,60816,CZ-6A DEB,2025-09-18T17:22:26.243000
1156008540,2025-09-17 00:13:39.000000,Y,190,0.001320337,PAYLOAD,LARGE,DEBRIS,SMALL,5.00,17239,COSMOS 1808,1.00,27881,COSMOS 887 DEB,2025-09-17T09:22:56.212000
1156007966,2025-09-17 00:13:23.000000,Y,598,0.000195375,ROCKET BODY,MEDIUM,DEBRIS,SMALL,3.00,15338,SL-12 R/B(AUX MOTOR),1.00,30360,FENGYUN 1C DEB,2025-09-18T06:26:17.181000
1156005361,2025-09-17 00:12:06.000000,Y,72,0.001417385,PAYLOAD,LARGE,DEBRIS,,5.00,9481,METEOR 1-26,1.00,47007,FENGYUN 1C DEB,2025-09-16T22:26:36.898000
1156005381,2025-09-17 00:12:06.000000,Y,650,0.0001513577,DEBRIS,SMALL,PAYLOAD,LARGE,1.00,9653,COSMOS 886 DEB,5.00,20305,METEOR 3-3,2025-09-19T17:30:57.220000
1156004185,2025-09-17 00:11:31.000000,Y,195,0.0002003175,DEBRIS,SMALL,DEBRIS,MEDIUM,1.00,5036,SCOUT A DEB,1.00,30004,FENGYUN 1C DEB,2025-09-19T09:54:15.595000
1156003984,2025-09-17 00:11:25.000000,Y,153,0.0001695846,DEBRIS,SMALL,DEBRIS,SMALL,1.00,4752,THORAD AGENA D DEB,1.00,57545,METEOR 1-17 DEB,2025-09-16T23:24:09.025000
1156003717,2025-09-17 00:11:19.000000,Y,962,0.0001690951,PAYLOAD,LARGE,DEBRIS,SMALL,5.00,4369,COSMOS 332,1.00,47025,FENGYUN 1C DEB *,2025-09-17T21:41:24.517000
1156003386,2025-09-17 00:11:07.000000,Y,313,0.0003058026,DEBRIS,SMALL,ROCKET BODY,LARGE,1.00,3812,DELTA 1 DEB,3.00,27870,SL-8 R/B,2025-09-17T10:50:16.660000
1156003387,2025-09-17 00:11:07.000000,Y,966,0.0002636365,PAYLOAD,LARGE,DEBRIS,,5.00,3818,COSMOS 272,1.00,45350,SL-14 DEB,2025-09-18T16:22:06.564000
1156002951,2025-09-17 00:10:50.000000,Y,163,0.001125142,PAYLOAD,MEDIUM,DEBRIS,,5.00,2121,OV1-4,1.00,26506,COSMOS 1249 COOLANT,2025-09-17T06:28:28.712000
1156002725,2025-09-17 00:10:45.000000,Y,704,0.0001903714,ROCKET BODY,LARGE,DEBRIS,SMALL,3.00,1245,THOR AGENA D R/B,1.00,42318,DMSP 5D-2 F13 DEB,2025-09-18T02:49:52.789000
1156002650,2025-09-17 00:10:42.000000,Y,320,0.0001005255,DEBRIS,MEDIUM,DEBRIS,LARGE,1.00,701,ATLAS CENTAUR 2 DEB,1.00,37756,FREGAT DEB (TANK),2025-09-17T05:56:27.385000
1155897146,2025-09-16 22:40:15.000000,Y,1558,,DEBRIS,,PAYLOAD,LARGE,1.00,62001,INTELSAT 33E DEB,5.00,20263,GORIZONT 19,2025-09-17T02:56:04.730000
1155877519,2025-09-16 22:39:55.000000,Y,431,,DEBRIS,MEDIUM,DEBRIS,MEDIUM,1.00,40785,ARIANE 2 DEB,1.00,33535,ARIANE 2 DEB,2025-09-17T08:43:39.049000
1155877521,2025-09-16 22:39:55.000000,Y,439,,DEBRIS,MEDIUM,DEBRIS,MEDIUM,1.00,40785,ARIANE 2 DEB,1.00,33535,ARIANE 2 DEB,2025-09-17T18:37:33.480000
1155877523,2025-09-16 22:39:55.000000,Y,446,,DEBRIS,MEDIUM,DEBRIS,MEDIUM,1.00,40785,ARIANE 2 DEB,1.00,33535,ARIANE 2 DEB,2025-09-18T04:31:26.665000
1155877529,2025-09-16 22:39:55.000000,Y,470,,DEBRIS,MEDIUM,DEBRIS,MEDIUM,1.00,40785,ARIANE 2 DEB,1.00,33535,ARIANE 2 DEB,2025-09-19T10:12:53.566000
1155877525,2025-09-16 22:39:54.000000,Y,454,,DEBRIS,MEDIUM,DEBRIS,MEDIUM,1.00,40785,ARIANE 2 DEB,1.00,33535,ARIANE 2 DEB,2025-09-18T14:25:18.770000
1155877531,2025-09-16 22:39:54.000000,Y,481,,DEBRIS,MEDIUM,DEBRIS,MEDIUM,1.00,40785,ARIANE 2 DEB,1.00,33535,ARIANE 2 DEB,2025-09-19T20:06:25.957000
1155877517,2025-09-16 22:39:53.000000,Y,423,,DEBRIS,MEDIUM,DEBRIS,MEDIUM,1.00,40785,ARIANE 2 DEB,1.00,33535,ARIANE 2 DEB,2025-09-16T22:49:44.962000
1155877527,2025-09-16 22:39:53.000000,Y,461,,DEBRIS,MEDIUM,DEBRIS,MEDIUM,1.00,40785,ARIANE 2 DEB,1.00,33535,ARIANE 2 DEB,2025-09-19T00:19:08.954000
1155876248,2025-09-16 22:39:34.000000,Y,423,,DEBRIS,MEDIUM,DEBRIS,MEDIUM,1.00,33535,ARIANE 2 DEB,1.00,40785,ARIANE 2 DEB,2025-09-16T22:49:44.962000
1155876250,2025-09-16 22:39:34.000000,Y,431,,DEBRIS,MEDIUM,DEBRIS,MEDIUM,1.00,33535,ARIANE 2 DEB,1.00,40785,ARIANE 2 DEB,2025-09-17T08:43:39.049000
1155876252,2025-09-16 22:39:34.000000,Y,439,,DEBRIS,MEDIUM,DEBRIS,MEDIUM,1.00,33535,ARIANE 2 DEB,1.00,40785,ARIANE 2 DEB,2025-09-17T18:37:33.480000
1155876254,2025-09-16 22:39:34.000000,Y,446,,DEBRIS,MEDIUM,DEBRIS,MEDIUM,1.00,33535,ARIANE 2 DEB,1.00,40785,ARIANE 2 DEB,2025-09-18T04:31:26.665000
1155876256,2025-09-16 22:39:34.000000,Y,454,,DEBRIS,MEDIUM,DEBRIS,MEDIUM,1.00,33535,ARIANE 2 DEB,1.00,40785,ARIANE 2 DEB,2025-09-18T14:25:18.770000
1155876258,2025-09-16 22:39:34.000000,Y,461,,DEBRIS,MEDIUM,DEBRIS,MEDIUM,1.00,33535,ARIANE 2 DEB,1.00,40785,ARIANE 2 DEB,2025-09-19T00:19:08.954000
1155876260,2025-09-16 22:39:34.000000,Y,470,,DEBRIS,MEDIUM,DEBRIS,MEDIUM,1.00,33535,ARIANE 2 DEB,1.00,40785,ARIANE 2 DEB,2025-09-19T10:12:53.566000
1155876262,2025-09-16 22:39:34.000000,Y,481,,DEBRIS,MEDIUM,DEBRIS,MEDIUM,1.00,33535,ARIANE 2 DEB,1.00,40785,ARIANE 2 DEB,2025-09-19T20:06:25.957000
1155874990,2025-09-16 22:38:47.000000,Y,2848,,PAYLOAD,LARGE,PAYLOAD,LARGE,5.00,23398,COSMOS 2294 (GLONASS),5.00,23205,COSMOS 2288 (GLONASS),2025-09-17T03:16:04.025000
1155874991,2025-09-16 22:38:47.000000,Y,2316,,PAYLOAD,LARGE,PAYLOAD,LARGE,5.00,23398,COSMOS 2294 (GLONASS),5.00,23205,COSMOS 2288 (GLONASS),2025-09-17T14:31:48.084000
1155874992,2025-09-16 22:38:47.000000,Y,2001,,PAYLOAD,LARGE,PAYLOAD,LARGE,5.00,23398,COSMOS 2294 (GLONASS),5.00,23205,COSMOS 2288 (GLONASS),2025-09-18T01:47:32.126000
1155874993,2025-09-16 22:38:47.000000,Y,1821,,PAYLOAD,LARGE,PAYLOAD,LARGE,5.00,23398,COSMOS 2294 (GLONASS),5.00,23205,COSMOS 2288 (GLONASS),2025-09-18T13:03:16.164000
1155874995,2025-09-16 22:38:47.000000,Y,2099,,PAYLOAD,LARGE,PAYLOAD,LARGE,5.00,23398,COSMOS 2294 (GLONASS),5.00,23205,COSMOS 2288 (GLONASS),2025-09-19T11:34:44.210000
1155875010,2025-09-16 22:38:47.000000,Y,4124,,PAYLOAD,LARGE,PAYLOAD,LARGE,5.00,23426,LUCH,5.00,15825,ARABSAT 1B,2025-09-17T17:38:09.522000
1155874994,2025-09-16 22:38:45.000000,Y,1875,,PAYLOAD,LARGE,PAYLOAD,LARGE,5.00,23398,COSMOS 2294 (GLONASS),5.00,23205,COSMOS 2288 (GLONASS),2025-09-19T00:19:00.178000
1155874820,2025-09-16 22:38:40.000000,Y,2848,,PAYLOAD,LARGE,PAYLOAD,LARGE,5.00,23205,COSMOS 2288 (GLONASS),5.00,23398,COSMOS 2294 (GLONASS),2025-09-17T03:16:04.025000
1155874821,2025-09-16 22:38:40.000000,Y,2316,,PAYLOAD,LARGE,PAYLOAD,LARGE,5.00,23205,COSMOS 2288 (GLONASS),5.00,23398,COSMOS 2294 (GLONASS),2025-09-17T14:31:48.084000
1155874822,2025-09-16 22:38:40.000000,Y,2001,,PAYLOAD,LARGE,PAYLOAD,LARGE,5.00,23205,COSMOS 2288 (GLONASS),5.00,23398,COSMOS 2294 (GLONASS),2025-09-18T01:47:32.126000
1155874823,2025-09-16 22:38:40.000000,Y,1821,,PAYLOAD,LARGE,PAYLOAD,LARGE,5.00,23205,COSMOS 2288 (GLONASS),5.00,23398,COSMOS 2294 (GLONASS),2025-09-18T13:03:16.164000
1155874824,2025-09-16 22:38:40.000000,Y,1875,,PAYLOAD,LARGE,PAYLOAD,LARGE,5.00,23205,COSMOS 2288 (GLONASS),5.00,23398,COSMOS 2294 (GLONASS),2025-09-19T00:19:00.178000
1155874825,2025-09-16 22:38:40.000000,Y,2099,,PAYLOAD,LARGE,PAYLOAD,LARGE,5.00,23205,COSMOS 2288 (GLONASS),5.00,23398,COSMOS 2294 (GLONASS),2025-09-19T11:34:44.210000
1155874759,2025-09-16 22:38:38.000000,Y,1184,,ROCKET BODY,LARGE,ROCKET BODY,LARGE,3.00,22061,SL-12 R/B(2),3.00,21011,SL-12 R/B(2),2025-09-17T19:01:02.416000
1155874692,2025-09-16 22:38:36.000000,Y,1184,,ROCKET BODY,LARGE,ROCKET BODY,LARGE,3.00,21011,SL-12 R/B(2),3.00,22061,SL-12 R/B(2),2025-09-17T19:01:02.416000
1155874617,2025-09-16 22:38:33.000000,Y,1558,,PAYLOAD,LARGE,DEBRIS,,5.00,20263,GORIZONT 19,1.00,62001,INTELSAT 33E DEB,2025-09-17T02:56:04.730000
1155874573,2025-09-16 22:38:31.000000,Y,4644,,ROCKET BODY,LARGE,ROCKET BODY,LARGE,3.00,19550,IUS R/B(2),3.00,11567,SL-12 R/B(2),2025-09-17T23:35:53.372000
1155874423,2025-09-16 22:38:26.000000,Y,4124,,PAYLOAD,LARGE,PAYLOAD,LARGE,5.00,15825,ARABSAT 1B,5.00,23426,LUCH,2025-09-17T17:38:09.522000
1155874194,2025-09-16 22:38:15.000000,Y,4644,,ROCKET BODY,LARGE,ROCKET BODY,LARGE,3.00,11567,SL-12 R/B(2),3.00,19550,IUS R/B(2),2025-09-17T23:35:53.372000
1155577907,2025-09-16 13:03:55.000000,Y,536,0.0003174657,DEBRIS,SMALL,PAYLOAD,LARGE,1.00,61313,CZ-6A DEB,5.00,27783,GALEX,2025-09-16T19:18:42.460000
1155547817,2025-09-16 13:00:20.000000,Y,153,0.0001419236,DEBRIS,SMALL,DEBRIS,SMALL,1.00,57545,METEOR 1-17 DEB,1.00,4752,THORAD AGENA D DEB,2025-09-16T23:24:09.004000
1155547807,2025-09-16 13:00:19.000000,Y,340,0.0001238836,DEBRIS,SMALL,UNKNOWN,SMALL,1.00,57539,METEOR 1-17 DEB,3.00,270098,UNKNOWN,2025-09-18T02:24:23.927000
1155539914,2025-09-16 12:58:51.000000,Y,787,0.000111165,DEBRIS,SMALL,UNKNOWN,SMALL,1.00,54402,CZ-6A DEB,3.00,270078,UNKNOWN,2025-09-19T11:40:34.596000
1155539803,2025-09-16 12:58:49.000000,Y,245,0.001507151,DEBRIS,SMALL,PAYLOAD,LARGE,1.00,54360,CZ-6A DEB,5.00,24841,IRIDIUM 16,2025-09-17T19:32:03.689000
1155531854,2025-09-16 12:57:25.000000,Y,335,0.0001135115,DEBRIS,SMALL,ROCKET BODY,LARGE,1.00,48741,NOAA 17 DEB,3.00,4139,SL-8 R/B,2025-09-16T17:06:13.152000
1155528246,2025-09-16 12:56:47.000000,Y,74,0.001408947,DEBRIS,,PAYLOAD,LARGE,1.00,47007,FENGYUN 1C DEB,5.00,9481,METEOR 1-26,2025-09-16T22:26:36.884000
1155526610,2025-09-16 12:56:29.000000,Y,944,0.0003114466,DEBRIS,,PAYLOAD,LARGE,1.00,45350,SL-14 DEB,5.00,3818,COSMOS 272,2025-09-18T16:22:06.555000
1155518221,2025-09-16 12:55:03.000000,Y,585,0.0002090827,DEBRIS,SMALL,UNKNOWN,SMALL,1.00,42149,COSMOS 1275 DEB,3.00,87681,UNKNOWN,2025-09-17T18:10:10.981000
1155513869,2025-09-16 12:54:14.000000,Y,294,0.0011512,DEBRIS,SMALL,PAYLOAD,LARGE,1.00,39919,PEGASUS DEB,5.00,25394,RESURS O1-N4,2025-09-16T20:44:34.117000
1155511305,2025-09-16 12:53:44.000000,Y,169,0.0001414957,DEBRIS,SMALL,DEBRIS,SMALL,1.00,38389,OPS 4682 DEB,1.00,9960,COSMOS 886 DEB,2025-09-18T09:58:22.352000
1155511096,2025-09-16 12:53:42.000000,Y,558,0.0001280884,DEBRIS,SMALL,PAYLOAD,LARGE,1.00,38271,METEOR 2-5 DEB,5.00,10961,COSMOS 1023,2025-09-18T04:37:38.792000
1155509456,2025-09-16 12:53:24.000000,Y,545,0.0001036064,DEBRIS,,DEBRIS,SMALL,1.00,36941,COSMOS 1818 COOLANT,1.00,25563,SL-8 DEB,2025-09-18T19:45:49.016000
1155499826,2025-09-16 12:51:36.000000,Y,310,0.0001983268,DEBRIS,SMALL,UNKNOWN,MEDIUM,1.00,30988,FENGYUN 1C DEB,5.00,44887,OBJECT J,2025-09-17T23:18:03.319000
1155498958,2025-09-16 12:51:26.000000,Y,302,0.0001061489,DEBRIS,SMALL,DEBRIS,SMALL,1.00,30650,FENGYUN 1C DEB,1.00,12223,DELTA 1 DEB,2025-09-17T16:07:52.919000
1155498190,2025-09-16 12:51:18.000000,Y,59,0.0001155678,DEBRIS,SMALL,ROCKET BODY,MEDIUM,1.00,30360,FENGYUN 1C DEB,3.00,15338,SL-12 R/B(AUX MOTOR),2025-09-18T06:26:17.118000
1155497348,2025-09-16 12:51:07.000000,Y,139,0.000238555,DEBRIS,MEDIUM,DEBRIS,SMALL,1.00,30004,FENGYUN 1C DEB,1.00,5036,SCOUT A DEB,2025-09-19T09:54:15.454000
1155495433,2025-09-16 12:50:33.000000,Y,458,0.0001519474,PAYLOAD,LARGE,DEBRIS,MEDIUM,5.00,28060,SERVIS 1,1.00,25928,ARIANE 44LP DEB,2025-09-17T01:35:35.334000
1155495306,2025-09-16 12:50:32.000000,Y,536,0.0003174657,PAYLOAD,LARGE,DEBRIS,SMALL,5.00,27783,GALEX,1.00,61313,CZ-6A DEB,2025-09-16T19:18:42.460000
1155495345,2025-09-16 12:50:32.000000,Y,304,0.0004334098,ROCKET BODY,LARGE,DEBRIS,SMALL,3.00,27870,SL-8 R/B,1.00,3812,DELTA 1 DEB,2025-09-17T10:50:16.659000
1155495346,2025-09-16 12:50:32.000000,Y,138,0.001106854,DEBRIS,SMALL,PAYLOAD,LARGE,1.00,27881,COSMOS 887 DEB,5.00,17239,COSMOS 1808,2025-09-17T09:22:56.206000
1155494533,2025-09-16 12:50:22.000000,Y,157,0.001114238,DEBRIS,,PAYLOAD,MEDIUM,1.00,26506,COSMOS 1249 COOLANT,5.00,2121,OV1-4,2025-09-17T06:28:28.708000
1155493386,2025-09-16 12:50:10.000000,Y,294,0.0011512,PAYLOAD,LARGE,DEBRIS,SMALL,5.00,25394,RESURS O1-N4,1.00,39919,PEGASUS DEB,2025-09-16T20:44:34.117000
1155493008,2025-09-16 12:50:05.000000,Y,245,0.001507151,PAYLOAD,LARGE,DEBRIS,SMALL,5.00,24841,IRIDIUM 16,1.00,54360,CZ-6A DEB,2025-09-17T19:32:03.689000
1155490123,2025-09-16 12:49:33.000000,Y,138,0.001106854,PAYLOAD,LARGE,DEBRIS,SMALL,5.00,17239,COSMOS 1808,1.00,27881,COSMOS 887 DEB,2025-09-17T09:22:56.206000
1155489655,2025-09-16 12:49:27.000000,Y,146,0.0001286804,PAYLOAD,LARGE,DEBRIS,SMALL,5.00,15516,METEOR 2-12,1.00,13468,COSMOS 1275 DEB,2025-09-18T20:40:41.034000
1155487246,2025-09-16 12:49:00.000000,Y,74,0.001408947,PAYLOAD,LARGE,DEBRIS,,5.00,9481,METEOR 1-26,1.00,47007,FENGYUN 1C DEB,2025-09-16T22:26:36.884000
1155485465,2025-09-16 12:48:42.000000,Y,944,0.0003114466,PAYLOAD,LARGE,DEBRIS,,5.00,3818,COSMOS 272,1.00,45350,SL-14 DEB,2025-09-18T16:22:06.555000
1155485023,2025-09-16 12:48:36.000000,Y,157,0.001114238,PAYLOAD,MEDIUM,DEBRIS,,5.00,2121,OV1-4,1.00,26506,COSMOS 1249 COOLANT,2025-09-17T06:28:28.708000
1155483127,2025-09-16 11:45:37.000000,Y,208,,DEBRIS,,PAYLOAD,LARGE,1.00,62001,INTELSAT 33E DEB,5.00,20263,GORIZONT 19,2025-09-17T02:56:05.013000
1155481594,2025-09-16 11:45:26.000000,Y,418,,DEBRIS,MEDIUM,DEBRIS,MEDIUM,1.00,40785,ARIANE 2 DEB,1.00,33535,ARIANE 2 DEB,2025-09-16T12:55:37.290000
1155481600,2025-09-16 11:45:26.000000,Y,434,,DEBRIS,MEDIUM,DEBRIS,MEDIUM,1.00,40785,ARIANE 2 DEB,1.00,33535,ARIANE 2 DEB,2025-09-17T18:37:52.985000
1155481604,2025-09-16 11:45:26.000000,Y,444,,DEBRIS,MEDIUM,DEBRIS,MEDIUM,1.00,40785,ARIANE 2 DEB,1.00,33535,ARIANE 2 DEB,2025-09-18T14:26:04.313000
1155481608,2025-09-16 11:45:26.000000,Y,457,,DEBRIS,MEDIUM,DEBRIS,MEDIUM,1.00,40785,ARIANE 2 DEB,1.00,33535,ARIANE 2 DEB,2025-09-19T10:13:59.312000
1155481596,2025-09-16 11:45:25.000000,Y,424,,DEBRIS,MEDIUM,DEBRIS,MEDIUM,1.00,40785,ARIANE 2 DEB,1.00,33535,ARIANE 2 DEB,2025-09-16T22:49:40.869000
1155481598,2025-09-16 11:45:25.000000,Y,430,,DEBRIS,MEDIUM,DEBRIS,MEDIUM,1.00,40785,ARIANE 2 DEB,1.00,33535,ARIANE 2 DEB,2025-09-17T08:43:45.562000
1155481602,2025-09-16 11:45:25.000000,Y,439,,DEBRIS,MEDIUM,DEBRIS,MEDIUM,1.00,40785,ARIANE 2 DEB,1.00,33535,ARIANE 2 DEB,2025-09-18T04:31:59.989000
1155481606,2025-09-16 11:45:25.000000,Y,450,,DEBRIS,MEDIUM,DEBRIS,MEDIUM,1.00,40785,ARIANE 2 DEB,1.00,33535,ARIANE 2 DEB,2025-09-19T00:20:05.059000
1155480695,2025-09-16 11:45:14.000000,Y,430,,DEBRIS,MEDIUM,DEBRIS,MEDIUM,1.00,33535,ARIANE 2 DEB,1.00,40785,ARIANE 2 DEB,2025-09-17T08:43:45.562000
1155480705,2025-09-16 11:45:14.000000,Y,457,,DEBRIS,MEDIUM,DEBRIS,MEDIUM,1.00,33535,ARIANE 2 DEB,1.00,40785,ARIANE 2 DEB,2025-09-19T10:13:59.312000
1155480691,2025-09-16 11:45:13.000000,Y,418,,DEBRIS,MEDIUM,DEBRIS,MEDIUM,1.00,33535,ARIANE 2 DEB,1.00,40785,ARIANE 2 DEB,2025-09-16T12:55:37.290000
1155480693,2025-09-16 11:45:13.000000,Y,424,,DEBRIS,MEDIUM,DEBRIS,MEDIUM,1.00,33535,ARIANE 2 DEB,1.00,40785,ARIANE 2 DEB,2025-09-16T22:49:40.869000
1155480697,2025-09-16 11:45:13.000000,Y,434,,DEBRIS,MEDIUM,DEBRIS,MEDIUM,1.00,33535,ARIANE 2 DEB,1.00,40785,ARIANE 2 DEB,2025-09-17T18:37:52.985000
1155480699,2025-09-16 11:45:13.000000,Y,439,,DEBRIS,MEDIUM,DEBRIS,MEDIUM,1.00,33535,ARIANE 2 DEB,1.00,40785,ARIANE 2 DEB,2025-09-18T04:31:59.989000
1155480701,2025-09-16 11:45:13.000000,Y,444,,DEBRIS,MEDIUM,DEBRIS,MEDIUM,1.00,33535,ARIANE 2 DEB,1.00,40785,ARIANE 2 DEB,2025-09-18T14:26:04.313000
1155480703,2025-09-16 11:45:13.000000,Y,450,,DEBRIS,MEDIUM,DEBRIS,MEDIUM,1.00,33535,ARIANE 2 DEB,1.00,40785,ARIANE 2 DEB,2025-09-19T00:20:05.059000
1155479366,2025-09-16 11:44:57.000000,Y,3468,,PAYLOAD,LARGE,PAYLOAD,LARGE,5.00,23398,COSMOS 2294 (GLONASS),5.00,23205,COSMOS 2288 (GLONASS),2025-09-16T16:00:19.933000
1155479367,2025-09-16 11:44:57.000000,Y,2844,,PAYLOAD,LARGE,PAYLOAD,LARGE,5.00,23398,COSMOS 2294 (GLONASS),5.00,23205,COSMOS 2288 (GLONASS),2025-09-17T03:16:04.026000
1155479368,2025-09-16 11:44:57.000000,Y,2308,,PAYLOAD,LARGE,PAYLOAD,LARGE,5.00,23398,COSMOS 2294 (GLONASS),5.00,23205,COSMOS 2288 (GLONASS),2025-09-17T14:31:48.084000
1155479369,2025-09-16 11:44:57.000000,Y,1988,,PAYLOAD,LARGE,PAYLOAD,LARGE,5.00,23398,COSMOS 2294 (GLONASS),5.00,23205,COSMOS 2288 (GLONASS),2025-09-18T01:47:32.126000
1155479370,2025-09-16 11:44:57.000000,Y,1803,,PAYLOAD,LARGE,PAYLOAD,LARGE,5.00,23398,COSMOS 2294 (GLONASS),5.00,23205,COSMOS 2288 (GLONASS),2025-09-18T13:03:16.162000
1155479371,2025-09-16 11:44:57.000000,Y,1853,,PAYLOAD,LARGE,PAYLOAD,LARGE,5.00,23398,COSMOS 2294 (GLONASS),5.00,23205,COSMOS 2288 (GLONASS),2025-09-19T00:19:00.175000
1155479372,2025-09-16 11:44:57.000000,Y,2076,,PAYLOAD,LARGE,PAYLOAD,LARGE,5.00,23398,COSMOS 2294 (GLONASS),5.00,23205,COSMOS 2288 (GLONASS),2025-09-19T11:34:44.206000
1155479387,2025-09-16 11:44:57.000000,Y,4157,,PAYLOAD,LARGE,PAYLOAD,LARGE,5.00,23426,LUCH,5.00,15825,ARABSAT 1B,2025-09-17T17:38:09.560000
1155479199,2025-09-16 11:44:56.000000,Y,4432,,PAYLOAD,LARGE,PAYLOAD,MEDIUM,5.00,23204,COSMOS 2289 (GLONASS),5.00,16397,COSMOS 1711 (GLONASS),2025-09-17T14:02:11.164000
1155479204,2025-09-16 11:44:56.000000,Y,3468,,PAYLOAD,LARGE,PAYLOAD,LARGE,5.00,23205,COSMOS 2288 (GLONASS),5.00,23398,COSMOS 2294 (GLONASS),2025-09-16T16:00:19.933000
1155479197,2025-09-16 11:44:55.000000,Y,2855,,PAYLOAD,LARGE,PAYLOAD,MEDIUM,5.00,23204,COSMOS 2289 (GLONASS),5.00,16397,COSMOS 1711 (GLONASS),2025-09-16T15:30:42.788000
1155479198,2025-09-16 11:44:55.000000,Y,2976,,PAYLOAD,LARGE,PAYLOAD,MEDIUM,5.00,23204,COSMOS 2289 (GLONASS),5.00,16397,COSMOS 1711 (GLONASS),2025-09-17T02:46:26.965000
1155479205,2025-09-16 11:44:55.000000,Y,2844,,PAYLOAD,LARGE,PAYLOAD,LARGE,5.00,23205,COSMOS 2288 (GLONASS),5.00,23398,COSMOS 2294 (GLONASS),2025-09-17T03:16:04.026000
1155479206,2025-09-16 11:44:55.000000,Y,2308,,PAYLOAD,LARGE,PAYLOAD,LARGE,5.00,23205,COSMOS 2288 (GLONASS),5.00,23398,COSMOS 2294 (GLONASS),2025-09-17T14:31:48.084000
1155479207,2025-09-16 11:44:55.000000,Y,1988,,PAYLOAD,LARGE,PAYLOAD,LARGE,5.00,23205,COSMOS 2288 (GLONASS),5.00,23398,COSMOS 2294 (GLONASS),2025-09-18T01:47:32.126000
1155479208,2025-09-16 11:44:55.000000,Y,1803,,PAYLOAD,LARGE,PAYLOAD,LARGE,5.00,23205,COSMOS 2288 (GLONASS),5.00,23398,COSMOS 2294 (GLONASS),2025-09-18T13:03:16.162000
1155479209,2025-09-16 11:44:55.000000,Y,1853,,PAYLOAD,LARGE,PAYLOAD,LARGE,5.00,23205,COSMOS 2288 (GLONASS),5.00,23398,COSMOS 2294 (GLONASS),2025-09-19T00:19:00.175000
1155479210,2025-09-16 11:44:55.000000,Y,2076,,PAYLOAD,LARGE,PAYLOAD,LARGE,5.00,23205,COSMOS 2288 (GLONASS),5.00,23398,COSMOS 2294 (GLONASS),2025-09-19T11:34:44.206000
1155479138,2025-09-16 11:44:54.000000,Y,1184,,ROCKET BODY,LARGE,ROCKET BODY,LARGE,3.00,22061,SL-12 R/B(2),3.00,21011,SL-12 R/B(2),2025-09-17T19:01:02.416000
1155478953,2025-09-16 11:44:53.000000,Y,208,,PAYLOAD,LARGE,DEBRIS,,5.00,20263,GORIZONT 19,1.00,62001,INTELSAT 33E DEB,2025-09-17T02:56:05.013000
1155479056,2025-09-16 11:44:53.000000,Y,1184,,ROCKET BODY,LARGE,ROCKET BODY,LARGE,3.00,21011,SL-12 R/B(2),3.00,22061,SL-12 R/B(2),2025-09-17T19:01:02.416000
1155478910,2025-09-16 11:44:52.000000,Y,4670,,ROCKET BODY,LARGE,ROCKET BODY,LARGE,3.00,19550,IUS R/B(2),3.00,11567,SL-12 R/B(2),2025-09-17T23:35:53.381000
1155478784,2025-09-16 11:44:51.000000,Y,4432,,PAYLOAD,MEDIUM,PAYLOAD,LARGE,5.00,16397,COSMOS 1711 (GLONASS),5.00,23204,COSMOS 2289 (GLONASS),2025-09-17T14:02:11.164000
1155478746,2025-09-16 11:44:50.000000,Y,4157,,PAYLOAD,LARGE,PAYLOAD,LARGE,5.00,15825,ARABSAT 1B,5.00,23426,LUCH,2025-09-17T17:38:09.560000
1155478782,2025-09-16 11:44:50.000000,Y,2855,,PAYLOAD,MEDIUM,PAYLOAD,LARGE,5.00,16397,COSMOS 1711 (GLONASS),5.00,23204,COSMOS 2289 (GLONASS),2025-09-16T15:30:42.788000
1155478783,2025-09-16 11:44:50.000000,Y,2976,,PAYLOAD,MEDIUM,PAYLOAD,LARGE,5.00,16397,COSMOS 1711 (GLONASS),5.00,23204,COSMOS 2289 (GLONASS),2025-09-17T02:46:26.965000
1155478518,2025-09-16 11:44:48.000000,Y,4670,,ROCKET BODY,LARGE,ROCKET BODY,LARGE,3.00,11567,SL-12 R/B(2),3.00,19550,IUS R/B(2),2025-09-17T23:35:53.381000
1155292078,2025-09-16 06:32:02.000000,Y,548,0.0002911218,DEBRIS,SMALL,PAYLOAD,LARGE,1.00,61313,CZ-6A DEB,5.00,27783,GALEX,2025-09-16T19:18:42.463000
1155273342,2025-09-16 06:26:11.000000,Y,151,0.0001364746,DEBRIS,SMALL,DEBRIS,SMALL,1.00,57545,METEOR 1-17 DEB,1.00,4752,THORAD AGENA D DEB,2025-09-16T23:24:09.000000
1155273330,2025-09-16 06:26:10.000000,Y,318,0.0001456567,DEBRIS,SMALL,UNKNOWN,SMALL,1.00,57539,METEOR 1-17 DEB,3.00,270098,UNKNOWN,2025-09-18T02:24:24.037000
1155235564,2025-09-16 06:23:45.000000,Y,182,0.001723719,DEBRIS,SMALL,PAYLOAD,LARGE,1.00,54360,CZ-6A DEB,5.00,24841,IRIDIUM 16,2025-09-17T19:32:03.699000
1155224466,2025-09-16 06:20:47.000000,Y,70,0.001426441,DEBRIS,,PAYLOAD,LARGE,1.00,47007,FENGYUN 1C DEB,5.00,9481,METEOR 1-26,2025-09-16T22:26:36.877000
1155215212,2025-09-16 06:18:07.000000,Y,631,0.000193591,DEBRIS,SMALL,UNKNOWN,SMALL,1.00,42149,COSMOS 1275 DEB,3.00,87681,UNKNOWN,2025-09-17T18:10:10.985000
1155211888,2025-09-16 06:17:09.000000,Y,540,0.0001602234,DEBRIS,SMALL,PAYLOAD,LARGE,1.00,40499,DMSP 5D-2 F13 DEB,5.00,17303,COSMOS 1814,2025-09-17T00:54:35.311000
1155210722,2025-09-16 06:16:48.000000,Y,333,0.0009596038,DEBRIS,SMALL,PAYLOAD,LARGE,1.00,39919,PEGASUS DEB,5.00,25394,RESURS O1-N4,2025-09-16T20:44:34.106000
1155208097,2025-09-16 06:16:00.000000,Y,220,0.0001083327,DEBRIS,SMALL,DEBRIS,SMALL,1.00,38389,OPS 4682 DEB,1.00,9960,COSMOS 886 DEB,2025-09-18T09:58:22.339000
1155206181,2025-09-16 06:15:26.000000,Y,477,0.000107276,DEBRIS,,DEBRIS,SMALL,1.00,36941,COSMOS 1818 COOLANT,1.00,25563,SL-8 DEB,2025-09-18T19:45:49.061000
1155196234,2025-09-16 06:12:20.000000,Y,849,0.0001464875,DEBRIS,SMALL,UNKNOWN,MEDIUM,1.00,30988,FENGYUN 1C DEB,5.00,44887,OBJECT J,2025-09-17T23:18:03.587000
1155195798,2025-09-16 06:12:13.000000,Y,183,0.0001904596,DEBRIS,SMALL,DEBRIS,SMALL,1.00,30833,FENGYUN 1C DEB,1.00,30366,FENGYUN 1C DEB,2025-09-17T12:21:41.563000
1155194565,2025-09-16 06:11:57.000000,Y,183,0.0001904596,DEBRIS,SMALL,DEBRIS,SMALL,1.00,30366,FENGYUN 1C DEB,1.00,30833,FENGYUN 1C DEB,2025-09-17T12:21:41.563000
1155191761,2025-09-16 06:11:21.000000,Y,372,0.0001709764,PAYLOAD,LARGE,DEBRIS,MEDIUM,5.00,28060,SERVIS 1,1.00,25928,ARIANE 44LP DEB,2025-09-17T01:35:35.321000
1155191672,2025-09-16 06:11:20.000000,Y,304,0.0004323503,ROCKET BODY,LARGE,DEBRIS,SMALL,3.00,27870,SL-8 R/B,1.00,3812,DELTA 1 DEB,2025-09-17T10:50:16.659000
1155191673,2025-09-16 06:11:20.000000,Y,186,0.0008763814,DEBRIS,SMALL,PAYLOAD,LARGE,1.00,27881,COSMOS 887 DEB,5.00,17239,COSMOS 1808,2025-09-17T09:22:56.205000
1155191633,2025-09-16 06:11:19.000000,Y,548,0.0002911218,PAYLOAD,LARGE,DEBRIS,SMALL,5.00,27783,GALEX,1.00,61313,CZ-6A DEB,2025-09-16T19:18:42.463000
1155190826,2025-09-16 06:11:10.000000,Y,150,0.001108452,DEBRIS,,PAYLOAD,MEDIUM,1.00,26506,COSMOS 1249 COOLANT,5.00,2121,OV1-4,2025-09-17T06:28:28.708000
1155189783,2025-09-16 06:10:58.000000,Y,477,0.000107276,DEBRIS,SMALL,DEBRIS,,1.00,25563,SL-8 DEB,1.00,36941,COSMOS 1818 COOLANT,2025-09-18T19:45:49.061000
1155189638,2025-09-16 06:10:56.000000,Y,333,0.0009596038,PAYLOAD,LARGE,DEBRIS,SMALL,5.00,25394,RESURS O1-N4,1.00,39919,PEGASUS DEB,2025-09-16T20:44:34.106000
1155189230,2025-09-16 06:10:51.000000,Y,182,0.001723719,PAYLOAD,LARGE,DEBRIS,SMALL,5.00,24841,IRIDIUM 16,1.00,54360,CZ-6A DEB,2025-09-17T19:32:03.699000
1155186206,2025-09-16 06:10:17.000000,Y,186,0.0008763814,PAYLOAD,LARGE,DEBRIS,SMALL,5.00,17239,COSMOS 1808,1.00,27881,COSMOS 887 DEB,2025-09-17T09:22:56.205000
1155186221,2025-09-16 06:10:17.000000,Y,540,0.0001602234,PAYLOAD,LARGE,DEBRIS,SMALL,5.00,17303,COSMOS 1814,1.00,40499,DMSP 5D-2 F13 DEB,2025-09-17T00:54:35.311000
1155183838,2025-09-16 06:09:50.000000,Y,367,0.0004521156,ROCKET BODY,LARGE,DEBRIS,SMALL,3.00,11239,SL-8 R/B,1.00,9826,COSMOS 886 DEB,2025-09-17T16:50:25.196000
1155183454,2025-09-16 06:09:45.000000,Y,367,0.0004521156,DEBRIS,SMALL,ROCKET BODY,LARGE,1.00,9826,COSMOS 886 DEB,3.00,11239,SL-8 R/B,2025-09-17T16:50:25.196000
1155183466,2025-09-16 06:09:45.000000,Y,220,0.0001083327,DEBRIS,SMALL,DEBRIS,SMALL,1.00,9960,COSMOS 886 DEB,1.00,38389,OPS 4682 DEB,2025-09-18T09:58:22.339000
1155183312,2025-09-16 06:09:43.000000,Y,70,0.001426441,PAYLOAD,LARGE,DEBRIS,,5.00,9481,METEOR 1-26,1.00,47007,FENGYUN 1C DEB,2025-09-16T22:26:36.877000
1155182063,2025-09-16 06:09:16.000000,Y,151,0.0001364746,DEBRIS,SMALL,DEBRIS,SMALL,1.00,4752,THORAD AGENA D DEB,1.00,57545,METEOR 1-17 DEB,2025-09-16T23:24:09.000000
1155181458,2025-09-16 06:09:08.000000,Y,304,0.0004323503,DEBRIS,SMALL,ROCKET BODY,LARGE,1.00,3812,DELTA 1 DEB,3.00,27870,SL-8 R/B,2025-09-17T10:50:16.659000
1155180995,2025-09-16 06:09:03.000000,Y,150,0.001108452,PAYLOAD,MEDIUM,DEBRIS,,5.00,2121,OV1-4,1.00,26506,COSMOS 1249 COOLANT,2025-09-17T06:28:28.708000
1154986621,2025-09-16 03:52:20.000000,Y,1625,,DEBRIS,,PAYLOAD,LARGE,1.00,62001,INTELSAT 33E DEB,5.00,20263,GORIZONT 19,2025-09-17T02:56:04.726000
1154977583,2025-09-16 03:52:10.000000,Y,473,,DEBRIS,MEDIUM,DEBRIS,MEDIUM,1.00,40785,ARIANE 2 DEB,1.00,33535,ARIANE 2 DEB,2025-09-19T00:18:13.764000
1154977577,2025-09-16 03:52:09.000000,Y,440,,DEBRIS,MEDIUM,DEBRIS,MEDIUM,1.00,40785,ARIANE 2 DEB,1.00,33535,ARIANE 2 DEB,2025-09-17T18:37:27.251000
1154977579,2025-09-16 03:52:09.000000,Y,449,,DEBRIS,MEDIUM,DEBRIS,MEDIUM,1.00,40785,ARIANE 2 DEB,1.00,33535,ARIANE 2 DEB,2025-09-18T04:31:11.727000
1154977571,2025-09-16 03:52:08.000000,Y,418,,DEBRIS,MEDIUM,DEBRIS,MEDIUM,1.00,40785,ARIANE 2 DEB,1.00,33535,ARIANE 2 DEB,2025-09-16T12:55:39.565000
1154977573,2025-09-16 03:52:08.000000,Y,424,,DEBRIS,MEDIUM,DEBRIS,MEDIUM,1.00,40785,ARIANE 2 DEB,1.00,33535,ARIANE 2 DEB,2025-09-16T22:49:41.110000
1154977575,2025-09-16 03:52:08.000000,Y,432,,DEBRIS,MEDIUM,DEBRIS,MEDIUM,1.00,40785,ARIANE 2 DEB,1.00,33535,ARIANE 2 DEB,2025-09-17T08:43:36.739000
1154977581,2025-09-16 03:52:08.000000,Y,460,,DEBRIS,MEDIUM,DEBRIS,MEDIUM,1.00,40785,ARIANE 2 DEB,1.00,33535,ARIANE 2 DEB,2025-09-18T14:24:47.146000
1154976503,2025-09-16 03:51:58.000000,Y,440,,DEBRIS,MEDIUM,DEBRIS,MEDIUM,1.00,33535,ARIANE 2 DEB,1.00,40785,ARIANE 2 DEB,2025-09-17T18:37:27.251000
1154976497,2025-09-16 03:51:57.000000,Y,418,,DEBRIS,MEDIUM,DEBRIS,MEDIUM,1.00,33535,ARIANE 2 DEB,1.00,40785,ARIANE 2 DEB,2025-09-16T12:55:39.565000
1154976499,2025-09-16 03:51:57.000000,Y,424,,DEBRIS,MEDIUM,DEBRIS,MEDIUM,1.00,33535,ARIANE 2 DEB,1.00,40785,ARIANE 2 DEB,2025-09-16T22:49:41.110000
1154976507,2025-09-16 03:51:57.000000,Y,460,,DEBRIS,MEDIUM,DEBRIS,MEDIUM,1.00,33535,ARIANE 2 DEB,1.00,40785,ARIANE 2 DEB,2025-09-18T14:24:47.146000
1154976509,2025-09-16 03:51:57.000000,Y,473,,DEBRIS,MEDIUM,DEBRIS,MEDIUM,1.00,33535,ARIANE 2 DEB,1.00,40785,ARIANE 2 DEB,2025-09-19T00:18:13.764000
1154976501,2025-09-16 03:51:56.000000,Y,432,,DEBRIS,MEDIUM,DEBRIS,MEDIUM,1.00,33535,ARIANE 2 DEB,1.00,40785,ARIANE 2 DEB,2025-09-17T08:43:36.739000
1154976505,2025-09-16 03:51:56.000000,Y,449,,DEBRIS,MEDIUM,DEBRIS,MEDIUM,1.00,33535,ARIANE 2 DEB,1.00,40785,ARIANE 2 DEB,2025-09-18T04:31:11.727000
1154974960,2025-09-16 03:51:41.000000,Y,2939,,PAYLOAD,LARGE,PAYLOAD,LARGE,5.00,23398,COSMOS 2294 (GLONASS),5.00,23205,COSMOS 2288 (GLONASS),2025-09-17T03:16:04.008000
1154974980,2025-09-16 03:51:41.000000,Y,4157,,PAYLOAD,LARGE,PAYLOAD,LARGE,5.00,23426,LUCH,5.00,15825,ARABSAT 1B,2025-09-17T17:38:09.561000
1154974958,2025-09-16 03:51:40.000000,Y,4294,,PAYLOAD,LARGE,PAYLOAD,LARGE,5.00,23398,COSMOS 2294 (GLONASS),5.00,23205,COSMOS 2288 (GLONASS),2025-09-16T04:44:35.815000
1154974961,2025-09-16 03:51:40.000000,Y,2407,,PAYLOAD,LARGE,PAYLOAD,LARGE,5.00,23398,COSMOS 2294 (GLONASS),5.00,23205,COSMOS 2288 (GLONASS),2025-09-17T14:31:48.065000
1154974962,2025-09-16 03:51:40.000000,Y,2091,,PAYLOAD,LARGE,PAYLOAD,LARGE,5.00,23398,COSMOS 2294 (GLONASS),5.00,23205,COSMOS 2288 (GLONASS),2025-09-18T01:47:32.105000
1154974963,2025-09-16 03:51:40.000000,Y,1911,,PAYLOAD,LARGE,PAYLOAD,LARGE,5.00,23398,COSMOS 2294 (GLONASS),5.00,23205,COSMOS 2288 (GLONASS),2025-09-18T13:03:16.141000
1154974964,2025-09-16 03:51:40.000000,Y,1965,,PAYLOAD,LARGE,PAYLOAD,LARGE,5.00,23398,COSMOS 2294 (GLONASS),5.00,23205,COSMOS 2288 (GLONASS),2025-09-19T00:19:00.152000
1154974772,2025-09-16 03:51:39.000000,Y,2969,,PAYLOAD,LARGE,PAYLOAD,MEDIUM,5.00,23204,COSMOS 2289 (GLONASS),5.00,16397,COSMOS 1711 (GLONASS),2025-09-17T02:46:26.920000
1154974784,2025-09-16 03:51:39.000000,Y,1911,,PAYLOAD,LARGE,PAYLOAD,LARGE,5.00,23205,COSMOS 2288 (GLONASS),5.00,23398,COSMOS 2294 (GLONASS),2025-09-18T13:03:16.141000
1154974959,2025-09-16 03:51:39.000000,Y,3558,,PAYLOAD,LARGE,PAYLOAD,LARGE,5.00,23398,COSMOS 2294 (GLONASS),5.00,23205,COSMOS 2288 (GLONASS),2025-09-16T16:00:19.916000
1154974770,2025-09-16 03:51:38.000000,Y,4225,,PAYLOAD,LARGE,PAYLOAD,MEDIUM,5.00,23204,COSMOS 2289 (GLONASS),5.00,16397,COSMOS 1711 (GLONASS),2025-09-16T04:14:58.591000
1154974771,2025-09-16 03:51:38.000000,Y,2965,,PAYLOAD,LARGE,PAYLOAD,MEDIUM,5.00,23204,COSMOS 2289 (GLONASS),5.00,16397,COSMOS 1711 (GLONASS),2025-09-16T15:30:42.750000
1154974773,2025-09-16 03:51:38.000000,Y,4313,,PAYLOAD,LARGE,PAYLOAD,MEDIUM,5.00,23204,COSMOS 2289 (GLONASS),5.00,16397,COSMOS 1711 (GLONASS),2025-09-17T14:02:11.112000
1154974779,2025-09-16 03:51:38.000000,Y,4294,,PAYLOAD,LARGE,PAYLOAD,LARGE,5.00,23205,COSMOS 2288 (GLONASS),5.00,23398,COSMOS 2294 (GLONASS),2025-09-16T04:44:35.815000
1154974780,2025-09-16 03:51:38.000000,Y,3558,,PAYLOAD,LARGE,PAYLOAD,LARGE,5.00,23205,COSMOS 2288 (GLONASS),5.00,23398,COSMOS 2294 (GLONASS),2025-09-16T16:00:19.916000
1154974781,2025-09-16 03:51:38.000000,Y,2939,,PAYLOAD,LARGE,PAYLOAD,LARGE,5.00,23205,COSMOS 2288 (GLONASS),5.00,23398,COSMOS 2294 (GLONASS),2025-09-17T03:16:04.008000
1154974782,2025-09-16 03:51:38.000000,Y,2407,,PAYLOAD,LARGE,PAYLOAD,LARGE,5.00,23205,COSMOS 2288 (GLONASS),5.00,23398,COSMOS 2294 (GLONASS),2025-09-17T14:31:48.065000
1154974783,2025-09-16 03:51:38.000000,Y,2091,,PAYLOAD,LARGE,PAYLOAD,LARGE,5.00,23205,COSMOS 2288 (GLONASS),5.00,23398,COSMOS 2294 (GLONASS),2025-09-18T01:47:32.105000
1154974785,2025-09-16 03:51:38.000000,Y,1965,,PAYLOAD,LARGE,PAYLOAD,LARGE,5.00,23205,COSMOS 2288 (GLONASS),5.00,23398,COSMOS 2294 (GLONASS),2025-09-19T00:19:00.152000
1154974699,2025-09-16 03:51:37.000000,Y,1184,,ROCKET BODY,LARGE,ROCKET BODY,LARGE,3.00,22061,SL-12 R/B(2),3.00,21011,SL-12 R/B(2),2025-09-17T19:01:02.416000
1154974609,2025-09-16 03:51:36.000000,Y,1184,,ROCKET BODY,LARGE,ROCKET BODY,LARGE,3.00,21011,SL-12 R/B(2),3.00,22061,SL-12 R/B(2),2025-09-17T19:01:02.416000
1154974497,2025-09-16 03:51:35.000000,Y,1625,,PAYLOAD,LARGE,DEBRIS,,5.00,20263,GORIZONT 19,1.00,62001,INTELSAT 33E DEB,2025-09-17T02:56:04.726000
1154974442,2025-09-16 03:51:34.000000,Y,4661,,ROCKET BODY,LARGE,ROCKET BODY,LARGE,3.00,19550,IUS R/B(2),3.00,11567,SL-12 R/B(2),2025-09-17T23:35:53.391000
1154974291,2025-09-16 03:51:33.000000,Y,4313,,PAYLOAD,MEDIUM,PAYLOAD,LARGE,5.00,16397,COSMOS 1711 (GLONASS),5.00,23204,COSMOS 2289 (GLONASS),2025-09-17T14:02:11.112000
1154974245,2025-09-16 03:51:32.000000,Y,4157,,PAYLOAD,LARGE,PAYLOAD,LARGE,5.00,15825,ARABSAT 1B,5.00,23426,LUCH,2025-09-17T17:38:09.561000
1154974288,2025-09-16 03:51:32.000000,Y,4225,,PAYLOAD,MEDIUM,PAYLOAD,LARGE,5.00,16397,COSMOS 1711 (GLONASS),5.00,23204,COSMOS 2289 (GLONASS),2025-09-16T04:14:58.591000
1154974289,2025-09-16 03:51:32.000000,Y,2965,,PAYLOAD,MEDIUM,PAYLOAD,LARGE,5.00,16397,COSMOS 1711 (GLONASS),5.00,23204,COSMOS 2289 (GLONASS),2025-09-16T15:30:42.750000
1154974290,2025-09-16 03:51:32.000000,Y,2969,,PAYLOAD,MEDIUM,PAYLOAD,LARGE,5.00,16397,COSMOS 1711 (GLONASS),5.00,23204,COSMOS 2289 (GLONASS),2025-09-17T02:46:26.920000
1154973961,2025-09-16 03:51:30.000000,Y,4661,,ROCKET BODY,LARGE,ROCKET BODY,LARGE,3.00,11567,SL-12 R/B(2),3.00,19550,IUS R/B(2),2025-09-17T23:35:53.391000
1154771656,2025-09-15 22:58:53.000000,Y,216,0.0001159829,DEBRIS,SMALL,DEBRIS,SMALL,1.00,64654,CZ-6A DEB,1.00,29793,FENGYUN 1C DEB,2025-09-16T00:35:03.600000
1154717020,2025-09-15 22:55:14.000000,Y,154,0.0004641116,DEBRIS,SMALL,PAYLOAD,LARGE,1.00,61158,CZ-6A DEB,5.00,8923,COSMOS 836,2025-09-18T10:15:54.741000
1154668940,2025-09-15 22:50:45.000000,Y,154,0.0001184498,DEBRIS,SMALL,DEBRIS,SMALL,1.00,57545,METEOR 1-17 DEB,1.00,4752,THORAD AGENA D DEB,2025-09-16T23:24:09.011000
1154661318,2025-09-15 22:43:36.000000,Y,629,0.0001831881,DEBRIS,SMALL,UNKNOWN,SMALL,1.00,42149,COSMOS 1275 DEB,3.00,87681,UNKNOWN,2025-09-17T18:10:11.001000
1154657996,2025-09-15 22:42:49.000000,Y,588,0.0001156424,DEBRIS,SMALL,PAYLOAD,LARGE,1.00,40499,DMSP 5D-2 F13 DEB,5.00,17303,COSMOS 1814,2025-09-17T00:54:35.317000
1154656793,2025-09-15 22:42:32.000000,Y,229,0.001028553,DEBRIS,SMALL,PAYLOAD,LARGE,1.00,39919,PEGASUS DEB,5.00,25394,RESURS O1-N4,2025-09-16T20:44:34.124000
1154641279,2025-09-15 22:38:58.000000,Y,797,0.0001517577,DEBRIS,SMALL,UNKNOWN,MEDIUM,1.00,30988,FENGYUN 1C DEB,5.00,44887,OBJECT J,2025-09-17T23:18:03.598000
1154640839,2025-09-15 22:38:51.000000,Y,183,0.0001903548,DEBRIS,SMALL,DEBRIS,SMALL,1.00,30833,FENGYUN 1C DEB,1.00,30366,FENGYUN 1C DEB,2025-09-17T12:21:41.563000
1154639612,2025-09-15 22:38:30.000000,Y,183,0.0001903548,DEBRIS,SMALL,DEBRIS,SMALL,1.00,30366,FENGYUN 1C DEB,1.00,30833,FENGYUN 1C DEB,2025-09-17T12:21:41.563000
1154638228,2025-09-15 22:38:07.000000,Y,216,0.0001159829,DEBRIS,SMALL,DEBRIS,SMALL,1.00,29793,FENGYUN 1C DEB,1.00,64654,CZ-6A DEB,2025-09-16T00:35:03.600000
1154636711,2025-09-15 22:37:40.000000,Y,377,0.0001701095,PAYLOAD,LARGE,DEBRIS,MEDIUM,5.00,28060,SERVIS 1,1.00,25928,ARIANE 44LP DEB,2025-09-17T01:35:35.320000
1154636617,2025-09-15 22:37:39.000000,Y,307,0.0004455161,ROCKET BODY,LARGE,DEBRIS,SMALL,3.00,27870,SL-8 R/B,1.00,3812,DELTA 1 DEB,2025-09-17T10:50:16.660000
1154636618,2025-09-15 22:37:39.000000,Y,286,0.0006328439,DEBRIS,SMALL,PAYLOAD,LARGE,1.00,27881,COSMOS 887 DEB,5.00,17239,COSMOS 1808,2025-09-17T09:22:56.214000
1154635737,2025-09-15 22:37:27.000000,Y,159,0.001077506,DEBRIS,,PAYLOAD,MEDIUM,1.00,26506,COSMOS 1249 COOLANT,5.00,2121,OV1-4,2025-09-17T06:28:28.710000
1154634554,2025-09-15 22:37:09.000000,Y,229,0.001028553,PAYLOAD,LARGE,DEBRIS,SMALL,5.00,25394,RESURS O1-N4,1.00,39919,PEGASUS DEB,2025-09-16T20:44:34.124000
1154631043,2025-09-15 22:36:15.000000,Y,286,0.0006328439,PAYLOAD,LARGE,DEBRIS,SMALL,5.00,17239,COSMOS 1808,1.00,27881,COSMOS 887 DEB,2025-09-17T09:22:56.214000
1154631058,2025-09-15 22:36:15.000000,Y,588,0.0001156424,PAYLOAD,LARGE,DEBRIS,SMALL,5.00,17303,COSMOS 1814,1.00,40499,DMSP 5D-2 F13 DEB,2025-09-17T00:54:35.317000
1154627991,2025-09-15 22:35:38.000000,Y,65,0.001452783,PAYLOAD,LARGE,DEBRIS,,5.00,9481,METEOR 1-26,1.00,47007,FENGYUN 1C DEB,2025-09-16T22:26:36.899000
1154627890,2025-09-15 22:35:37.000000,Y,154,0.0004641116,PAYLOAD,LARGE,DEBRIS,SMALL,5.00,8923,COSMOS 836,1.00,61158,CZ-6A DEB,2025-09-18T10:15:54.741000
1154626702,2025-09-15 22:35:22.000000,Y,154,0.0001184498,DEBRIS,SMALL,DEBRIS,SMALL,1.00,4752,THORAD AGENA D DEB,1.00,57545,METEOR 1-17 DEB,2025-09-16T23:24:09.011000
1154626063,2025-09-15 22:35:15.000000,Y,307,0.0004455161,DEBRIS,SMALL,ROCKET BODY,LARGE,1.00,3812,DELTA 1 DEB,3.00,27870,SL-8 R/B,2025-09-17T10:50:16.660000
1154625597,2025-09-15 22:35:08.000000,Y,159,0.001077506,PAYLOAD,MEDIUM,DEBRIS,,5.00,2121,OV1-4,1.00,26506,COSMOS 1249 COOLANT,2025-09-17T06:28:28.710000
1154585491,2025-09-15 21:29:37.000000,Y,2423,,DEBRIS,,PAYLOAD,LARGE,1.00,62001,INTELSAT 33E DEB,5.00,20263,GORIZONT 19,2025-09-17T02:56:04.604000
1154580854,2025-09-15 21:29:28.000000,Y,418,,DEBRIS,MEDIUM,DEBRIS,MEDIUM,1.00,40785,ARIANE 2 DEB,1.00,33535,ARIANE 2 DEB,2025-09-16T12:55:39.565000
1154580856,2025-09-15 21:29:28.000000,Y,424,,DEBRIS,MEDIUM,DEBRIS,MEDIUM,1.00,40785,ARIANE 2 DEB,1.00,33535,ARIANE 2 DEB,2025-09-16T22:49:41.110000
1154580864,2025-09-15 21:29:28.000000,Y,460,,DEBRIS,MEDIUM,DEBRIS,MEDIUM,1.00,40785,ARIANE 2 DEB,1.00,33535,ARIANE 2 DEB,2025-09-18T14:24:47.146000
1154580852,2025-09-15 21:29:27.000000,Y,412,,DEBRIS,MEDIUM,DEBRIS,MEDIUM,1.00,40785,ARIANE 2 DEB,1.00,33535,ARIANE 2 DEB,2025-09-16T03:01:34.727000
1154580858,2025-09-15 21:29:27.000000,Y,432,,DEBRIS,MEDIUM,DEBRIS,MEDIUM,1.00,40785,ARIANE 2 DEB,1.00,33535,ARIANE 2 DEB,2025-09-17T08:43:36.739000
1154580860,2025-09-15 21:29:27.000000,Y,440,,DEBRIS,MEDIUM,DEBRIS,MEDIUM,1.00,40785,ARIANE 2 DEB,1.00,33535,ARIANE 2 DEB,2025-09-17T18:37:27.251000
1154580862,2025-09-15 21:29:27.000000,Y,449,,DEBRIS,MEDIUM,DEBRIS,MEDIUM,1.00,40785,ARIANE 2 DEB,1.00,33535,ARIANE 2 DEB,2025-09-18T04:31:11.726000
1154579521,2025-09-15 21:29:18.000000,Y,412,,DEBRIS,MEDIUM,DEBRIS,MEDIUM,1.00,33535,ARIANE 2 DEB,1.00,40785,ARIANE 2 DEB,2025-09-16T03:01:34.727000
1154579525,2025-09-15 21:29:18.000000,Y,424,,DEBRIS,MEDIUM,DEBRIS,MEDIUM,1.00,33535,ARIANE 2 DEB,1.00,40785,ARIANE 2 DEB,2025-09-16T22:49:41.110000
1154579527,2025-09-15 21:29:18.000000,Y,432,,DEBRIS,MEDIUM,DEBRIS,MEDIUM,1.00,33535,ARIANE 2 DEB,1.00,40785,ARIANE 2 DEB,2025-09-17T08:43:36.739000
1154579529,2025-09-15 21:29:18.000000,Y,440,,DEBRIS,MEDIUM,DEBRIS,MEDIUM,1.00,33535,ARIANE 2 DEB,1.00,40785,ARIANE 2 DEB,2025-09-17T18:37:27.251000
1154579531,2025-09-15 21:29:18.000000,Y,449,,DEBRIS,MEDIUM,DEBRIS,MEDIUM,1.00,33535,ARIANE 2 DEB,1.00,40785,ARIANE 2 DEB,2025-09-18T04:31:11.726000
1154579533,2025-09-15 21:29:18.000000,Y,460,,DEBRIS,MEDIUM,DEBRIS,MEDIUM,1.00,33535,ARIANE 2 DEB,1.00,40785,ARIANE 2 DEB,2025-09-18T14:24:47.146000
1154579523,2025-09-15 21:29:17.000000,Y,418,,DEBRIS,MEDIUM,DEBRIS,MEDIUM,1.00,33535,ARIANE 2 DEB,1.00,40785,ARIANE 2 DEB,2025-09-16T12:55:39.565000
1154578365,2025-09-15 21:29:05.000000,Y,4026,,PAYLOAD,LARGE,PAYLOAD,LARGE,5.00,23426,LUCH,5.00,15825,ARABSAT 1B,2025-09-17T17:38:09.648000
1154578345,2025-09-15 21:29:04.000000,Y,4294,,PAYLOAD,LARGE,PAYLOAD,LARGE,5.00,23398,COSMOS 2294 (GLONASS),5.00,23205,COSMOS 2288 (GLONASS),2025-09-16T04:44:35.816000
1154578346,2025-09-15 21:29:04.000000,Y,3558,,PAYLOAD,LARGE,PAYLOAD,LARGE,5.00,23398,COSMOS 2294 (GLONASS),5.00,23205,COSMOS 2288 (GLONASS),2025-09-16T16:00:19.916000
1154578347,2025-09-15 21:29:04.000000,Y,2939,,PAYLOAD,LARGE,PAYLOAD,LARGE,5.00,23398,COSMOS 2294 (GLONASS),5.00,23205,COSMOS 2288 (GLONASS),2025-09-17T03:16:04.008000
1154578348,2025-09-15 21:29:04.000000,Y,2407,,PAYLOAD,LARGE,PAYLOAD,LARGE,5.00,23398,COSMOS 2294 (GLONASS),5.00,23205,COSMOS 2288 (GLONASS),2025-09-17T14:31:48.064000
1154578349,2025-09-15 21:29:04.000000,Y,2091,,PAYLOAD,LARGE,PAYLOAD,LARGE,5.00,23398,COSMOS 2294 (GLONASS),5.00,23205,COSMOS 2288 (GLONASS),2025-09-18T01:47:32.105000
1154578350,2025-09-15 21:29:04.000000,Y,1911,,PAYLOAD,LARGE,PAYLOAD,LARGE,5.00,23398,COSMOS 2294 (GLONASS),5.00,23205,COSMOS 2288 (GLONASS),2025-09-18T13:03:16.140000
1154578206,2025-09-15 21:29:03.000000,Y,4294,,PAYLOAD,LARGE,PAYLOAD,LARGE,5.00,23205,COSMOS 2288 (GLONASS),5.00,23398,COSMOS 2294 (GLONASS),2025-09-16T04:44:35.816000
1154578209,2025-09-15 21:29:03.000000,Y,2407,,PAYLOAD,LARGE,PAYLOAD,LARGE,5.00,23205,COSMOS 2288 (GLONASS),5.00,23398,COSMOS 2294 (GLONASS),2025-09-17T14:31:48.064000
1154578210,2025-09-15 21:29:03.000000,Y,2091,,PAYLOAD,LARGE,PAYLOAD,LARGE,5.00,23205,COSMOS 2288 (GLONASS),5.00,23398,COSMOS 2294 (GLONASS),2025-09-18T01:47:32.105000
1154578211,2025-09-15 21:29:03.000000,Y,1911,,PAYLOAD,LARGE,PAYLOAD,LARGE,5.00,23205,COSMOS 2288 (GLONASS),5.00,23398,COSMOS 2294 (GLONASS),2025-09-18T13:03:16.140000
1154578068,2025-09-15 21:29:02.000000,Y,1184,,ROCKET BODY,LARGE,ROCKET BODY,LARGE,3.00,21011,SL-12 R/B(2),3.00,22061,SL-12 R/B(2),2025-09-17T19:01:02.416000
1154578139,2025-09-15 21:29:02.000000,Y,1184,,ROCKET BODY,LARGE,ROCKET BODY,LARGE,3.00,22061,SL-12 R/B(2),3.00,21011,SL-12 R/B(2),2025-09-17T19:01:02.416000
1154578197,2025-09-15 21:29:02.000000,Y,4464,,PAYLOAD,LARGE,PAYLOAD,MEDIUM,5.00,23204,COSMOS 2289 (GLONASS),5.00,16397,COSMOS 1711 (GLONASS),2025-09-16T04:14:58.557000
1154578198,2025-09-15 21:29:02.000000,Y,3120,,PAYLOAD,LARGE,PAYLOAD,MEDIUM,5.00,23204,COSMOS 2289 (GLONASS),5.00,16397,COSMOS 1711 (GLONASS),2025-09-16T15:30:42.720000
1154578199,2025-09-15 21:29:02.000000,Y,2962,,PAYLOAD,LARGE,PAYLOAD,MEDIUM,5.00,23204,COSMOS 2289 (GLONASS),5.00,16397,COSMOS 1711 (GLONASS),2025-09-17T02:46:26.894000
1154578200,2025-09-15 21:29:02.000000,Y,4210,,PAYLOAD,LARGE,PAYLOAD,MEDIUM,5.00,23204,COSMOS 2289 (GLONASS),5.00,16397,COSMOS 1711 (GLONASS),2025-09-17T14:02:11.090000
1154578207,2025-09-15 21:29:02.000000,Y,3558,,PAYLOAD,LARGE,PAYLOAD,LARGE,5.00,23205,COSMOS 2288 (GLONASS),5.00,23398,COSMOS 2294 (GLONASS),2025-09-16T16:00:19.916000
1154578208,2025-09-15 21:29:02.000000,Y,2939,,PAYLOAD,LARGE,PAYLOAD,LARGE,5.00,23205,COSMOS 2288 (GLONASS),5.00,23398,COSMOS 2294 (GLONASS),2025-09-17T03:16:04.008000
1154577985,2025-09-15 21:29:00.000000,Y,2423,,PAYLOAD,LARGE,DEBRIS,,5.00,20263,GORIZONT 19,1.00,62001,INTELSAT 33E DEB,2025-09-17T02:56:04.604000
1154577932,2025-09-15 21:28:59.000000,Y,4664,,ROCKET BODY,LARGE,ROCKET BODY,LARGE,3.00,19550,IUS R/B(2),3.00,11567,SL-12 R/B(2),2025-09-17T23:35:53.386000
1154577803,2025-09-15 21:28:58.000000,Y,4464,,PAYLOAD,MEDIUM,PAYLOAD,LARGE,5.00,16397,COSMOS 1711 (GLONASS),5.00,23204,COSMOS 2289 (GLONASS),2025-09-16T04:14:58.557000
1154577804,2025-09-15 21:28:58.000000,Y,3120,,PAYLOAD,MEDIUM,PAYLOAD,LARGE,5.00,16397,COSMOS 1711 (GLONASS),5.00,23204,COSMOS 2289 (GLONASS),2025-09-16T15:30:42.720000
1154577805,2025-09-15 21:28:58.000000,Y,2962,,PAYLOAD,MEDIUM,PAYLOAD,LARGE,5.00,16397,COSMOS 1711 (GLONASS),5.00,23204,COSMOS 2289 (GLONASS),2025-09-17T02:46:26.894000
1154577806,2025-09-15 21:28:58.000000,Y,4210,,PAYLOAD,MEDIUM,PAYLOAD,LARGE,5.00,16397,COSMOS 1711 (GLONASS),5.00,23204,COSMOS 2289 (GLONASS),2025-09-17T14:02:11.090000
1154577761,2025-09-15 21:28:57.000000,Y,4026,,PAYLOAD,LARGE,PAYLOAD,LARGE,5.00,15825,ARABSAT 1B,5.00,23426,LUCH,2025-09-17T17:38:09.648000
1154577529,2025-09-15 21:28:55.000000,Y,4664,,ROCKET BODY,LARGE,ROCKET BODY,LARGE,3.00,11567,SL-12 R/B(2),3.00,19550,IUS R/B(2),2025-09-17T23:35:53.386000
1154406182,2025-09-15 13:47:19.000000,Y,147,0.0001869996,DEBRIS,SMALL,DEBRIS,SMALL,1.00,64654,CZ-6A DEB,1.00,29793,FENGYUN 1C DEB,2025-09-16T00:35:03.335000
1154370392,2025-09-15 13:41:50.000000,Y,205,0.000105017,DEBRIS,MEDIUM,DEBRIS,SMALL,1.00,61104,CZ-6A DEB,1.00,30515,FENGYUN 1C DEB,2025-09-16T15:59:43.334000
1154345570,2025-09-15 13:29:09.000000,Y,53,0.0001778463,DEBRIS,SMALL,DEBRIS,SMALL,1.00,54304,CZ-6A DEB,1.00,12099,OPS 4988 DEB,2025-09-18T06:30:23.545000
1154278792,2025-09-15 13:23:57.000000,Y,619,0.00059681,DEBRIS,SMALL,ROCKET BODY,LARGE,1.00,48705,NOAA 17 DEB,3.00,7434,SL-8 R/B,2025-09-16T22:40:47.092000
1154275986,2025-09-15 13:20:23.000000,Y,120,0.0008769939,DEBRIS,,PAYLOAD,LARGE,1.00,47007,FENGYUN 1C DEB,5.00,9481,METEOR 1-26,2025-09-16T22:26:36.181000
1154336510,2025-09-15 13:14:27.000000,Y,232,0.0001548949,DEBRIS,SMALL,UNKNOWN,SMALL,1.00,42149,COSMOS 1275 DEB,3.00,87681,UNKNOWN,2025-09-17T18:10:10.516000
1154334606,2025-09-15 13:13:56.000000,Y,843,0.0001066116,DEBRIS,SMALL,PAYLOAD,LARGE,1.00,41153,NOAA 16 DEB,5.00,24841,IRIDIUM 16,2025-09-17T22:59:06.282000
1154333145,2025-09-15 13:13:31.000000,Y,304,0.0001959876,ROCKET BODY,LARGE,UNKNOWN,,3.00,40287,CZ-2C R/B,3.00,82432,UNKNOWN,2025-09-15T18:21:18.308000
1154330008,2025-09-15 13:12:36.000000,Y,349,0.0001720228,DEBRIS,SMALL,UNKNOWN,SMALL,1.00,38364,OPS 4682 DEB,3.00,82708,UNKNOWN,2025-09-17T01:31:11.901000
1154330013,2025-09-15 13:12:35.000000,Y,124,0.0003463768,DEBRIS,SMALL,UNKNOWN,SMALL,1.00,38433,OPS 4682 DEB,3.00,81599,UNKNOWN,2025-09-15T20:23:10.365000
1154321855,2025-09-15 13:10:22.000000,Y,212,0.0001165726,DEBRIS,SMALL,ROCKET BODY,LARGE,1.00,32308,FENGYUN 1C DEB,3.00,18313,SL-14 R/B,2025-09-18T04:50:24.046000
1154318031,2025-09-15 13:09:15.000000,Y,205,0.000105017,DEBRIS,SMALL,DEBRIS,MEDIUM,1.00,30515,FENGYUN 1C DEB,1.00,61104,CZ-6A DEB,2025-09-16T15:59:43.334000
1154316571,2025-09-15 13:08:49.000000,Y,147,0.0001869996,DEBRIS,SMALL,DEBRIS,SMALL,1.00,29793,FENGYUN 1C DEB,1.00,64654,CZ-6A DEB,2025-09-16T00:35:03.335000
1154315071,2025-09-15 13:08:29.000000,Y,322,0.0004320216,ROCKET BODY,LARGE,DEBRIS,SMALL,3.00,27870,SL-8 R/B,1.00,3812,DELTA 1 DEB,2025-09-17T10:50:16.660000
1154271860,2025-09-15 13:08:14.000000,Y,41,0.000388911,DEBRIS,,PAYLOAD,MEDIUM,1.00,26506,COSMOS 1249 COOLANT,5.00,2121,OV1-4,2025-09-17T06:28:28.638000
1154270474,2025-09-15 13:07:51.000000,Y,843,0.0001066116,PAYLOAD,LARGE,DEBRIS,SMALL,5.00,24841,IRIDIUM 16,1.00,41153,NOAA 16 DEB,2025-09-17T22:59:06.282000
1154269606,2025-09-15 13:07:37.000000,Y,345,0.0003690199,DEBRIS,SMALL,PAYLOAD,LARGE,1.00,22415,SL-16 DEB,5.00,4598,COSMOS 375,2025-09-16T05:08:01.566000
1154268034,2025-09-15 13:07:09.000000,Y,212,0.0001165726,ROCKET BODY,LARGE,DEBRIS,SMALL,3.00,18313,SL-14 R/B,1.00,32308,FENGYUN 1C DEB,2025-09-18T04:50:24.046000
1154265599,2025-09-15 13:06:25.000000,Y,53,0.0001778463,DEBRIS,SMALL,DEBRIS,SMALL,1.00,12099,OPS 4988 DEB,1.00,54304,CZ-6A DEB,2025-09-18T06:30:23.545000
1154265050,2025-09-15 13:06:15.000000,Y,120,0.0008769939,PAYLOAD,LARGE,DEBRIS,,5.00,9481,METEOR 1-26,1.00,47007,FENGYUN 1C DEB,2025-09-16T22:26:36.181000
1154264717,2025-09-15 13:06:09.000000,Y,619,0.00059681,ROCKET BODY,LARGE,DEBRIS,SMALL,3.00,7434,SL-8 R/B,1.00,48705,NOAA 17 DEB,2025-09-16T22:40:47.092000
1154263759,2025-09-15 13:05:51.000000,Y,345,0.0003690199,PAYLOAD,LARGE,DEBRIS,SMALL,5.00,4598,COSMOS 375,1.00,22415,SL-16 DEB,2025-09-16T05:08:01.566000
1154263376,2025-09-15 13:05:47.000000,Y,322,0.0004320216,DEBRIS,SMALL,ROCKET BODY,LARGE,1.00,3812,DELTA 1 DEB,3.00,27870,SL-8 R/B,2025-09-17T10:50:16.660000
1154262978,2025-09-15 13:05:41.000000,Y,41,0.000388911,PAYLOAD,MEDIUM,DEBRIS,,5.00,2121,OV1-4,1.00,26506,COSMOS 1249 COOLANT,2025-09-17T06:28:28.638000
1154169925,2025-09-15 11:30:24.000000,Y,1071,,DEBRIS,,PAYLOAD,LARGE,1.00,62001,INTELSAT 33E DEB,5.00,20263,GORIZONT 19,2025-09-17T02:56:05.175000
1154169005,2025-09-15 11:30:16.000000,Y,366,,DEBRIS,MEDIUM,DEBRIS,MEDIUM,1.00,40785,ARIANE 2 DEB,1.00,33535,ARIANE 2 DEB,2025-09-15T17:10:18.698000
1154169007,2025-09-15 11:30:16.000000,Y,337,,DEBRIS,MEDIUM,DEBRIS,MEDIUM,1.00,40785,ARIANE 2 DEB,1.00,33535,ARIANE 2 DEB,2025-09-16T03:06:55.041000
1154169009,2025-09-15 11:30:16.000000,Y,307,,DEBRIS,MEDIUM,DEBRIS,MEDIUM,1.00,40785,ARIANE 2 DEB,1.00,33535,ARIANE 2 DEB,2025-09-16T13:03:34.589000
1154169015,2025-09-15 11:30:16.000000,Y,198,,DEBRIS,MEDIUM,DEBRIS,MEDIUM,1.00,40785,ARIANE 2 DEB,1.00,33535,ARIANE 2 DEB,2025-09-18T04:48:55.834000
1154169011,2025-09-15 11:30:15.000000,Y,279,,DEBRIS,MEDIUM,DEBRIS,MEDIUM,1.00,40785,ARIANE 2 DEB,1.00,33535,ARIANE 2 DEB,2025-09-16T23:00:02.858000
1154169013,2025-09-15 11:30:15.000000,Y,251,,DEBRIS,MEDIUM,DEBRIS,MEDIUM,1.00,40785,ARIANE 2 DEB,1.00,33535,ARIANE 2 DEB,2025-09-17T08:56:27.191000
1154169014,2025-09-15 11:30:15.000000,Y,224,,DEBRIS,MEDIUM,DEBRIS,MEDIUM,1.00,40785,ARIANE 2 DEB,1.00,33535,ARIANE 2 DEB,2025-09-17T18:52:45.625000
1154168232,2025-09-15 11:30:07.000000,Y,307,,DEBRIS,MEDIUM,DEBRIS,MEDIUM,1.00,33535,ARIANE 2 DEB,1.00,40785,ARIANE 2 DEB,2025-09-16T13:03:34.589000
1154168238,2025-09-15 11:30:07.000000,Y,198,,DEBRIS,MEDIUM,DEBRIS,MEDIUM,1.00,33535,ARIANE 2 DEB,1.00,40785,ARIANE 2 DEB,2025-09-18T04:48:55.834000
1154168228,2025-09-15 11:30:06.000000,Y,366,,DEBRIS,MEDIUM,DEBRIS,MEDIUM,1.00,33535,ARIANE 2 DEB,1.00,40785,ARIANE 2 DEB,2025-09-15T17:10:18.698000
1154168230,2025-09-15 11:30:06.000000,Y,337,,DEBRIS,MEDIUM,DEBRIS,MEDIUM,1.00,33535,ARIANE 2 DEB,1.00,40785,ARIANE 2 DEB,2025-09-16T03:06:55.041000
1154168234,2025-09-15 11:30:06.000000,Y,279,,DEBRIS,MEDIUM,DEBRIS,MEDIUM,1.00,33535,ARIANE 2 DEB,1.00,40785,ARIANE 2 DEB,2025-09-16T23:00:02.858000
1154168236,2025-09-15 11:30:06.000000,Y,251,,DEBRIS,MEDIUM,DEBRIS,MEDIUM,1.00,33535,ARIANE 2 DEB,1.00,40785,ARIANE 2 DEB,2025-09-17T08:56:27.191000
1154168237,2025-09-15 11:30:06.000000,Y,224,,DEBRIS,MEDIUM,DEBRIS,MEDIUM,1.00,33535,ARIANE 2 DEB,1.00,40785,ARIANE 2 DEB,2025-09-17T18:52:45.625000
1154167088,2025-09-15 11:29:53.000000,Y,4294,,PAYLOAD,LARGE,PAYLOAD,LARGE,5.00,23398,COSMOS 2294 (GLONASS),5.00,23205,COSMOS 2288 (GLONASS),2025-09-16T04:44:35.816000
1154167089,2025-09-15 11:29:53.000000,Y,3558,,PAYLOAD,LARGE,PAYLOAD,LARGE,5.00,23398,COSMOS 2294 (GLONASS),5.00,23205,COSMOS 2288 (GLONASS),2025-09-16T16:00:19.916000
1154167090,2025-09-15 11:29:53.000000,Y,2939,,PAYLOAD,LARGE,PAYLOAD,LARGE,5.00,23398,COSMOS 2294 (GLONASS),5.00,23205,COSMOS 2288 (GLONASS),2025-09-17T03:16:04.008000
1154167091,2025-09-15 11:29:53.000000,Y,2407,,PAYLOAD,LARGE,PAYLOAD,LARGE,5.00,23398,COSMOS 2294 (GLONASS),5.00,23205,COSMOS 2288 (GLONASS),2025-09-17T14:31:48.065000
1154167092,2025-09-15 11:29:53.000000,Y,2091,,PAYLOAD,LARGE,PAYLOAD,LARGE,5.00,23398,COSMOS 2294 (GLONASS),5.00,23205,COSMOS 2288 (GLONASS),2025-09-18T01:47:32.105000
1154166931,2025-09-15 11:29:52.000000,Y,4366,,PAYLOAD,LARGE,PAYLOAD,MEDIUM,5.00,23204,COSMOS 2289 (GLONASS),5.00,16397,COSMOS 1711 (GLONASS),2025-09-16T04:14:58.525000
1154166943,2025-09-15 11:29:52.000000,Y,2407,,PAYLOAD,LARGE,PAYLOAD,LARGE,5.00,23205,COSMOS 2288 (GLONASS),5.00,23398,COSMOS 2294 (GLONASS),2025-09-17T14:31:48.065000
1154166932,2025-09-15 11:29:51.000000,Y,3067,,PAYLOAD,LARGE,PAYLOAD,MEDIUM,5.00,23204,COSMOS 2289 (GLONASS),5.00,16397,COSMOS 1711 (GLONASS),2025-09-16T15:30:42.683000
1154166933,2025-09-15 11:29:51.000000,Y,3032,,PAYLOAD,LARGE,PAYLOAD,MEDIUM,5.00,23204,COSMOS 2289 (GLONASS),5.00,16397,COSMOS 1711 (GLONASS),2025-09-17T02:46:26.853000
1154166934,2025-09-15 11:29:51.000000,Y,4373,,PAYLOAD,LARGE,PAYLOAD,MEDIUM,5.00,23204,COSMOS 2289 (GLONASS),5.00,16397,COSMOS 1711 (GLONASS),2025-09-17T14:02:11.045000
1154166940,2025-09-15 11:29:51.000000,Y,4294,,PAYLOAD,LARGE,PAYLOAD,LARGE,5.00,23205,COSMOS 2288 (GLONASS),5.00,23398,COSMOS 2294 (GLONASS),2025-09-16T04:44:35.816000
1154166941,2025-09-15 11:29:51.000000,Y,3558,,PAYLOAD,LARGE,PAYLOAD,LARGE,5.00,23205,COSMOS 2288 (GLONASS),5.00,23398,COSMOS 2294 (GLONASS),2025-09-16T16:00:19.916000
1154166942,2025-09-15 11:29:51.000000,Y,2939,,PAYLOAD,LARGE,PAYLOAD,LARGE,5.00,23205,COSMOS 2288 (GLONASS),5.00,23398,COSMOS 2294 (GLONASS),2025-09-17T03:16:04.008000
1154166944,2025-09-15 11:29:51.000000,Y,2091,,PAYLOAD,LARGE,PAYLOAD,LARGE,5.00,23205,COSMOS 2288 (GLONASS),5.00,23398,COSMOS 2294 (GLONASS),2025-09-18T01:47:32.105000
1154166866,2025-09-15 11:29:50.000000,Y,1409,,ROCKET BODY,LARGE,ROCKET BODY,LARGE,3.00,22061,SL-12 R/B(2),3.00,21011,SL-12 R/B(2),2025-09-17T19:01:02.407000
1154166778,2025-09-15 11:29:49.000000,Y,1409,,ROCKET BODY,LARGE,ROCKET BODY,LARGE,3.00,21011,SL-12 R/B(2),3.00,22061,SL-12 R/B(2),2025-09-17T19:01:02.407000
1154166648,2025-09-15 11:29:48.000000,Y,4659,,ROCKET BODY,LARGE,ROCKET BODY,LARGE,3.00,19550,IUS R/B(2),3.00,11567,SL-12 R/B(2),2025-09-17T23:35:53.355000
1154166699,2025-09-15 11:29:48.000000,Y,1071,,PAYLOAD,LARGE,DEBRIS,,5.00,20263,GORIZONT 19,1.00,62001,INTELSAT 33E DEB,2025-09-17T02:56:05.175000
1154166538,2025-09-15 11:29:47.000000,Y,4366,,PAYLOAD,MEDIUM,PAYLOAD,LARGE,5.00,16397,COSMOS 1711 (GLONASS),5.00,23204,COSMOS 2289 (GLONASS),2025-09-16T04:14:58.525000
1154166539,2025-09-15 11:29:47.000000,Y,3067,,PAYLOAD,MEDIUM,PAYLOAD,LARGE,5.00,16397,COSMOS 1711 (GLONASS),5.00,23204,COSMOS 2289 (GLONASS),2025-09-16T15:30:42.683000
1154166540,2025-09-15 11:29:47.000000,Y,3032,,PAYLOAD,MEDIUM,PAYLOAD,LARGE,5.00,16397,COSMOS 1711 (GLONASS),5.00,23204,COSMOS 2289 (GLONASS),2025-09-17T02:46:26.853000
1154166541,2025-09-15 11:29:47.000000,Y,4373,,PAYLOAD,MEDIUM,PAYLOAD,LARGE,5.00,16397,COSMOS 1711 (GLONASS),5.00,23204,COSMOS 2289 (GLONASS),2025-09-17T14:02:11.045000
1154166262,2025-09-15 11:29:44.000000,Y,4659,,ROCKET BODY,LARGE,ROCKET BODY,LARGE,3.00,11567,SL-12 R/B(2),3.00,19550,IUS R/B(2),2025-09-17T23:35:53.355000
1154090134,2025-09-15 07:03:41.000000,Y,130,0.0002407183,DEBRIS,SMALL,DEBRIS,SMALL,1.00,64654,CZ-6A DEB,1.00,29793,FENGYUN 1C DEB,2025-09-16T00:35:03.642000
1154100354,2025-09-15 06:39:58.000000,Y,765,0.0001584235,DEBRIS,SMALL,UNKNOWN,SMALL,1.00,42149,COSMOS 1275 DEB,3.00,87681,UNKNOWN,2025-09-17T18:10:11.119000
1154096872,2025-09-15 06:38:12.000000,Y,252,0.0002339546,ROCKET BODY,LARGE,UNKNOWN,,3.00,40287,CZ-2C R/B,3.00,82432,UNKNOWN,2025-09-15T18:21:18.390000
1154006626,2025-09-15 06:37:52.000000,Y,532,0.0002351079,DEBRIS,SMALL,PAYLOAD,LARGE,1.00,39919,PEGASUS DEB,5.00,25394,RESURS O1-N4,2025-09-16T20:44:34.184000
1154006426,2025-09-15 06:37:46.000000,Y,742,0.0002185991,DEBRIS,SMALL,UNKNOWN,MEDIUM,1.00,39708,SL-16 DEB,5.00,64090,OBJECT D,2025-09-16T20:44:27.303000
1154004194,2025-09-15 06:36:44.000000,Y,472,0.0001088208,DEBRIS,SMALL,UNKNOWN,SMALL,1.00,38433,OPS 4682 DEB,3.00,81599,UNKNOWN,2025-09-15T20:23:10.414000
1154144022,2025-09-15 06:32:29.000000,Y,764,0.0001123542,DEBRIS,SMALL,PAYLOAD,LARGE,1.00,31944,FENGYUN 1C DEB,5.00,7490,METEOR 1-19,2025-09-15T10:20:52.068000
1154139992,2025-09-15 06:31:18.000000,Y,267,0.0001918412,DEBRIS,SMALL,DEBRIS,SMALL,1.00,30293,FENGYUN 1C DEB,1.00,56673,CZ-6A DEB,2025-09-15T23:31:32.319000
1154138962,2025-09-15 06:31:02.000000,Y,130,0.0002407183,DEBRIS,SMALL,DEBRIS,SMALL,1.00,29793,FENGYUN 1C DEB,1.00,64654,CZ-6A DEB,2025-09-16T00:35:03.642000
1154137517,2025-09-15 06:30:40.000000,Y,380,0.0002321807,ROCKET BODY,LARGE,DEBRIS,SMALL,3.00,27870,SL-8 R/B,1.00,3812,DELTA 1 DEB,2025-09-17T10:50:16.674000
1154136655,2025-09-15 06:30:27.000000,Y,279,0.0008600646,DEBRIS,,PAYLOAD,MEDIUM,1.00,26506,COSMOS 1249 COOLANT,5.00,2121,OV1-4,2025-09-17T06:28:28.706000
1154016027,2025-09-15 06:30:08.000000,Y,532,0.0002351079,PAYLOAD,LARGE,DEBRIS,SMALL,5.00,25394,RESURS O1-N4,1.00,39919,PEGASUS DEB,2025-09-16T20:44:34.184000
1154014884,2025-09-15 06:29:46.000000,Y,884,0.0004838522,PAYLOAD,LARGE,UNKNOWN,SMALL,5.00,22675,COSMOS 2251,3.00,82250,UNKNOWN,2025-09-15T22:42:21.245000
1154014718,2025-09-15 06:29:43.000000,Y,364,0.0003690777,DEBRIS,SMALL,PAYLOAD,LARGE,1.00,22415,SL-16 DEB,5.00,4598,COSMOS 375,2025-09-16T05:08:01.568000
1154009921,2025-09-15 06:28:06.000000,Y,65,0.0014638,PAYLOAD,LARGE,DEBRIS,,5.00,9481,METEOR 1-26,1.00,47007,FENGYUN 1C DEB,2025-09-16T22:26:37.061000
1154009563,2025-09-15 06:28:00.000000,Y,703,0.0004520863,ROCKET BODY,LARGE,DEBRIS,SMALL,3.00,7434,SL-8 R/B,1.00,48705,NOAA 17 DEB,2025-09-16T22:40:47.111000
1154009567,2025-09-15 06:28:00.000000,Y,764,0.0001123542,PAYLOAD,LARGE,DEBRIS,SMALL,5.00,7490,METEOR 1-19,1.00,31944,FENGYUN 1C DEB,2025-09-15T10:20:52.068000
1154008550,2025-09-15 06:27:45.000000,Y,364,0.0003690777,PAYLOAD,LARGE,DEBRIS,SMALL,5.00,4598,COSMOS 375,1.00,22415,SL-16 DEB,2025-09-16T05:08:01.568000
1154008104,2025-09-15 06:27:39.000000,Y,380,0.0002321807,DEBRIS,SMALL,ROCKET BODY,LARGE,1.00,3812,DELTA 1 DEB,3.00,27870,SL-8 R/B,2025-09-17T10:50:16.674000
1154007703,2025-09-15 06:27:32.000000,Y,279,0.0008600646,PAYLOAD,MEDIUM,DEBRIS,,5.00,2121,OV1-4,1.00,26506,COSMOS 1249 COOLANT,2025-09-17T06:28:28.706000
1153902207,2025-09-15 05:07:09.000000,Y,1273,,DEBRIS,,PAYLOAD,LARGE,1.00,62001,INTELSAT 33E DEB,5.00,20263,GORIZONT 19,2025-09-17T02:56:05.206000
1153879828,2025-09-15 05:06:38.000000,Y,409,,DEBRIS,MEDIUM,DEBRIS,MEDIUM,1.00,40785,ARIANE 2 DEB,1.00,33535,ARIANE 2 DEB,2025-09-15T17:07:17.671000
1153879830,2025-09-15 05:06:38.000000,Y,425,,DEBRIS,MEDIUM,DEBRIS,MEDIUM,1.00,40785,ARIANE 2 DEB,1.00,33535,ARIANE 2 DEB,2025-09-16T03:00:37.425000
1153879832,2025-09-15 05:06:38.000000,Y,441,,DEBRIS,MEDIUM,DEBRIS,MEDIUM,1.00,40785,ARIANE 2 DEB,1.00,33535,ARIANE 2 DEB,2025-09-16T12:53:54.732000
1153879834,2025-09-15 05:06:38.000000,Y,457,,DEBRIS,MEDIUM,DEBRIS,MEDIUM,1.00,40785,ARIANE 2 DEB,1.00,33535,ARIANE 2 DEB,2025-09-16T22:47:08.347000
1153879838,2025-09-15 05:06:38.000000,Y,492,,DEBRIS,MEDIUM,DEBRIS,MEDIUM,1.00,40785,ARIANE 2 DEB,1.00,33535,ARIANE 2 DEB,2025-09-17T18:33:18.921000
1153879840,2025-09-15 05:06:38.000000,Y,511,,DEBRIS,MEDIUM,DEBRIS,MEDIUM,1.00,40785,ARIANE 2 DEB,1.00,33535,ARIANE 2 DEB,2025-09-18T04:26:07.599000
1153879836,2025-09-15 05:06:37.000000,Y,474,,DEBRIS,MEDIUM,DEBRIS,MEDIUM,1.00,40785,ARIANE 2 DEB,1.00,33535,ARIANE 2 DEB,2025-09-17T08:40:16.556000
1153879826,2025-09-15 05:06:36.000000,Y,393,,DEBRIS,MEDIUM,DEBRIS,MEDIUM,1.00,40785,ARIANE 2 DEB,1.00,33535,ARIANE 2 DEB,2025-09-15T07:13:55.648000
1153878544,2025-09-15 05:06:08.000000,Y,393,,DEBRIS,MEDIUM,DEBRIS,MEDIUM,1.00,33535,ARIANE 2 DEB,1.00,40785,ARIANE 2 DEB,2025-09-15T07:13:55.648000
1153878548,2025-09-15 05:06:08.000000,Y,425,,DEBRIS,MEDIUM,DEBRIS,MEDIUM,1.00,33535,ARIANE 2 DEB,1.00,40785,ARIANE 2 DEB,2025-09-16T03:00:37.425000
1153878550,2025-09-15 05:06:08.000000,Y,441,,DEBRIS,MEDIUM,DEBRIS,MEDIUM,1.00,33535,ARIANE 2 DEB,1.00,40785,ARIANE 2 DEB,2025-09-16T12:53:54.732000
1153878554,2025-09-15 05:06:08.000000,Y,474,,DEBRIS,MEDIUM,DEBRIS,MEDIUM,1.00,33535,ARIANE 2 DEB,1.00,40785,ARIANE 2 DEB,2025-09-17T08:40:16.556000
1153878556,2025-09-15 05:06:08.000000,Y,492,,DEBRIS,MEDIUM,DEBRIS,MEDIUM,1.00,33535,ARIANE 2 DEB,1.00,40785,ARIANE 2 DEB,2025-09-17T18:33:18.921000
1153878558,2025-09-15 05:06:08.000000,Y,511,,DEBRIS,MEDIUM,DEBRIS,MEDIUM,1.00,33535,ARIANE 2 DEB,1.00,40785,ARIANE 2 DEB,2025-09-18T04:26:07.599000
1153878552,2025-09-15 05:06:07.000000,Y,457,,DEBRIS,MEDIUM,DEBRIS,MEDIUM,1.00,33535,ARIANE 2 DEB,1.00,40785,ARIANE 2 DEB,2025-09-16T22:47:08.347000
1153878546,2025-09-15 05:06:06.000000,Y,409,,DEBRIS,MEDIUM,DEBRIS,MEDIUM,1.00,33535,ARIANE 2 DEB,1.00,40785,ARIANE 2 DEB,2025-09-15T17:07:17.671000
1153876868,2025-09-15 05:05:18.000000,Y,3565,,PAYLOAD,LARGE,PAYLOAD,LARGE,5.00,23398,COSMOS 2294 (GLONASS),5.00,23205,COSMOS 2288 (GLONASS),2025-09-16T16:00:19.905000
1153876871,2025-09-15 05:05:18.000000,Y,2094,,PAYLOAD,LARGE,PAYLOAD,LARGE,5.00,23398,COSMOS 2294 (GLONASS),5.00,23205,COSMOS 2288 (GLONASS),2025-09-18T01:47:32.092000
1153876870,2025-09-15 05:05:17.000000,Y,2411,,PAYLOAD,LARGE,PAYLOAD,LARGE,5.00,23398,COSMOS 2294 (GLONASS),5.00,23205,COSMOS 2288 (GLONASS),2025-09-17T14:31:48.052000
1153876867,2025-09-15 05:05:16.000000,Y,4303,,PAYLOAD,LARGE,PAYLOAD,LARGE,5.00,23398,COSMOS 2294 (GLONASS),5.00,23205,COSMOS 2288 (GLONASS),2025-09-16T04:44:35.805000
1153876869,2025-09-15 05:05:16.000000,Y,2944,,PAYLOAD,LARGE,PAYLOAD,LARGE,5.00,23398,COSMOS 2294 (GLONASS),5.00,23205,COSMOS 2288 (GLONASS),2025-09-17T03:16:03.996000
1153876663,2025-09-15 05:05:12.000000,Y,3067,,PAYLOAD,LARGE,PAYLOAD,MEDIUM,5.00,23204,COSMOS 2289 (GLONASS),5.00,16397,COSMOS 1711 (GLONASS),2025-09-16T15:30:42.683000
1153876665,2025-09-15 05:05:12.000000,Y,4373,,PAYLOAD,LARGE,PAYLOAD,MEDIUM,5.00,23204,COSMOS 2289 (GLONASS),5.00,16397,COSMOS 1711 (GLONASS),2025-09-17T14:02:11.044000
1153876672,2025-09-15 05:05:12.000000,Y,4303,,PAYLOAD,LARGE,PAYLOAD,LARGE,5.00,23205,COSMOS 2288 (GLONASS),5.00,23398,COSMOS 2294 (GLONASS),2025-09-16T04:44:35.805000
1153876673,2025-09-15 05:05:12.000000,Y,3565,,PAYLOAD,LARGE,PAYLOAD,LARGE,5.00,23205,COSMOS 2288 (GLONASS),5.00,23398,COSMOS 2294 (GLONASS),2025-09-16T16:00:19.905000
1153876674,2025-09-15 05:05:12.000000,Y,2944,,PAYLOAD,LARGE,PAYLOAD,LARGE,5.00,23205,COSMOS 2288 (GLONASS),5.00,23398,COSMOS 2294 (GLONASS),2025-09-17T03:16:03.996000
1153876676,2025-09-15 05:05:12.000000,Y,2094,,PAYLOAD,LARGE,PAYLOAD,LARGE,5.00,23205,COSMOS 2288 (GLONASS),5.00,23398,COSMOS 2294 (GLONASS),2025-09-18T01:47:32.092000
1153876664,2025-09-15 05:05:11.000000,Y,3032,,PAYLOAD,LARGE,PAYLOAD,MEDIUM,5.00,23204,COSMOS 2289 (GLONASS),5.00,16397,COSMOS 1711 (GLONASS),2025-09-17T02:46:26.853000
1153876675,2025-09-15 05:05:10.000000,Y,2411,,PAYLOAD,LARGE,PAYLOAD,LARGE,5.00,23205,COSMOS 2288 (GLONASS),5.00,23398,COSMOS 2294 (GLONASS),2025-09-17T14:31:48.052000
1153876662,2025-09-15 05:05:09.000000,Y,4366,,PAYLOAD,LARGE,PAYLOAD,MEDIUM,5.00,23204,COSMOS 2289 (GLONASS),5.00,16397,COSMOS 1711 (GLONASS),2025-09-16T04:14:58.526000
1153876589,2025-09-15 05:05:08.000000,Y,1409,,ROCKET BODY,LARGE,ROCKET BODY,LARGE,3.00,22061,SL-12 R/B(2),3.00,21011,SL-12 R/B(2),2025-09-17T19:01:02.408000
1153876483,2025-09-15 05:05:05.000000,Y,1409,,ROCKET BODY,LARGE,ROCKET BODY,LARGE,3.00,21011,SL-12 R/B(2),3.00,22061,SL-12 R/B(2),2025-09-17T19:01:02.408000
1153876384,2025-09-15 05:05:00.000000,Y,1273,,PAYLOAD,LARGE,DEBRIS,,5.00,20263,GORIZONT 19,1.00,62001,INTELSAT 33E DEB,2025-09-17T02:56:05.206000
1153876324,2025-09-15 05:04:59.000000,Y,4653,,ROCKET BODY,LARGE,ROCKET BODY,LARGE,3.00,19550,IUS R/B(2),3.00,11567,SL-12 R/B(2),2025-09-17T23:35:53.367000
1153876186,2025-09-15 05:04:56.000000,Y,3032,,PAYLOAD,MEDIUM,PAYLOAD,LARGE,5.00,16397,COSMOS 1711 (GLONASS),5.00,23204,COSMOS 2289 (GLONASS),2025-09-17T02:46:26.853000
1153876187,2025-09-15 05:04:56.000000,Y,4373,,PAYLOAD,MEDIUM,PAYLOAD,LARGE,5.00,16397,COSMOS 1711 (GLONASS),5.00,23204,COSMOS 2289 (GLONASS),2025-09-17T14:02:11.044000
1153876184,2025-09-15 05:04:54.000000,Y,4366,,PAYLOAD,MEDIUM,PAYLOAD,LARGE,5.00,16397,COSMOS 1711 (GLONASS),5.00,23204,COSMOS 2289 (GLONASS),2025-09-16T04:14:58.526000
1153876185,2025-09-15 05:04:54.000000,Y,3067,,PAYLOAD,MEDIUM,PAYLOAD,LARGE,5.00,16397,COSMOS 1711 (GLONASS),5.00,23204,COSMOS 2289 (GLONASS),2025-09-16T15:30:42.683000
1153875848,2025-09-15 05:04:42.000000,Y,4653,,ROCKET BODY,LARGE,ROCKET BODY,LARGE,3.00,11567,SL-12 R/B(2),3.00,19550,IUS R/B(2),2025-09-17T23:35:53.367000
1153688921,2025-09-15 00:23:12.000000,Y,130,0.0002398283,DEBRIS,SMALL,DEBRIS,SMALL,1.00,64654,CZ-6A DEB,1.00,29793,FENGYUN 1C DEB,2025-09-16T00:35:03.642000
1153673919,2025-09-15 00:16:51.000000,Y,40,0.0001737382,DEBRIS,SMALL,UNKNOWN,SMALL,1.00,61101,CZ-6A DEB,1.00,270063,UNKNOWN,2025-09-16T21:24:00.427000
1153637731,2025-09-15 00:08:41.000000,Y,290,0.0001294216,DEBRIS,SMALL,DEBRIS,SMALL,1.00,54414,CZ-6A DEB,1.00,42233,COSMOS 1275 DEB,2025-09-17T11:35:34.436000
1153637555,2025-09-15 00:08:36.000000,Y,228,0.001246069,DEBRIS,SMALL,PAYLOAD,LARGE,1.00,54360,CZ-6A DEB,5.00,24841,IRIDIUM 16,2025-09-17T19:32:03.818000
1153726804,2025-09-15 00:02:40.000000,Y,266,0.0005100367,ROCKET BODY,LARGE,DEBRIS,MEDIUM,3.00,47347,ELECTRON KICK STAGE R/B,1.00,4135,THORAD AGENA D DEB,2025-09-17T09:21:18.603000
1153726480,2025-09-15 00:02:22.000000,Y,66,0.001449853,DEBRIS,,PAYLOAD,LARGE,1.00,47007,FENGYUN 1C DEB,5.00,9481,METEOR 1-26,2025-09-16T22:26:37.082000
1153717378,2025-09-14 23:58:33.000000,Y,290,0.0001255381,DEBRIS,SMALL,DEBRIS,SMALL,1.00,42233,COSMOS 1275 DEB,1.00,54414,CZ-6A DEB,2025-09-17T11:35:34.436000
1153717277,2025-09-14 23:58:31.000000,Y,765,0.000156531,DEBRIS,SMALL,UNKNOWN,SMALL,1.00,42149,COSMOS 1275 DEB,3.00,87681,UNKNOWN,2025-09-17T18:10:11.118000
1153713664,2025-09-14 23:57:29.000000,Y,185,0.0004769806,ROCKET BODY,LARGE,UNKNOWN,,3.00,40287,CZ-2C R/B,3.00,82432,UNKNOWN,2025-09-15T18:21:18.418000
1153712894,2025-09-14 23:57:14.000000,Y,282,0.0005757162,DEBRIS,SMALL,PAYLOAD,LARGE,1.00,39919,PEGASUS DEB,5.00,25394,RESURS O1-N4,2025-09-16T20:44:34.224000
1153710310,2025-09-14 23:56:24.000000,Y,472,0.0001105487,DEBRIS,SMALL,UNKNOWN,SMALL,1.00,38433,OPS 4682 DEB,3.00,81599,UNKNOWN,2025-09-15T20:23:10.414000
1153695230,2025-09-14 23:50:11.000000,Y,130,0.0002405436,DEBRIS,SMALL,DEBRIS,SMALL,1.00,29793,FENGYUN 1C DEB,1.00,64654,CZ-6A DEB,2025-09-16T00:35:03.642000
1153693663,2025-09-14 23:49:42.000000,Y,380,0.0002321809,ROCKET BODY,LARGE,DEBRIS,SMALL,3.00,27870,SL-8 R/B,1.00,3812,DELTA 1 DEB,2025-09-17T10:50:16.674000
1153693664,2025-09-14 23:49:42.000000,Y,631,0.0003999744,DEBRIS,SMALL,PAYLOAD,LARGE,1.00,27881,COSMOS 887 DEB,5.00,17239,COSMOS 1808,2025-09-17T09:22:56.245000
1153692846,2025-09-14 23:49:21.000000,Y,193,0.001028051,DEBRIS,,PAYLOAD,MEDIUM,1.00,26506,COSMOS 1249 COOLANT,5.00,2121,OV1-4,2025-09-17T06:28:28.724000
1153651732,2025-09-14 23:49:01.000000,Y,282,0.0006105657,PAYLOAD,LARGE,DEBRIS,SMALL,5.00,25394,RESURS O1-N4,1.00,39919,PEGASUS DEB,2025-09-16T20:44:34.224000
1153651328,2025-09-14 23:48:54.000000,Y,228,0.001246074,PAYLOAD,LARGE,DEBRIS,SMALL,5.00,24841,IRIDIUM 16,1.00,54360,CZ-6A DEB,2025-09-17T19:32:03.818000
1153649387,2025-09-14 23:48:00.000000,Y,755,0.0001055332,PAYLOAD,LARGE,DEBRIS,SMALL,5.00,20478,MOS 1B (MOMO 1B),1.00,21347,DELTA 1 DEB,2025-09-15T23:18:09.504000
1153648166,2025-09-14 23:47:28.000000,Y,634,0.0003908614,PAYLOAD,LARGE,DEBRIS,SMALL,5.00,17239,COSMOS 1808,1.00,27881,COSMOS 887 DEB,2025-09-17T09:22:56.245000
1153645260,2025-09-14 23:46:03.000000,Y,66,0.001458869,PAYLOAD,LARGE,DEBRIS,,5.00,9481,METEOR 1-26,1.00,47007,FENGYUN 1C DEB,2025-09-16T22:26:37.082000
1153642841,2025-09-14 23:45:13.000000,Y,193,0.00105045,PAYLOAD,MEDIUM,DEBRIS,,5.00,2121,OV1-4,1.00,26506,COSMOS 1249 COOLANT,2025-09-17T06:28:28.724000
1153568697,2025-09-14 20:52:39.000000,Y,1522,,DEBRIS,,PAYLOAD,LARGE,1.00,62001,INTELSAT 33E DEB,5.00,20263,GORIZONT 19,2025-09-17T02:56:05.249000
1153561304,2025-09-14 20:52:14.000000,Y,378,,DEBRIS,MEDIUM,DEBRIS,MEDIUM,1.00,40785,ARIANE 2 DEB,1.00,33535,ARIANE 2 DEB,2025-09-14T21:20:26.339000
1153561306,2025-09-14 20:52:14.000000,Y,394,,DEBRIS,MEDIUM,DEBRIS,MEDIUM,1.00,40785,ARIANE 2 DEB,1.00,33535,ARIANE 2 DEB,2025-09-15T07:13:49.803000
1153561308,2025-09-14 20:52:14.000000,Y,411,,DEBRIS,MEDIUM,DEBRIS,MEDIUM,1.00,40785,ARIANE 2 DEB,1.00,33535,ARIANE 2 DEB,2025-09-15T17:07:10.545000
1153561310,2025-09-14 20:52:14.000000,Y,427,,DEBRIS,MEDIUM,DEBRIS,MEDIUM,1.00,40785,ARIANE 2 DEB,1.00,33535,ARIANE 2 DEB,2025-09-16T03:00:29.794000
1153561312,2025-09-14 20:52:14.000000,Y,443,,DEBRIS,MEDIUM,DEBRIS,MEDIUM,1.00,40785,ARIANE 2 DEB,1.00,33535,ARIANE 2 DEB,2025-09-16T12:53:47.040000
1153561314,2025-09-14 20:52:14.000000,Y,459,,DEBRIS,MEDIUM,DEBRIS,MEDIUM,1.00,40785,ARIANE 2 DEB,1.00,33535,ARIANE 2 DEB,2025-09-16T22:47:01.102000
1153561316,2025-09-14 20:52:14.000000,Y,475,,DEBRIS,MEDIUM,DEBRIS,MEDIUM,1.00,40785,ARIANE 2 DEB,1.00,33535,ARIANE 2 DEB,2025-09-17T08:40:10.302000
1153561318,2025-09-14 20:52:14.000000,Y,493,,DEBRIS,MEDIUM,DEBRIS,MEDIUM,1.00,40785,ARIANE 2 DEB,1.00,33535,ARIANE 2 DEB,2025-09-17T18:33:13.535000
1153560434,2025-09-14 20:51:50.000000,Y,378,,DEBRIS,MEDIUM,DEBRIS,MEDIUM,1.00,33535,ARIANE 2 DEB,1.00,40785,ARIANE 2 DEB,2025-09-14T21:20:26.339000
1153560436,2025-09-14 20:51:50.000000,Y,394,,DEBRIS,MEDIUM,DEBRIS,MEDIUM,1.00,33535,ARIANE 2 DEB,1.00,40785,ARIANE 2 DEB,2025-09-15T07:13:49.803000
1153560442,2025-09-14 20:51:50.000000,Y,443,,DEBRIS,MEDIUM,DEBRIS,MEDIUM,1.00,33535,ARIANE 2 DEB,1.00,40785,ARIANE 2 DEB,2025-09-16T12:53:47.040000
1153560444,2025-09-14 20:51:50.000000,Y,459,,DEBRIS,MEDIUM,DEBRIS,MEDIUM,1.00,33535,ARIANE 2 DEB,1.00,40785,ARIANE 2 DEB,2025-09-16T22:47:01.102000
1153560446,2025-09-14 20:51:50.000000,Y,475,,DEBRIS,MEDIUM,DEBRIS,MEDIUM,1.00,33535,ARIANE 2 DEB,1.00,40785,ARIANE 2 DEB,2025-09-17T08:40:10.302000
1153560438,2025-09-14 20:51:49.000000,Y,411,,DEBRIS,MEDIUM,DEBRIS,MEDIUM,1.00,33535,ARIANE 2 DEB,1.00,40785,ARIANE 2 DEB,2025-09-15T17:07:10.545000
1153560440,2025-09-14 20:51:48.000000,Y,427,,DEBRIS,MEDIUM,DEBRIS,MEDIUM,1.00,33535,ARIANE 2 DEB,1.00,40785,ARIANE 2 DEB,2025-09-16T03:00:29.794000
1153560448,2025-09-14 20:51:47.000000,Y,493,,DEBRIS,MEDIUM,DEBRIS,MEDIUM,1.00,33535,ARIANE 2 DEB,1.00,40785,ARIANE 2 DEB,2025-09-17T18:33:13.535000
1153559351,2025-09-14 20:51:15.000000,Y,2140,,PAYLOAD,LARGE,ROCKET BODY,LARGE,5.00,25595,COSMOS 2362 (GLONASS),3.00,23625,SL-12 R/B(2),2025-09-14T20:39:21.130000
1153559160,2025-09-14 20:51:11.000000,Y,4303,,PAYLOAD,LARGE,PAYLOAD,LARGE,5.00,23398,COSMOS 2294 (GLONASS),5.00,23205,COSMOS 2288 (GLONASS),2025-09-16T04:44:35.805000
1153559163,2025-09-14 20:51:11.000000,Y,2411,,PAYLOAD,LARGE,PAYLOAD,LARGE,5.00,23398,COSMOS 2294 (GLONASS),5.00,23205,COSMOS 2288 (GLONASS),2025-09-17T14:31:48.053000
1153559196,2025-09-14 20:51:11.000000,Y,2140,,ROCKET BODY,LARGE,PAYLOAD,LARGE,3.00,23625,SL-12 R/B(2),5.00,25595,COSMOS 2362 (GLONASS),2025-09-14T20:39:21.130000
1153559161,2025-09-14 20:51:10.000000,Y,3565,,PAYLOAD,LARGE,PAYLOAD,LARGE,5.00,23398,COSMOS 2294 (GLONASS),5.00,23205,COSMOS 2288 (GLONASS),2025-09-16T16:00:19.905000
1153559162,2025-09-14 20:51:10.000000,Y,2944,,PAYLOAD,LARGE,PAYLOAD,LARGE,5.00,23398,COSMOS 2294 (GLONASS),5.00,23205,COSMOS 2288 (GLONASS),2025-09-17T03:16:03.996000
1153558992,2025-09-14 20:51:06.000000,Y,4373,,PAYLOAD,LARGE,PAYLOAD,MEDIUM,5.00,23204,COSMOS 2289 (GLONASS),5.00,16397,COSMOS 1711 (GLONASS),2025-09-17T14:02:11.044000
1153558999,2025-09-14 20:51:06.000000,Y,4303,,PAYLOAD,LARGE,PAYLOAD,LARGE,5.00,23205,COSMOS 2288 (GLONASS),5.00,23398,COSMOS 2294 (GLONASS),2025-09-16T04:44:35.805000
1153559000,2025-09-14 20:51:06.000000,Y,3565,,PAYLOAD,LARGE,PAYLOAD,LARGE,5.00,23205,COSMOS 2288 (GLONASS),5.00,23398,COSMOS 2294 (GLONASS),2025-09-16T16:00:19.905000
1153559001,2025-09-14 20:51:06.000000,Y,2944,,PAYLOAD,LARGE,PAYLOAD,LARGE,5.00,23205,COSMOS 2288 (GLONASS),5.00,23398,COSMOS 2294 (GLONASS),2025-09-17T03:16:03.996000
1153559002,2025-09-14 20:51:06.000000,Y,2411,,PAYLOAD,LARGE,PAYLOAD,LARGE,5.00,23205,COSMOS 2288 (GLONASS),5.00,23398,COSMOS 2294 (GLONASS),2025-09-17T14:31:48.053000
1153558934,2025-09-14 20:51:05.000000,Y,1694,,PAYLOAD,LARGE,PAYLOAD,LARGE,5.00,22112,COSMOS 2209,5.00,18443,COSMOS 1894,2025-09-15T03:59:37.938000
1153558989,2025-09-14 20:51:05.000000,Y,4366,,PAYLOAD,LARGE,PAYLOAD,MEDIUM,5.00,23204,COSMOS 2289 (GLONASS),5.00,16397,COSMOS 1711 (GLONASS),2025-09-16T04:14:58.525000
1153558990,2025-09-14 20:51:05.000000,Y,3067,,PAYLOAD,LARGE,PAYLOAD,MEDIUM,5.00,23204,COSMOS 2289 (GLONASS),5.00,16397,COSMOS 1711 (GLONASS),2025-09-16T15:30:42.683000
1153558991,2025-09-14 20:51:05.000000,Y,3032,,PAYLOAD,LARGE,PAYLOAD,MEDIUM,5.00,23204,COSMOS 2289 (GLONASS),5.00,16397,COSMOS 1711 (GLONASS),2025-09-17T02:46:26.853000
1153558932,2025-09-14 20:51:04.000000,Y,1409,,ROCKET BODY,LARGE,ROCKET BODY,LARGE,3.00,22061,SL-12 R/B(2),3.00,21011,SL-12 R/B(2),2025-09-17T19:01:02.407000
1153558844,2025-09-14 20:51:03.000000,Y,1409,,ROCKET BODY,LARGE,ROCKET BODY,LARGE,3.00,21011,SL-12 R/B(2),3.00,22061,SL-12 R/B(2),2025-09-17T19:01:02.407000
1153558759,2025-09-14 20:51:02.000000,Y,1522,,PAYLOAD,LARGE,DEBRIS,,5.00,20263,GORIZONT 19,1.00,62001,INTELSAT 33E DEB,2025-09-17T02:56:05.249000
1153558643,2025-09-14 20:50:59.000000,Y,1694,,PAYLOAD,LARGE,PAYLOAD,LARGE,5.00,18443,COSMOS 1894,5.00,22112,COSMOS 2209,2025-09-15T03:59:37.938000
1153558580,2025-09-14 20:50:58.000000,Y,3067,,PAYLOAD,MEDIUM,PAYLOAD,LARGE,5.00,16397,COSMOS 1711 (GLONASS),5.00,23204,COSMOS 2289 (GLONASS),2025-09-16T15:30:42.683000
1153558581,2025-09-14 20:50:58.000000,Y,3032,,PAYLOAD,MEDIUM,PAYLOAD,LARGE,5.00,16397,COSMOS 1711 (GLONASS),5.00,23204,COSMOS 2289 (GLONASS),2025-09-17T02:46:26.853000
1153558582,2025-09-14 20:50:58.000000,Y,4373,,PAYLOAD,MEDIUM,PAYLOAD,LARGE,5.00,16397,COSMOS 1711 (GLONASS),5.00,23204,COSMOS 2289 (GLONASS),2025-09-17T14:02:11.044000
1153558579,2025-09-14 20:50:57.000000,Y,4366,,PAYLOAD,MEDIUM,PAYLOAD,LARGE,5.00,16397,COSMOS 1711 (GLONASS),5.00,23204,COSMOS 2289 (GLONASS),2025-09-16T04:14:58.525000
1153172053,2025-09-14 13:10:23.000000,Y,140,0.000218306,DEBRIS,SMALL,DEBRIS,SMALL,1.00,64654,CZ-6A DEB,1.00,29793,FENGYUN 1C DEB,2025-09-16T00:35:03.668000
1153158709,2025-09-14 13:04:15.000000,Y,85,0.0006343524,DEBRIS,SMALL,UNKNOWN,SMALL,1.00,61488,CZ-6A DEB,3.00,270064,UNKNOWN,2025-09-14T14:23:08.500000
1153156972,2025-09-14 13:03:56.000000,Y,31,0.0001445421,DEBRIS,SMALL,UNKNOWN,SMALL,1.00,61101,CZ-6A DEB,1.00,270063,UNKNOWN,2025-09-16T21:24:00.435000
1153245057,2025-09-14 12:59:42.000000,Y,111,0.0001806941,DEBRIS,SMALL,DEBRIS,SMALL,1.00,56271,CZ-6A DEB,1.00,31955,FENGYUN 1C DEB,2025-09-15T11:55:49.201000
1153231518,2025-09-14 12:56:20.000000,Y,533,0.000510239,ROCKET BODY,LARGE,DEBRIS,MEDIUM,3.00,47347,ELECTRON KICK STAGE R/B,1.00,4135,THORAD AGENA D DEB,2025-09-17T09:21:18.713000
1153231236,2025-09-14 12:56:17.000000,Y,69,0.001423806,DEBRIS,,PAYLOAD,LARGE,1.00,47007,FENGYUN 1C DEB,5.00,9481,METEOR 1-26,2025-09-16T22:26:37.140000
1153189587,2025-09-14 12:53:52.000000,Y,218,0.0003164732,ROCKET BODY,LARGE,UNKNOWN,,3.00,40287,CZ-2C R/B,3.00,82432,UNKNOWN,2025-09-15T18:21:18.437000
1153218969,2025-09-14 12:53:52.000000,Y,218,0.0003164732,ROCKET BODY,LARGE,UNKNOWN,,3.00,40287,CZ-2C R/B,3.00,82432,UNKNOWN,2025-09-15T18:21:18.437000
1153187986,2025-09-14 12:49:49.000000,Y,472,0.0003863692,PAYLOAD,LARGE,DEBRIS,SMALL,5.00,25394,RESURS O1-N4,1.00,39919,PEGASUS DEB,2025-09-16T20:44:34.258000
1153186836,2025-09-14 12:49:36.000000,Y,726,0.0005899881,PAYLOAD,LARGE,UNKNOWN,SMALL,5.00,22675,COSMOS 2251,3.00,82250,UNKNOWN,2025-09-15T22:42:21.290000
1153184656,2025-09-14 12:49:10.000000,Y,782,0.000359595,PAYLOAD,LARGE,DEBRIS,SMALL,5.00,17239,COSMOS 1808,1.00,27881,COSMOS 887 DEB,2025-09-17T09:22:56.256000
1153182034,2025-09-14 12:48:40.000000,Y,277,0.0001184478,PAYLOAD,LARGE,DEBRIS,SMALL,5.00,10095,COSMOS 921,1.00,31999,ISIS 1 DEB,2025-09-14T23:55:51.134000
1153181860,2025-09-14 12:48:39.000000,Y,69,0.001423806,PAYLOAD,LARGE,DEBRIS,,5.00,9481,METEOR 1-26,1.00,47007,FENGYUN 1C DEB,2025-09-16T22:26:37.140000
1153181508,2025-09-14 12:48:34.000000,Y,688,0.0001193398,PAYLOAD,LARGE,DEBRIS,SMALL,5.00,7490,METEOR 1-19,1.00,31944,FENGYUN 1C DEB,2025-09-15T10:20:52.071000
1153180080,2025-09-14 12:48:18.000000,Y,533,0.000510239,DEBRIS,MEDIUM,ROCKET BODY,LARGE,1.00,4135,THORAD AGENA D DEB,3.00,47347,ELECTRON KICK STAGE R/B,2025-09-17T09:21:18.713000
1153179975,2025-09-14 12:48:17.000000,Y,381,0.0002861356,DEBRIS,SMALL,ROCKET BODY,LARGE,1.00,3812,DELTA 1 DEB,3.00,27870,SL-8 R/B,2025-09-17T10:50:16.701000
1153179538,2025-09-14 12:48:12.000000,Y,202,0.001023779,PAYLOAD,MEDIUM,DEBRIS,,5.00,2121,OV1-4,1.00,26506,COSMOS 1249 COOLANT,2025-09-17T06:28:28.728000
1153061202,2025-09-14 11:40:06.000000,Y,1587,,DEBRIS,,PAYLOAD,LARGE,1.00,62001,INTELSAT 33E DEB,5.00,20263,GORIZONT 19,2025-09-17T02:56:05.295000
1153051773,2025-09-14 11:39:48.000000,Y,484,,DEBRIS,MEDIUM,DEBRIS,MEDIUM,1.00,40785,ARIANE 2 DEB,1.00,33535,ARIANE 2 DEB,2025-09-16T22:45:02.191000
1153051771,2025-09-14 11:39:47.000000,Y,463,,DEBRIS,MEDIUM,DEBRIS,MEDIUM,1.00,40785,ARIANE 2 DEB,1.00,33535,ARIANE 2 DEB,2025-09-16T12:52:11.488000
1153051761,2025-09-14 11:39:45.000000,Y,364,,DEBRIS,MEDIUM,DEBRIS,MEDIUM,1.00,40785,ARIANE 2 DEB,1.00,33535,ARIANE 2 DEB,2025-09-14T11:26:50.799000
1153051763,2025-09-14 11:39:45.000000,Y,381,,DEBRIS,MEDIUM,DEBRIS,MEDIUM,1.00,40785,ARIANE 2 DEB,1.00,33535,ARIANE 2 DEB,2025-09-14T21:20:15.291000
1153051765,2025-09-14 11:39:45.000000,Y,401,,DEBRIS,MEDIUM,DEBRIS,MEDIUM,1.00,40785,ARIANE 2 DEB,1.00,33535,ARIANE 2 DEB,2025-09-15T07:13:21.078000
1153051767,2025-09-14 11:39:45.000000,Y,422,,DEBRIS,MEDIUM,DEBRIS,MEDIUM,1.00,40785,ARIANE 2 DEB,1.00,33535,ARIANE 2 DEB,2025-09-15T17:06:20.131000
1153051769,2025-09-14 11:39:45.000000,Y,443,,DEBRIS,MEDIUM,DEBRIS,MEDIUM,1.00,40785,ARIANE 2 DEB,1.00,33535,ARIANE 2 DEB,2025-09-16T02:59:17.221000
1153051775,2025-09-14 11:39:45.000000,Y,504,,DEBRIS,MEDIUM,DEBRIS,MEDIUM,1.00,40785,ARIANE 2 DEB,1.00,33535,ARIANE 2 DEB,2025-09-17T08:37:47.629000
1153050752,2025-09-14 11:39:23.000000,Y,443,,DEBRIS,MEDIUM,DEBRIS,MEDIUM,1.00,33535,ARIANE 2 DEB,1.00,40785,ARIANE 2 DEB,2025-09-16T02:59:17.221000
1153050758,2025-09-14 11:39:23.000000,Y,504,,DEBRIS,MEDIUM,DEBRIS,MEDIUM,1.00,33535,ARIANE 2 DEB,1.00,40785,ARIANE 2 DEB,2025-09-17T08:37:47.629000
1153050744,2025-09-14 11:39:22.000000,Y,364,,DEBRIS,MEDIUM,DEBRIS,MEDIUM,1.00,33535,ARIANE 2 DEB,1.00,40785,ARIANE 2 DEB,2025-09-14T11:26:50.799000
1153050746,2025-09-14 11:39:22.000000,Y,381,,DEBRIS,MEDIUM,DEBRIS,MEDIUM,1.00,33535,ARIANE 2 DEB,1.00,40785,ARIANE 2 DEB,2025-09-14T21:20:15.291000
1153050750,2025-09-14 11:39:22.000000,Y,422,,DEBRIS,MEDIUM,DEBRIS,MEDIUM,1.00,33535,ARIANE 2 DEB,1.00,40785,ARIANE 2 DEB,2025-09-15T17:06:20.131000
1153050754,2025-09-14 11:39:22.000000,Y,463,,DEBRIS,MEDIUM,DEBRIS,MEDIUM,1.00,33535,ARIANE 2 DEB,1.00,40785,ARIANE 2 DEB,2025-09-16T12:52:11.488000
1153050756,2025-09-14 11:39:22.000000,Y,484,,DEBRIS,MEDIUM,DEBRIS,MEDIUM,1.00,33535,ARIANE 2 DEB,1.00,40785,ARIANE 2 DEB,2025-09-16T22:45:02.191000
1153050748,2025-09-14 11:39:21.000000,Y,401,,DEBRIS,MEDIUM,DEBRIS,MEDIUM,1.00,33535,ARIANE 2 DEB,1.00,40785,ARIANE 2 DEB,2025-09-15T07:13:21.078000
1153049457,2025-09-14 11:38:54.000000,Y,2136,,PAYLOAD,LARGE,ROCKET BODY,LARGE,5.00,25595,COSMOS 2362 (GLONASS),3.00,23625,SL-12 R/B(2),2025-09-14T20:39:21.129000
1153049282,2025-09-14 11:38:51.000000,Y,2136,,ROCKET BODY,LARGE,PAYLOAD,LARGE,3.00,23625,SL-12 R/B(2),5.00,25595,COSMOS 2362 (GLONASS),2025-09-14T20:39:21.129000
1153049238,2025-09-14 11:38:48.000000,Y,4303,,PAYLOAD,LARGE,PAYLOAD,LARGE,5.00,23398,COSMOS 2294 (GLONASS),5.00,23205,COSMOS 2288 (GLONASS),2025-09-16T04:44:35.805000
1153049239,2025-09-14 11:38:48.000000,Y,3565,,PAYLOAD,LARGE,PAYLOAD,LARGE,5.00,23398,COSMOS 2294 (GLONASS),5.00,23205,COSMOS 2288 (GLONASS),2025-09-16T16:00:19.905000
1153049240,2025-09-14 11:38:48.000000,Y,2944,,PAYLOAD,LARGE,PAYLOAD,LARGE,5.00,23398,COSMOS 2294 (GLONASS),5.00,23205,COSMOS 2288 (GLONASS),2025-09-17T03:16:03.996000
1153048992,2025-09-14 11:38:44.000000,Y,1694,,PAYLOAD,LARGE,PAYLOAD,LARGE,5.00,22112,COSMOS 2209,5.00,18443,COSMOS 1894,2025-09-15T03:59:37.938000
1153049047,2025-09-14 11:38:44.000000,Y,4366,,PAYLOAD,LARGE,PAYLOAD,MEDIUM,5.00,23204,COSMOS 2289 (GLONASS),5.00,16397,COSMOS 1711 (GLONASS),2025-09-16T04:14:58.526000
1153049048,2025-09-14 11:38:44.000000,Y,3067,,PAYLOAD,LARGE,PAYLOAD,MEDIUM,5.00,23204,COSMOS 2289 (GLONASS),5.00,16397,COSMOS 1711 (GLONASS),2025-09-16T15:30:42.683000
1153049049,2025-09-14 11:38:44.000000,Y,3032,,PAYLOAD,LARGE,PAYLOAD,MEDIUM,5.00,23204,COSMOS 2289 (GLONASS),5.00,16397,COSMOS 1711 (GLONASS),2025-09-17T02:46:26.853000
1153049058,2025-09-14 11:38:44.000000,Y,4303,,PAYLOAD,LARGE,PAYLOAD,LARGE,5.00,23205,COSMOS 2288 (GLONASS),5.00,23398,COSMOS 2294 (GLONASS),2025-09-16T04:44:35.805000
1153049059,2025-09-14 11:38:44.000000,Y,3565,,PAYLOAD,LARGE,PAYLOAD,LARGE,5.00,23205,COSMOS 2288 (GLONASS),5.00,23398,COSMOS 2294 (GLONASS),2025-09-16T16:00:19.905000
1153049060,2025-09-14 11:38:44.000000,Y,2944,,PAYLOAD,LARGE,PAYLOAD,LARGE,5.00,23205,COSMOS 2288 (GLONASS),5.00,23398,COSMOS 2294 (GLONASS),2025-09-17T03:16:03.996000
1153048788,2025-09-14 11:38:37.000000,Y,1587,,PAYLOAD,LARGE,DEBRIS,,5.00,20263,GORIZONT 19,1.00,62001,INTELSAT 33E DEB,2025-09-17T02:56:05.295000
1153048653,2025-09-14 11:38:34.000000,Y,1694,,PAYLOAD,LARGE,PAYLOAD,LARGE,5.00,18443,COSMOS 1894,5.00,22112,COSMOS 2209,2025-09-15T03:59:37.938000
1153048595,2025-09-14 11:38:33.000000,Y,4366,,PAYLOAD,MEDIUM,PAYLOAD,LARGE,5.00,16397,COSMOS 1711 (GLONASS),5.00,23204,COSMOS 2289 (GLONASS),2025-09-16T04:14:58.526000
1153048597,2025-09-14 11:38:33.000000,Y,3032,,PAYLOAD,MEDIUM,PAYLOAD,LARGE,5.00,16397,COSMOS 1711 (GLONASS),5.00,23204,COSMOS 2289 (GLONASS),2025-09-17T02:46:26.853000
1153048596,2025-09-14 11:38:32.000000,Y,3067,,PAYLOAD,MEDIUM,PAYLOAD,LARGE,5.00,16397,COSMOS 1711 (GLONASS),5.00,23204,COSMOS 2289 (GLONASS),2025-09-16T15:30:42.683000
1152931414,2025-09-14 07:13:46.000000,Y,52,0.0002244088,DEBRIS,SMALL,DEBRIS,SMALL,1.00,61818,CZ-6A DEB,1.00,33906,COSMOS 2251 DEB,2025-09-14T09:47:48.943000
1152929826,2025-09-14 07:13:28.000000,Y,85,0.0006343525,DEBRIS,SMALL,UNKNOWN,SMALL,1.00,61488,CZ-6A DEB,3.00,270064,UNKNOWN,2025-09-14T14:23:08.500000
1152993224,2025-09-14 07:13:09.000000,Y,31,0.000144542,DEBRIS,SMALL,UNKNOWN,SMALL,1.00,61101,CZ-6A DEB,1.00,270063,UNKNOWN,2025-09-16T21:24:00.436000
1152972164,2025-09-14 07:09:18.000000,Y,111,0.0001806938,DEBRIS,SMALL,DEBRIS,SMALL,1.00,56271,CZ-6A DEB,1.00,31955,FENGYUN 1C DEB,2025-09-15T11:55:49.201000
1152958209,2025-09-14 07:06:41.000000,Y,68,0.001428172,DEBRIS,,PAYLOAD,LARGE,1.00,47007,FENGYUN 1C DEB,5.00,9481,METEOR 1-26,2025-09-16T22:26:37.141000
1152899319,2025-09-14 07:04:23.000000,Y,210,0.0003334427,ROCKET BODY,LARGE,UNKNOWN,,3.00,40287,CZ-2C R/B,3.00,82432,UNKNOWN,2025-09-15T18:21:18.438000
1152898579,2025-09-14 07:04:14.000000,Y,472,0.0003863723,DEBRIS,SMALL,PAYLOAD,LARGE,1.00,39919,PEGASUS DEB,5.00,25394,RESURS O1-N4,2025-09-16T20:44:34.258000
1153017507,2025-09-14 07:03:00.000000,Y,163,0.0002765072,DEBRIS,SMALL,DEBRIS,SMALL,1.00,35480,IRIDIUM 33 DEB,1.00,32150,FENGYUN 1C DEB,2025-09-15T14:13:40.888000
1153014715,2025-09-14 07:02:29.000000,Y,52,0.0002244088,DEBRIS,SMALL,DEBRIS,SMALL,1.00,33906,COSMOS 2251 DEB,1.00,61818,CZ-6A DEB,2025-09-14T09:47:48.943000
1153012794,2025-09-14 07:02:08.000000,Y,163,0.0002765072,DEBRIS,SMALL,DEBRIS,SMALL,1.00,32150,FENGYUN 1C DEB,1.00,35480,IRIDIUM 33 DEB,2025-09-15T14:13:40.888000
1153012584,2025-09-14 07:02:06.000000,Y,677,0.0001480883,DEBRIS,SMALL,PAYLOAD,LARGE,1.00,31944,FENGYUN 1C DEB,5.00,7490,METEOR 1-19,2025-09-15T10:20:52.071000
1153012606,2025-09-14 07:02:06.000000,Y,111,0.0001806938,DEBRIS,SMALL,DEBRIS,SMALL,1.00,31955,FENGYUN 1C DEB,1.00,56271,CZ-6A DEB,2025-09-15T11:55:49.201000
1153011510,2025-09-14 07:01:54.000000,Y,62,0.0001236595,DEBRIS,SMALL,DEBRIS,SMALL,1.00,31519,FENGYUN 1C DEB,1.00,31260,FENGYUN 1C DEB,2025-09-15T13:22:14.183000
1153010843,2025-09-14 07:01:48.000000,Y,62,0.0001236595,DEBRIS,SMALL,DEBRIS,SMALL,1.00,31260,FENGYUN 1C DEB,1.00,31519,FENGYUN 1C DEB,2025-09-15T13:22:14.183000
1153004867,2025-09-14 07:00:41.000000,Y,22,0.001104238,DEBRIS,,PAYLOAD,MEDIUM,1.00,26506,COSMOS 1249 COOLANT,5.00,2121,OV1-4,2025-09-17T06:28:28.697000
1152917380,2025-09-14 07:00:29.000000,Y,472,0.0003863723,PAYLOAD,LARGE,DEBRIS,SMALL,5.00,25394,RESURS O1-N4,1.00,39919,PEGASUS DEB,2025-09-16T20:44:34.258000
1152916248,2025-09-14 07:00:17.000000,Y,741,0.0005947081,PAYLOAD,LARGE,UNKNOWN,SMALL,5.00,22675,COSMOS 2251,3.00,82250,UNKNOWN,2025-09-15T22:42:21.291000
1152911330,2025-09-14 06:59:18.000000,Y,273,0.0001205713,PAYLOAD,LARGE,DEBRIS,SMALL,5.00,10095,COSMOS 921,1.00,31999,ISIS 1 DEB,2025-09-14T23:55:51.137000
1152911158,2025-09-14 06:59:16.000000,Y,69,0.001426371,PAYLOAD,LARGE,DEBRIS,,5.00,9481,METEOR 1-26,1.00,47007,FENGYUN 1C DEB,2025-09-16T22:26:37.144000
1152910806,2025-09-14 06:59:12.000000,Y,677,0.0001480883,PAYLOAD,LARGE,DEBRIS,SMALL,5.00,7490,METEOR 1-19,1.00,31944,FENGYUN 1C DEB,2025-09-15T10:20:52.071000
1152908790,2025-09-14 06:58:50.000000,Y,22,0.001104238,PAYLOAD,MEDIUM,DEBRIS,,5.00,2121,OV1-4,1.00,26506,COSMOS 1249 COOLANT,2025-09-17T06:28:28.697000
1152541992,2025-09-13 23:37:25.000000,Y,336,0.0002061268,DEBRIS,SMALL,ROCKET BODY,LARGE,1.00,41298,NOAA 16 DEB,3.00,23432,SL-8 R/B,2025-09-15T07:41:50.626000
1152539657,2025-09-13 23:36:46.000000,Y,191,0.0003148261,ROCKET BODY,LARGE,UNKNOWN,,3.00,40287,CZ-2C R/B,3.00,82432,UNKNOWN,2025-09-15T18:21:18.421000
1152538859,2025-09-13 23:36:32.000000,Y,258,0.0004255053,DEBRIS,SMALL,PAYLOAD,LARGE,1.00,39919,PEGASUS DEB,5.00,25394,RESURS O1-N4,2025-09-16T20:44:34.216000
1152531319,2025-09-13 23:33:37.000000,Y,203,0.0002340238,DEBRIS,SMALL,DEBRIS,SMALL,1.00,35480,IRIDIUM 33 DEB,1.00,32150,FENGYUN 1C DEB,2025-09-15T14:13:40.878000
1152528321,2025-09-13 23:31:52.000000,Y,59,0.0001815653,DEBRIS,SMALL,DEBRIS,SMALL,1.00,33906,COSMOS 2251 DEB,1.00,61818,CZ-6A DEB,2025-09-14T09:47:48.979000
1152527708,2025-09-13 23:31:33.000000,Y,469,0.0001243434,DEBRIS,SMALL,ROCKET BODY,LARGE,1.00,33676,FENGYUN 1C DEB,3.00,20775,SL-8 R/B,2025-09-15T01:17:49.830000
1152526124,2025-09-13 23:30:46.000000,Y,203,0.0002340238,DEBRIS,SMALL,DEBRIS,SMALL,1.00,32150,FENGYUN 1C DEB,1.00,35480,IRIDIUM 33 DEB,2025-09-15T14:13:40.878000
1152525796,2025-09-13 23:30:41.000000,Y,676,0.0001479618,DEBRIS,SMALL,PAYLOAD,LARGE,1.00,31944,FENGYUN 1C DEB,5.00,7490,METEOR 1-19,2025-09-15T10:20:52.065000
1152519461,2025-09-13 23:27:33.000000,Y,221,0.0003355097,DEBRIS,SMALL,UNKNOWN,MEDIUM,1.00,29042,CZ-4 DEB,5.00,63291,OBJECT A,2025-09-14T09:52:43.937000
1152516485,2025-09-13 23:26:17.000000,Y,220,0.0001933218,PAYLOAD,MEDIUM,DEBRIS,SMALL,5.00,26061,JAWSAT,1.00,45509,METEOR 2-5 DEB,2025-09-13T22:43:41.305000
1152515990,2025-09-13 23:26:06.000000,Y,258,0.0004255053,PAYLOAD,LARGE,DEBRIS,SMALL,5.00,25394,RESURS O1-N4,1.00,39919,PEGASUS DEB,2025-09-16T20:44:34.216000
1152514912,2025-09-13 23:25:36.000000,Y,336,0.0002061268,ROCKET BODY,LARGE,DEBRIS,SMALL,3.00,23432,SL-8 R/B,1.00,41298,NOAA 16 DEB,2025-09-15T07:41:50.626000
1152513437,2025-09-13 23:25:02.000000,Y,469,0.0001243434,ROCKET BODY,LARGE,DEBRIS,SMALL,3.00,20775,SL-8 R/B,1.00,33676,FENGYUN 1C DEB,2025-09-15T01:17:49.830000
1152508439,2025-09-13 23:22:44.000000,Y,62,0.001439266,PAYLOAD,LARGE,DEBRIS,,5.00,9481,METEOR 1-26,1.00,47007,FENGYUN 1C DEB,2025-09-16T22:26:37.120000
1152508035,2025-09-13 23:22:32.000000,Y,676,0.0001479618,PAYLOAD,LARGE,DEBRIS,SMALL,5.00,7490,METEOR 1-19,1.00,31944,FENGYUN 1C DEB,2025-09-15T10:20:52.065000
1152540476,2025-09-13 22:00:15.000000,Y,350,,DEBRIS,MEDIUM,DEBRIS,MEDIUM,1.00,40785,ARIANE 2 DEB,1.00,33535,ARIANE 2 DEB,2025-09-14T01:33:11.502000
1152540478,2025-09-13 22:00:15.000000,Y,362,,DEBRIS,MEDIUM,DEBRIS,MEDIUM,1.00,40785,ARIANE 2 DEB,1.00,33535,ARIANE 2 DEB,2025-09-14T11:26:57.900000
1152540480,2025-09-13 22:00:15.000000,Y,375,,DEBRIS,MEDIUM,DEBRIS,MEDIUM,1.00,40785,ARIANE 2 DEB,1.00,33535,ARIANE 2 DEB,2025-09-14T21:20:36.997000
1152540482,2025-09-13 22:00:15.000000,Y,390,,DEBRIS,MEDIUM,DEBRIS,MEDIUM,1.00,40785,ARIANE 2 DEB,1.00,33535,ARIANE 2 DEB,2025-09-15T07:14:10.037000
1152540484,2025-09-13 22:00:15.000000,Y,404,,DEBRIS,MEDIUM,DEBRIS,MEDIUM,1.00,40785,ARIANE 2 DEB,1.00,33535,ARIANE 2 DEB,2025-09-15T17:07:39.596000
1152540486,2025-09-13 22:00:15.000000,Y,419,,DEBRIS,MEDIUM,DEBRIS,MEDIUM,1.00,40785,ARIANE 2 DEB,1.00,33535,ARIANE 2 DEB,2025-09-16T03:01:05.830000
1152540488,2025-09-13 22:00:15.000000,Y,434,,DEBRIS,MEDIUM,DEBRIS,MEDIUM,1.00,40785,ARIANE 2 DEB,1.00,33535,ARIANE 2 DEB,2025-09-16T12:54:27.676000
1152527341,2025-09-13 22:00:03.000000,Y,390,,DEBRIS,MEDIUM,DEBRIS,MEDIUM,1.00,33535,ARIANE 2 DEB,1.00,40785,ARIANE 2 DEB,2025-09-15T07:14:10.037000
1152527347,2025-09-13 22:00:03.000000,Y,434,,DEBRIS,MEDIUM,DEBRIS,MEDIUM,1.00,33535,ARIANE 2 DEB,1.00,40785,ARIANE 2 DEB,2025-09-16T12:54:27.676000
1152527335,2025-09-13 22:00:02.000000,Y,350,,DEBRIS,MEDIUM,DEBRIS,MEDIUM,1.00,33535,ARIANE 2 DEB,1.00,40785,ARIANE 2 DEB,2025-09-14T01:33:11.502000
1152527337,2025-09-13 22:00:02.000000,Y,362,,DEBRIS,MEDIUM,DEBRIS,MEDIUM,1.00,33535,ARIANE 2 DEB,1.00,40785,ARIANE 2 DEB,2025-09-14T11:26:57.900000
1152527339,2025-09-13 22:00:02.000000,Y,375,,DEBRIS,MEDIUM,DEBRIS,MEDIUM,1.00,33535,ARIANE 2 DEB,1.00,40785,ARIANE 2 DEB,2025-09-14T21:20:36.997000
1152527343,2025-09-13 22:00:02.000000,Y,404,,DEBRIS,MEDIUM,DEBRIS,MEDIUM,1.00,33535,ARIANE 2 DEB,1.00,40785,ARIANE 2 DEB,2025-09-15T17:07:39.596000
1152527345,2025-09-13 22:00:02.000000,Y,419,,DEBRIS,MEDIUM,DEBRIS,MEDIUM,1.00,33535,ARIANE 2 DEB,1.00,40785,ARIANE 2 DEB,2025-09-16T03:01:05.830000
1152516182,2025-09-13 21:59:51.000000,Y,2136,,PAYLOAD,LARGE,ROCKET BODY,LARGE,5.00,25595,COSMOS 2362 (GLONASS),3.00,23625,SL-12 R/B(2),2025-09-14T20:39:21.129000
1152515010,2025-09-13 21:59:50.000000,Y,2136,,ROCKET BODY,LARGE,PAYLOAD,LARGE,3.00,23625,SL-12 R/B(2),5.00,25595,COSMOS 2362 (GLONASS),2025-09-14T20:39:21.129000
1152514643,2025-09-13 21:59:49.000000,Y,3565,,PAYLOAD,LARGE,PAYLOAD,LARGE,5.00,23205,COSMOS 2288 (GLONASS),5.00,23398,COSMOS 2294 (GLONASS),2025-09-16T16:00:19.905000
1152514883,2025-09-13 21:59:49.000000,Y,4303,,PAYLOAD,LARGE,PAYLOAD,LARGE,5.00,23398,COSMOS 2294 (GLONASS),5.00,23205,COSMOS 2288 (GLONASS),2025-09-16T04:44:35.805000
1152514884,2025-09-13 21:59:49.000000,Y,3565,,PAYLOAD,LARGE,PAYLOAD,LARGE,5.00,23398,COSMOS 2294 (GLONASS),5.00,23205,COSMOS 2288 (GLONASS),2025-09-16T16:00:19.905000
1152514642,2025-09-13 21:59:48.000000,Y,4303,,PAYLOAD,LARGE,PAYLOAD,LARGE,5.00,23205,COSMOS 2288 (GLONASS),5.00,23398,COSMOS 2294 (GLONASS),2025-09-16T04:44:35.805000
1152514031,2025-09-13 21:59:47.000000,Y,1647,,PAYLOAD,LARGE,PAYLOAD,LARGE,5.00,22112,COSMOS 2209,5.00,18443,COSMOS 1894,2025-09-15T03:59:38.035000
1152514630,2025-09-13 21:59:47.000000,Y,4366,,PAYLOAD,LARGE,PAYLOAD,MEDIUM,5.00,23204,COSMOS 2289 (GLONASS),5.00,16397,COSMOS 1711 (GLONASS),2025-09-16T04:14:58.525000
1152514631,2025-09-13 21:59:47.000000,Y,3067,,PAYLOAD,LARGE,PAYLOAD,MEDIUM,5.00,23204,COSMOS 2289 (GLONASS),5.00,16397,COSMOS 1711 (GLONASS),2025-09-16T15:30:42.683000
1152512219,2025-09-13 21:59:44.000000,Y,1647,,PAYLOAD,LARGE,PAYLOAD,LARGE,5.00,18443,COSMOS 1894,5.00,22112,COSMOS 2209,2025-09-15T03:59:38.035000
1152511458,2025-09-13 21:59:43.000000,Y,4366,,PAYLOAD,MEDIUM,PAYLOAD,LARGE,5.00,16397,COSMOS 1711 (GLONASS),5.00,23204,COSMOS 2289 (GLONASS),2025-09-16T04:14:58.525000
1152511459,2025-09-13 21:59:43.000000,Y,3067,,PAYLOAD,MEDIUM,PAYLOAD,LARGE,5.00,16397,COSMOS 1711 (GLONASS),5.00,23204,COSMOS 2289 (GLONASS),2025-09-16T15:30:42.683000
1152159517,2025-09-13 12:43:16.000000,Y,179,0.0001161145,DEBRIS,SMALL,DEBRIS,SMALL,1.00,61818,CZ-6A DEB,1.00,33906,COSMOS 2251 DEB,2025-09-14T09:47:49.104000
1152235428,2025-09-13 12:42:59.000000,Y,87,0.0007725331,DEBRIS,SMALL,UNKNOWN,SMALL,1.00,61488,CZ-6A DEB,3.00,270064,UNKNOWN,2025-09-14T14:23:08.512000
1152148226,2025-09-13 12:35:25.000000,Y,228,0.0001942676,DEBRIS,SMALL,PAYLOAD,MEDIUM,1.00,45509,METEOR 2-5 DEB,5.00,26061,JAWSAT,2025-09-13T22:43:41.321000
1152198418,2025-09-13 12:33:38.000000,Y,619,0.0001246776,DEBRIS,SMALL,ROCKET BODY,LARGE,1.00,41298,NOAA 16 DEB,3.00,23432,SL-8 R/B,2025-09-15T07:41:50.670000
1152196381,2025-09-13 12:33:17.000000,Y,216,0.0002301854,ROCKET BODY,LARGE,UNKNOWN,,3.00,40287,CZ-2C R/B,3.00,82432,UNKNOWN,2025-09-15T18:21:18.459000
1152188992,2025-09-13 12:31:59.000000,Y,114,0.0002286689,DEBRIS,SMALL,DEBRIS,SMALL,1.00,35480,IRIDIUM 33 DEB,1.00,32150,FENGYUN 1C DEB,2025-09-15T14:13:40.921000
1152186155,2025-09-13 12:31:26.000000,Y,179,0.0001161145,DEBRIS,SMALL,DEBRIS,SMALL,1.00,33906,COSMOS 2251 DEB,1.00,61818,CZ-6A DEB,2025-09-14T09:47:49.104000
1152185545,2025-09-13 12:31:20.000000,Y,67,0.0002035092,DEBRIS,SMALL,ROCKET BODY,LARGE,1.00,33676,FENGYUN 1C DEB,3.00,20775,SL-8 R/B,2025-09-15T01:17:49.901000
1152184265,2025-09-13 12:31:06.000000,Y,114,0.0002286689,DEBRIS,SMALL,DEBRIS,SMALL,1.00,32150,FENGYUN 1C DEB,1.00,35480,IRIDIUM 33 DEB,2025-09-15T14:13:40.921000
1152184041,2025-09-13 12:31:05.000000,Y,520,0.0001337772,DEBRIS,SMALL,PAYLOAD,LARGE,1.00,31944,FENGYUN 1C DEB,5.00,7490,METEOR 1-19,2025-09-15T10:20:52.079000
1152181246,2025-09-13 12:30:35.000000,Y,123,0.0001048015,DEBRIS,SMALL,DEBRIS,SMALL,1.00,30828,FENGYUN 1C DEB,1.00,30856,FENGYUN 1C DEB,2025-09-13T14:31:10.871000
1152181315,2025-09-13 12:30:35.000000,Y,123,0.0001048015,DEBRIS,SMALL,DEBRIS,SMALL,1.00,30856,FENGYUN 1C DEB,1.00,30828,FENGYUN 1C DEB,2025-09-13T14:31:10.871000
1152180376,2025-09-13 12:30:25.000000,Y,202,0.0002056159,DEBRIS,SMALL,DEBRIS,SMALL,1.00,30505,FENGYUN 1C DEB,1.00,29750,FENGYUN 1C DEB,2025-09-14T00:25:48.709000
1152178754,2025-09-13 12:30:03.000000,Y,202,0.0002056159,DEBRIS,SMALL,DEBRIS,SMALL,1.00,29750,FENGYUN 1C DEB,1.00,30505,FENGYUN 1C DEB,2025-09-14T00:25:48.709000
1152178222,2025-09-13 12:29:58.000000,Y,425,0.0003142881,DEBRIS,SMALL,UNKNOWN,MEDIUM,1.00,29042,CZ-4 DEB,5.00,63291,OBJECT A,2025-09-14T09:52:43.987000
1152145777,2025-09-13 12:29:34.000000,Y,228,0.0001942676,PAYLOAD,MEDIUM,DEBRIS,SMALL,5.00,26061,JAWSAT,1.00,45509,METEOR 2-5 DEB,2025-09-13T22:43:41.321000
1152144616,2025-09-13 12:29:20.000000,Y,619,0.0001246776,ROCKET BODY,LARGE,DEBRIS,SMALL,3.00,23432,SL-8 R/B,1.00,41298,NOAA 16 DEB,2025-09-15T07:41:50.670000
1152144407,2025-09-13 12:29:18.000000,Y,511,0.0004293561,PAYLOAD,LARGE,UNKNOWN,SMALL,5.00,22675,COSMOS 2251,3.00,82250,UNKNOWN,2025-09-15T22:42:21.314000
1152144415,2025-09-13 12:29:18.000000,Y,195,0.0007423485,PAYLOAD,LARGE,PAYLOAD,MEDIUM,5.00,22692,COSMOS 2257,5.00,8285,COSMOS 761,2025-09-15T07:05:00.573000
1152143566,2025-09-13 12:29:10.000000,Y,67,0.0002035092,ROCKET BODY,LARGE,DEBRIS,SMALL,3.00,20775,SL-8 R/B,1.00,33676,FENGYUN 1C DEB,2025-09-15T01:17:49.901000
1152139265,2025-09-13 12:28:24.000000,Y,195,0.0007423485,PAYLOAD,MEDIUM,PAYLOAD,LARGE,5.00,8285,COSMOS 761,5.00,22692,COSMOS 2257,2025-09-15T07:05:00.573000
1152139124,2025-09-13 12:28:23.000000,Y,520,0.0001337772,PAYLOAD,LARGE,DEBRIS,SMALL,5.00,7490,METEOR 1-19,1.00,31944,FENGYUN 1C DEB,2025-09-15T10:20:52.079000
1152058091,2025-09-13 11:43:28.000000,Y,4002,,ROCKET BODY,SMALL,PAYLOAD,LARGE,3.00,43497,FENGYUN 2H AKM,5.00,28137,ESTRELA DU SOL-TELSTAR14,2025-09-13T15:28:29.967000
1152053303,2025-09-13 11:43:26.000000,Y,368,,DEBRIS,MEDIUM,DEBRIS,MEDIUM,1.00,40785,ARIANE 2 DEB,1.00,33535,ARIANE 2 DEB,2025-09-14T11:26:35.453000
1152053307,2025-09-13 11:43:25.000000,Y,400,,DEBRIS,MEDIUM,DEBRIS,MEDIUM,1.00,40785,ARIANE 2 DEB,1.00,33535,ARIANE 2 DEB,2025-09-15T07:13:25.026000
1152053299,2025-09-13 11:43:24.000000,Y,342,,DEBRIS,MEDIUM,DEBRIS,MEDIUM,1.00,40785,ARIANE 2 DEB,1.00,33535,ARIANE 2 DEB,2025-09-13T15:39:04.354000
1152053301,2025-09-13 11:43:24.000000,Y,353,,DEBRIS,MEDIUM,DEBRIS,MEDIUM,1.00,40785,ARIANE 2 DEB,1.00,33535,ARIANE 2 DEB,2025-09-14T01:32:58.637000
1152053305,2025-09-13 11:43:24.000000,Y,383,,DEBRIS,MEDIUM,DEBRIS,MEDIUM,1.00,40785,ARIANE 2 DEB,1.00,33535,ARIANE 2 DEB,2025-09-14T21:20:03.872000
1152053309,2025-09-13 11:43:24.000000,Y,417,,DEBRIS,MEDIUM,DEBRIS,MEDIUM,1.00,40785,ARIANE 2 DEB,1.00,33535,ARIANE 2 DEB,2025-09-15T17:06:41.619000
1152053311,2025-09-13 11:43:24.000000,Y,435,,DEBRIS,MEDIUM,DEBRIS,MEDIUM,1.00,40785,ARIANE 2 DEB,1.00,33535,ARIANE 2 DEB,2025-09-16T02:59:53.826000
1152052318,2025-09-13 11:43:13.000000,Y,342,,DEBRIS,MEDIUM,DEBRIS,MEDIUM,1.00,33535,ARIANE 2 DEB,1.00,40785,ARIANE 2 DEB,2025-09-13T15:39:04.354000
1152052320,2025-09-13 11:43:13.000000,Y,353,,DEBRIS,MEDIUM,DEBRIS,MEDIUM,1.00,33535,ARIANE 2 DEB,1.00,40785,ARIANE 2 DEB,2025-09-14T01:32:58.637000
1152052322,2025-09-13 11:43:13.000000,Y,368,,DEBRIS,MEDIUM,DEBRIS,MEDIUM,1.00,33535,ARIANE 2 DEB,1.00,40785,ARIANE 2 DEB,2025-09-14T11:26:35.453000
1152052324,2025-09-13 11:43:13.000000,Y,383,,DEBRIS,MEDIUM,DEBRIS,MEDIUM,1.00,33535,ARIANE 2 DEB,1.00,40785,ARIANE 2 DEB,2025-09-14T21:20:03.872000
1152052326,2025-09-13 11:43:13.000000,Y,400,,DEBRIS,MEDIUM,DEBRIS,MEDIUM,1.00,33535,ARIANE 2 DEB,1.00,40785,ARIANE 2 DEB,2025-09-15T07:13:25.026000
1152052328,2025-09-13 11:43:13.000000,Y,417,,DEBRIS,MEDIUM,DEBRIS,MEDIUM,1.00,33535,ARIANE 2 DEB,1.00,40785,ARIANE 2 DEB,2025-09-15T17:06:41.619000
1152052330,2025-09-13 11:43:13.000000,Y,435,,DEBRIS,MEDIUM,DEBRIS,MEDIUM,1.00,33535,ARIANE 2 DEB,1.00,40785,ARIANE 2 DEB,2025-09-16T02:59:53.826000
1152051581,2025-09-13 11:43:05.000000,Y,4002,,PAYLOAD,LARGE,ROCKET BODY,SMALL,5.00,28137,ESTRELA DU SOL-TELSTAR14,3.00,43497,FENGYUN 2H AKM,2025-09-13T15:28:29.967000
1152051112,2025-09-13 11:43:00.000000,Y,2136,,PAYLOAD,LARGE,ROCKET BODY,LARGE,5.00,25595,COSMOS 2362 (GLONASS),3.00,23625,SL-12 R/B(2),2025-09-14T20:39:21.129000
1152050951,2025-09-13 11:42:58.000000,Y,2136,,ROCKET BODY,LARGE,PAYLOAD,LARGE,3.00,23625,SL-12 R/B(2),5.00,25595,COSMOS 2362 (GLONASS),2025-09-14T20:39:21.129000
1152050908,2025-09-13 11:42:57.000000,Y,4407,,PAYLOAD,LARGE,PAYLOAD,LARGE,5.00,23398,COSMOS 2294 (GLONASS),5.00,23205,COSMOS 2288 (GLONASS),2025-09-16T04:44:35.831000
1152050705,2025-09-13 11:42:56.000000,Y,4366,,PAYLOAD,LARGE,PAYLOAD,MEDIUM,5.00,23204,COSMOS 2289 (GLONASS),5.00,16397,COSMOS 1711 (GLONASS),2025-09-16T04:14:58.526000
1152050645,2025-09-13 11:42:55.000000,Y,1647,,PAYLOAD,LARGE,PAYLOAD,LARGE,5.00,22112,COSMOS 2209,5.00,18443,COSMOS 1894,2025-09-15T03:59:38.036000
1152050718,2025-09-13 11:42:55.000000,Y,4407,,PAYLOAD,LARGE,PAYLOAD,LARGE,5.00,23205,COSMOS 2288 (GLONASS),5.00,23398,COSMOS 2294 (GLONASS),2025-09-16T04:44:35.831000
1152050269,2025-09-13 11:42:51.000000,Y,4366,,PAYLOAD,MEDIUM,PAYLOAD,LARGE,5.00,16397,COSMOS 1711 (GLONASS),5.00,23204,COSMOS 2289 (GLONASS),2025-09-16T04:14:58.526000
1152050331,2025-09-13 11:42:51.000000,Y,1647,,PAYLOAD,LARGE,PAYLOAD,LARGE,5.00,18443,COSMOS 1894,5.00,22112,COSMOS 2209,2025-09-15T03:59:38.036000
1152001754,2025-09-13 06:49:22.000000,Y,93,0.0007433669,DEBRIS,SMALL,UNKNOWN,SMALL,1.00,61488,CZ-6A DEB,3.00,270064,UNKNOWN,2025-09-14T14:23:08.517000
1152000923,2025-09-13 06:49:03.000000,Y,75,0.0002281634,DEBRIS,SMALL,DEBRIS,SMALL,1.00,61276,CZ-6A DEB,1.00,46974,IRIDIUM 33 DEB,2025-09-13T04:46:24.940000
1151874369,2025-09-13 06:31:24.000000,Y,75,0.0002281634,DEBRIS,SMALL,DEBRIS,SMALL,1.00,46974,IRIDIUM 33 DEB,1.00,61276,CZ-6A DEB,2025-09-13T04:46:24.940000
1151873047,2025-09-13 06:30:57.000000,Y,247,0.000188092,DEBRIS,SMALL,PAYLOAD,MEDIUM,1.00,45509,METEOR 2-5 DEB,5.00,26061,JAWSAT,2025-09-13T22:43:41.341000
1151872255,2025-09-13 06:30:38.000000,Y,552,0.001090911,DEBRIS,SMALL,UNKNOWN,SMALL,1.00,44610,CZ-2D DEB,5.00,42834,OBJECT K,2025-09-13T19:26:34.995000
1152032184,2025-09-13 06:26:13.000000,Y,266,0.0001902773,ROCKET BODY,LARGE,UNKNOWN,,3.00,40287,CZ-2C R/B,3.00,82432,UNKNOWN,2025-09-15T18:21:18.500000
1152027007,2025-09-13 06:24:15.000000,Y,299,0.0001400293,DEBRIS,SMALL,ROCKET BODY,LARGE,1.00,37044,FENGYUN 1C DEB,3.00,31793,SL-16 R/B,2025-09-14T08:00:55.780000
1152024564,2025-09-13 06:23:22.000000,Y,52,0.0002205459,DEBRIS,SMALL,DEBRIS,SMALL,1.00,35480,IRIDIUM 33 DEB,1.00,32150,FENGYUN 1C DEB,2025-09-15T14:13:40.998000
1152019721,2025-09-13 06:21:34.000000,Y,52,0.0002205459,DEBRIS,SMALL,DEBRIS,SMALL,1.00,32150,FENGYUN 1C DEB,1.00,35480,IRIDIUM 33 DEB,2025-09-15T14:13:40.998000
1152019136,2025-09-13 06:21:19.000000,Y,299,0.0001400293,ROCKET BODY,LARGE,DEBRIS,SMALL,3.00,31793,SL-16 R/B,1.00,37044,FENGYUN 1C DEB,2025-09-14T08:00:55.780000
1152015574,2025-09-13 06:20:20.000000,Y,105,0.0002244748,DEBRIS,SMALL,DEBRIS,SMALL,1.00,30505,FENGYUN 1C DEB,1.00,29750,FENGYUN 1C DEB,2025-09-14T00:25:48.716000
1152014825,2025-09-13 06:20:00.000000,Y,94,0.000411944,DEBRIS,SMALL,UNKNOWN,SMALL,1.00,30141,FENGYUN 1C DEB,3.00,81844,UNKNOWN,2025-09-14T01:50:40.336000
1152013855,2025-09-13 06:19:43.000000,Y,105,0.0002244748,DEBRIS,SMALL,DEBRIS,SMALL,1.00,29750,FENGYUN 1C DEB,1.00,30505,FENGYUN 1C DEB,2025-09-14T00:25:48.716000
1152013346,2025-09-13 06:19:35.000000,Y,495,0.0003627004,DEBRIS,SMALL,UNKNOWN,MEDIUM,1.00,29042,CZ-4 DEB,5.00,63291,OBJECT A,2025-09-14T09:52:44.028000
1151889642,2025-09-13 06:18:18.000000,Y,247,0.000188092,PAYLOAD,MEDIUM,DEBRIS,SMALL,5.00,26061,JAWSAT,1.00,45509,METEOR 2-5 DEB,2025-09-13T22:43:41.341000
1151888181,2025-09-13 06:17:38.000000,Y,307,0.0002976697,PAYLOAD,LARGE,UNKNOWN,SMALL,5.00,22675,COSMOS 2251,3.00,82250,UNKNOWN,2025-09-15T22:42:21.335000
1151888189,2025-09-13 06:17:37.000000,Y,78,0.02535056,PAYLOAD,LARGE,PAYLOAD,MEDIUM,5.00,22692,COSMOS 2257,5.00,8285,COSMOS 761,2025-09-15T07:05:00.571000
1151882780,2025-09-13 06:14:26.000000,Y,78,0.02535056,PAYLOAD,MEDIUM,PAYLOAD,LARGE,5.00,8285,COSMOS 761,5.00,22692,COSMOS 2257,2025-09-15T07:05:00.571000
1151674262,2025-09-13 04:17:20.000000,Y,4075,,ROCKET BODY,SMALL,PAYLOAD,LARGE,3.00,43497,FENGYUN 2H AKM,5.00,28137,ESTRELA DU SOL-TELSTAR14,2025-09-13T15:28:29.938000
1151673568,2025-09-13 04:17:14.000000,Y,337,,DEBRIS,MEDIUM,DEBRIS,MEDIUM,1.00,40785,ARIANE 2 DEB,1.00,33535,ARIANE 2 DEB,2025-09-13T05:44:48.601000
1151673570,2025-09-13 04:17:14.000000,Y,345,,DEBRIS,MEDIUM,DEBRIS,MEDIUM,1.00,40785,ARIANE 2 DEB,1.00,33535,ARIANE 2 DEB,2025-09-13T15:38:56.001000
1151673572,2025-09-13 04:17:14.000000,Y,356,,DEBRIS,MEDIUM,DEBRIS,MEDIUM,1.00,40785,ARIANE 2 DEB,1.00,33535,ARIANE 2 DEB,2025-09-14T01:32:46.141000
1151673574,2025-09-13 04:17:14.000000,Y,372,,DEBRIS,MEDIUM,DEBRIS,MEDIUM,1.00,40785,ARIANE 2 DEB,1.00,33535,ARIANE 2 DEB,2025-09-14T11:26:17.348000
1151673576,2025-09-13 04:17:14.000000,Y,391,,DEBRIS,MEDIUM,DEBRIS,MEDIUM,1.00,40785,ARIANE 2 DEB,1.00,33535,ARIANE 2 DEB,2025-09-14T21:19:30.471000
1151673578,2025-09-13 04:17:14.000000,Y,413,,DEBRIS,MEDIUM,DEBRIS,MEDIUM,1.00,40785,ARIANE 2 DEB,1.00,33535,ARIANE 2 DEB,2025-09-15T07:12:28.031000
1151673580,2025-09-13 04:17:14.000000,Y,437,,DEBRIS,MEDIUM,DEBRIS,MEDIUM,1.00,40785,ARIANE 2 DEB,1.00,33535,ARIANE 2 DEB,2025-09-15T17:05:14.716000
1151673582,2025-09-13 04:17:14.000000,Y,461,,DEBRIS,MEDIUM,DEBRIS,MEDIUM,1.00,40785,ARIANE 2 DEB,1.00,33535,ARIANE 2 DEB,2025-09-16T02:57:53.457000
1151672257,2025-09-13 04:17:04.000000,Y,337,,DEBRIS,MEDIUM,DEBRIS,MEDIUM,1.00,33535,ARIANE 2 DEB,1.00,40785,ARIANE 2 DEB,2025-09-13T05:44:48.601000
1151672259,2025-09-13 04:17:04.000000,Y,345,,DEBRIS,MEDIUM,DEBRIS,MEDIUM,1.00,33535,ARIANE 2 DEB,1.00,40785,ARIANE 2 DEB,2025-09-13T15:38:56.001000
1151672265,2025-09-13 04:17:04.000000,Y,391,,DEBRIS,MEDIUM,DEBRIS,MEDIUM,1.00,33535,ARIANE 2 DEB,1.00,40785,ARIANE 2 DEB,2025-09-14T21:19:30.471000
1151672261,2025-09-13 04:17:03.000000,Y,356,,DEBRIS,MEDIUM,DEBRIS,MEDIUM,1.00,33535,ARIANE 2 DEB,1.00,40785,ARIANE 2 DEB,2025-09-14T01:32:46.141000
1151672263,2025-09-13 04:17:03.000000,Y,372,,DEBRIS,MEDIUM,DEBRIS,MEDIUM,1.00,33535,ARIANE 2 DEB,1.00,40785,ARIANE 2 DEB,2025-09-14T11:26:17.348000
1151672267,2025-09-13 04:17:03.000000,Y,413,,DEBRIS,MEDIUM,DEBRIS,MEDIUM,1.00,33535,ARIANE 2 DEB,1.00,40785,ARIANE 2 DEB,2025-09-15T07:12:28.031000
1151672269,2025-09-13 04:17:03.000000,Y,437,,DEBRIS,MEDIUM,DEBRIS,MEDIUM,1.00,33535,ARIANE 2 DEB,1.00,40785,ARIANE 2 DEB,2025-09-15T17:05:14.716000
1151672271,2025-09-13 04:17:03.000000,Y,461,,DEBRIS,MEDIUM,DEBRIS,MEDIUM,1.00,33535,ARIANE 2 DEB,1.00,40785,ARIANE 2 DEB,2025-09-16T02:57:53.457000
1151671340,2025-09-13 04:16:55.000000,Y,4075,,PAYLOAD,LARGE,ROCKET BODY,SMALL,5.00,28137,ESTRELA DU SOL-TELSTAR14,3.00,43497,FENGYUN 2H AKM,2025-09-13T15:28:29.938000
1151670777,2025-09-13 04:16:50.000000,Y,2136,,PAYLOAD,LARGE,ROCKET BODY,LARGE,5.00,25595,COSMOS 2362 (GLONASS),3.00,23625,SL-12 R/B(2),2025-09-14T20:39:21.129000
1151670590,2025-09-13 04:16:48.000000,Y,2136,,ROCKET BODY,LARGE,PAYLOAD,LARGE,3.00,23625,SL-12 R/B(2),5.00,25595,COSMOS 2362 (GLONASS),2025-09-14T20:39:21.129000
1151670296,2025-09-13 04:16:45.000000,Y,4366,,PAYLOAD,LARGE,PAYLOAD,MEDIUM,5.00,23204,COSMOS 2289 (GLONASS),5.00,16397,COSMOS 1711 (GLONASS),2025-09-16T04:14:58.525000
1151670229,2025-09-13 04:16:44.000000,Y,1647,,PAYLOAD,LARGE,PAYLOAD,LARGE,5.00,22112,COSMOS 2209,5.00,18443,COSMOS 1894,2025-09-15T03:59:38.035000
1151669807,2025-09-13 04:16:40.000000,Y,4366,,PAYLOAD,MEDIUM,PAYLOAD,LARGE,5.00,16397,COSMOS 1711 (GLONASS),5.00,23204,COSMOS 2289 (GLONASS),2025-09-16T04:14:58.525000
1151669880,2025-09-13 04:16:40.000000,Y,1647,,PAYLOAD,LARGE,PAYLOAD,LARGE,5.00,18443,COSMOS 1894,5.00,22112,COSMOS 2209,2025-09-15T03:59:38.035000
1151445738,2025-09-13 00:40:53.000000,Y,61,0.0002312076,DEBRIS,SMALL,DEBRIS,SMALL,1.00,46974,IRIDIUM 33 DEB,1.00,61276,CZ-6A DEB,2025-09-13T04:46:24.932000
1151444326,2025-09-13 00:40:35.000000,Y,231,0.0001749239,DEBRIS,SMALL,PAYLOAD,MEDIUM,1.00,45509,METEOR 2-5 DEB,5.00,26061,JAWSAT,2025-09-13T22:43:41.301000
1151443541,2025-09-13 00:40:25.000000,Y,99,0.0009745868,DEBRIS,SMALL,UNKNOWN,SMALL,1.00,44610,CZ-2D DEB,5.00,42834,OBJECT K,2025-09-13T19:26:34.976000
1151621196,2025-09-13 00:37:59.000000,Y,97,0.0001585491,DEBRIS,SMALL,DEBRIS,SMALL,1.00,40413,DMSP 5D-2 F13 DEB,1.00,39660,COSMOS 1867 COOLANT,2025-09-13T10:33:15.660000
1151621033,2025-09-13 00:37:57.000000,Y,190,0.0001562491,ROCKET BODY,LARGE,UNKNOWN,,3.00,40287,CZ-2C R/B,3.00,82432,UNKNOWN,2025-09-15T18:21:18.422000
1151619976,2025-09-13 00:37:45.000000,Y,972,0.0001708917,ROCKET BODY,LARGE,UNKNOWN,LARGE,3.00,39679,SL-4 R/B,5.00,62725,OBJECT A,2025-09-14T21:17:57.434000
1151619913,2025-09-13 00:37:44.000000,Y,97,0.0001585491,DEBRIS,SMALL,DEBRIS,SMALL,1.00,39660,COSMOS 1867 COOLANT,1.00,40413,DMSP 5D-2 F13 DEB,2025-09-13T10:33:15.660000
1151615674,2025-09-13 00:36:53.000000,Y,371,0.0001167295,DEBRIS,SMALL,ROCKET BODY,LARGE,1.00,37044,FENGYUN 1C DEB,3.00,31793,SL-16 R/B,2025-09-14T08:00:55.733000
1151613763,2025-09-13 00:36:30.000000,Y,124,0.0002955516,DEBRIS,SMALL,DEBRIS,SMALL,1.00,35975,COSMOS 2251 DEB,1.00,61084,CZ-6A DEB,2025-09-13T03:45:08.337000
1151613131,2025-09-13 00:36:24.000000,Y,295,0.0001454942,DEBRIS,SMALL,DEBRIS,SMALL,1.00,35480,IRIDIUM 33 DEB,1.00,32150,FENGYUN 1C DEB,2025-09-15T14:13:40.933000
1151608140,2025-09-13 00:35:25.000000,Y,295,0.0001454942,DEBRIS,SMALL,DEBRIS,SMALL,1.00,32150,FENGYUN 1C DEB,1.00,35480,IRIDIUM 33 DEB,2025-09-15T14:13:40.933000
1151607574,2025-09-13 00:35:18.000000,Y,371,0.0001167295,ROCKET BODY,LARGE,DEBRIS,SMALL,3.00,31793,SL-16 R/B,1.00,37044,FENGYUN 1C DEB,2025-09-14T08:00:55.733000
1151603225,2025-09-13 00:34:23.000000,Y,103,0.0004588656,DEBRIS,SMALL,UNKNOWN,SMALL,1.00,30141,FENGYUN 1C DEB,3.00,81844,UNKNOWN,2025-09-14T01:50:40.290000
1151601647,2025-09-13 00:34:04.000000,Y,882,0.0001986993,DEBRIS,SMALL,UNKNOWN,MEDIUM,1.00,29042,CZ-4 DEB,5.00,63291,OBJECT A,2025-09-14T09:52:44.022000
1151599100,2025-09-13 00:33:28.000000,Y,231,0.0001749239,PAYLOAD,MEDIUM,DEBRIS,SMALL,5.00,26061,JAWSAT,1.00,45509,METEOR 2-5 DEB,2025-09-13T22:43:41.301000
1151458765,2025-09-13 00:33:12.000000,Y,78,0.02535057,PAYLOAD,LARGE,PAYLOAD,MEDIUM,5.00,22692,COSMOS 2257,5.00,8285,COSMOS 761,2025-09-15T07:05:00.571000
1151453051,2025-09-13 00:32:09.000000,Y,78,0.02535057,PAYLOAD,MEDIUM,PAYLOAD,LARGE,5.00,8285,COSMOS 761,5.00,22692,COSMOS 2257,2025-09-15T07:05:00.571000
1151452698,2025-09-13 00:32:05.000000,Y,116,0.0005657528,PAYLOAD,MEDIUM,DEBRIS,SMALL,5.00,6266,COSMOS 531,1.00,13525,DELTA 1 DEB,2025-09-13T02:26:59.846000
1151325451,2025-09-12 21:16:15.000000,Y,4027,,ROCKET BODY,SMALL,PAYLOAD,LARGE,3.00,43497,FENGYUN 2H AKM,5.00,28137,ESTRELA DU SOL-TELSTAR14,2025-09-13T15:28:29.929000
1151325074,2025-09-12 21:16:12.000000,Y,357,,DEBRIS,MEDIUM,DEBRIS,MEDIUM,1.00,40785,ARIANE 2 DEB,1.00,33535,ARIANE 2 DEB,2025-09-14T11:27:20.600000
1151325076,2025-09-12 21:16:11.000000,Y,370,,DEBRIS,MEDIUM,DEBRIS,MEDIUM,1.00,40785,ARIANE 2 DEB,1.00,33535,ARIANE 2 DEB,2025-09-14T21:21:01.023000
1151325068,2025-09-12 21:16:10.000000,Y,335,,DEBRIS,MEDIUM,DEBRIS,MEDIUM,1.00,40785,ARIANE 2 DEB,1.00,33535,ARIANE 2 DEB,2025-09-13T05:44:55.481000
1151325070,2025-09-12 21:16:10.000000,Y,339,,DEBRIS,MEDIUM,DEBRIS,MEDIUM,1.00,40785,ARIANE 2 DEB,1.00,33535,ARIANE 2 DEB,2025-09-13T15:39:17.553000
1151325072,2025-09-12 21:16:10.000000,Y,346,,DEBRIS,MEDIUM,DEBRIS,MEDIUM,1.00,40785,ARIANE 2 DEB,1.00,33535,ARIANE 2 DEB,2025-09-14T01:33:26.309000
1151325078,2025-09-12 21:16:10.000000,Y,385,,DEBRIS,MEDIUM,DEBRIS,MEDIUM,1.00,40785,ARIANE 2 DEB,1.00,33535,ARIANE 2 DEB,2025-09-15T07:14:30.034000
1151325080,2025-09-12 21:16:10.000000,Y,402,,DEBRIS,MEDIUM,DEBRIS,MEDIUM,1.00,40785,ARIANE 2 DEB,1.00,33535,ARIANE 2 DEB,2025-09-15T17:07:51.468000
1151324147,2025-09-12 21:15:59.000000,Y,346,,DEBRIS,MEDIUM,DEBRIS,MEDIUM,1.00,33535,ARIANE 2 DEB,1.00,40785,ARIANE 2 DEB,2025-09-14T01:33:26.309000
1151324153,2025-09-12 21:15:59.000000,Y,385,,DEBRIS,MEDIUM,DEBRIS,MEDIUM,1.00,33535,ARIANE 2 DEB,1.00,40785,ARIANE 2 DEB,2025-09-15T07:14:30.034000
1151324143,2025-09-12 21:15:58.000000,Y,335,,DEBRIS,MEDIUM,DEBRIS,MEDIUM,1.00,33535,ARIANE 2 DEB,1.00,40785,ARIANE 2 DEB,2025-09-13T05:44:55.481000
1151324145,2025-09-12 21:15:58.000000,Y,339,,DEBRIS,MEDIUM,DEBRIS,MEDIUM,1.00,33535,ARIANE 2 DEB,1.00,40785,ARIANE 2 DEB,2025-09-13T15:39:17.553000
1151324149,2025-09-12 21:15:58.000000,Y,357,,DEBRIS,MEDIUM,DEBRIS,MEDIUM,1.00,33535,ARIANE 2 DEB,1.00,40785,ARIANE 2 DEB,2025-09-14T11:27:20.600000
1151324151,2025-09-12 21:15:58.000000,Y,370,,DEBRIS,MEDIUM,DEBRIS,MEDIUM,1.00,33535,ARIANE 2 DEB,1.00,40785,ARIANE 2 DEB,2025-09-14T21:21:01.023000
1151324155,2025-09-12 21:15:58.000000,Y,402,,DEBRIS,MEDIUM,DEBRIS,MEDIUM,1.00,33535,ARIANE 2 DEB,1.00,40785,ARIANE 2 DEB,2025-09-15T17:07:51.468000
1151323581,2025-09-12 21:15:51.000000,Y,2823,,ROCKET BODY,LARGE,ROCKET BODY,LARGE,3.00,28256,SL-12 R/B(2),3.00,27953,BLOCK DM-SL R/B,2025-09-13T00:35:46.645000
1151323530,2025-09-12 21:15:50.000000,Y,2823,,ROCKET BODY,LARGE,ROCKET BODY,LARGE,3.00,27953,BLOCK DM-SL R/B,3.00,28256,SL-12 R/B(2),2025-09-13T00:35:46.645000
1151323551,2025-09-12 21:15:50.000000,Y,4027,,PAYLOAD,LARGE,ROCKET BODY,SMALL,5.00,28137,ESTRELA DU SOL-TELSTAR14,3.00,43497,FENGYUN 2H AKM,2025-09-13T15:28:29.929000
1151323094,2025-09-12 21:15:45.000000,Y,2136,,PAYLOAD,LARGE,ROCKET BODY,LARGE,5.00,25595,COSMOS 2362 (GLONASS),3.00,23625,SL-12 R/B(2),2025-09-14T20:39:21.130000
1151322942,2025-09-12 21:15:42.000000,Y,2136,,ROCKET BODY,LARGE,PAYLOAD,LARGE,3.00,23625,SL-12 R/B(2),5.00,25595,COSMOS 2362 (GLONASS),2025-09-14T20:39:21.130000
1151322627,2025-09-12 21:15:39.000000,Y,1614,,PAYLOAD,LARGE,PAYLOAD,LARGE,5.00,22112,COSMOS 2209,5.00,18443,COSMOS 1894,2025-09-15T03:59:38.212000
1151322342,2025-09-12 21:15:32.000000,Y,1614,,PAYLOAD,LARGE,PAYLOAD,LARGE,5.00,18443,COSMOS 1894,5.00,22112,COSMOS 2209,2025-09-15T03:59:38.212000
1151118614,2025-09-12 15:24:44.000000,Y,231,0.0003649472,DEBRIS,SMALL,UNKNOWN,SMALL,1.00,61488,CZ-6A DEB,3.00,270064,UNKNOWN,2025-09-14T14:23:08.625000
1151117817,2025-09-12 15:24:21.000000,Y,165,0.0001312356,DEBRIS,SMALL,DEBRIS,SMALL,1.00,61276,CZ-6A DEB,1.00,46974,IRIDIUM 33 DEB,2025-09-13T04:46:24.972000
1151116934,2025-09-12 15:23:52.000000,Y,163,0.0002798828,DEBRIS,SMALL,DEBRIS,SMALL,1.00,61084,CZ-6A DEB,1.00,35975,COSMOS 2251 DEB,2025-09-13T03:45:08.360000
1151034601,2025-09-12 14:58:58.000000,Y,605,0.0001882348,DEBRIS,SMALL,PAYLOAD,LARGE,1.00,41408,NOAA 16 DEB,5.00,12645,INTERCOSMOS 22,2025-09-15T00:01:26.146000
1151033351,2025-09-12 14:58:35.000000,Y,149,0.0001006408,DEBRIS,SMALL,DEBRIS,SMALL,1.00,41049,NOAA 16 DEB,1.00,19047,COSMOS 1275 DEB,2025-09-14T17:12:18.942000
1151032327,2025-09-12 14:58:09.000000,Y,531,0.0001298355,DEBRIS,SMALL,UNKNOWN,SMALL,1.00,40448,DMSP 5D-2 F13 DEB,3.00,270294,UNKNOWN,2025-09-12T21:48:29.331000
1151032252,2025-09-12 14:58:06.000000,Y,39,0.0003565213,DEBRIS,SMALL,DEBRIS,SMALL,1.00,40413,DMSP 5D-2 F13 DEB,1.00,39660,COSMOS 1867 COOLANT,2025-09-13T10:33:15.674000
1151031102,2025-09-12 14:57:37.000000,Y,39,0.0003565213,DEBRIS,SMALL,DEBRIS,SMALL,1.00,39660,COSMOS 1867 COOLANT,1.00,40413,DMSP 5D-2 F13 DEB,2025-09-13T10:33:15.674000
1151027038,2025-09-12 14:56:12.000000,Y,165,0.0006313399,DEBRIS,SMALL,ROCKET BODY,LARGE,1.00,37044,FENGYUN 1C DEB,3.00,31793,SL-16 R/B,2025-09-14T08:00:55.869000
1151025310,2025-09-12 14:55:37.000000,Y,163,0.0002798828,DEBRIS,SMALL,DEBRIS,SMALL,1.00,35975,COSMOS 2251 DEB,1.00,61084,CZ-6A DEB,2025-09-13T03:45:08.360000
1151019420,2025-09-12 14:53:39.000000,Y,165,0.0006313399,ROCKET BODY,LARGE,DEBRIS,SMALL,3.00,31793,SL-16 R/B,1.00,37044,FENGYUN 1C DEB,2025-09-14T08:00:55.869000
1151015221,2025-09-12 14:52:09.000000,Y,62,0.0007925151,DEBRIS,SMALL,UNKNOWN,SMALL,1.00,30141,FENGYUN 1C DEB,3.00,81844,UNKNOWN,2025-09-14T01:50:40.505000
1151013791,2025-09-12 14:51:38.000000,Y,123,0.0002197134,DEBRIS,SMALL,UNKNOWN,MEDIUM,1.00,29042,CZ-4 DEB,5.00,63291,OBJECT A,2025-09-14T09:52:43.922000
1151013087,2025-09-12 14:51:20.000000,Y,208,0.000122032,DEBRIS,SMALL,PAYLOAD,LARGE,1.00,28327,DMSP 5D-2 F11 DEB,5.00,24836,IRIDIUM 914,2025-09-14T19:18:08.085000
1150991331,2025-09-12 14:50:36.000000,Y,330,0.0001438582,PAYLOAD,MEDIUM,DEBRIS,SMALL,5.00,26061,JAWSAT,1.00,45509,METEOR 2-5 DEB,2025-09-13T22:43:41.388000
1150990553,2025-09-12 14:50:12.000000,Y,208,0.000122032,PAYLOAD,LARGE,DEBRIS,SMALL,5.00,24836,IRIDIUM 914,1.00,28327,DMSP 5D-2 F11 DEB,2025-09-14T19:18:08.085000
1150989843,2025-09-12 14:49:46.000000,Y,96,0.02520061,PAYLOAD,LARGE,PAYLOAD,MEDIUM,5.00,22692,COSMOS 2257,5.00,8285,COSMOS 761,2025-09-15T07:05:00.564000
1150985557,2025-09-12 14:47:06.000000,Y,605,0.0001882348,PAYLOAD,LARGE,DEBRIS,SMALL,5.00,12645,INTERCOSMOS 22,1.00,41408,NOAA 16 DEB,2025-09-15T00:01:26.146000
1150984415,2025-09-12 14:46:19.000000,Y,96,0.02520061,PAYLOAD,MEDIUM,PAYLOAD,LARGE,5.00,8285,COSMOS 761,5.00,22692,COSMOS 2257,2025-09-15T07:05:00.564000
1150984115,2025-09-12 14:46:07.000000,Y,116,0.0005662604,PAYLOAD,MEDIUM,DEBRIS,SMALL,5.00,6266,COSMOS 531,1.00,13525,DELTA 1 DEB,2025-09-13T02:26:59.847000
1150807578,2025-09-12 12:57:00.000000,Y,3718,,ROCKET BODY,SMALL,PAYLOAD,LARGE,3.00,43497,FENGYUN 2H AKM,5.00,28137,ESTRELA DU SOL-TELSTAR14,2025-09-13T15:28:29.973000
1150806190,2025-09-12 12:56:56.000000,Y,2715,,DEBRIS,MEDIUM,DEBRIS,MEDIUM,1.00,40785,ARIANE 2 DEB,1.00,33535,ARIANE 2 DEB,2025-09-12T12:45:45.000000
1150806191,2025-09-12 12:56:56.000000,Y,328,,DEBRIS,MEDIUM,DEBRIS,MEDIUM,1.00,40785,ARIANE 2 DEB,1.00,33535,ARIANE 2 DEB,2025-09-12T19:50:44.377000
1150806193,2025-09-12 12:56:56.000000,Y,330,,DEBRIS,MEDIUM,DEBRIS,MEDIUM,1.00,40785,ARIANE 2 DEB,1.00,33535,ARIANE 2 DEB,2025-09-13T05:45:13.244000
1150806195,2025-09-12 12:56:56.000000,Y,337,,DEBRIS,MEDIUM,DEBRIS,MEDIUM,1.00,40785,ARIANE 2 DEB,1.00,33535,ARIANE 2 DEB,2025-09-13T15:39:25.135000
1150806197,2025-09-12 12:56:56.000000,Y,347,,DEBRIS,MEDIUM,DEBRIS,MEDIUM,1.00,40785,ARIANE 2 DEB,1.00,33535,ARIANE 2 DEB,2025-09-14T01:33:23.087000
1150806199,2025-09-12 12:56:56.000000,Y,360,,DEBRIS,MEDIUM,DEBRIS,MEDIUM,1.00,40785,ARIANE 2 DEB,1.00,33535,ARIANE 2 DEB,2025-09-14T11:27:05.462000
1150806201,2025-09-12 12:56:56.000000,Y,376,,DEBRIS,MEDIUM,DEBRIS,MEDIUM,1.00,40785,ARIANE 2 DEB,1.00,33535,ARIANE 2 DEB,2025-09-14T21:20:33.263000
1150806203,2025-09-12 12:56:56.000000,Y,395,,DEBRIS,MEDIUM,DEBRIS,MEDIUM,1.00,40785,ARIANE 2 DEB,1.00,33535,ARIANE 2 DEB,2025-09-15T07:13:48.944000
1150806290,2025-09-12 12:56:56.000000,Y,4804,,DEBRIS,LARGE,ROCKET BODY,LARGE,1.00,40986,BREEZE-M DEB (TANK),3.00,15996,OPTUS A1 R/B(PAM-D),2025-09-12T18:08:21.162000
1150803903,2025-09-12 12:56:44.000000,Y,2715,,DEBRIS,MEDIUM,DEBRIS,MEDIUM,1.00,33535,ARIANE 2 DEB,1.00,40785,ARIANE 2 DEB,2025-09-12T12:45:45.000000
1150803912,2025-09-12 12:56:44.000000,Y,360,,DEBRIS,MEDIUM,DEBRIS,MEDIUM,1.00,33535,ARIANE 2 DEB,1.00,40785,ARIANE 2 DEB,2025-09-14T11:27:05.462000
1150803914,2025-09-12 12:56:44.000000,Y,376,,DEBRIS,MEDIUM,DEBRIS,MEDIUM,1.00,33535,ARIANE 2 DEB,1.00,40785,ARIANE 2 DEB,2025-09-14T21:20:33.263000
1150803904,2025-09-12 12:56:43.000000,Y,328,,DEBRIS,MEDIUM,DEBRIS,MEDIUM,1.00,33535,ARIANE 2 DEB,1.00,40785,ARIANE 2 DEB,2025-09-12T19:50:44.377000
1150803906,2025-09-12 12:56:43.000000,Y,330,,DEBRIS,MEDIUM,DEBRIS,MEDIUM,1.00,33535,ARIANE 2 DEB,1.00,40785,ARIANE 2 DEB,2025-09-13T05:45:13.244000
1150803908,2025-09-12 12:56:43.000000,Y,337,,DEBRIS,MEDIUM,DEBRIS,MEDIUM,1.00,33535,ARIANE 2 DEB,1.00,40785,ARIANE 2 DEB,2025-09-13T15:39:25.135000
1150803910,2025-09-12 12:56:43.000000,Y,347,,DEBRIS,MEDIUM,DEBRIS,MEDIUM,1.00,33535,ARIANE 2 DEB,1.00,40785,ARIANE 2 DEB,2025-09-14T01:33:23.087000
1150803916,2025-09-12 12:56:43.000000,Y,395,,DEBRIS,MEDIUM,DEBRIS,MEDIUM,1.00,33535,ARIANE 2 DEB,1.00,40785,ARIANE 2 DEB,2025-09-15T07:13:48.944000
1150802594,2025-09-12 12:56:37.000000,Y,3718,,PAYLOAD,LARGE,ROCKET BODY,SMALL,5.00,28137,ESTRELA DU SOL-TELSTAR14,3.00,43497,FENGYUN 2H AKM,2025-09-13T15:28:29.973000
1150802649,2025-09-12 12:56:36.000000,Y,2832,,ROCKET BODY,LARGE,ROCKET BODY,LARGE,3.00,28256,SL-12 R/B(2),3.00,27953,BLOCK DM-SL R/B,2025-09-13T00:35:46.604000
1150802576,2025-09-12 12:56:35.000000,Y,2832,,ROCKET BODY,LARGE,ROCKET BODY,LARGE,3.00,27953,BLOCK DM-SL R/B,3.00,28256,SL-12 R/B(2),2025-09-13T00:35:46.604000
1150802107,2025-09-12 12:56:29.000000,Y,2136,,PAYLOAD,LARGE,ROCKET BODY,LARGE,5.00,25595,COSMOS 2362 (GLONASS),3.00,23625,SL-12 R/B(2),2025-09-14T20:39:21.129000
1150801925,2025-09-12 12:56:27.000000,Y,2136,,ROCKET BODY,LARGE,PAYLOAD,LARGE,3.00,23625,SL-12 R/B(2),5.00,25595,COSMOS 2362 (GLONASS),2025-09-14T20:39:21.129000
1150801573,2025-09-12 12:56:23.000000,Y,1614,,PAYLOAD,LARGE,PAYLOAD,LARGE,5.00,22112,COSMOS 2209,5.00,18443,COSMOS 1894,2025-09-15T03:59:38.213000
1150801266,2025-09-12 12:56:20.000000,Y,662,,ROCKET BODY,MEDIUM,PAYLOAD,MEDIUM,3.00,18375,SL-12 R/B(AUX MOTOR),5.00,16396,COSMOS 1710 (GLONASS),2025-09-12T18:11:46.177000
1150801268,2025-09-12 12:56:20.000000,Y,1614,,PAYLOAD,LARGE,PAYLOAD,LARGE,5.00,18443,COSMOS 1894,5.00,22112,COSMOS 2209,2025-09-15T03:59:38.213000
1150801190,2025-09-12 12:56:19.000000,Y,662,,PAYLOAD,MEDIUM,ROCKET BODY,MEDIUM,5.00,16396,COSMOS 1710 (GLONASS),3.00,18375,SL-12 R/B(AUX MOTOR),2025-09-12T18:11:46.177000
1150801157,2025-09-12 12:56:18.000000,Y,4804,,ROCKET BODY,LARGE,DEBRIS,LARGE,3.00,15996,OPTUS A1 R/B(PAM-D),1.00,40986,BREEZE-M DEB (TANK),2025-09-12T18:08:21.162000
1150547041,2025-09-12 06:01:52.000000,Y,3838,,ROCKET BODY,SMALL,PAYLOAD,LARGE,3.00,43497,FENGYUN 2H AKM,5.00,28137,ESTRELA DU SOL-TELSTAR14,2025-09-13T15:28:29.939000
1150546708,2025-09-12 06:01:48.000000,Y,4639,,DEBRIS,LARGE,ROCKET BODY,LARGE,1.00,40986,BREEZE-M DEB (TANK),3.00,15996,OPTUS A1 R/B(PAM-D),2025-09-12T18:08:21.197000
1150546579,2025-09-12 06:01:47.000000,Y,329,,DEBRIS,MEDIUM,DEBRIS,MEDIUM,1.00,40785,ARIANE 2 DEB,1.00,33535,ARIANE 2 DEB,2025-09-12T09:55:59.111000
1150546581,2025-09-12 06:01:47.000000,Y,328,,DEBRIS,MEDIUM,DEBRIS,MEDIUM,1.00,40785,ARIANE 2 DEB,1.00,33535,ARIANE 2 DEB,2025-09-12T19:50:44.377000
1150546583,2025-09-12 06:01:47.000000,Y,330,,DEBRIS,MEDIUM,DEBRIS,MEDIUM,1.00,40785,ARIANE 2 DEB,1.00,33535,ARIANE 2 DEB,2025-09-13T05:45:13.244000
1150546585,2025-09-12 06:01:47.000000,Y,337,,DEBRIS,MEDIUM,DEBRIS,MEDIUM,1.00,40785,ARIANE 2 DEB,1.00,33535,ARIANE 2 DEB,2025-09-13T15:39:25.135000
1150546587,2025-09-12 06:01:47.000000,Y,347,,DEBRIS,MEDIUM,DEBRIS,MEDIUM,1.00,40785,ARIANE 2 DEB,1.00,33535,ARIANE 2 DEB,2025-09-14T01:33:23.087000
1150546589,2025-09-12 06:01:47.000000,Y,360,,DEBRIS,MEDIUM,DEBRIS,MEDIUM,1.00,40785,ARIANE 2 DEB,1.00,33535,ARIANE 2 DEB,2025-09-14T11:27:05.462000
1150546591,2025-09-12 06:01:47.000000,Y,376,,DEBRIS,MEDIUM,DEBRIS,MEDIUM,1.00,40785,ARIANE 2 DEB,1.00,33535,ARIANE 2 DEB,2025-09-14T21:20:33.263000
1150545516,2025-09-12 06:01:33.000000,Y,329,,DEBRIS,MEDIUM,DEBRIS,MEDIUM,1.00,33535,ARIANE 2 DEB,1.00,40785,ARIANE 2 DEB,2025-09-12T09:55:59.111000
1150545518,2025-09-12 06:01:33.000000,Y,328,,DEBRIS,MEDIUM,DEBRIS,MEDIUM,1.00,33535,ARIANE 2 DEB,1.00,40785,ARIANE 2 DEB,2025-09-12T19:50:44.377000
1150545520,2025-09-12 06:01:33.000000,Y,330,,DEBRIS,MEDIUM,DEBRIS,MEDIUM,1.00,33535,ARIANE 2 DEB,1.00,40785,ARIANE 2 DEB,2025-09-13T05:45:13.244000
1150545522,2025-09-12 06:01:33.000000,Y,337,,DEBRIS,MEDIUM,DEBRIS,MEDIUM,1.00,33535,ARIANE 2 DEB,1.00,40785,ARIANE 2 DEB,2025-09-13T15:39:25.135000
1150545524,2025-09-12 06:01:33.000000,Y,347,,DEBRIS,MEDIUM,DEBRIS,MEDIUM,1.00,33535,ARIANE 2 DEB,1.00,40785,ARIANE 2 DEB,2025-09-14T01:33:23.087000
1150545526,2025-09-12 06:01:33.000000,Y,360,,DEBRIS,MEDIUM,DEBRIS,MEDIUM,1.00,33535,ARIANE 2 DEB,1.00,40785,ARIANE 2 DEB,2025-09-14T11:27:05.462000
1150545528,2025-09-12 06:01:33.000000,Y,376,,DEBRIS,MEDIUM,DEBRIS,MEDIUM,1.00,33535,ARIANE 2 DEB,1.00,40785,ARIANE 2 DEB,2025-09-14T21:20:33.263000
1150544854,2025-09-12 06:01:25.000000,Y,2833,,ROCKET BODY,LARGE,ROCKET BODY,LARGE,3.00,28256,SL-12 R/B(2),3.00,27953,BLOCK DM-SL R/B,2025-09-13T00:35:46.602000
1150544801,2025-09-12 06:01:24.000000,Y,2833,,ROCKET BODY,LARGE,ROCKET BODY,LARGE,3.00,27953,BLOCK DM-SL R/B,3.00,28256,SL-12 R/B(2),2025-09-13T00:35:46.602000
1150544818,2025-09-12 06:01:24.000000,Y,3838,,PAYLOAD,LARGE,ROCKET BODY,SMALL,5.00,28137,ESTRELA DU SOL-TELSTAR14,3.00,43497,FENGYUN 2H AKM,2025-09-13T15:28:29.939000
1150544299,2025-09-12 06:01:18.000000,Y,2136,,PAYLOAD,LARGE,ROCKET BODY,LARGE,5.00,25595,COSMOS 2362 (GLONASS),3.00,23625,SL-12 R/B(2),2025-09-14T20:39:21.129000
1150544098,2025-09-12 06:01:15.000000,Y,2136,,ROCKET BODY,LARGE,PAYLOAD,LARGE,3.00,23625,SL-12 R/B(2),5.00,25595,COSMOS 2362 (GLONASS),2025-09-14T20:39:21.129000
1150543735,2025-09-12 06:01:11.000000,Y,1614,,PAYLOAD,LARGE,PAYLOAD,LARGE,5.00,22112,COSMOS 2209,5.00,18443,COSMOS 1894,2025-09-15T03:59:38.213000
1150543421,2025-09-12 06:01:07.000000,Y,662,,ROCKET BODY,MEDIUM,PAYLOAD,MEDIUM,3.00,18375,SL-12 R/B(AUX MOTOR),5.00,16396,COSMOS 1710 (GLONASS),2025-09-12T18:11:46.177000
1150543423,2025-09-12 06:01:07.000000,Y,1614,,PAYLOAD,LARGE,PAYLOAD,LARGE,5.00,18443,COSMOS 1894,5.00,22112,COSMOS 2209,2025-09-15T03:59:38.213000
1150543303,2025-09-12 06:01:05.000000,Y,4639,,ROCKET BODY,LARGE,DEBRIS,LARGE,3.00,15996,OPTUS A1 R/B(PAM-D),1.00,40986,BREEZE-M DEB (TANK),2025-09-12T18:08:21.197000
1150543341,2025-09-12 06:01:05.000000,Y,662,,PAYLOAD,MEDIUM,ROCKET BODY,MEDIUM,5.00,16396,COSMOS 1710 (GLONASS),3.00,18375,SL-12 R/B(AUX MOTOR),2025-09-12T18:11:46.177000
1150607782,2025-09-12 05:06:22.000000,Y,207,0.0004289151,DEBRIS,SMALL,UNKNOWN,SMALL,1.00,61488,CZ-6A DEB,3.00,270064,UNKNOWN,2025-09-14T14:23:08.609000
1150606910,2025-09-12 05:06:11.000000,Y,140,0.0001546051,DEBRIS,SMALL,DEBRIS,SMALL,1.00,61276,CZ-6A DEB,1.00,46974,IRIDIUM 33 DEB,2025-09-13T04:46:24.960000
1150606340,2025-09-12 05:06:05.000000,Y,265,0.0001309086,DEBRIS,SMALL,ROCKET BODY,LARGE,1.00,61166,CZ-6A DEB,3.00,43161,CZ-11 R/B,2025-09-12T11:55:29.901000
1150605996,2025-09-12 05:06:01.000000,Y,155,0.000284823,DEBRIS,SMALL,DEBRIS,SMALL,1.00,61084,CZ-6A DEB,1.00,35975,COSMOS 2251 DEB,2025-09-13T03:45:08.353000
1150604665,2025-09-12 05:05:47.000000,Y,111,0.0003558649,DEBRIS,MEDIUM,DEBRIS,SMALL,1.00,60699,CZ-6A DEB,1.00,42398,NOAA 16 DEB,2025-09-12T08:21:20.154000
1150537787,2025-09-12 04:58:28.000000,Y,140,0.0001546051,DEBRIS,SMALL,DEBRIS,SMALL,1.00,46974,IRIDIUM 33 DEB,1.00,61276,CZ-6A DEB,2025-09-13T04:46:24.960000
1150536327,2025-09-12 04:58:11.000000,Y,258,0.0001470779,DEBRIS,SMALL,PAYLOAD,MEDIUM,1.00,45509,METEOR 2-5 DEB,5.00,26061,JAWSAT,2025-09-13T22:43:41.332000
1150535519,2025-09-12 04:58:03.000000,Y,408,0.0004502728,DEBRIS,SMALL,UNKNOWN,SMALL,1.00,44610,CZ-2D DEB,5.00,42834,OBJECT K,2025-09-13T19:26:35.091000
1150519206,2025-09-12 04:57:22.000000,Y,265,0.0001309086,ROCKET BODY,LARGE,DEBRIS,SMALL,3.00,43161,CZ-11 R/B,1.00,61166,CZ-6A DEB,2025-09-12T11:55:29.901000
1150516307,2025-09-12 04:56:50.000000,Y,111,0.0003558649,DEBRIS,SMALL,DEBRIS,MEDIUM,1.00,42398,NOAA 16 DEB,1.00,60699,CZ-6A DEB,2025-09-12T08:21:20.154000
1150514684,2025-09-12 04:56:32.000000,Y,948,0.0001238218,DEBRIS,SMALL,PAYLOAD,LARGE,1.00,41408,NOAA 16 DEB,5.00,12645,INTERCOSMOS 22,2025-09-15T00:01:26.090000
1150512284,2025-09-12 04:56:04.000000,Y,56,0.0003401126,DEBRIS,SMALL,DEBRIS,SMALL,1.00,40413,DMSP 5D-2 F13 DEB,1.00,39660,COSMOS 1867 COOLANT,2025-09-13T10:33:15.676000
1150511041,2025-09-12 04:55:51.000000,Y,56,0.0003401126,DEBRIS,SMALL,DEBRIS,SMALL,1.00,39660,COSMOS 1867 COOLANT,1.00,40413,DMSP 5D-2 F13 DEB,2025-09-13T10:33:15.676000
1150506856,2025-09-12 04:54:39.000000,Y,230,0.0004598449,DEBRIS,SMALL,ROCKET BODY,LARGE,1.00,37044,FENGYUN 1C DEB,3.00,31793,SL-16 R/B,2025-09-14T08:00:55.825000
1150505003,2025-09-12 04:54:16.000000,Y,155,0.000284823,DEBRIS,SMALL,DEBRIS,SMALL,1.00,35975,COSMOS 2251 DEB,1.00,61084,CZ-6A DEB,2025-09-13T03:45:08.353000
1150501592,2025-09-12 04:53:38.000000,Y,208,0.0002647892,DEBRIS,MEDIUM,UNKNOWN,SMALL,1.00,34008,COSMOS 2251 DEB,3.00,270342,UNKNOWN,2025-09-12T15:27:31.394000
1150499700,2025-09-12 04:53:18.000000,Y,14,0.0001593169,DEBRIS,SMALL,DEBRIS,SMALL,1.00,32343,FENGYUN 1C DEB,1.00,64637,CZ-6A DEB,2025-09-12T09:51:17.723000
1150498845,2025-09-12 04:53:09.000000,Y,230,0.0004598449,ROCKET BODY,LARGE,DEBRIS,SMALL,3.00,31793,SL-16 R/B,1.00,37044,FENGYUN 1C DEB,2025-09-14T08:00:55.825000
1150494489,2025-09-12 04:52:23.000000,Y,83,0.0006034057,DEBRIS,SMALL,UNKNOWN,SMALL,1.00,30141,FENGYUN 1C DEB,3.00,81844,UNKNOWN,2025-09-14T01:50:40.368000
1150490462,2025-09-12 04:51:39.000000,Y,258,0.0001470779,PAYLOAD,MEDIUM,DEBRIS,SMALL,5.00,26061,JAWSAT,1.00,45509,METEOR 2-5 DEB,2025-09-13T22:43:41.332000
1150487335,2025-09-12 04:51:06.000000,Y,94,0.0003718082,DEBRIS,SMALL,UNKNOWN,MEDIUM,1.00,19479,COSMOS 252 DEB,5.00,57026,OBJECT Y,2025-09-13T03:18:48.963000
1150484851,2025-09-12 04:50:39.000000,Y,116,0.0005663985,DEBRIS,SMALL,PAYLOAD,MEDIUM,1.00,13525,DELTA 1 DEB,5.00,6266,COSMOS 531,2025-09-13T02:26:59.846000
1150484431,2025-09-12 04:50:34.000000,Y,271,0.0002025952,PAYLOAD,LARGE,UNKNOWN,MEDIUM,5.00,12987,COSMOS 1328,5.00,57012,OBJECT J,2025-09-13T11:08:33.168000
1150484242,2025-09-12 04:50:32.000000,Y,948,0.0001238218,PAYLOAD,LARGE,DEBRIS,SMALL,5.00,12645,INTERCOSMOS 22,1.00,41408,NOAA 16 DEB,2025-09-15T00:01:26.090000
1150482704,2025-09-12 04:50:16.000000,Y,116,0.0005663985,PAYLOAD,MEDIUM,DEBRIS,SMALL,5.00,6266,COSMOS 531,1.00,13525,DELTA 1 DEB,2025-09-13T02:26:59.846000
1150213723,2025-09-11 21:54:22.000000,Y,47,0.0004400829,DEBRIS,SMALL,UNKNOWN,SMALL,1.00,61488,CZ-6A DEB,3.00,270064,UNKNOWN,2025-09-14T14:23:08.468000
1150212786,2025-09-11 21:54:12.000000,Y,172,0.000124371,DEBRIS,SMALL,DEBRIS,SMALL,1.00,61276,CZ-6A DEB,1.00,46974,IRIDIUM 33 DEB,2025-09-13T04:46:24.811000
1150211819,2025-09-11 21:54:01.000000,Y,163,0.0002604266,DEBRIS,SMALL,DEBRIS,SMALL,1.00,61084,CZ-6A DEB,1.00,35975,COSMOS 2251 DEB,2025-09-13T03:45:08.275000
1150187252,2025-09-11 21:49:37.000000,Y,33,0.004819665,DEBRIS,SMALL,UNKNOWN,SMALL,1.00,54974,CZ-6A DEB,3.00,270209,UNKNOWN,2025-09-12T03:30:11.821000
1150185898,2025-09-11 21:49:22.000000,Y,209,0.0001821898,DEBRIS,SMALL,DEBRIS,SMALL,1.00,54506,CZ-6A DEB,1.00,30022,FENGYUN 1C DEB,2025-09-14T16:50:21.137000
1150185816,2025-09-11 21:49:21.000000,Y,585,0.000148643,DEBRIS,SMALL,PAYLOAD,MEDIUM,1.00,54479,CZ-6A DEB,5.00,716,TIROS 8,2025-09-14T08:24:25.143000
1150185817,2025-09-11 21:49:21.000000,Y,132,0.002180519,DEBRIS,SMALL,PAYLOAD,LARGE,1.00,54479,CZ-6A DEB,5.00,24841,IRIDIUM 16,2025-09-12T02:40:01.147000
1150185422,2025-09-11 21:49:17.000000,Y,285,0.0005614714,DEBRIS,SMALL,ROCKET BODY,LARGE,1.00,54345,CZ-6A DEB,3.00,14241,SL-8 R/B,2025-09-14T04:38:21.770000
1150177384,2025-09-11 21:47:48.000000,Y,496,0.0001033419,DEBRIS,SMALL,DEBRIS,SMALL,1.00,47974,CZ-2D DEB,1.00,37331,COSMOS 2251 DEB,2025-09-14T00:26:39.741000
1150175787,2025-09-11 21:47:31.000000,Y,172,0.000124371,DEBRIS,SMALL,DEBRIS,SMALL,1.00,46974,IRIDIUM 33 DEB,1.00,61276,CZ-6A DEB,2025-09-13T04:46:24.811000
1150174338,2025-09-11 21:47:14.000000,Y,259,0.0001142051,DEBRIS,SMALL,PAYLOAD,MEDIUM,1.00,45509,METEOR 2-5 DEB,5.00,26061,JAWSAT,2025-09-13T22:43:41.202000
1150174168,2025-09-11 21:47:12.000000,Y,965,0.0001033509,DEBRIS,SMALL,PAYLOAD,MEDIUM,1.00,45128,COSMOS 2491 DEB *,5.00,21527,REX,2025-09-13T08:59:43.319000
1150161916,2025-09-11 21:44:52.000000,Y,229,0.0001054252,DEBRIS,SMALL,DEBRIS,SMALL,1.00,40413,DMSP 5D-2 F13 DEB,1.00,39660,COSMOS 1867 COOLANT,2025-09-13T10:33:15.624000
1150160938,2025-09-11 21:44:41.000000,Y,145,0.0002432069,DEBRIS,SMALL,DEBRIS,SMALL,1.00,39911,SL-16 DEB,1.00,12694,COSMOS 1275 DEB,2025-09-12T02:58:06.911000
1150160600,2025-09-11 21:44:37.000000,Y,229,0.0001054252,DEBRIS,SMALL,DEBRIS,SMALL,1.00,39660,COSMOS 1867 COOLANT,1.00,40413,DMSP 5D-2 F13 DEB,2025-09-13T10:33:15.624000
1150156854,2025-09-11 21:43:54.000000,Y,496,0.0001033419,DEBRIS,SMALL,DEBRIS,SMALL,1.00,37331,COSMOS 2251 DEB,1.00,47974,CZ-2D DEB,2025-09-14T00:26:39.741000
1150156486,2025-09-11 21:43:49.000000,Y,535,0.0001673409,DEBRIS,SMALL,ROCKET BODY,LARGE,1.00,37044,FENGYUN 1C DEB,3.00,31793,SL-16 R/B,2025-09-14T08:00:55.621000
1150154726,2025-09-11 21:43:29.000000,Y,163,0.0002604266,DEBRIS,SMALL,DEBRIS,SMALL,1.00,35975,COSMOS 2251 DEB,1.00,61084,CZ-6A DEB,2025-09-13T03:45:08.275000
1150151949,2025-09-11 21:42:41.000000,Y,650,0.0002205006,DEBRIS,SMALL,UNKNOWN,SMALL,1.00,34410,COSMOS 2251 DEB,5.00,43761,OBJECT D,2025-09-12T19:13:06.503000
1150151271,2025-09-11 21:42:31.000000,Y,521,0.0001157071,DEBRIS,MEDIUM,UNKNOWN,SMALL,1.00,34008,COSMOS 2251 DEB,3.00,270342,UNKNOWN,2025-09-12T15:27:31.369000
1150148502,2025-09-11 21:41:53.000000,Y,535,0.0001673409,ROCKET BODY,LARGE,DEBRIS,SMALL,3.00,31793,SL-16 R/B,1.00,37044,FENGYUN 1C DEB,2025-09-14T08:00:55.621000
1150144120,2025-09-11 21:40:44.000000,Y,143,0.0003603486,DEBRIS,SMALL,UNKNOWN,SMALL,1.00,30141,FENGYUN 1C DEB,3.00,81844,UNKNOWN,2025-09-14T01:50:40.029000
1150143788,2025-09-11 21:40:40.000000,Y,209,0.0001821898,DEBRIS,SMALL,DEBRIS,SMALL,1.00,30022,FENGYUN 1C DEB,1.00,54506,CZ-6A DEB,2025-09-14T16:50:21.137000
1150142526,2025-09-11 21:40:20.000000,Y,221,0.0001672086,DEBRIS,SMALL,UNKNOWN,MEDIUM,1.00,29042,CZ-4 DEB,5.00,63291,OBJECT A,2025-09-14T09:52:43.707000
1150139997,2025-09-11 21:39:47.000000,Y,259,0.0001142051,PAYLOAD,MEDIUM,DEBRIS,SMALL,5.00,26061,JAWSAT,1.00,45509,METEOR 2-5 DEB,2025-09-13T22:43:41.202000
1150139158,2025-09-11 21:39:37.000000,Y,132,0.002180519,PAYLOAD,LARGE,DEBRIS,SMALL,5.00,24841,IRIDIUM 16,1.00,54479,CZ-6A DEB,2025-09-12T02:40:01.147000
1150138559,2025-09-11 21:39:32.000000,Y,295,0.00017447,ROCKET BODY,LARGE,DEBRIS,SMALL,3.00,23324,IRS P2 R/B,1.00,13811,COSMOS 1275 DEB,2025-09-14T02:01:37.256000
1150138563,2025-09-11 21:39:32.000000,Y,120,0.0002849397,ROCKET BODY,LARGE,UNKNOWN,SMALL,3.00,23324,IRS P2 R/B,3.00,270316,UNKNOWN,2025-09-12T15:17:29.945000
1150138019,2025-09-11 21:39:25.000000,Y,4,0.1715821,PAYLOAD,LARGE,DEBRIS,SMALL,5.00,22307,COSMOS 2230,1.00,12768,COSMOS 1275 DEB,2025-09-11T20:34:18.402000
1150137713,2025-09-11 21:39:21.000000,Y,965,0.0001033509,PAYLOAD,MEDIUM,DEBRIS,SMALL,5.00,21527,REX,1.00,45128,COSMOS 2491 DEB *,2025-09-13T08:59:43.319000
1150136836,2025-09-11 21:39:12.000000,Y,41,0.0003219225,DEBRIS,SMALL,UNKNOWN,MEDIUM,1.00,19479,COSMOS 252 DEB,5.00,57026,OBJECT Y,2025-09-13T03:18:48.814000
1150134822,2025-09-11 21:38:48.000000,Y,285,0.0005614714,ROCKET BODY,LARGE,DEBRIS,SMALL,3.00,14241,SL-8 R/B,1.00,54345,CZ-6A DEB,2025-09-14T04:38:21.770000
1150134398,2025-09-11 21:38:43.000000,Y,295,0.00017447,DEBRIS,SMALL,ROCKET BODY,LARGE,1.00,13811,COSMOS 1275 DEB,3.00,23324,IRS P2 R/B,2025-09-14T02:01:37.256000
1150134190,2025-09-11 21:38:39.000000,Y,129,0.0004669227,DEBRIS,SMALL,PAYLOAD,MEDIUM,1.00,13525,DELTA 1 DEB,5.00,6266,COSMOS 531,2025-09-13T02:26:59.844000
1150133602,2025-09-11 21:38:33.000000,Y,145,0.0002432069,DEBRIS,SMALL,DEBRIS,SMALL,1.00,12694,COSMOS 1275 DEB,1.00,39911,SL-16 DEB,2025-09-12T02:58:06.911000
1150133778,2025-09-11 21:38:33.000000,Y,290,0.0002514662,PAYLOAD,LARGE,UNKNOWN,MEDIUM,5.00,12987,COSMOS 1328,5.00,57012,OBJECT J,2025-09-13T11:08:32.925000
1150133687,2025-09-11 21:38:32.000000,Y,4,0.1715821,DEBRIS,SMALL,PAYLOAD,LARGE,1.00,12768,COSMOS 1275 DEB,5.00,22307,COSMOS 2230,2025-09-11T20:34:18.402000
1150131944,2025-09-11 21:38:14.000000,Y,129,0.0004669227,PAYLOAD,MEDIUM,DEBRIS,SMALL,5.00,6266,COSMOS 531,1.00,13525,DELTA 1 DEB,2025-09-13T02:26:59.844000
1150129776,2025-09-11 21:37:51.000000,Y,585,0.000148643,PAYLOAD,MEDIUM,DEBRIS,SMALL,5.00,716,TIROS 8,1.00,54479,CZ-6A DEB,2025-09-14T08:24:25.143000
1150090107,2025-09-11 20:41:28.000000,Y,4386,,DEBRIS,SMALL,DEBRIS,SMALL,1.00,61991,INTELSAT 33E DEB,1.00,32987,SATCOM 3 DEB,2025-09-12T04:26:18.841000
1150085318,2025-09-11 20:41:11.000000,Y,4178,,ROCKET BODY,SMALL,PAYLOAD,LARGE,3.00,43497,FENGYUN 2H AKM,5.00,28137,ESTRELA DU SOL-TELSTAR14,2025-09-13T15:28:29.868000
1150085020,2025-09-11 20:41:00.000000,Y,4610,,DEBRIS,LARGE,ROCKET BODY,LARGE,1.00,40986,BREEZE-M DEB (TANK),3.00,15996,OPTUS A1 R/B(PAM-D),2025-09-12T18:08:21.195000
1150083564,2025-09-11 20:40:29.000000,Y,336,,DEBRIS,MEDIUM,DEBRIS,MEDIUM,1.00,33535,ARIANE 2 DEB,1.00,40785,ARIANE 2 DEB,2025-09-12T00:00:55.491000
1150083566,2025-09-11 20:40:29.000000,Y,329,,DEBRIS,MEDIUM,DEBRIS,MEDIUM,1.00,33535,ARIANE 2 DEB,1.00,40785,ARIANE 2 DEB,2025-09-12T09:55:59.246000
1150083568,2025-09-11 20:40:29.000000,Y,324,,DEBRIS,MEDIUM,DEBRIS,MEDIUM,1.00,33535,ARIANE 2 DEB,1.00,40785,ARIANE 2 DEB,2025-09-12T19:50:56.988000
1150083570,2025-09-11 20:40:29.000000,Y,322,,DEBRIS,MEDIUM,DEBRIS,MEDIUM,1.00,33535,ARIANE 2 DEB,1.00,40785,ARIANE 2 DEB,2025-09-13T05:45:45.299000
1150083572,2025-09-11 20:40:29.000000,Y,322,,DEBRIS,MEDIUM,DEBRIS,MEDIUM,1.00,33535,ARIANE 2 DEB,1.00,40785,ARIANE 2 DEB,2025-09-13T15:40:21.921000
1150083574,2025-09-11 20:40:29.000000,Y,326,,DEBRIS,MEDIUM,DEBRIS,MEDIUM,1.00,33535,ARIANE 2 DEB,1.00,40785,ARIANE 2 DEB,2025-09-14T01:34:47.104000
1150083576,2025-09-11 20:40:29.000000,Y,332,,DEBRIS,MEDIUM,DEBRIS,MEDIUM,1.00,33535,ARIANE 2 DEB,1.00,40785,ARIANE 2 DEB,2025-09-14T11:29:00.957000
1150083474,2025-09-11 20:40:27.000000,Y,4386,,DEBRIS,SMALL,DEBRIS,SMALL,1.00,32987,SATCOM 3 DEB,1.00,61991,INTELSAT 33E DEB,2025-09-12T04:26:18.841000
1150082965,2025-09-11 20:40:12.000000,Y,4178,,PAYLOAD,LARGE,ROCKET BODY,SMALL,5.00,28137,ESTRELA DU SOL-TELSTAR14,3.00,43497,FENGYUN 2H AKM,2025-09-13T15:28:29.868000
1150082991,2025-09-11 20:40:12.000000,Y,2845,,ROCKET BODY,LARGE,ROCKET BODY,LARGE,3.00,28256,SL-12 R/B(2),3.00,27953,BLOCK DM-SL R/B,2025-09-13T00:35:46.514000
1150082947,2025-09-11 20:40:10.000000,Y,2845,,ROCKET BODY,LARGE,ROCKET BODY,LARGE,3.00,27953,BLOCK DM-SL R/B,3.00,28256,SL-12 R/B(2),2025-09-13T00:35:46.514000
1150082529,2025-09-11 20:39:55.000000,Y,2136,,PAYLOAD,LARGE,ROCKET BODY,LARGE,5.00,25595,COSMOS 2362 (GLONASS),3.00,23625,SL-12 R/B(2),2025-09-14T20:39:21.130000
1150082366,2025-09-11 20:39:51.000000,Y,2136,,ROCKET BODY,LARGE,PAYLOAD,LARGE,3.00,23625,SL-12 R/B(2),5.00,25595,COSMOS 2362 (GLONASS),2025-09-14T20:39:21.130000
1150081764,2025-09-11 20:39:32.000000,Y,663,,ROCKET BODY,MEDIUM,PAYLOAD,MEDIUM,3.00,18375,SL-12 R/B(AUX MOTOR),5.00,16396,COSMOS 1710 (GLONASS),2025-09-12T18:11:46.177000
1150081656,2025-09-11 20:39:30.000000,Y,4610,,ROCKET BODY,LARGE,DEBRIS,LARGE,3.00,15996,OPTUS A1 R/B(PAM-D),1.00,40986,BREEZE-M DEB (TANK),2025-09-12T18:08:21.195000
1150081689,2025-09-11 20:39:30.000000,Y,663,,PAYLOAD,MEDIUM,ROCKET BODY,MEDIUM,5.00,16396,COSMOS 1710 (GLONASS),3.00,18375,SL-12 R/B(AUX MOTOR),2025-09-12T18:11:46.177000
1149796511,2025-09-11 12:05:41.000000,Y,56,0.001353151,DEBRIS,SMALL,UNKNOWN,SMALL,1.00,54974,CZ-6A DEB,3.00,270209,UNKNOWN,2025-09-12T03:30:11.878000
1149796454,2025-09-11 12:05:40.000000,Y,140,0.0001585563,DEBRIS,SMALL,UNKNOWN,SMALL,1.00,54947,CZ-6A DEB,5.00,44885,OBJECT G,2025-09-11T14:58:09.219000
1149795045,2025-09-11 12:05:20.000000,Y,132,0.0006020372,DEBRIS,SMALL,PAYLOAD,LARGE,1.00,54479,CZ-6A DEB,5.00,24841,IRIDIUM 16,2025-09-12T02:40:01.190000
1149749458,2025-09-11 11:58:18.000000,Y,7,0.0009506625,DEBRIS,,DEBRIS,SMALL,1.00,38818,FENGYUN 1C DEB,1.00,31903,FENGYUN 1C DEB,2025-09-11T13:58:14.350000
1149748725,2025-09-11 11:58:09.000000,Y,85,0.0001565562,DEBRIS,SMALL,DEBRIS,SMALL,1.00,38285,METEOR 2-17 DEB,1.00,42551,THORAD AGENA D DEB,2025-09-11T18:52:13.882000
1149748462,2025-09-11 11:58:04.000000,Y,192,0.0001300317,DEBRIS,SMALL,ROCKET BODY,LARGE,1.00,38122,FENGYUN 1C DEB,3.00,19120,SL-16 R/B,2025-09-13T14:54:40.920000
1149747089,2025-09-11 11:57:47.000000,Y,472,0.0001085173,DEBRIS,SMALL,DEBRIS,SMALL,1.00,37028,FENGYUN 1C DEB,1.00,31192,FENGYUN 1C DEB,2025-09-12T02:24:40.938000
1149747096,2025-09-11 11:57:46.000000,Y,131,0.0004902822,DEBRIS,SMALL,ROCKET BODY,LARGE,1.00,37044,FENGYUN 1C DEB,3.00,31793,SL-16 R/B,2025-09-14T08:00:55.886000
1149747043,2025-09-11 11:57:45.000000,Y,960,0.0002728587,DEBRIS,,ROCKET BODY,LARGE,1.00,36935,COSMOS 1818 COOLANT,3.00,25942,CZ-4B R/B,2025-09-13T19:04:17.036000
1149745045,2025-09-11 11:57:19.000000,Y,222,0.000197523,DEBRIS,SMALL,DEBRIS,SMALL,1.00,35674,COSMOS 2251 DEB,1.00,17642,COSMOS 1275 DEB,2025-09-12T05:15:49.961000
1149742075,2025-09-11 11:56:26.000000,Y,65,0.000297325,DEBRIS,MEDIUM,UNKNOWN,SMALL,1.00,34008,COSMOS 2251 DEB,3.00,270342,UNKNOWN,2025-09-12T15:27:31.410000
1149715800,2025-09-11 11:55:54.000000,Y,7,0.0009506625,DEBRIS,SMALL,DEBRIS,,1.00,31903,FENGYUN 1C DEB,1.00,38818,FENGYUN 1C DEB,2025-09-11T13:58:14.350000
1149715595,2025-09-11 11:55:51.000000,Y,131,0.0004902822,ROCKET BODY,LARGE,DEBRIS,SMALL,3.00,31793,SL-16 R/B,1.00,37044,FENGYUN 1C DEB,2025-09-14T08:00:55.886000
1149714046,2025-09-11 11:55:32.000000,Y,472,0.0001085173,DEBRIS,SMALL,DEBRIS,SMALL,1.00,31192,FENGYUN 1C DEB,1.00,37028,FENGYUN 1C DEB,2025-09-12T02:24:40.938000
1149709844,2025-09-11 11:54:39.000000,Y,708,0.0001643675,DEBRIS,SMALL,UNKNOWN,MEDIUM,1.00,29042,CZ-4 DEB,5.00,63291,OBJECT A,2025-09-14T09:52:44.089000
1149707229,2025-09-11 11:54:06.000000,Y,960,0.0002728587,ROCKET BODY,LARGE,DEBRIS,,3.00,25942,CZ-4B R/B,1.00,36935,COSMOS 1818 COOLANT,2025-09-13T19:04:17.036000
1149706475,2025-09-11 11:53:57.000000,Y,132,0.0006020372,PAYLOAD,LARGE,DEBRIS,SMALL,5.00,24841,IRIDIUM 16,1.00,54479,CZ-6A DEB,2025-09-12T02:40:01.190000
1149705336,2025-09-11 11:53:43.000000,Y,6,0.1603642,PAYLOAD,LARGE,DEBRIS,SMALL,5.00,22307,COSMOS 2230,1.00,12768,COSMOS 1275 DEB,2025-09-11T20:34:18.407000
1149704184,2025-09-11 11:53:29.000000,Y,191,0.0002765233,DEBRIS,SMALL,UNKNOWN,MEDIUM,1.00,19479,COSMOS 252 DEB,5.00,57026,OBJECT Y,2025-09-13T03:18:48.955000
1149703961,2025-09-11 11:53:26.000000,Y,192,0.0001300317,ROCKET BODY,LARGE,DEBRIS,SMALL,3.00,19120,SL-16 R/B,1.00,38122,FENGYUN 1C DEB,2025-09-13T14:54:40.920000
1149703389,2025-09-11 11:53:19.000000,Y,222,0.000197523,DEBRIS,SMALL,DEBRIS,SMALL,1.00,17642,COSMOS 1275 DEB,1.00,35674,COSMOS 2251 DEB,2025-09-12T05:15:49.961000
1149701658,2025-09-11 11:52:59.000000,Y,138,0.0003600699,DEBRIS,SMALL,PAYLOAD,MEDIUM,1.00,13525,DELTA 1 DEB,5.00,6266,COSMOS 531,2025-09-13T02:26:59.843000
1149701175,2025-09-11 11:52:54.000000,Y,6,0.1603642,DEBRIS,SMALL,PAYLOAD,LARGE,1.00,12768,COSMOS 1275 DEB,5.00,22307,COSMOS 2230,2025-09-11T20:34:18.407000
1149701244,2025-09-11 11:52:53.000000,Y,590,0.0009989075,PAYLOAD,LARGE,UNKNOWN,MEDIUM,5.00,12987,COSMOS 1328,5.00,57012,OBJECT J,2025-09-13T11:08:33.221000
1149701088,2025-09-11 11:52:52.000000,Y,135,0.0002377146,DEBRIS,SMALL,DEBRIS,SMALL,1.00,12694,COSMOS 1275 DEB,1.00,39911,SL-16 DEB,2025-09-12T02:58:06.911000
1149699536,2025-09-11 11:52:33.000000,Y,138,0.0003600699,PAYLOAD,MEDIUM,DEBRIS,SMALL,5.00,6266,COSMOS 531,1.00,13525,DELTA 1 DEB,2025-09-13T02:26:59.843000
1149365796,2025-09-11 04:45:23.000000,Y,74,0.0001523135,DEBRIS,SMALL,DEBRIS,SMALL,1.00,55204,CZ-6A DEB,1.00,1829,TITAN 3C TRANSTAGE DEB,2025-09-11T06:25:51.135000
1149364505,2025-09-11 04:45:12.000000,Y,69,0.0006791862,DEBRIS,SMALL,UNKNOWN,SMALL,1.00,54974,CZ-6A DEB,3.00,270209,UNKNOWN,2025-09-12T03:30:11.897000
1149364441,2025-09-11 04:45:11.000000,Y,439,0.0001001487,DEBRIS,SMALL,UNKNOWN,SMALL,1.00,54947,CZ-6A DEB,5.00,44885,OBJECT G,2025-09-11T14:58:09.262000
1149364447,2025-09-11 04:45:11.000000,Y,73,0.0002125732,DEBRIS,SMALL,ROCKET BODY,LARGE,1.00,54951,CZ-6A DEB,3.00,47241,FALCON 9 R/B,2025-09-11T05:34:19.149000
1149363093,2025-09-11 04:45:00.000000,Y,242,0.0005126151,DEBRIS,SMALL,PAYLOAD,LARGE,1.00,54479,CZ-6A DEB,5.00,24841,IRIDIUM 16,2025-09-12T02:40:01.223000
1149363159,2025-09-11 04:45:00.000000,Y,82,0.00012149,DEBRIS,SMALL,DEBRIS,SMALL,1.00,54506,CZ-6A DEB,1.00,42158,COSMOS 1275 DEB,2025-09-11T10:40:00.175000
1149343290,2025-09-11 04:42:20.000000,Y,66,0.0001968238,DEBRIS,SMALL,DEBRIS,SMALL,1.00,42551,THORAD AGENA D DEB,1.00,38285,METEOR 2-17 DEB,2025-09-11T18:52:13.877000
1149342695,2025-09-11 04:42:16.000000,Y,250,0.0001928331,DEBRIS,SMALL,PAYLOAD,MEDIUM,1.00,42319,DMSP 5D-2 F13 DEB,5.00,25482,ORBCOMM FM 28,2025-09-11T10:49:23.841000
1149342489,2025-09-11 04:42:14.000000,Y,136,0.0001419219,DEBRIS,SMALL,ROCKET BODY,LARGE,1.00,42209,COSMOS 1275 DEB,3.00,13758,SL-8 R/B,2025-09-13T07:54:40.430000
1149342436,2025-09-11 04:42:13.000000,Y,82,0.00012149,DEBRIS,SMALL,DEBRIS,SMALL,1.00,42158,COSMOS 1275 DEB,1.00,54506,CZ-6A DEB,2025-09-11T10:40:00.175000
1149338965,2025-09-11 04:41:43.000000,Y,72,0.0001117166,DEBRIS,SMALL,DEBRIS,SMALL,1.00,40413,DMSP 5D-2 F13 DEB,1.00,39660,COSMOS 1867 COOLANT,2025-09-13T10:33:15.713000
1149337883,2025-09-11 04:41:35.000000,Y,139,0.0002350731,DEBRIS,SMALL,DEBRIS,SMALL,1.00,39911,SL-16 DEB,1.00,12694,COSMOS 1275 DEB,2025-09-12T02:58:06.912000
1149337580,2025-09-11 04:41:32.000000,Y,72,0.0001117166,DEBRIS,SMALL,DEBRIS,SMALL,1.00,39660,COSMOS 1867 COOLANT,1.00,40413,DMSP 5D-2 F13 DEB,2025-09-13T10:33:15.713000
1149335799,2025-09-11 04:41:17.000000,Y,129,0.000108656,DEBRIS,SMALL,DEBRIS,MEDIUM,1.00,38656,METEOR 2-17 DEB,1.00,29993,FENGYUN 1C DEB,2025-09-11T15:08:02.754000
1149335375,2025-09-11 04:41:14.000000,Y,66,0.0001968238,DEBRIS,SMALL,DEBRIS,SMALL,1.00,38285,METEOR 2-17 DEB,1.00,42551,THORAD AGENA D DEB,2025-09-11T18:52:13.877000
1149335100,2025-09-11 04:41:11.000000,Y,236,0.0002008486,DEBRIS,SMALL,ROCKET BODY,LARGE,1.00,38122,FENGYUN 1C DEB,3.00,19120,SL-16 R/B,2025-09-13T14:54:40.963000
1149328467,2025-09-11 04:40:17.000000,Y,185,0.000303767,DEBRIS,MEDIUM,UNKNOWN,SMALL,1.00,34008,COSMOS 2251 DEB,3.00,270342,UNKNOWN,2025-09-12T15:27:31.431000
1149320835,2025-09-11 04:39:13.000000,Y,129,0.000108656,DEBRIS,MEDIUM,DEBRIS,SMALL,1.00,29993,FENGYUN 1C DEB,1.00,38656,METEOR 2-17 DEB,2025-09-11T15:08:02.754000
1149319164,2025-09-11 04:38:59.000000,Y,398,0.0004982015,ROCKET BODY,LARGE,UNKNOWN,MEDIUM,3.00,28415,CZ-4B R/B,5.00,63991,OBJECT K,2025-09-12T23:24:52.894000
1149318346,2025-09-11 04:38:53.000000,Y,755,0.0001628368,ROCKET BODY,LARGE,DEBRIS,SMALL,3.00,27466,SL-8 R/B,1.00,20285,COSMOS 1823 DEB,2025-09-13T07:08:59.423000
1149316810,2025-09-11 04:38:41.000000,Y,250,0.0001928331,PAYLOAD,MEDIUM,DEBRIS,SMALL,5.00,25482,ORBCOMM FM 28,1.00,42319,DMSP 5D-2 F13 DEB,2025-09-11T10:49:23.841000
1149316278,2025-09-11 04:38:36.000000,Y,242,0.0005126151,PAYLOAD,LARGE,DEBRIS,SMALL,5.00,24841,IRIDIUM 16,1.00,54479,CZ-6A DEB,2025-09-12T02:40:01.223000
1149315650,2025-09-11 04:38:31.000000,Y,379,0.0001459812,DEBRIS,MEDIUM,UNKNOWN,LARGE,1.00,23250,DMSP 5D-2 F12 DEB,5.00,60089,OBJECT B,2025-09-14T04:21:19.190000
1149315750,2025-09-11 04:38:31.000000,Y,956,0.000140288,PAYLOAD,MEDIUM,UNKNOWN,SMALL,5.00,23465,FAISAT,3.00,270204,UNKNOWN,2025-09-13T13:12:59.192000
1149315129,2025-09-11 04:38:27.000000,Y,3,0.1634979,PAYLOAD,LARGE,DEBRIS,SMALL,5.00,22307,COSMOS 2230,1.00,12768,COSMOS 1275 DEB,2025-09-11T20:34:18.408000
1149314043,2025-09-11 04:38:18.000000,Y,755,0.0001628368,DEBRIS,SMALL,ROCKET BODY,LARGE,1.00,20285,COSMOS 1823 DEB,3.00,27466,SL-8 R/B,2025-09-13T07:08:59.423000
1149313712,2025-09-11 04:38:16.000000,Y,236,0.0002008486,ROCKET BODY,LARGE,DEBRIS,SMALL,3.00,19120,SL-16 R/B,1.00,38122,FENGYUN 1C DEB,2025-09-13T14:54:40.963000
1149313907,2025-09-11 04:38:16.000000,Y,363,0.0002497671,DEBRIS,SMALL,UNKNOWN,MEDIUM,1.00,19479,COSMOS 252 DEB,5.00,57026,OBJECT Y,2025-09-13T03:18:49.264000
1149312579,2025-09-11 04:38:05.000000,Y,539,0.0001832475,DEBRIS,MEDIUM,PAYLOAD,LARGE,1.00,16205,COSMOS 1375 DEB,5.00,8860,P 76-5,2025-09-14T03:17:18.003000
1149311412,2025-09-11 04:37:55.000000,Y,136,0.0001419219,ROCKET BODY,LARGE,DEBRIS,SMALL,3.00,13758,SL-8 R/B,1.00,42209,COSMOS 1275 DEB,2025-09-13T07:54:40.430000
1149311334,2025-09-11 04:37:54.000000,Y,158,0.0003033201,DEBRIS,SMALL,PAYLOAD,MEDIUM,1.00,13525,DELTA 1 DEB,5.00,6266,COSMOS 531,2025-09-13T02:26:59.841000
1149310840,2025-09-11 04:37:50.000000,Y,3,0.1634979,DEBRIS,SMALL,PAYLOAD,LARGE,1.00,12768,COSMOS 1275 DEB,5.00,22307,COSMOS 2230,2025-09-11T20:34:18.408000
1149310915,2025-09-11 04:37:50.000000,Y,318,0.0002404682,PAYLOAD,LARGE,UNKNOWN,MEDIUM,5.00,12987,COSMOS 1328,5.00,57012,OBJECT J,2025-09-13T11:08:33.611000
1149310750,2025-09-11 04:37:49.000000,Y,139,0.0002350731,DEBRIS,SMALL,DEBRIS,SMALL,1.00,12694,COSMOS 1275 DEB,1.00,39911,SL-16 DEB,2025-09-12T02:58:06.912000
1149309555,2025-09-11 04:37:38.000000,Y,539,0.0001832475,PAYLOAD,LARGE,DEBRIS,MEDIUM,5.00,8860,P 76-5,1.00,16205,COSMOS 1375 DEB,2025-09-14T03:17:18.003000
1149309100,2025-09-11 04:37:35.000000,Y,158,0.0003033201,PAYLOAD,MEDIUM,DEBRIS,SMALL,5.00,6266,COSMOS 531,1.00,13525,DELTA 1 DEB,2025-09-13T02:26:59.841000
1149307132,2025-09-11 04:37:19.000000,Y,74,0.0001523135,DEBRIS,SMALL,DEBRIS,SMALL,1.00,1829,TITAN 3C TRANSTAGE DEB,1.00,55204,CZ-6A DEB,2025-09-11T06:25:51.135000
1149240290,2025-09-11 03:41:44.000000,Y,4086,,ROCKET BODY,SMALL,PAYLOAD,LARGE,3.00,43497,FENGYUN 2H AKM,5.00,28137,ESTRELA DU SOL-TELSTAR14,2025-09-13T15:28:29.939000
1149239859,2025-09-11 03:41:39.000000,Y,4425,,DEBRIS,LARGE,ROCKET BODY,LARGE,1.00,40986,BREEZE-M DEB (TANK),3.00,15996,OPTUS A1 R/B(PAM-D),2025-09-12T18:08:21.270000
1149237758,2025-09-11 03:41:23.000000,Y,2873,,ROCKET BODY,LARGE,ROCKET BODY,LARGE,3.00,27953,BLOCK DM-SL R/B,3.00,28256,SL-12 R/B(2),2025-09-13T00:35:46.634000
1149237774,2025-09-11 03:41:23.000000,Y,4086,,PAYLOAD,LARGE,ROCKET BODY,SMALL,5.00,28137,ESTRELA DU SOL-TELSTAR14,3.00,43497,FENGYUN 2H AKM,2025-09-13T15:28:29.939000
1149237813,2025-09-11 03:41:23.000000,Y,2873,,ROCKET BODY,LARGE,ROCKET BODY,LARGE,3.00,28256,SL-12 R/B(2),3.00,27953,BLOCK DM-SL R/B,2025-09-13T00:35:46.634000
1149236998,2025-09-11 03:41:16.000000,Y,4975,,PAYLOAD,LARGE,PAYLOAD,LARGE,5.00,23398,COSMOS 2294 (GLONASS),5.00,23205,COSMOS 2288 (GLONASS),2025-09-11T12:07:13.361000
1149236740,2025-09-11 03:41:14.000000,Y,4975,,PAYLOAD,LARGE,PAYLOAD,LARGE,5.00,23205,COSMOS 2288 (GLONASS),5.00,23398,COSMOS 2294 (GLONASS),2025-09-11T12:07:13.361000
1149236197,2025-09-11 03:41:09.000000,Y,4425,,ROCKET BODY,LARGE,DEBRIS,LARGE,3.00,15996,OPTUS A1 R/B(PAM-D),1.00,40986,BREEZE-M DEB (TANK),2025-09-12T18:08:21.270000
1149236244,2025-09-11 03:41:09.000000,Y,4397,,PAYLOAD,MEDIUM,ROCKET BODY,MEDIUM,5.00,16396,COSMOS 1710 (GLONASS),3.00,18375,SL-12 R/B(AUX MOTOR),2025-09-12T18:11:46.425000
1149236338,2025-09-11 03:41:09.000000,Y,4397,,ROCKET BODY,MEDIUM,PAYLOAD,MEDIUM,3.00,18375,SL-12 R/B(AUX MOTOR),5.00,16396,COSMOS 1710 (GLONASS),2025-09-12T18:11:46.425000
1148983754,2025-09-10 22:52:59.000000,Y,112,0.0001542549,DEBRIS,SMALL,DEBRIS,SMALL,1.00,55189,CZ-6A DEB,1.00,36345,METEOR 2-8 DEB,2025-09-11T02:16:50.512000
1149022528,2025-09-10 22:52:46.000000,Y,87,0.0003840045,DEBRIS,SMALL,UNKNOWN,SMALL,1.00,54974,CZ-6A DEB,3.00,270209,UNKNOWN,2025-09-12T03:30:11.902000
1149021094,2025-09-10 22:52:29.000000,Y,284,0.0004431028,DEBRIS,SMALL,PAYLOAD,LARGE,1.00,54479,CZ-6A DEB,5.00,24841,IRIDIUM 16,2025-09-12T02:40:01.217000
1148981851,2025-09-10 22:48:59.000000,Y,66,0.0001968238,DEBRIS,SMALL,DEBRIS,SMALL,1.00,42551,THORAD AGENA D DEB,1.00,38285,METEOR 2-17 DEB,2025-09-11T18:52:13.877000
1148981022,2025-09-10 22:48:50.000000,Y,134,0.0001433328,DEBRIS,SMALL,ROCKET BODY,LARGE,1.00,42209,COSMOS 1275 DEB,3.00,13758,SL-8 R/B,2025-09-13T07:54:40.428000
1148977372,2025-09-10 22:48:13.000000,Y,63,0.0001663051,DEBRIS,SMALL,DEBRIS,SMALL,1.00,40413,DMSP 5D-2 F13 DEB,1.00,39660,COSMOS 1867 COOLANT,2025-09-13T10:33:15.712000
1148976206,2025-09-10 22:48:01.000000,Y,177,0.0002071836,DEBRIS,SMALL,DEBRIS,SMALL,1.00,39911,SL-16 DEB,1.00,12694,COSMOS 1275 DEB,2025-09-12T02:58:06.919000
1148975883,2025-09-10 22:47:58.000000,Y,63,0.0001663051,DEBRIS,SMALL,DEBRIS,SMALL,1.00,39660,COSMOS 1867 COOLANT,1.00,40413,DMSP 5D-2 F13 DEB,2025-09-13T10:33:15.712000
1148974025,2025-09-10 22:47:38.000000,Y,129,0.0001071581,DEBRIS,SMALL,DEBRIS,MEDIUM,1.00,38656,METEOR 2-17 DEB,1.00,29993,FENGYUN 1C DEB,2025-09-11T15:08:02.755000
1148973556,2025-09-10 22:47:34.000000,Y,66,0.0001968238,DEBRIS,SMALL,DEBRIS,SMALL,1.00,38285,METEOR 2-17 DEB,1.00,42551,THORAD AGENA D DEB,2025-09-11T18:52:13.877000
1148972509,2025-09-10 22:47:31.000000,Y,238,0.0002015509,DEBRIS,SMALL,ROCKET BODY,LARGE,1.00,38122,FENGYUN 1C DEB,3.00,19120,SL-16 R/B,2025-09-13T14:54:40.962000
1148970057,2025-09-10 22:47:03.000000,Y,112,0.0001542549,DEBRIS,SMALL,DEBRIS,SMALL,1.00,36345,METEOR 2-8 DEB,1.00,55189,CZ-6A DEB,2025-09-11T02:16:50.512000
1148968994,2025-09-10 22:46:44.000000,Y,306,0.0001747857,DEBRIS,SMALL,DEBRIS,SMALL,1.00,35674,COSMOS 2251 DEB,1.00,17642,COSMOS 1275 DEB,2025-09-12T05:15:50.051000
1148958414,2025-09-10 22:44:35.000000,Y,391,0.0003015245,DEBRIS,SMALL,ROCKET BODY,LARGE,1.00,30168,FENGYUN 1C DEB,3.00,694,ATLAS CENTAUR 2 R/B,2025-09-13T03:57:14.006000
1148957971,2025-09-10 22:44:30.000000,Y,129,0.0001071581,DEBRIS,MEDIUM,DEBRIS,SMALL,1.00,29993,FENGYUN 1C DEB,1.00,38656,METEOR 2-17 DEB,2025-09-11T15:08:02.755000
1148956309,2025-09-10 22:44:08.000000,Y,45,0.0001738292,ROCKET BODY,LARGE,UNKNOWN,LARGE,3.00,28415,CZ-4B R/B,5.00,63991,OBJECT K,2025-09-12T23:24:52.958000
1148955456,2025-09-10 22:43:59.000000,Y,800,0.0001639303,ROCKET BODY,LARGE,DEBRIS,SMALL,3.00,27466,SL-8 R/B,1.00,20285,COSMOS 1823 DEB,2025-09-13T07:08:59.420000
1148953271,2025-09-10 22:43:36.000000,Y,284,0.0004431028,PAYLOAD,LARGE,DEBRIS,SMALL,5.00,24841,IRIDIUM 16,1.00,54479,CZ-6A DEB,2025-09-12T02:40:01.217000
1148952737,2025-09-10 22:43:30.000000,Y,952,0.0001460981,PAYLOAD,MEDIUM,UNKNOWN,SMALL,5.00,23465,FAISAT,3.00,270204,UNKNOWN,2025-09-13T13:12:59.192000
1148952084,2025-09-10 22:43:23.000000,Y,7,0.1323402,PAYLOAD,LARGE,DEBRIS,SMALL,5.00,22307,COSMOS 2230,1.00,12768,COSMOS 1275 DEB,2025-09-11T20:34:18.409000
1148950927,2025-09-10 22:43:11.000000,Y,800,0.0001639303,DEBRIS,SMALL,ROCKET BODY,LARGE,1.00,20285,COSMOS 1823 DEB,3.00,27466,SL-8 R/B,2025-09-13T07:08:59.420000
1148950828,2025-09-10 22:43:09.000000,Y,317,0.0002395739,DEBRIS,SMALL,UNKNOWN,MEDIUM,1.00,19479,COSMOS 252 DEB,5.00,57026,OBJECT Y,2025-09-13T03:18:49.253000
1148950627,2025-09-10 22:43:07.000000,Y,238,0.0002015509,ROCKET BODY,LARGE,DEBRIS,SMALL,3.00,19120,SL-16 R/B,1.00,38122,FENGYUN 1C DEB,2025-09-13T14:54:40.962000
1148949970,2025-09-10 22:43:00.000000,Y,306,0.0001747857,DEBRIS,SMALL,DEBRIS,SMALL,1.00,17642,COSMOS 1275 DEB,1.00,35674,COSMOS 2251 DEB,2025-09-12T05:15:50.051000
1148948168,2025-09-10 22:42:40.000000,Y,160,0.0002902645,DEBRIS,SMALL,PAYLOAD,MEDIUM,1.00,13525,DELTA 1 DEB,5.00,6266,COSMOS 531,2025-09-13T02:26:59.841000
1148948249,2025-09-10 22:42:40.000000,Y,134,0.0001433328,ROCKET BODY,LARGE,DEBRIS,SMALL,3.00,13758,SL-8 R/B,1.00,42209,COSMOS 1275 DEB,2025-09-13T07:54:40.428000
1148947703,2025-09-10 22:42:34.000000,Y,7,0.1323402,DEBRIS,SMALL,PAYLOAD,LARGE,1.00,12768,COSMOS 1275 DEB,5.00,22307,COSMOS 2230,2025-09-11T20:34:18.409000
1148947596,2025-09-10 22:42:33.000000,Y,177,0.0002071836,DEBRIS,SMALL,DEBRIS,SMALL,1.00,12694,COSMOS 1275 DEB,1.00,39911,SL-16 DEB,2025-09-12T02:58:06.919000
1148945884,2025-09-10 22:42:11.000000,Y,160,0.0002902645,PAYLOAD,MEDIUM,DEBRIS,SMALL,5.00,6266,COSMOS 531,1.00,13525,DELTA 1 DEB,2025-09-13T02:26:59.841000
1148943699,2025-09-10 22:41:47.000000,Y,391,0.0003015245,ROCKET BODY,LARGE,DEBRIS,SMALL,3.00,694,ATLAS CENTAUR 2 R/B,1.00,30168,FENGYUN 1C DEB,2025-09-13T03:57:14.006000
1148933519,2025-09-10 21:47:26.000000,Y,3449,,DEBRIS,SMALL,DEBRIS,SMALL,1.00,61991,INTELSAT 33E DEB,1.00,32987,SATCOM 3 DEB,2025-09-12T04:26:17.254000
1148929673,2025-09-10 21:47:21.000000,Y,4042,,ROCKET BODY,SMALL,PAYLOAD,LARGE,3.00,43497,FENGYUN 2H AKM,5.00,28137,ESTRELA DU SOL-TELSTAR14,2025-09-13T15:28:29.931000
1148929293,2025-09-10 21:47:18.000000,Y,4442,,DEBRIS,LARGE,ROCKET BODY,LARGE,1.00,40986,BREEZE-M DEB (TANK),3.00,15996,OPTUS A1 R/B(PAM-D),2025-09-12T18:08:21.268000
1148928217,2025-09-10 21:47:08.000000,Y,3449,,DEBRIS,SMALL,DEBRIS,SMALL,1.00,32987,SATCOM 3 DEB,1.00,61991,INTELSAT 33E DEB,2025-09-12T04:26:17.254000
1148927701,2025-09-10 21:47:03.000000,Y,4042,,PAYLOAD,LARGE,ROCKET BODY,SMALL,5.00,28137,ESTRELA DU SOL-TELSTAR14,3.00,43497,FENGYUN 2H AKM,2025-09-13T15:28:29.931000
1148927734,2025-09-10 21:47:03.000000,Y,2871,,ROCKET BODY,LARGE,ROCKET BODY,LARGE,3.00,28256,SL-12 R/B(2),3.00,27953,BLOCK DM-SL R/B,2025-09-13T00:35:46.635000
1148927687,2025-09-10 21:47:02.000000,Y,2871,,ROCKET BODY,LARGE,ROCKET BODY,LARGE,3.00,27953,BLOCK DM-SL R/B,3.00,28256,SL-12 R/B(2),2025-09-13T00:35:46.635000
1148927063,2025-09-10 21:46:56.000000,Y,3819,,PAYLOAD,LARGE,PAYLOAD,LARGE,5.00,23398,COSMOS 2294 (GLONASS),5.00,23205,COSMOS 2288 (GLONASS),2025-09-11T00:51:29.080000
1148926840,2025-09-10 21:46:54.000000,Y,3819,,PAYLOAD,LARGE,PAYLOAD,LARGE,5.00,23205,COSMOS 2288 (GLONASS),5.00,23398,COSMOS 2294 (GLONASS),2025-09-11T00:51:29.080000
1148926418,2025-09-10 21:46:51.000000,Y,4397,,PAYLOAD,MEDIUM,ROCKET BODY,MEDIUM,5.00,16396,COSMOS 1710 (GLONASS),3.00,18375,SL-12 R/B(AUX MOTOR),2025-09-12T18:11:46.425000
1148926495,2025-09-10 21:46:51.000000,Y,4397,,ROCKET BODY,MEDIUM,PAYLOAD,MEDIUM,3.00,18375,SL-12 R/B(AUX MOTOR),5.00,16396,COSMOS 1710 (GLONASS),2025-09-12T18:11:46.425000
1148926378,2025-09-10 21:46:50.000000,Y,4442,,ROCKET BODY,LARGE,DEBRIS,LARGE,3.00,15996,OPTUS A1 R/B(PAM-D),1.00,40986,BREEZE-M DEB (TANK),2025-09-12T18:08:21.268000
1148681035,2025-09-10 12:41:36.000000,Y,63,0.0001735962,DEBRIS,SMALL,PAYLOAD,LARGE,1.00,61839,CZ-6A DEB,5.00,19256,COSMOS 1954,2025-09-12T21:37:36.894000
1148676276,2025-09-10 12:40:36.000000,Y,59,0.0001586314,DEBRIS,SMALL,UNKNOWN,SMALL,1.00,60783,CZ-6A DEB,3.00,270170,UNKNOWN,2025-09-11T08:00:10.431000
1148656193,2025-09-10 12:36:23.000000,Y,378,0.0001052961,DEBRIS,SMALL,PAYLOAD,LARGE,1.00,56640,CZ-6A DEB,5.00,10744,COSMOS 996,2025-09-10T17:04:57.680000
1148654566,2025-09-10 12:36:02.000000,Y,158,0.000110206,DEBRIS,SMALL,DEBRIS,SMALL,1.00,55218,CZ-6A DEB,1.00,33601,FENGYUN 1C DEB,2025-09-11T06:34:16.319000
1148654451,2025-09-10 12:36:00.000000,Y,110,0.0001651377,DEBRIS,SMALL,DEBRIS,SMALL,1.00,55189,CZ-6A DEB,1.00,36345,METEOR 2-8 DEB,2025-09-11T02:16:50.461000
1148613120,2025-09-10 12:35:45.000000,Y,98,0.0004873743,DEBRIS,SMALL,UNKNOWN,SMALL,1.00,54974,CZ-6A DEB,3.00,270209,UNKNOWN,2025-09-12T03:30:11.700000
1148632409,2025-09-10 12:31:30.000000,Y,32,0.0001669309,DEBRIS,SMALL,DEBRIS,SMALL,1.00,42551,THORAD AGENA D DEB,1.00,38285,METEOR 2-17 DEB,2025-09-11T18:52:13.823000
1148628067,2025-09-10 12:30:36.000000,Y,521,0.0001004417,DEBRIS,SMALL,DEBRIS,SMALL,1.00,40413,DMSP 5D-2 F13 DEB,1.00,39660,COSMOS 1867 COOLANT,2025-09-13T10:33:15.521000
1148626954,2025-09-10 12:30:23.000000,Y,219,0.0001797288,DEBRIS,SMALL,DEBRIS,SMALL,1.00,39911,SL-16 DEB,1.00,12694,COSMOS 1275 DEB,2025-09-12T02:58:06.916000
1148626607,2025-09-10 12:30:18.000000,Y,521,0.0001004417,DEBRIS,SMALL,DEBRIS,SMALL,1.00,39660,COSMOS 1867 COOLANT,1.00,40413,DMSP 5D-2 F13 DEB,2025-09-13T10:33:15.521000
1148625542,2025-09-10 12:30:02.000000,Y,310,0.0001300387,DEBRIS,SMALL,DEBRIS,MEDIUM,1.00,39300,SL-16 DEB,1.00,30063,FENGYUN 1C DEB,2025-09-13T01:07:10.343000
1148624300,2025-09-10 12:29:47.000000,Y,464,0.0008490488,DEBRIS,SMALL,PAYLOAD,LARGE,1.00,38289,METEOR 2-8 DEB,5.00,25394,RESURS O1-N4,2025-09-13T10:09:04.120000
1148624277,2025-09-10 12:29:46.000000,Y,32,0.0001669309,DEBRIS,SMALL,DEBRIS,SMALL,1.00,38285,METEOR 2-17 DEB,1.00,42551,THORAD AGENA D DEB,2025-09-11T18:52:13.823000
1148624076,2025-09-10 12:29:44.000000,Y,307,0.0002953386,DEBRIS,SMALL,ROCKET BODY,LARGE,1.00,38166,FENGYUN 1C DEB,3.00,28050,PSLV R/B,2025-09-11T14:16:47.124000
1148621648,2025-09-10 12:29:14.000000,Y,110,0.0001651377,DEBRIS,SMALL,DEBRIS,SMALL,1.00,36345,METEOR 2-8 DEB,1.00,55189,CZ-6A DEB,2025-09-11T02:16:50.461000
1148620406,2025-09-10 12:28:59.000000,Y,852,0.000229474,DEBRIS,SMALL,PAYLOAD,LARGE,1.00,35580,COSMOS 2251 DEB,5.00,10120,COSMOS 923,2025-09-13T07:40:31.569000
1148616346,2025-09-10 12:28:09.000000,Y,158,0.000110206,DEBRIS,SMALL,DEBRIS,SMALL,1.00,33601,FENGYUN 1C DEB,1.00,55218,CZ-6A DEB,2025-09-11T06:34:16.319000
1148602724,2025-09-10 12:27:26.000000,Y,481,0.001221778,DEBRIS,SMALL,PAYLOAD,LARGE,1.00,31131,CZ-4 DEB,5.00,18095,COSMOS 1850,2025-09-12T16:12:31.376000
1148599625,2025-09-10 12:26:26.000000,Y,310,0.0001300387,DEBRIS,MEDIUM,DEBRIS,SMALL,1.00,30063,FENGYUN 1C DEB,1.00,39300,SL-16 DEB,2025-09-13T01:07:10.343000
1148597318,2025-09-10 12:25:58.000000,Y,307,0.0002953386,ROCKET BODY,LARGE,DEBRIS,SMALL,3.00,28050,PSLV R/B,1.00,38166,FENGYUN 1C DEB,2025-09-11T14:16:47.124000
1148596994,2025-09-10 12:25:54.000000,Y,741,0.0001628164,ROCKET BODY,LARGE,DEBRIS,SMALL,3.00,27466,SL-8 R/B,1.00,20285,COSMOS 1823 DEB,2025-09-13T07:08:59.410000
1148595316,2025-09-10 12:25:34.000000,Y,585,0.0002277471,ROCKET BODY,LARGE,DEBRIS,SMALL,3.00,25261,ARIANE 40 R/B,1.00,13562,DELTA 1 DEB,2025-09-12T19:51:58.969000
1148595392,2025-09-10 12:25:34.000000,Y,464,0.0008490488,PAYLOAD,LARGE,DEBRIS,SMALL,5.00,25394,RESURS O1-N4,1.00,38289,METEOR 2-8 DEB,2025-09-13T10:09:04.120000
1148572647,2025-09-10 12:25:15.000000,Y,354,0.0003191838,ROCKET BODY,LARGE,UNKNOWN,SMALL,3.00,23324,IRS P2 R/B,3.00,270316,UNKNOWN,2025-09-12T15:17:29.835000
1148572550,2025-09-10 12:25:14.000000,Y,41,0.03833542,PAYLOAD,LARGE,PAYLOAD,LARGE,5.00,23001,COSMOS 2270,5.00,21031,COSMOS 2117,2025-09-10T22:25:44.101000
1148572064,2025-09-10 12:25:08.000000,Y,8,0.09042405,PAYLOAD,LARGE,DEBRIS,SMALL,5.00,22307,COSMOS 2230,1.00,12768,COSMOS 1275 DEB,2025-09-11T20:34:18.394000
1148571521,2025-09-10 12:25:01.000000,Y,41,0.03833542,PAYLOAD,LARGE,PAYLOAD,LARGE,5.00,21031,COSMOS 2117,5.00,23001,COSMOS 2270,2025-09-10T22:25:44.101000
1148570972,2025-09-10 12:24:55.000000,Y,741,0.0001628164,DEBRIS,SMALL,ROCKET BODY,LARGE,1.00,20285,COSMOS 1823 DEB,3.00,27466,SL-8 R/B,2025-09-13T07:08:59.410000
1148570874,2025-09-10 12:24:53.000000,Y,40,0.0001216966,DEBRIS,SMALL,UNKNOWN,MEDIUM,1.00,19479,COSMOS 252 DEB,5.00,57026,OBJECT Y,2025-09-13T03:18:48.032000
1148570738,2025-09-10 12:24:52.000000,Y,63,0.0001735962,PAYLOAD,LARGE,DEBRIS,SMALL,5.00,19256,COSMOS 1954,1.00,61839,CZ-6A DEB,2025-09-12T21:37:36.894000
1148570209,2025-09-10 12:24:45.000000,Y,481,0.001221778,PAYLOAD,LARGE,DEBRIS,SMALL,5.00,18095,COSMOS 1850,1.00,31131,CZ-4 DEB,2025-09-12T16:12:31.376000
1148569454,2025-09-10 12:24:35.000000,Y,840,0.0001037619,PAYLOAD,LARGE,DEBRIS,SMALL,5.00,16139,COSMOS 1691,1.00,45172,COSMOS 2491 DEB,2025-09-11T22:45:31.758000
1148568208,2025-09-10 12:24:20.000000,Y,585,0.0002277471,DEBRIS,SMALL,ROCKET BODY,LARGE,1.00,13562,DELTA 1 DEB,3.00,25261,ARIANE 40 R/B,2025-09-12T19:51:58.969000
1148567768,2025-09-10 12:24:15.000000,Y,8,0.09042405,DEBRIS,SMALL,PAYLOAD,LARGE,1.00,12768,COSMOS 1275 DEB,5.00,22307,COSMOS 2230,2025-09-11T20:34:18.394000
1148567836,2025-09-10 12:24:15.000000,Y,720,0.000262148,PAYLOAD,LARGE,UNKNOWN,MEDIUM,5.00,12987,COSMOS 1328,5.00,57012,OBJECT J,2025-09-13T11:08:32.291000
1148567674,2025-09-10 12:24:13.000000,Y,219,0.0001797288,DEBRIS,SMALL,DEBRIS,SMALL,1.00,12694,COSMOS 1275 DEB,1.00,39911,SL-16 DEB,2025-09-12T02:58:06.916000
1148567041,2025-09-10 12:24:06.000000,Y,378,0.0001052961,PAYLOAD,LARGE,DEBRIS,SMALL,5.00,10744,COSMOS 996,1.00,56640,CZ-6A DEB,2025-09-10T17:04:57.680000
1148566816,2025-09-10 12:24:03.000000,Y,852,0.000229474,PAYLOAD,LARGE,DEBRIS,SMALL,5.00,10120,COSMOS 923,1.00,35580,COSMOS 2251 DEB,2025-09-13T07:40:31.569000
1148502576,2025-09-10 11:20:29.000000,Y,3339,,DEBRIS,SMALL,DEBRIS,SMALL,1.00,61991,INTELSAT 33E DEB,1.00,32987,SATCOM 3 DEB,2025-09-12T04:26:17.138000
1148496464,2025-09-10 11:20:23.000000,Y,4813,,DEBRIS,LARGE,ROCKET BODY,LARGE,1.00,40986,BREEZE-M DEB (TANK),3.00,15996,OPTUS A1 R/B(PAM-D),2025-09-12T18:08:21.094000
1148495362,2025-09-10 11:20:15.000000,Y,3339,,DEBRIS,SMALL,DEBRIS,SMALL,1.00,32987,SATCOM 3 DEB,1.00,61991,INTELSAT 33E DEB,2025-09-12T04:26:17.138000
1148494833,2025-09-10 11:20:11.000000,Y,2888,,ROCKET BODY,LARGE,ROCKET BODY,LARGE,3.00,27953,BLOCK DM-SL R/B,3.00,28256,SL-12 R/B(2),2025-09-13T00:35:46.549000
1148494873,2025-09-10 11:20:11.000000,Y,2888,,ROCKET BODY,LARGE,ROCKET BODY,LARGE,3.00,28256,SL-12 R/B(2),3.00,27953,BLOCK DM-SL R/B,2025-09-13T00:35:46.549000
1148494157,2025-09-10 11:20:05.000000,Y,2384,,PAYLOAD,LARGE,PAYLOAD,LARGE,5.00,23398,COSMOS 2294 (GLONASS),5.00,23205,COSMOS 2288 (GLONASS),2025-09-10T13:35:44.870000
1148494158,2025-09-10 11:20:05.000000,Y,3819,,PAYLOAD,LARGE,PAYLOAD,LARGE,5.00,23398,COSMOS 2294 (GLONASS),5.00,23205,COSMOS 2288 (GLONASS),2025-09-11T00:51:29.080000
1148493945,2025-09-10 11:20:03.000000,Y,2384,,PAYLOAD,LARGE,PAYLOAD,LARGE,5.00,23205,COSMOS 2288 (GLONASS),5.00,23398,COSMOS 2294 (GLONASS),2025-09-10T13:35:44.870000
1148493946,2025-09-10 11:20:03.000000,Y,3819,,PAYLOAD,LARGE,PAYLOAD,LARGE,5.00,23205,COSMOS 2288 (GLONASS),5.00,23398,COSMOS 2294 (GLONASS),2025-09-11T00:51:29.080000
1148493783,2025-09-10 11:20:02.000000,Y,1489,,PAYLOAD,LARGE,ROCKET BODY,MEDIUM,5.00,21038,RADUGA 1-2,3.00,14548,SL-12 R/B(2),2025-09-10T19:45:22.794000
1148493496,2025-09-10 11:20:00.000000,Y,4896,,PAYLOAD,MEDIUM,ROCKET BODY,MEDIUM,5.00,16396,COSMOS 1710 (GLONASS),3.00,18375,SL-12 R/B(AUX MOTOR),2025-09-12T18:11:46.621000
1148493575,2025-09-10 11:20:00.000000,Y,4896,,ROCKET BODY,MEDIUM,PAYLOAD,MEDIUM,3.00,18375,SL-12 R/B(AUX MOTOR),5.00,16396,COSMOS 1710 (GLONASS),2025-09-12T18:11:46.621000
1148493461,2025-09-10 11:19:59.000000,Y,4813,,ROCKET BODY,LARGE,DEBRIS,LARGE,3.00,15996,OPTUS A1 R/B(PAM-D),1.00,40986,BREEZE-M DEB (TANK),2025-09-12T18:08:21.094000
1148493333,2025-09-10 11:19:58.000000,Y,1489,,ROCKET BODY,MEDIUM,PAYLOAD,LARGE,3.00,14548,SL-12 R/B(2),5.00,21038,RADUGA 1-2,2025-09-10T19:45:22.794000
1148245067,2025-09-10 04:46:22.000000,Y,302,0.0001295772,DEBRIS,SMALL,DEBRIS,SMALL,1.00,39911,SL-16 DEB,1.00,12694,COSMOS 1275 DEB,2025-09-12T02:58:06.946000
1148244700,2025-09-10 04:46:19.000000,Y,104,0.0003831723,DEBRIS,SMALL,DEBRIS,SMALL,1.00,39642,COSMOS 1867 COOLANT,1.00,56589,CZ-6A DEB,2025-09-11T01:59:20.762000
1148242866,2025-09-10 04:45:58.000000,Y,117,0.000133929,DEBRIS,SMALL,DEBRIS,MEDIUM,1.00,38656,METEOR 2-17 DEB,1.00,29993,FENGYUN 1C DEB,2025-09-11T15:08:02.774000
1148239697,2025-09-10 04:45:22.000000,Y,114,0.0001507387,DEBRIS,SMALL,DEBRIS,SMALL,1.00,36345,METEOR 2-8 DEB,1.00,55189,CZ-6A DEB,2025-09-11T02:16:50.557000
1148230907,2025-09-10 04:43:28.000000,Y,371,0.0001675485,DEBRIS,SMALL,ROCKET BODY,LARGE,1.00,31268,FENGYUN 1C DEB,3.00,7210,SL-3 R/B,2025-09-11T04:57:19.235000
1148228408,2025-09-10 04:42:59.000000,Y,520,0.000114407,DEBRIS,SMALL,PAYLOAD,SMALL,1.00,30448,FENGYUN 1C DEB,5.00,28455,RITE TARGET 2,2025-09-11T13:34:42.722000
1148227765,2025-09-10 04:42:53.000000,Y,919,0.0001370671,DEBRIS,SMALL,ROCKET BODY,LARGE,1.00,30168,FENGYUN 1C DEB,3.00,694,ATLAS CENTAUR 2 R/B,2025-09-13T03:57:14.230000
1148227309,2025-09-10 04:42:47.000000,Y,117,0.000133929,DEBRIS,MEDIUM,DEBRIS,SMALL,1.00,29993,FENGYUN 1C DEB,1.00,38656,METEOR 2-17 DEB,2025-09-11T15:08:02.774000
1148225664,2025-09-10 04:42:30.000000,Y,520,0.000114407,PAYLOAD,SMALL,DEBRIS,SMALL,5.00,28455,RITE TARGET 2,1.00,30448,FENGYUN 1C DEB,2025-09-11T13:34:42.722000
1148221857,2025-09-10 04:41:29.000000,Y,13,0.1064231,PAYLOAD,LARGE,PAYLOAD,LARGE,5.00,23001,COSMOS 2270,5.00,21031,COSMOS 2117,2025-09-10T22:25:44.104000
1148221381,2025-09-10 04:41:24.000000,Y,10,0.09065733,PAYLOAD,LARGE,DEBRIS,SMALL,5.00,22307,COSMOS 2230,1.00,12768,COSMOS 1275 DEB,2025-09-11T20:34:18.410000
1148220823,2025-09-10 04:41:18.000000,Y,13,0.1064231,PAYLOAD,LARGE,PAYLOAD,LARGE,5.00,21031,COSMOS 2117,5.00,23001,COSMOS 2270,2025-09-10T22:25:44.104000
1148220115,2025-09-10 04:41:11.000000,Y,469,0.0001323709,DEBRIS,SMALL,UNKNOWN,MEDIUM,1.00,19479,COSMOS 252 DEB,5.00,57026,OBJECT Y,2025-09-13T03:18:49.465000
1148216909,2025-09-10 04:40:35.000000,Y,302,0.0001295772,DEBRIS,SMALL,DEBRIS,SMALL,1.00,12694,COSMOS 1275 DEB,1.00,39911,SL-16 DEB,2025-09-12T02:58:06.946000
1148217006,2025-09-10 04:40:35.000000,Y,10,0.09065733,DEBRIS,SMALL,PAYLOAD,LARGE,1.00,12768,COSMOS 1275 DEB,5.00,22307,COSMOS 2230,2025-09-11T20:34:18.410000
1148215327,2025-09-10 04:40:17.000000,Y,371,0.0001675485,ROCKET BODY,LARGE,DEBRIS,SMALL,3.00,7210,SL-3 R/B,1.00,31268,FENGYUN 1C DEB,2025-09-11T04:57:19.235000
1148212936,2025-09-10 04:39:52.000000,Y,919,0.0001370671,ROCKET BODY,LARGE,DEBRIS,SMALL,3.00,694,ATLAS CENTAUR 2 R/B,1.00,30168,FENGYUN 1C DEB,2025-09-13T03:57:14.230000
1147962726,2025-09-10 03:48:12.000000,Y,4751,,DEBRIS,LARGE,ROCKET BODY,LARGE,1.00,40986,BREEZE-M DEB (TANK),3.00,15996,OPTUS A1 R/B(PAM-D),2025-09-12T18:08:21.246000
1147961935,2025-09-10 03:48:04.000000,Y,4467,,ROCKET BODY,LARGE,ROCKET BODY,MEDIUM,3.00,37253,FALCON 9 R/B,3.00,4790,SL-12 R/B(AUX MOTOR),2025-09-11T17:22:42.871000
1147960736,2025-09-10 03:47:53.000000,Y,2894,,ROCKET BODY,LARGE,ROCKET BODY,LARGE,3.00,27953,BLOCK DM-SL R/B,3.00,28256,SL-12 R/B(2),2025-09-13T00:35:46.538000
1147960783,2025-09-10 03:47:52.000000,Y,2894,,ROCKET BODY,LARGE,ROCKET BODY,LARGE,3.00,28256,SL-12 R/B(2),3.00,27953,BLOCK DM-SL R/B,2025-09-13T00:35:46.538000
1147959990,2025-09-10 03:47:45.000000,Y,2384,,PAYLOAD,LARGE,PAYLOAD,LARGE,5.00,23398,COSMOS 2294 (GLONASS),5.00,23205,COSMOS 2288 (GLONASS),2025-09-10T13:35:44.869000
1147959991,2025-09-10 03:47:45.000000,Y,3819,,PAYLOAD,LARGE,PAYLOAD,LARGE,5.00,23398,COSMOS 2294 (GLONASS),5.00,23205,COSMOS 2288 (GLONASS),2025-09-11T00:51:29.080000
1147959749,2025-09-10 03:47:42.000000,Y,2384,,PAYLOAD,LARGE,PAYLOAD,LARGE,5.00,23205,COSMOS 2288 (GLONASS),5.00,23398,COSMOS 2294 (GLONASS),2025-09-10T13:35:44.869000
1147959750,2025-09-10 03:47:42.000000,Y,3819,,PAYLOAD,LARGE,PAYLOAD,LARGE,5.00,23205,COSMOS 2288 (GLONASS),5.00,23398,COSMOS 2294 (GLONASS),2025-09-11T00:51:29.080000
1147959658,2025-09-10 03:47:41.000000,Y,4779,,PAYLOAD,LARGE,PAYLOAD,MEDIUM,5.00,22057,COSMOS 2204 (GLONASS),5.00,14978,COSMOS 1555 (GLONASS),2025-09-10T10:45:07.392000
1147959552,2025-09-10 03:47:40.000000,Y,1455,,PAYLOAD,LARGE,ROCKET BODY,MEDIUM,5.00,21038,RADUGA 1-2,3.00,14548,SL-12 R/B(2),2025-09-10T19:45:22.800000
1147959306,2025-09-10 03:47:38.000000,Y,4891,,ROCKET BODY,MEDIUM,PAYLOAD,MEDIUM,3.00,18375,SL-12 R/B(AUX MOTOR),5.00,16396,COSMOS 1710 (GLONASS),2025-09-12T18:11:46.623000
1147959220,2025-09-10 03:47:37.000000,Y,4891,,PAYLOAD,MEDIUM,ROCKET BODY,MEDIUM,5.00,16396,COSMOS 1710 (GLONASS),3.00,18375,SL-12 R/B(AUX MOTOR),2025-09-12T18:11:46.623000
1147959174,2025-09-10 03:47:36.000000,Y,4751,,ROCKET BODY,LARGE,DEBRIS,LARGE,3.00,15996,OPTUS A1 R/B(PAM-D),1.00,40986,BREEZE-M DEB (TANK),2025-09-12T18:08:21.246000
1147959039,2025-09-10 03:47:35.000000,Y,1455,,ROCKET BODY,MEDIUM,PAYLOAD,LARGE,3.00,14548,SL-12 R/B(2),5.00,21038,RADUGA 1-2,2025-09-10T19:45:22.800000
1147959077,2025-09-10 03:47:35.000000,Y,4779,,PAYLOAD,MEDIUM,PAYLOAD,LARGE,5.00,14978,COSMOS 1555 (GLONASS),5.00,22057,COSMOS 2204 (GLONASS),2025-09-10T10:45:07.392000
1147696943,2025-09-09 23:31:31.000000,Y,234,0.0001344698,DEBRIS,SMALL,UNKNOWN,SMALL,1.00,60783,CZ-6A DEB,3.00,270170,UNKNOWN,2025-09-11T08:00:10.480000
1147696881,2025-09-09 23:31:30.000000,Y,53,0.0002631563,DEBRIS,SMALL,DEBRIS,SMALL,1.00,60771,CZ-6A DEB,1.00,37312,COSMOS 2251 DEB,2025-09-09T23:47:02.118000
1147664472,2025-09-09 23:27:22.000000,Y,227,0.0001374058,DEBRIS,SMALL,UNKNOWN,SMALL,1.00,55888,CZ-6A DEB,3.00,270086,UNKNOWN,2025-09-11T14:49:43.559000
1147663781,2025-09-09 23:27:15.000000,Y,114,0.0001507387,DEBRIS,SMALL,DEBRIS,SMALL,1.00,55189,CZ-6A DEB,1.00,36345,METEOR 2-8 DEB,2025-09-11T02:16:50.556000
1147662592,2025-09-09 23:26:59.000000,Y,221,0.0002341983,DEBRIS,SMALL,UNKNOWN,SMALL,1.00,54974,CZ-6A DEB,3.00,270209,UNKNOWN,2025-09-12T03:30:12.043000
1147660950,2025-09-09 23:26:31.000000,Y,169,0.000477006,DEBRIS,SMALL,DEBRIS,MEDIUM,1.00,54440,CZ-6A DEB,1.00,36100,DMSP 5D-3 F18 DEB,2025-09-09T23:25:50.974000
1147635558,2025-09-09 23:21:55.000000,Y,302,0.0001295776,DEBRIS,SMALL,DEBRIS,SMALL,1.00,39911,SL-16 DEB,1.00,12694,COSMOS 1275 DEB,2025-09-12T02:58:06.946000
1147635550,2025-09-09 23:21:54.000000,Y,227,0.0004785505,DEBRIS,SMALL,DEBRIS,,1.00,39891,SL-16 DEB,1.00,36340,METEOR 2-8 DEB,2025-09-10T03:21:12.507000
1147635188,2025-09-09 23:21:51.000000,Y,121,0.0003130816,DEBRIS,SMALL,DEBRIS,SMALL,1.00,39642,COSMOS 1867 COOLANT,1.00,56589,CZ-6A DEB,2025-09-11T01:59:20.766000
1147633339,2025-09-09 23:21:32.000000,Y,114,0.0001380015,DEBRIS,SMALL,DEBRIS,MEDIUM,1.00,38656,METEOR 2-17 DEB,1.00,29993,FENGYUN 1C DEB,2025-09-11T15:08:02.774000
1147621934,2025-09-09 23:21:14.000000,Y,53,0.0002631563,DEBRIS,SMALL,DEBRIS,SMALL,1.00,37312,COSMOS 2251 DEB,1.00,60771,CZ-6A DEB,2025-09-09T23:47:02.118000
1147620452,2025-09-09 23:20:58.000000,Y,227,0.0004785505,DEBRIS,,DEBRIS,SMALL,1.00,36340,METEOR 2-8 DEB,1.00,39891,SL-16 DEB,2025-09-10T03:21:12.507000
1147620485,2025-09-09 23:20:58.000000,Y,114,0.0001507387,DEBRIS,SMALL,DEBRIS,SMALL,1.00,36345,METEOR 2-8 DEB,1.00,55189,CZ-6A DEB,2025-09-11T02:16:50.556000
1147619931,2025-09-09 23:20:54.000000,Y,169,0.000477006,DEBRIS,MEDIUM,DEBRIS,SMALL,1.00,36100,DMSP 5D-3 F18 DEB,1.00,54440,CZ-6A DEB,2025-09-09T23:25:50.974000
1147616063,2025-09-09 23:20:12.000000,Y,535,0.0002191585,DEBRIS,SMALL,ROCKET BODY,LARGE,1.00,34019,COSMOS 2251 DEB,3.00,22562,SL-18 R/B,2025-09-12T21:29:39.858000
1147615259,2025-09-09 23:20:04.000000,Y,504,0.0002456801,DEBRIS,SMALL,PAYLOAD,LARGE,1.00,33733,FENGYUN 1C DEB,5.00,8458,COSMOS 783,2025-09-10T00:55:00.143000
1147596338,2025-09-09 23:19:27.000000,Y,371,0.0001675477,DEBRIS,SMALL,ROCKET BODY,LARGE,1.00,31268,FENGYUN 1C DEB,3.00,7210,SL-3 R/B,2025-09-11T04:57:19.235000
1147593767,2025-09-09 23:18:59.000000,Y,520,0.0001144051,DEBRIS,SMALL,PAYLOAD,SMALL,1.00,30448,FENGYUN 1C DEB,5.00,28455,RITE TARGET 2,2025-09-11T13:34:42.722000
1147592639,2025-09-09 23:18:47.000000,Y,114,0.0001380015,DEBRIS,MEDIUM,DEBRIS,SMALL,1.00,29993,FENGYUN 1C DEB,1.00,38656,METEOR 2-17 DEB,2025-09-11T15:08:02.774000
1147590990,2025-09-09 23:18:24.000000,Y,520,0.0001144051,PAYLOAD,SMALL,DEBRIS,SMALL,5.00,28455,RITE TARGET 2,1.00,30448,FENGYUN 1C DEB,2025-09-11T13:34:42.722000
1147587182,2025-09-09 23:17:23.000000,Y,22,0.09912503,PAYLOAD,LARGE,PAYLOAD,LARGE,5.00,23001,COSMOS 2270,5.00,21031,COSMOS 2117,2025-09-10T22:25:44.103000
1147587008,2025-09-09 23:17:21.000000,Y,535,0.0002191585,ROCKET BODY,LARGE,DEBRIS,SMALL,3.00,22562,SL-18 R/B,1.00,34019,COSMOS 2251 DEB,2025-09-12T21:29:39.858000
1147586697,2025-09-09 23:17:19.000000,Y,17,0.0548712,PAYLOAD,LARGE,DEBRIS,SMALL,5.00,22307,COSMOS 2230,1.00,12768,COSMOS 1275 DEB,2025-09-11T20:34:18.407000
1147586109,2025-09-09 23:17:12.000000,Y,22,0.09912503,PAYLOAD,LARGE,PAYLOAD,LARGE,5.00,21031,COSMOS 2117,5.00,23001,COSMOS 2270,2025-09-10T22:25:44.103000
1147582077,2025-09-09 23:16:25.000000,Y,302,0.0001295776,DEBRIS,SMALL,DEBRIS,SMALL,1.00,12694,COSMOS 1275 DEB,1.00,39911,SL-16 DEB,2025-09-12T02:58:06.946000
1147582177,2025-09-09 23:16:25.000000,Y,17,0.0548712,DEBRIS,SMALL,PAYLOAD,LARGE,1.00,12768,COSMOS 1275 DEB,5.00,22307,COSMOS 2230,2025-09-11T20:34:18.407000
1147580728,2025-09-09 23:16:08.000000,Y,504,0.0002456801,PAYLOAD,LARGE,DEBRIS,SMALL,5.00,8458,COSMOS 783,1.00,33733,FENGYUN 1C DEB,2025-09-10T00:55:00.143000
1147580489,2025-09-09 23:16:05.000000,Y,371,0.0001675477,ROCKET BODY,LARGE,DEBRIS,SMALL,3.00,7210,SL-3 R/B,1.00,31268,FENGYUN 1C DEB,2025-09-11T04:57:19.235000
1147570327,2025-09-09 22:14:29.000000,Y,1030,,PAYLOAD,LARGE,PAYLOAD,LARGE,5.00,23398,COSMOS 2294 (GLONASS),5.00,23205,COSMOS 2288 (GLONASS),2025-09-10T02:20:00.679000
1147570328,2025-09-09 22:14:29.000000,Y,2384,,PAYLOAD,LARGE,PAYLOAD,LARGE,5.00,23398,COSMOS 2294 (GLONASS),5.00,23205,COSMOS 2288 (GLONASS),2025-09-10T13:35:44.870000
1147570329,2025-09-09 22:14:29.000000,Y,3819,,PAYLOAD,LARGE,PAYLOAD,LARGE,5.00,23398,COSMOS 2294 (GLONASS),5.00,23205,COSMOS 2288 (GLONASS),2025-09-11T00:51:29.080000
1147570121,2025-09-09 22:14:27.000000,Y,1030,,PAYLOAD,LARGE,PAYLOAD,LARGE,5.00,23205,COSMOS 2288 (GLONASS),5.00,23398,COSMOS 2294 (GLONASS),2025-09-10T02:20:00.679000
1147570122,2025-09-09 22:14:27.000000,Y,2384,,PAYLOAD,LARGE,PAYLOAD,LARGE,5.00,23205,COSMOS 2288 (GLONASS),5.00,23398,COSMOS 2294 (GLONASS),2025-09-10T13:35:44.870000
1147570123,2025-09-09 22:14:27.000000,Y,3819,,PAYLOAD,LARGE,PAYLOAD,LARGE,5.00,23205,COSMOS 2288 (GLONASS),5.00,23398,COSMOS 2294 (GLONASS),2025-09-11T00:51:29.080000
1147570044,2025-09-09 22:14:26.000000,Y,4697,,PAYLOAD,LARGE,PAYLOAD,MEDIUM,5.00,22057,COSMOS 2204 (GLONASS),5.00,14978,COSMOS 1555 (GLONASS),2025-09-09T23:29:23.207000
1147570045,2025-09-09 22:14:26.000000,Y,4768,,PAYLOAD,LARGE,PAYLOAD,MEDIUM,5.00,22057,COSMOS 2204 (GLONASS),5.00,14978,COSMOS 1555 (GLONASS),2025-09-10T10:45:07.394000
1147569962,2025-09-09 22:14:25.000000,Y,1452,,PAYLOAD,LARGE,ROCKET BODY,MEDIUM,5.00,21038,RADUGA 1-2,3.00,14548,SL-12 R/B(2),2025-09-10T19:45:22.801000
1147569684,2025-09-09 22:14:23.000000,Y,4891,,PAYLOAD,MEDIUM,ROCKET BODY,MEDIUM,5.00,16396,COSMOS 1710 (GLONASS),3.00,18375,SL-12 R/B(AUX MOTOR),2025-09-12T18:11:46.622000
1147569562,2025-09-09 22:14:20.000000,Y,4697,,PAYLOAD,MEDIUM,PAYLOAD,LARGE,5.00,14978,COSMOS 1555 (GLONASS),5.00,22057,COSMOS 2204 (GLONASS),2025-09-09T23:29:23.207000
1147569563,2025-09-09 22:14:20.000000,Y,4768,,PAYLOAD,MEDIUM,PAYLOAD,LARGE,5.00,14978,COSMOS 1555 (GLONASS),5.00,22057,COSMOS 2204 (GLONASS),2025-09-10T10:45:07.394000
1147331594,2025-09-09 12:28:33.000000,Y,223,0.0003140716,DEBRIS,MEDIUM,DEBRIS,SMALL,1.00,62943,DMSP 5D-2 F14 DEB,1.00,37928,FENGYUN 1C DEB,2025-09-09T23:36:55.251000
1147320310,2025-09-09 12:26:39.000000,Y,45,0.0001228327,DEBRIS,SMALL,DEBRIS,SMALL,1.00,60771,CZ-6A DEB,1.00,37312,COSMOS 2251 DEB,2025-09-09T23:47:02.119000
1147281317,2025-09-09 12:23:13.000000,Y,401,0.0004028979,DEBRIS,SMALL,PAYLOAD,LARGE,1.00,56640,CZ-6A DEB,5.00,10744,COSMOS 996,2025-09-10T17:04:57.677000
1147279863,2025-09-09 12:22:58.000000,Y,234,0.0001241839,DEBRIS,SMALL,DEBRIS,SMALL,1.00,55547,CZ-6A DEB,1.00,36865,METEOR 2-8 DEB,2025-09-12T09:32:47.699000
1147278353,2025-09-09 12:22:44.000000,Y,115,0.0001893931,DEBRIS,SMALL,UNKNOWN,SMALL,1.00,54974,CZ-6A DEB,3.00,270209,UNKNOWN,2025-09-12T03:30:11.879000
1147276814,2025-09-09 12:22:28.000000,Y,223,0.0002382049,DEBRIS,SMALL,DEBRIS,MEDIUM,1.00,54440,CZ-6A DEB,1.00,36100,DMSP 5D-3 F18 DEB,2025-09-09T23:25:50.966000
1147264886,2025-09-09 12:20:28.000000,Y,871,0.0001080099,DEBRIS,SMALL,PAYLOAD,LARGE,1.00,45172,COSMOS 2491 DEB,5.00,16139,COSMOS 1691,2025-09-11T22:45:31.777000
1147258365,2025-09-09 12:19:00.000000,Y,267,0.0002202439,DEBRIS,SMALL,DEBRIS,SMALL,1.00,42671,CZ-4C DEB,1.00,29868,FENGYUN 1C DEB,2025-09-11T01:47:42.337000
1147257305,2025-09-09 12:18:50.000000,Y,191,0.0001152986,DEBRIS,,DEBRIS,SMALL,1.00,42104,COSMOS 1275 DEB,1.00,22222,SL-16 DEB,2025-09-09T11:52:16.132000
1147252683,2025-09-09 12:18:05.000000,Y,147,0.0005617026,DEBRIS,SMALL,DEBRIS,,1.00,39891,SL-16 DEB,1.00,36340,METEOR 2-8 DEB,2025-09-10T03:21:12.476000
1147249518,2025-09-09 12:17:34.000000,Y,223,0.0003140716,DEBRIS,SMALL,DEBRIS,MEDIUM,1.00,37928,FENGYUN 1C DEB,1.00,62943,DMSP 5D-2 F14 DEB,2025-09-09T23:36:55.251000
1147246977,2025-09-09 12:17:25.000000,Y,45,0.0001228327,DEBRIS,SMALL,DEBRIS,SMALL,1.00,37312,COSMOS 2251 DEB,1.00,60771,CZ-6A DEB,2025-09-09T23:47:02.119000
1147246497,2025-09-09 12:17:21.000000,Y,234,0.0001241839,DEBRIS,SMALL,DEBRIS,SMALL,1.00,36865,METEOR 2-8 DEB,1.00,55547,CZ-6A DEB,2025-09-12T09:32:47.699000
1147245684,2025-09-09 12:17:13.000000,Y,659,0.0002622448,ROCKET BODY,LARGE,PAYLOAD,LARGE,3.00,36416,CZ-4C R/B,5.00,13648,COSMOS 1420,2025-09-11T15:43:06.213000
1147245531,2025-09-09 12:17:11.000000,Y,147,0.0005617026,DEBRIS,,DEBRIS,SMALL,1.00,36340,METEOR 2-8 DEB,1.00,39891,SL-16 DEB,2025-09-10T03:21:12.476000
1147245025,2025-09-09 12:17:06.000000,Y,223,0.0002382049,DEBRIS,MEDIUM,DEBRIS,SMALL,1.00,36100,DMSP 5D-3 F18 DEB,1.00,54440,CZ-6A DEB,2025-09-09T23:25:50.966000
1147240507,2025-09-09 12:16:21.000000,Y,496,0.0002444182,DEBRIS,SMALL,PAYLOAD,LARGE,1.00,33733,FENGYUN 1C DEB,5.00,8458,COSMOS 783,2025-09-10T00:55:00.130000
1147237865,2025-09-09 12:15:55.000000,Y,232,0.0001131612,DEBRIS,SMALL,UNKNOWN,MEDIUM,1.00,31655,FENGYUN 1C DEB,5.00,49318,OBJECT D,2025-09-09T19:03:14.825000
1147236788,2025-09-09 12:15:45.000000,Y,558,0.0001775394,DEBRIS,SMALL,ROCKET BODY,LARGE,1.00,31268,FENGYUN 1C DEB,3.00,7210,SL-3 R/B,2025-09-11T04:57:19.220000
1147236232,2025-09-09 12:15:39.000000,Y,464,0.000131469,DEBRIS,SMALL,ROCKET BODY,LARGE,1.00,31072,FENGYUN 1C DEB,3.00,22285,SL-16 R/B,2025-09-11T06:02:58.471000
1147234169,2025-09-09 12:15:19.000000,Y,84,0.002263051,DEBRIS,SMALL,UNKNOWN,SMALL,1.00,30434,FENGYUN 1C DEB,3.00,81947,UNKNOWN,2025-09-09T19:37:32.409000
1147233663,2025-09-09 12:15:14.000000,Y,744,0.0002411269,DEBRIS,SMALL,PAYLOAD,LARGE,1.00,30202,FENGYUN 1C DEB,5.00,5560,ASTEX 1,2025-09-10T08:30:27.706000
1147232797,2025-09-09 12:15:02.000000,Y,267,0.0002202439,DEBRIS,SMALL,DEBRIS,SMALL,1.00,29868,FENGYUN 1C DEB,1.00,42671,CZ-4C DEB,2025-09-11T01:47:42.337000
1147227716,2025-09-09 12:14:14.000000,Y,79,0.01259382,PAYLOAD,LARGE,PAYLOAD,LARGE,5.00,23001,COSMOS 2270,5.00,21031,COSMOS 2117,2025-09-10T22:25:44.107000
1147227231,2025-09-09 12:14:09.000000,Y,9,0.06077152,PAYLOAD,LARGE,DEBRIS,SMALL,5.00,22307,COSMOS 2230,1.00,12768,COSMOS 1275 DEB,2025-09-11T20:34:18.411000
1147227142,2025-09-09 12:14:08.000000,Y,191,0.0001152986,DEBRIS,SMALL,DEBRIS,,1.00,22222,SL-16 DEB,1.00,42104,COSMOS 1275 DEB,2025-09-09T11:52:16.132000
1147227181,2025-09-09 12:14:08.000000,Y,464,0.000131469,ROCKET BODY,LARGE,DEBRIS,SMALL,3.00,22285,SL-16 R/B,1.00,31072,FENGYUN 1C DEB,2025-09-11T06:02:58.471000
1147226603,2025-09-09 12:14:02.000000,Y,79,0.01259382,PAYLOAD,LARGE,PAYLOAD,LARGE,5.00,21031,COSMOS 2117,5.00,23001,COSMOS 2270,2025-09-10T22:25:44.107000
1147224470,2025-09-09 12:13:42.000000,Y,871,0.0001080099,PAYLOAD,LARGE,DEBRIS,SMALL,5.00,16139,COSMOS 1691,1.00,45172,COSMOS 2491 DEB,2025-09-11T22:45:31.777000
1147223274,2025-09-09 12:13:30.000000,Y,659,0.0002622448,PAYLOAD,LARGE,ROCKET BODY,LARGE,5.00,13648,COSMOS 1420,3.00,36416,CZ-4C R/B,2025-09-11T15:43:06.213000
1147222764,2025-09-09 12:13:25.000000,Y,9,0.06077152,DEBRIS,SMALL,PAYLOAD,LARGE,1.00,12768,COSMOS 1275 DEB,5.00,22307,COSMOS 2230,2025-09-11T20:34:18.411000
1147222034,2025-09-09 12:13:17.000000,Y,401,0.0004028979,PAYLOAD,LARGE,DEBRIS,SMALL,5.00,10744,COSMOS 996,1.00,56640,CZ-6A DEB,2025-09-10T17:04:57.677000
1147221333,2025-09-09 12:13:10.000000,Y,496,0.0002444182,PAYLOAD,LARGE,DEBRIS,SMALL,5.00,8458,COSMOS 783,1.00,33733,FENGYUN 1C DEB,2025-09-10T00:55:00.130000
1147221107,2025-09-09 12:13:08.000000,Y,558,0.0001775394,ROCKET BODY,LARGE,DEBRIS,SMALL,3.00,7210,SL-3 R/B,1.00,31268,FENGYUN 1C DEB,2025-09-11T04:57:19.220000
1147220600,2025-09-09 12:13:02.000000,Y,744,0.0002411269,PAYLOAD,LARGE,DEBRIS,SMALL,5.00,5560,ASTEX 1,1.00,30202,FENGYUN 1C DEB,2025-09-10T08:30:27.706000
1147161980,2025-09-09 11:21:46.000000,Y,3620,,DEBRIS,SMALL,DEBRIS,SMALL,1.00,61991,INTELSAT 33E DEB,1.00,32987,SATCOM 3 DEB,2025-09-12T04:26:17.364000
1147158676,2025-09-09 11:21:40.000000,Y,4973,,ROCKET BODY,SMALL,DEBRIS,SMALL,3.00,43433,BREEZE-M R/B,1.00,38699,TITAN 3C TRANSTAGE DEB,2025-09-09T14:29:26.057000
1147157836,2025-09-09 11:21:33.000000,Y,4973,,DEBRIS,SMALL,ROCKET BODY,SMALL,1.00,38699,TITAN 3C TRANSTAGE DEB,3.00,43433,BREEZE-M R/B,2025-09-09T14:29:26.057000
1147157187,2025-09-09 11:21:28.000000,Y,3528,,DEBRIS,MEDIUM,DEBRIS,MEDIUM,1.00,33535,ARIANE 2 DEB,1.00,40785,ARIANE 2 DEB,2025-09-10T08:09:20.604000
1147157185,2025-09-09 11:21:27.000000,Y,2012,,DEBRIS,MEDIUM,DEBRIS,MEDIUM,1.00,33535,ARIANE 2 DEB,1.00,40785,ARIANE 2 DEB,2025-09-09T12:24:30.027000
1147157186,2025-09-09 11:21:27.000000,Y,1675,,DEBRIS,MEDIUM,DEBRIS,MEDIUM,1.00,33535,ARIANE 2 DEB,1.00,40785,ARIANE 2 DEB,2025-09-09T22:18:57.393000
1147156993,2025-09-09 11:21:26.000000,Y,3620,,DEBRIS,SMALL,DEBRIS,SMALL,1.00,32987,SATCOM 3 DEB,1.00,61991,INTELSAT 33E DEB,2025-09-12T04:26:17.364000
1147155782,2025-09-09 11:21:15.000000,Y,1934,,PAYLOAD,LARGE,PAYLOAD,LARGE,5.00,23398,COSMOS 2294 (GLONASS),5.00,23205,COSMOS 2288 (GLONASS),2025-09-09T15:04:16.306000
1147155783,2025-09-09 11:21:15.000000,Y,715,,PAYLOAD,LARGE,PAYLOAD,LARGE,5.00,23398,COSMOS 2294 (GLONASS),5.00,23205,COSMOS 2288 (GLONASS),2025-09-10T02:20:00.430000
1147155784,2025-09-09 11:21:15.000000,Y,1293,,PAYLOAD,LARGE,PAYLOAD,LARGE,5.00,23398,COSMOS 2294 (GLONASS),5.00,23205,COSMOS 2288 (GLONASS),2025-09-10T13:35:44.602000
1147155785,2025-09-09 11:21:15.000000,Y,2602,,PAYLOAD,LARGE,PAYLOAD,LARGE,5.00,23398,COSMOS 2294 (GLONASS),5.00,23205,COSMOS 2288 (GLONASS),2025-09-11T00:51:28.794000
1147155786,2025-09-09 11:21:15.000000,Y,3785,,PAYLOAD,LARGE,PAYLOAD,LARGE,5.00,23398,COSMOS 2294 (GLONASS),5.00,23205,COSMOS 2288 (GLONASS),2025-09-11T12:07:13.035000
1147155787,2025-09-09 11:21:15.000000,Y,4752,,PAYLOAD,LARGE,PAYLOAD,LARGE,5.00,23398,COSMOS 2294 (GLONASS),5.00,23205,COSMOS 2288 (GLONASS),2025-09-11T23:22:57.283000
1147155494,2025-09-09 11:21:13.000000,Y,4768,,PAYLOAD,LARGE,PAYLOAD,MEDIUM,5.00,22057,COSMOS 2204 (GLONASS),5.00,14978,COSMOS 1555 (GLONASS),2025-09-10T10:45:07.395000
1147155569,2025-09-09 11:21:13.000000,Y,1934,,PAYLOAD,LARGE,PAYLOAD,LARGE,5.00,23205,COSMOS 2288 (GLONASS),5.00,23398,COSMOS 2294 (GLONASS),2025-09-09T15:04:16.306000
1147155570,2025-09-09 11:21:13.000000,Y,715,,PAYLOAD,LARGE,PAYLOAD,LARGE,5.00,23205,COSMOS 2288 (GLONASS),5.00,23398,COSMOS 2294 (GLONASS),2025-09-10T02:20:00.430000
1147155571,2025-09-09 11:21:13.000000,Y,1293,,PAYLOAD,LARGE,PAYLOAD,LARGE,5.00,23205,COSMOS 2288 (GLONASS),5.00,23398,COSMOS 2294 (GLONASS),2025-09-10T13:35:44.602000
1147155572,2025-09-09 11:21:13.000000,Y,2602,,PAYLOAD,LARGE,PAYLOAD,LARGE,5.00,23205,COSMOS 2288 (GLONASS),5.00,23398,COSMOS 2294 (GLONASS),2025-09-11T00:51:28.794000
1147155573,2025-09-09 11:21:13.000000,Y,3785,,PAYLOAD,LARGE,PAYLOAD,LARGE,5.00,23205,COSMOS 2288 (GLONASS),5.00,23398,COSMOS 2294 (GLONASS),2025-09-11T12:07:13.035000
1147155574,2025-09-09 11:21:13.000000,Y,4752,,PAYLOAD,LARGE,PAYLOAD,LARGE,5.00,23205,COSMOS 2288 (GLONASS),5.00,23398,COSMOS 2294 (GLONASS),2025-09-11T23:22:57.283000
1147155493,2025-09-09 11:21:12.000000,Y,4697,,PAYLOAD,LARGE,PAYLOAD,MEDIUM,5.00,22057,COSMOS 2204 (GLONASS),5.00,14978,COSMOS 1555 (GLONASS),2025-09-09T23:29:23.207000
1147155398,2025-09-09 11:21:11.000000,Y,1457,,PAYLOAD,LARGE,ROCKET BODY,MEDIUM,5.00,21038,RADUGA 1-2,3.00,14548,SL-12 R/B(2),2025-09-10T19:45:22.787000
1147154979,2025-09-09 11:21:08.000000,Y,4697,,PAYLOAD,MEDIUM,PAYLOAD,LARGE,5.00,14978,COSMOS 1555 (GLONASS),5.00,22057,COSMOS 2204 (GLONASS),2025-09-09T23:29:23.207000
1147154980,2025-09-09 11:21:08.000000,Y,4768,,PAYLOAD,MEDIUM,PAYLOAD,LARGE,5.00,14978,COSMOS 1555 (GLONASS),5.00,22057,COSMOS 2204 (GLONASS),2025-09-10T10:45:07.395000
1147154938,2025-09-09 11:21:07.000000,Y,1457,,ROCKET BODY,MEDIUM,PAYLOAD,LARGE,3.00,14548,SL-12 R/B(2),5.00,21038,RADUGA 1-2,2025-09-10T19:45:22.787000
1146985361,2025-09-09 05:24:45.000000,Y,336,0.0002267416,DEBRIS,MEDIUM,DEBRIS,SMALL,1.00,62943,DMSP 5D-2 F14 DEB,1.00,37928,FENGYUN 1C DEB,2025-09-09T23:36:55.304000
1146934217,2025-09-09 05:18:11.000000,Y,74,0.000108592,DEBRIS,SMALL,DEBRIS,SMALL,1.00,60771,CZ-6A DEB,1.00,37312,COSMOS 2251 DEB,2025-09-09T23:47:02.128000
1146953160,2025-09-09 05:14:02.000000,Y,388,0.0007000081,DEBRIS,SMALL,PAYLOAD,LARGE,1.00,56640,CZ-6A DEB,5.00,10744,COSMOS 996,2025-09-10T17:04:57.681000
1146950136,2025-09-09 05:13:30.000000,Y,133,0.0001702561,DEBRIS,SMALL,UNKNOWN,SMALL,1.00,54974,CZ-6A DEB,3.00,270209,UNKNOWN,2025-09-12T03:30:11.918000
1146948575,2025-09-09 05:13:15.000000,Y,172,0.0002062344,DEBRIS,SMALL,DEBRIS,MEDIUM,1.00,54440,CZ-6A DEB,1.00,36100,DMSP 5D-3 F18 DEB,2025-09-09T23:25:50.976000
1146920023,2025-09-09 05:09:51.000000,Y,288,0.00014612,DEBRIS,SMALL,DEBRIS,SMALL,1.00,42671,CZ-4C DEB,1.00,29868,FENGYUN 1C DEB,2025-09-11T01:47:42.401000
1146894773,2025-09-09 05:05:47.000000,Y,288,0.00014612,DEBRIS,SMALL,DEBRIS,SMALL,1.00,29868,FENGYUN 1C DEB,1.00,42671,CZ-4C DEB,2025-09-11T01:47:42.401000
1146893799,2025-09-09 05:05:36.000000,Y,729,0.000119,ROCKET BODY,LARGE,UNKNOWN,MEDIUM,3.00,28932,H-2A R/B,5.00,44311,OBJECT B,2025-09-12T00:54:48.888000
1146890500,2025-09-09 05:05:03.000000,Y,235,0.0002939854,PAYLOAD,LARGE,DEBRIS,SMALL,5.00,25078,IRIDIUM 44,1.00,30925,FENGYUN 1C DEB,2025-09-09T08:31:37.915000
1146889575,2025-09-09 05:04:53.000000,Y,71,0.0195531,PAYLOAD,LARGE,PAYLOAD,LARGE,5.00,23001,COSMOS 2270,5.00,21031,COSMOS 2117,2025-09-10T22:25:44.107000
1146889076,2025-09-09 05:04:49.000000,Y,2,0.04731083,PAYLOAD,LARGE,DEBRIS,SMALL,5.00,22307,COSMOS 2230,1.00,12768,COSMOS 1275 DEB,2025-09-11T20:34:18.413000
1146888441,2025-09-09 05:04:42.000000,Y,71,0.0195531,PAYLOAD,LARGE,PAYLOAD,LARGE,5.00,21031,COSMOS 2117,5.00,23001,COSMOS 2270,2025-09-10T22:25:44.107000
1146884936,2025-09-09 05:04:03.000000,Y,704,0.0002869112,PAYLOAD,LARGE,ROCKET BODY,LARGE,5.00,13648,COSMOS 1420,3.00,36416,CZ-4C R/B,2025-09-11T15:43:06.212000
1146884421,2025-09-09 05:03:51.000000,Y,2,0.04731083,DEBRIS,SMALL,PAYLOAD,LARGE,1.00,12768,COSMOS 1275 DEB,5.00,22307,COSMOS 2230,2025-09-11T20:34:18.413000
1146883646,2025-09-09 05:03:37.000000,Y,388,0.0007000081,PAYLOAD,LARGE,DEBRIS,SMALL,5.00,10744,COSMOS 996,1.00,56640,CZ-6A DEB,2025-09-10T17:04:57.681000
1146882904,2025-09-09 05:03:25.000000,Y,501,0.0002378607,PAYLOAD,LARGE,DEBRIS,SMALL,5.00,8458,COSMOS 783,1.00,33733,FENGYUN 1C DEB,2025-09-10T00:55:00.134000
1146882675,2025-09-09 05:03:20.000000,Y,523,0.000168694,ROCKET BODY,LARGE,DEBRIS,SMALL,3.00,7210,SL-3 R/B,1.00,31268,FENGYUN 1C DEB,2025-09-11T04:57:19.227000
1146793918,2025-09-09 04:00:20.000000,Y,1934,,PAYLOAD,LARGE,PAYLOAD,LARGE,5.00,23398,COSMOS 2294 (GLONASS),5.00,23205,COSMOS 2288 (GLONASS),2025-09-09T15:04:16.306000
1146793919,2025-09-09 04:00:20.000000,Y,715,,PAYLOAD,LARGE,PAYLOAD,LARGE,5.00,23398,COSMOS 2294 (GLONASS),5.00,23205,COSMOS 2288 (GLONASS),2025-09-10T02:20:00.429000
1146793921,2025-09-09 04:00:20.000000,Y,2602,,PAYLOAD,LARGE,PAYLOAD,LARGE,5.00,23398,COSMOS 2294 (GLONASS),5.00,23205,COSMOS 2288 (GLONASS),2025-09-11T00:51:28.794000
1146793917,2025-09-09 04:00:19.000000,Y,3270,,PAYLOAD,LARGE,PAYLOAD,LARGE,5.00,23398,COSMOS 2294 (GLONASS),5.00,23205,COSMOS 2288 (GLONASS),2025-09-09T03:48:32.227000
1146793920,2025-09-09 04:00:19.000000,Y,1293,,PAYLOAD,LARGE,PAYLOAD,LARGE,5.00,23398,COSMOS 2294 (GLONASS),5.00,23205,COSMOS 2288 (GLONASS),2025-09-10T13:35:44.602000
1146793922,2025-09-09 04:00:19.000000,Y,3785,,PAYLOAD,LARGE,PAYLOAD,LARGE,5.00,23398,COSMOS 2294 (GLONASS),5.00,23205,COSMOS 2288 (GLONASS),2025-09-11T12:07:13.035000
1146793923,2025-09-09 04:00:19.000000,Y,4752,,PAYLOAD,LARGE,PAYLOAD,LARGE,5.00,23398,COSMOS 2294 (GLONASS),5.00,23205,COSMOS 2288 (GLONASS),2025-09-11T23:22:57.283000
1146793682,2025-09-09 04:00:17.000000,Y,3270,,PAYLOAD,LARGE,PAYLOAD,LARGE,5.00,23205,COSMOS 2288 (GLONASS),5.00,23398,COSMOS 2294 (GLONASS),2025-09-09T03:48:32.227000
1146793683,2025-09-09 04:00:17.000000,Y,1934,,PAYLOAD,LARGE,PAYLOAD,LARGE,5.00,23205,COSMOS 2288 (GLONASS),5.00,23398,COSMOS 2294 (GLONASS),2025-09-09T15:04:16.306000
1146793686,2025-09-09 04:00:17.000000,Y,2602,,PAYLOAD,LARGE,PAYLOAD,LARGE,5.00,23205,COSMOS 2288 (GLONASS),5.00,23398,COSMOS 2294 (GLONASS),2025-09-11T00:51:28.794000
1146793688,2025-09-09 04:00:17.000000,Y,4752,,PAYLOAD,LARGE,PAYLOAD,LARGE,5.00,23205,COSMOS 2288 (GLONASS),5.00,23398,COSMOS 2294 (GLONASS),2025-09-11T23:22:57.283000
1146793605,2025-09-09 04:00:16.000000,Y,4768,,PAYLOAD,LARGE,PAYLOAD,MEDIUM,5.00,22057,COSMOS 2204 (GLONASS),5.00,14978,COSMOS 1555 (GLONASS),2025-09-10T10:45:07.394000
1146793684,2025-09-09 04:00:16.000000,Y,715,,PAYLOAD,LARGE,PAYLOAD,LARGE,5.00,23205,COSMOS 2288 (GLONASS),5.00,23398,COSMOS 2294 (GLONASS),2025-09-10T02:20:00.429000
1146793685,2025-09-09 04:00:16.000000,Y,1293,,PAYLOAD,LARGE,PAYLOAD,LARGE,5.00,23205,COSMOS 2288 (GLONASS),5.00,23398,COSMOS 2294 (GLONASS),2025-09-10T13:35:44.602000
1146793687,2025-09-09 04:00:16.000000,Y,3785,,PAYLOAD,LARGE,PAYLOAD,LARGE,5.00,23205,COSMOS 2288 (GLONASS),5.00,23398,COSMOS 2294 (GLONASS),2025-09-11T12:07:13.035000
1146793604,2025-09-09 04:00:15.000000,Y,4697,,PAYLOAD,LARGE,PAYLOAD,MEDIUM,5.00,22057,COSMOS 2204 (GLONASS),5.00,14978,COSMOS 1555 (GLONASS),2025-09-09T23:29:23.207000
1146793502,2025-09-09 04:00:14.000000,Y,1446,,PAYLOAD,LARGE,ROCKET BODY,MEDIUM,5.00,21038,RADUGA 1-2,3.00,14548,SL-12 R/B(2),2025-09-10T19:45:22.792000
1146793048,2025-09-09 04:00:08.000000,Y,4768,,PAYLOAD,MEDIUM,PAYLOAD,LARGE,5.00,14978,COSMOS 1555 (GLONASS),5.00,22057,COSMOS 2204 (GLONASS),2025-09-10T10:45:07.394000
1146793047,2025-09-09 04:00:07.000000,Y,4697,,PAYLOAD,MEDIUM,PAYLOAD,LARGE,5.00,14978,COSMOS 1555 (GLONASS),5.00,22057,COSMOS 2204 (GLONASS),2025-09-09T23:29:23.207000
1146793002,2025-09-09 04:00:06.000000,Y,1446,,ROCKET BODY,MEDIUM,PAYLOAD,LARGE,3.00,14548,SL-12 R/B(2),5.00,21038,RADUGA 1-2,2025-09-10T19:45:22.792000
1146547844,2025-09-08 22:22:06.000000,Y,164,0.0003026304,DEBRIS,SMALL,DEBRIS,SMALL,1.00,61803,CZ-6A DEB,1.00,36229,FENGYUN 1C DEB,2025-09-10T10:50:26.747000
1146543224,2025-09-08 22:21:28.000000,Y,199,0.0001017056,DEBRIS,SMALL,DEBRIS,SMALL,1.00,60825,CZ-6A DEB,1.00,31879,FENGYUN 1C DEB,2025-09-09T21:28:46.854000
1146543027,2025-09-08 22:21:25.000000,Y,29,0.000902376,DEBRIS,MEDIUM,ROCKET BODY,LARGE,1.00,60779,CZ-6A DEB,3.00,22237,SL-14 R/B,2025-09-09T04:43:07.740000
1146510589,2025-09-08 22:18:24.000000,Y,76,0.001389538,DEBRIS,SMALL,PAYLOAD,LARGE,1.00,56640,CZ-6A DEB,5.00,10744,COSMOS 996,2025-09-10T17:04:57.645000
1146486449,2025-09-08 22:14:53.000000,Y,458,0.0001531498,DEBRIS,SMALL,DEBRIS,SMALL,1.00,42671,CZ-4C DEB,1.00,29868,FENGYUN 1C DEB,2025-09-11T01:47:41.934000
1146479092,2025-09-08 22:14:11.000000,Y,299,0.0001034241,ROCKET BODY,LARGE,DEBRIS,SMALL,3.00,40337,CZ-4B R/B,1.00,2800,SCOUT B DEB,2025-09-09T07:34:58.102000
1146470621,2025-09-08 22:13:12.000000,Y,360,0.002845985,ROCKET BODY,LARGE,PAYLOAD,LARGE,3.00,36416,CZ-4C R/B,5.00,13648,COSMOS 1420,2025-09-11T15:43:06.155000
1146470208,2025-09-08 22:13:08.000000,Y,164,0.0003026304,DEBRIS,SMALL,DEBRIS,SMALL,1.00,36229,FENGYUN 1C DEB,1.00,61803,CZ-6A DEB,2025-09-10T10:50:26.747000
1146465268,2025-09-08 22:12:24.000000,Y,378,0.0002869105,DEBRIS,SMALL,PAYLOAD,LARGE,1.00,33733,FENGYUN 1C DEB,5.00,8458,COSMOS 783,2025-09-10T00:54:59.991000
1146463171,2025-09-08 22:12:06.000000,Y,199,0.0001017056,DEBRIS,SMALL,DEBRIS,SMALL,1.00,31879,FENGYUN 1C DEB,1.00,60825,CZ-6A DEB,2025-09-09T21:28:46.854000
1146462534,2025-09-08 22:12:00.000000,Y,336,0.0001008325,DEBRIS,SMALL,UNKNOWN,MEDIUM,1.00,31655,FENGYUN 1C DEB,5.00,49318,OBJECT D,2025-09-09T19:03:14.738000
1146462585,2025-09-08 22:12:00.000000,Y,802,0.0001206161,DEBRIS,SMALL,PAYLOAD,SMALL,1.00,31672,FENGYUN 1C DEB,5.00,31122,CSTB 1,2025-09-09T16:02:22.956000
1146460899,2025-09-08 22:11:45.000000,Y,802,0.0001206161,PAYLOAD,SMALL,DEBRIS,SMALL,5.00,31122,CSTB 1,1.00,31672,FENGYUN 1C DEB,2025-09-09T16:02:22.956000
1146460258,2025-09-08 22:11:40.000000,Y,265,0.0001808717,DEBRIS,SMALL,PAYLOAD,LARGE,1.00,30925,FENGYUN 1C DEB,5.00,25078,IRIDIUM 44,2025-09-09T08:31:37.854000
1146458595,2025-09-08 22:11:27.000000,Y,60,0.002304705,DEBRIS,SMALL,UNKNOWN,SMALL,1.00,30434,FENGYUN 1C DEB,3.00,81947,UNKNOWN,2025-09-09T19:37:32.390000
1146457136,2025-09-08 22:11:14.000000,Y,458,0.0001531498,DEBRIS,SMALL,DEBRIS,SMALL,1.00,29868,FENGYUN 1C DEB,1.00,42671,CZ-4C DEB,2025-09-11T01:47:41.934000
1146452719,2025-09-08 22:10:36.000000,Y,265,0.0001808717,PAYLOAD,LARGE,DEBRIS,SMALL,5.00,25078,IRIDIUM 44,1.00,30925,FENGYUN 1C DEB,2025-09-09T08:31:37.854000
1146451762,2025-09-08 22:10:28.000000,Y,26,0.07926298,PAYLOAD,LARGE,PAYLOAD,LARGE,5.00,23001,COSMOS 2270,5.00,21031,COSMOS 2117,2025-09-10T22:25:44.101000
1146451264,2025-09-08 22:10:24.000000,Y,49,0.02433133,PAYLOAD,LARGE,DEBRIS,SMALL,5.00,22307,COSMOS 2230,1.00,12768,COSMOS 1275 DEB,2025-09-11T20:34:18.381000
1146451206,2025-09-08 22:10:23.000000,Y,29,0.000902376,ROCKET BODY,LARGE,DEBRIS,MEDIUM,3.00,22237,SL-14 R/B,1.00,60779,CZ-6A DEB,2025-09-09T04:43:07.740000
1146450644,2025-09-08 22:10:18.000000,Y,26,0.07926298,PAYLOAD,LARGE,PAYLOAD,LARGE,5.00,21031,COSMOS 2117,5.00,23001,COSMOS 2270,2025-09-10T22:25:44.101000
1146447027,2025-09-08 22:09:48.000000,Y,439,0.0002570046,DEBRIS,SMALL,UNKNOWN,SMALL,1.00,13801,COSMOS 1275 DEB,3.00,82295,UNKNOWN,2025-09-10T17:53:31.955000
1146446962,2025-09-08 22:09:47.000000,Y,360,0.002845985,PAYLOAD,LARGE,ROCKET BODY,LARGE,5.00,13648,COSMOS 1420,3.00,36416,CZ-4C R/B,2025-09-11T15:43:06.155000
1146446393,2025-09-08 22:09:43.000000,Y,49,0.02433133,DEBRIS,SMALL,PAYLOAD,LARGE,1.00,12768,COSMOS 1275 DEB,5.00,22307,COSMOS 2230,2025-09-11T20:34:18.381000
1146445621,2025-09-08 22:09:37.000000,Y,76,0.001389538,PAYLOAD,LARGE,DEBRIS,SMALL,5.00,10744,COSMOS 996,1.00,56640,CZ-6A DEB,2025-09-10T17:04:57.645000
1146444850,2025-09-08 22:09:31.000000,Y,378,0.0002869105,PAYLOAD,LARGE,DEBRIS,SMALL,5.00,8458,COSMOS 783,1.00,33733,FENGYUN 1C DEB,2025-09-10T00:54:59.991000
1146442509,2025-09-08 22:09:12.000000,Y,299,0.0001034241,DEBRIS,SMALL,ROCKET BODY,LARGE,1.00,2800,SCOUT B DEB,3.00,40337,CZ-4B R/B,2025-09-09T07:34:58.102000
1146398800,2025-09-08 21:07:16.000000,Y,1934,,PAYLOAD,LARGE,PAYLOAD,LARGE,5.00,23398,COSMOS 2294 (GLONASS),5.00,23205,COSMOS 2288 (GLONASS),2025-09-09T15:04:16.306000
1146398803,2025-09-08 21:07:16.000000,Y,2602,,PAYLOAD,LARGE,PAYLOAD,LARGE,5.00,23398,COSMOS 2294 (GLONASS),5.00,23205,COSMOS 2288 (GLONASS),2025-09-11T00:51:28.794000
1146398801,2025-09-08 21:07:15.000000,Y,715,,PAYLOAD,LARGE,PAYLOAD,LARGE,5.00,23398,COSMOS 2294 (GLONASS),5.00,23205,COSMOS 2288 (GLONASS),2025-09-10T02:20:00.429000
1146398804,2025-09-08 21:07:15.000000,Y,3785,,PAYLOAD,LARGE,PAYLOAD,LARGE,5.00,23398,COSMOS 2294 (GLONASS),5.00,23205,COSMOS 2288 (GLONASS),2025-09-11T12:07:13.035000
1146398799,2025-09-08 21:07:14.000000,Y,3270,,PAYLOAD,LARGE,PAYLOAD,LARGE,5.00,23398,COSMOS 2294 (GLONASS),5.00,23205,COSMOS 2288 (GLONASS),2025-09-09T03:48:32.227000
1146398802,2025-09-08 21:07:14.000000,Y,1293,,PAYLOAD,LARGE,PAYLOAD,LARGE,5.00,23398,COSMOS 2294 (GLONASS),5.00,23205,COSMOS 2288 (GLONASS),2025-09-10T13:35:44.602000
1146398528,2025-09-08 21:07:12.000000,Y,4697,,PAYLOAD,LARGE,PAYLOAD,MEDIUM,5.00,22057,COSMOS 2204 (GLONASS),5.00,14978,COSMOS 1555 (GLONASS),2025-09-09T23:29:23.207000
1146398601,2025-09-08 21:07:12.000000,Y,3270,,PAYLOAD,LARGE,PAYLOAD,LARGE,5.00,23205,COSMOS 2288 (GLONASS),5.00,23398,COSMOS 2294 (GLONASS),2025-09-09T03:48:32.227000
1146398602,2025-09-08 21:07:12.000000,Y,1934,,PAYLOAD,LARGE,PAYLOAD,LARGE,5.00,23205,COSMOS 2288 (GLONASS),5.00,23398,COSMOS 2294 (GLONASS),2025-09-09T15:04:16.306000
1146398603,2025-09-08 21:07:12.000000,Y,715,,PAYLOAD,LARGE,PAYLOAD,LARGE,5.00,23205,COSMOS 2288 (GLONASS),5.00,23398,COSMOS 2294 (GLONASS),2025-09-10T02:20:00.429000
1146398604,2025-09-08 21:07:12.000000,Y,1293,,PAYLOAD,LARGE,PAYLOAD,LARGE,5.00,23205,COSMOS 2288 (GLONASS),5.00,23398,COSMOS 2294 (GLONASS),2025-09-10T13:35:44.602000
1146398605,2025-09-08 21:07:12.000000,Y,2602,,PAYLOAD,LARGE,PAYLOAD,LARGE,5.00,23205,COSMOS 2288 (GLONASS),5.00,23398,COSMOS 2294 (GLONASS),2025-09-11T00:51:28.794000
1146398606,2025-09-08 21:07:12.000000,Y,3785,,PAYLOAD,LARGE,PAYLOAD,LARGE,5.00,23205,COSMOS 2288 (GLONASS),5.00,23398,COSMOS 2294 (GLONASS),2025-09-11T12:07:13.035000
1146398529,2025-09-08 21:07:11.000000,Y,4768,,PAYLOAD,LARGE,PAYLOAD,MEDIUM,5.00,22057,COSMOS 2204 (GLONASS),5.00,14978,COSMOS 1555 (GLONASS),2025-09-10T10:45:07.394000
1146398441,2025-09-08 21:07:10.000000,Y,1464,,PAYLOAD,LARGE,ROCKET BODY,MEDIUM,5.00,21038,RADUGA 1-2,3.00,14548,SL-12 R/B(2),2025-09-10T19:45:22.795000
1146398038,2025-09-08 21:07:05.000000,Y,4697,,PAYLOAD,MEDIUM,PAYLOAD,LARGE,5.00,14978,COSMOS 1555 (GLONASS),5.00,22057,COSMOS 2204 (GLONASS),2025-09-09T23:29:23.207000
1146398039,2025-09-08 21:07:05.000000,Y,4768,,PAYLOAD,MEDIUM,PAYLOAD,LARGE,5.00,14978,COSMOS 1555 (GLONASS),5.00,22057,COSMOS 2204 (GLONASS),2025-09-10T10:45:07.394000
1146397993,2025-09-08 21:07:04.000000,Y,1464,,ROCKET BODY,MEDIUM,PAYLOAD,LARGE,3.00,14548,SL-12 R/B(2),5.00,21038,RADUGA 1-2,2025-09-10T19:45:22.795000
1146207615,2025-09-08 12:44:26.000000,Y,91,0.0002460274,DEBRIS,SMALL,DEBRIS,SMALL,1.00,61803,CZ-6A DEB,1.00,36229,FENGYUN 1C DEB,2025-09-10T10:50:26.727000
1146172266,2025-09-08 12:43:38.000000,Y,195,0.0001030806,DEBRIS,SMALL,DEBRIS,SMALL,1.00,60825,CZ-6A DEB,1.00,31879,FENGYUN 1C DEB,2025-09-09T21:28:46.815000
1146172084,2025-09-08 12:43:37.000000,Y,574,0.000145285,DEBRIS,SMALL,UNKNOWN,SMALL,1.00,60783,CZ-6A DEB,3.00,270170,UNKNOWN,2025-09-11T08:00:10.335000
1146172062,2025-09-08 12:43:36.000000,Y,8,0.0005680163,DEBRIS,MEDIUM,ROCKET BODY,LARGE,1.00,60779,CZ-6A DEB,3.00,22237,SL-14 R/B,2025-09-09T04:43:07.739000
1146149283,2025-09-08 12:36:54.000000,Y,697,0.0001460069,DEBRIS,SMALL,UNKNOWN,SMALL,1.00,44023,ORBCOMM FM 16 DEB,3.00,270179,UNKNOWN,2025-09-10T01:02:09.938000
1146144566,2025-09-08 12:36:04.000000,Y,325,0.0001383466,DEBRIS,SMALL,DEBRIS,SMALL,1.00,42671,CZ-4C DEB,1.00,29868,FENGYUN 1C DEB,2025-09-11T01:47:41.952000
1146132020,2025-09-08 12:34:10.000000,Y,91,0.0002460274,DEBRIS,SMALL,DEBRIS,SMALL,1.00,36229,FENGYUN 1C DEB,1.00,61803,CZ-6A DEB,2025-09-10T10:50:26.727000
1146127174,2025-09-08 12:33:20.000000,Y,353,0.0002695894,DEBRIS,SMALL,PAYLOAD,LARGE,1.00,33733,FENGYUN 1C DEB,5.00,8458,COSMOS 783,2025-09-10T00:54:59.955000
1146125076,2025-09-08 12:32:50.000000,Y,195,0.0001030806,DEBRIS,SMALL,DEBRIS,SMALL,1.00,31879,FENGYUN 1C DEB,1.00,60825,CZ-6A DEB,2025-09-09T21:28:46.815000
1146124486,2025-09-08 12:32:37.000000,Y,755,0.0003040751,DEBRIS,SMALL,PAYLOAD,SMALL,1.00,31672,FENGYUN 1C DEB,5.00,31122,CSTB 1,2025-09-09T16:02:22.913000
1146122814,2025-09-08 12:32:19.000000,Y,755,0.0003040751,PAYLOAD,SMALL,DEBRIS,SMALL,5.00,31122,CSTB 1,1.00,31672,FENGYUN 1C DEB,2025-09-09T16:02:22.913000
1146122180,2025-09-08 12:32:13.000000,Y,262,0.0001576313,DEBRIS,SMALL,PAYLOAD,LARGE,1.00,30925,FENGYUN 1C DEB,5.00,25078,IRIDIUM 44,2025-09-09T08:31:37.856000
1146119436,2025-09-08 12:31:46.000000,Y,216,0.000109581,DEBRIS,SMALL,DEBRIS,SMALL,1.00,29974,FENGYUN 1C DEB,1.00,22351,SL-16 DEB,2025-09-09T14:25:58.235000
1146119177,2025-09-08 12:31:43.000000,Y,325,0.0001383466,DEBRIS,SMALL,DEBRIS,SMALL,1.00,29868,FENGYUN 1C DEB,1.00,42671,CZ-4C DEB,2025-09-11T01:47:41.952000
1146114901,2025-09-08 12:31:00.000000,Y,262,0.0001576313,PAYLOAD,LARGE,DEBRIS,SMALL,5.00,25078,IRIDIUM 44,1.00,30925,FENGYUN 1C DEB,2025-09-09T08:31:37.856000
1146113968,2025-09-08 12:30:51.000000,Y,77,0.02835178,PAYLOAD,LARGE,PAYLOAD,LARGE,5.00,23001,COSMOS 2270,5.00,21031,COSMOS 2117,2025-09-10T22:25:44.098000
1146113555,2025-09-08 12:30:47.000000,Y,216,0.000109581,DEBRIS,SMALL,DEBRIS,SMALL,1.00,22351,SL-16 DEB,1.00,29974,FENGYUN 1C DEB,2025-09-09T14:25:58.235000
1146113442,2025-09-08 12:30:46.000000,Y,8,0.0005680163,ROCKET BODY,LARGE,DEBRIS,MEDIUM,3.00,22237,SL-14 R/B,1.00,60779,CZ-6A DEB,2025-09-09T04:43:07.739000
1146112906,2025-09-08 12:30:41.000000,Y,77,0.02835178,PAYLOAD,LARGE,PAYLOAD,LARGE,5.00,21031,COSMOS 2117,5.00,23001,COSMOS 2270,2025-09-10T22:25:44.098000
1146109384,2025-09-08 12:30:02.000000,Y,434,0.0002156322,DEBRIS,SMALL,UNKNOWN,SMALL,1.00,13801,COSMOS 1275 DEB,3.00,82295,UNKNOWN,2025-09-10T17:53:31.969000
1146108036,2025-09-08 12:29:49.000000,Y,201,0.0009226349,PAYLOAD,LARGE,DEBRIS,SMALL,5.00,10744,COSMOS 996,1.00,56640,CZ-6A DEB,2025-09-10T17:04:57.643000
1146107289,2025-09-08 12:29:41.000000,Y,353,0.0002695894,PAYLOAD,LARGE,DEBRIS,SMALL,5.00,8458,COSMOS 783,1.00,33733,FENGYUN 1C DEB,2025-09-10T00:54:59.955000
1146107133,2025-09-08 12:29:40.000000,Y,885,0.0001940594,PAYLOAD,LARGE,DEBRIS,SMALL,5.00,7615,LANDSAT 2,1.00,30172,FENGYUN 1C DEB,2025-09-11T00:37:42.021000
1146040102,2025-09-08 11:37:32.000000,Y,3726,,PAYLOAD,LARGE,PAYLOAD,LARGE,5.00,23398,COSMOS 2294 (GLONASS),5.00,23205,COSMOS 2288 (GLONASS),2025-09-08T16:32:48.362000
1146040103,2025-09-08 11:37:32.000000,Y,2403,,PAYLOAD,LARGE,PAYLOAD,LARGE,5.00,23398,COSMOS 2294 (GLONASS),5.00,23205,COSMOS 2288 (GLONASS),2025-09-09T03:48:32.430000
1146040104,2025-09-08 11:37:32.000000,Y,1088,,PAYLOAD,LARGE,PAYLOAD,LARGE,5.00,23398,COSMOS 2294 (GLONASS),5.00,23205,COSMOS 2288 (GLONASS),2025-09-09T15:04:16.527000
1146040105,2025-09-08 11:37:32.000000,Y,1009,,PAYLOAD,LARGE,PAYLOAD,LARGE,5.00,23398,COSMOS 2294 (GLONASS),5.00,23205,COSMOS 2288 (GLONASS),2025-09-10T02:20:00.668000
1146040106,2025-09-08 11:37:32.000000,Y,2365,,PAYLOAD,LARGE,PAYLOAD,LARGE,5.00,23398,COSMOS 2294 (GLONASS),5.00,23205,COSMOS 2288 (GLONASS),2025-09-10T13:35:44.858000
1146040107,2025-09-08 11:37:32.000000,Y,3799,,PAYLOAD,LARGE,PAYLOAD,LARGE,5.00,23398,COSMOS 2294 (GLONASS),5.00,23205,COSMOS 2288 (GLONASS),2025-09-11T00:51:29.068000
1146039893,2025-09-08 11:37:29.000000,Y,3726,,PAYLOAD,LARGE,PAYLOAD,LARGE,5.00,23205,COSMOS 2288 (GLONASS),5.00,23398,COSMOS 2294 (GLONASS),2025-09-08T16:32:48.362000
1146039896,2025-09-08 11:37:29.000000,Y,1009,,PAYLOAD,LARGE,PAYLOAD,LARGE,5.00,23205,COSMOS 2288 (GLONASS),5.00,23398,COSMOS 2294 (GLONASS),2025-09-10T02:20:00.668000
1146039897,2025-09-08 11:37:29.000000,Y,2365,,PAYLOAD,LARGE,PAYLOAD,LARGE,5.00,23205,COSMOS 2288 (GLONASS),5.00,23398,COSMOS 2294 (GLONASS),2025-09-10T13:35:44.858000
1146039894,2025-09-08 11:37:28.000000,Y,2403,,PAYLOAD,LARGE,PAYLOAD,LARGE,5.00,23205,COSMOS 2288 (GLONASS),5.00,23398,COSMOS 2294 (GLONASS),2025-09-09T03:48:32.430000
1146039895,2025-09-08 11:37:28.000000,Y,1088,,PAYLOAD,LARGE,PAYLOAD,LARGE,5.00,23205,COSMOS 2288 (GLONASS),5.00,23398,COSMOS 2294 (GLONASS),2025-09-09T15:04:16.527000
1146039898,2025-09-08 11:37:28.000000,Y,3799,,PAYLOAD,LARGE,PAYLOAD,LARGE,5.00,23205,COSMOS 2288 (GLONASS),5.00,23398,COSMOS 2294 (GLONASS),2025-09-11T00:51:29.068000
1146039804,2025-09-08 11:37:27.000000,Y,1482,,PAYLOAD,LARGE,ROCKET BODY,LARGE,5.00,21940,INMARSAT 2-F4,3.00,22044,SL-12 R/B(2),2025-09-08T13:30:05.501000
1146039817,2025-09-08 11:37:27.000000,Y,4697,,PAYLOAD,LARGE,PAYLOAD,MEDIUM,5.00,22057,COSMOS 2204 (GLONASS),5.00,14978,COSMOS 1555 (GLONASS),2025-09-09T23:29:23.206000
1146039818,2025-09-08 11:37:27.000000,Y,4768,,PAYLOAD,LARGE,PAYLOAD,MEDIUM,5.00,22057,COSMOS 2204 (GLONASS),5.00,14978,COSMOS 1555 (GLONASS),2025-09-10T10:45:07.394000
1146039714,2025-09-08 11:37:26.000000,Y,1263,,PAYLOAD,LARGE,ROCKET BODY,MEDIUM,5.00,21038,RADUGA 1-2,3.00,14548,SL-12 R/B(2),2025-09-10T19:45:22.778000
1146039271,2025-09-08 11:37:19.000000,Y,4697,,PAYLOAD,MEDIUM,PAYLOAD,LARGE,5.00,14978,COSMOS 1555 (GLONASS),5.00,22057,COSMOS 2204 (GLONASS),2025-09-09T23:29:23.206000
1146039272,2025-09-08 11:37:19.000000,Y,4768,,PAYLOAD,MEDIUM,PAYLOAD,LARGE,5.00,14978,COSMOS 1555 (GLONASS),5.00,22057,COSMOS 2204 (GLONASS),2025-09-10T10:45:07.394000
1145896163,2025-09-08 06:12:36.000000,Y,134,0.0002434997,DEBRIS,SMALL,DEBRIS,SMALL,1.00,61803,CZ-6A DEB,1.00,36229,FENGYUN 1C DEB,2025-09-10T10:50:26.671000
1145891303,2025-09-08 06:11:26.000000,Y,53,0.0002580578,DEBRIS,MEDIUM,ROCKET BODY,LARGE,1.00,60779,CZ-6A DEB,3.00,22237,SL-14 R/B,2025-09-09T04:43:07.730000
1145953459,2025-09-08 06:06:40.000000,Y,88,0.0006339284,DEBRIS,SMALL,PAYLOAD,LARGE,1.00,56640,CZ-6A DEB,5.00,10744,COSMOS 996,2025-09-10T17:04:57.637000
1145950133,2025-09-08 06:05:54.000000,Y,525,0.0001092131,DEBRIS,SMALL,UNKNOWN,SMALL,1.00,54935,CZ-6A DEB,3.00,270342,UNKNOWN,2025-09-08T10:05:13.461000
1145950125,2025-09-08 06:05:53.000000,Y,32,0.0001266525,DEBRIS,SMALL,DEBRIS,SMALL,1.00,54935,CZ-6A DEB,1.00,40214,METEOR 2-5 DEB,2025-09-10T02:18:57.388000
1145933831,2025-09-08 06:01:09.000000,Y,654,0.0002186936,DEBRIS,SMALL,UNKNOWN,SMALL,1.00,44023,ORBCOMM FM 16 DEB,3.00,270179,UNKNOWN,2025-09-10T01:02:09.944000
1145923992,2025-09-08 05:58:30.000000,Y,32,0.0001266525,DEBRIS,SMALL,DEBRIS,SMALL,1.00,40214,METEOR 2-5 DEB,1.00,54935,CZ-6A DEB,2025-09-10T02:18:57.388000
1145918263,2025-09-08 05:57:04.000000,Y,925,0.0003540192,DEBRIS,SMALL,ROCKET BODY,LARGE,1.00,36695,FENGYUN 1C DEB,3.00,28651,PSLV R/B,2025-09-09T15:21:20.407000
1145876936,2025-09-08 05:56:49.000000,Y,134,0.0002434997,DEBRIS,SMALL,DEBRIS,SMALL,1.00,36229,FENGYUN 1C DEB,1.00,61803,CZ-6A DEB,2025-09-10T10:50:26.671000
1145872015,2025-09-08 05:55:33.000000,Y,341,0.0002385537,DEBRIS,SMALL,PAYLOAD,LARGE,1.00,33733,FENGYUN 1C DEB,5.00,8458,COSMOS 783,2025-09-10T00:54:59.936000
1145869303,2025-09-08 05:54:52.000000,Y,792,0.0003288121,DEBRIS,SMALL,PAYLOAD,SMALL,1.00,31672,FENGYUN 1C DEB,5.00,31122,CSTB 1,2025-09-09T16:02:22.915000
1145867627,2025-09-08 05:54:27.000000,Y,792,0.0003288121,PAYLOAD,SMALL,DEBRIS,SMALL,5.00,31122,CSTB 1,1.00,31672,FENGYUN 1C DEB,2025-09-09T16:02:22.915000
1145967994,2025-09-08 05:52:11.000000,Y,13,0.05845731,PAYLOAD,LARGE,PAYLOAD,LARGE,5.00,23001,COSMOS 2270,5.00,21031,COSMOS 2117,2025-09-10T22:25:44.092000
1145966844,2025-09-08 05:51:48.000000,Y,13,0.05845731,PAYLOAD,LARGE,PAYLOAD,LARGE,5.00,21031,COSMOS 2117,5.00,23001,COSMOS 2270,2025-09-10T22:25:44.092000
1145961839,2025-09-08 05:50:16.000000,Y,88,0.0006339284,PAYLOAD,LARGE,DEBRIS,SMALL,5.00,10744,COSMOS 996,1.00,56640,CZ-6A DEB,2025-09-10T17:04:57.637000
1145961026,2025-09-08 05:50:02.000000,Y,341,0.0002385537,PAYLOAD,LARGE,DEBRIS,SMALL,5.00,8458,COSMOS 783,1.00,33733,FENGYUN 1C DEB,2025-09-10T00:54:59.936000
1145958643,2025-09-08 05:49:28.000000,Y,656,0.0001232557,PAYLOAD,MEDIUM,DEBRIS,SMALL,5.00,2872,SURCAL 159,1.00,30118,FENGYUN 1C DEB,2025-09-11T02:40:52.711000
1145724610,2025-09-08 04:25:20.000000,Y,4750,,PAYLOAD,LARGE,PAYLOAD,LARGE,5.00,23398,COSMOS 2294 (GLONASS),5.00,23205,COSMOS 2288 (GLONASS),2025-09-08T05:17:04.367000
1145724611,2025-09-08 04:25:20.000000,Y,3642,,PAYLOAD,LARGE,PAYLOAD,LARGE,5.00,23398,COSMOS 2294 (GLONASS),5.00,23205,COSMOS 2288 (GLONASS),2025-09-08T16:32:48.382000
1145724613,2025-09-08 04:25:20.000000,Y,1014,,PAYLOAD,LARGE,PAYLOAD,LARGE,5.00,23398,COSMOS 2294 (GLONASS),5.00,23205,COSMOS 2288 (GLONASS),2025-09-09T15:04:16.551000
1145724615,2025-09-08 04:25:20.000000,Y,2488,,PAYLOAD,LARGE,PAYLOAD,LARGE,5.00,23398,COSMOS 2294 (GLONASS),5.00,23205,COSMOS 2288 (GLONASS),2025-09-10T13:35:44.887000
1145724612,2025-09-08 04:25:19.000000,Y,2313,,PAYLOAD,LARGE,PAYLOAD,LARGE,5.00,23398,COSMOS 2294 (GLONASS),5.00,23205,COSMOS 2288 (GLONASS),2025-09-09T03:48:32.452000
1145724614,2025-09-08 04:25:19.000000,Y,1103,,PAYLOAD,LARGE,PAYLOAD,LARGE,5.00,23398,COSMOS 2294 (GLONASS),5.00,23205,COSMOS 2288 (GLONASS),2025-09-10T02:20:00.695000
1145724616,2025-09-08 04:25:19.000000,Y,3933,,PAYLOAD,LARGE,PAYLOAD,LARGE,5.00,23398,COSMOS 2294 (GLONASS),5.00,23205,COSMOS 2288 (GLONASS),2025-09-11T00:51:29.099000
1145724375,2025-09-08 04:25:15.000000,Y,2313,,PAYLOAD,LARGE,PAYLOAD,LARGE,5.00,23205,COSMOS 2288 (GLONASS),5.00,23398,COSMOS 2294 (GLONASS),2025-09-09T03:48:32.452000
1145724376,2025-09-08 04:25:15.000000,Y,1014,,PAYLOAD,LARGE,PAYLOAD,LARGE,5.00,23205,COSMOS 2288 (GLONASS),5.00,23398,COSMOS 2294 (GLONASS),2025-09-09T15:04:16.551000
1145724379,2025-09-08 04:25:15.000000,Y,3933,,PAYLOAD,LARGE,PAYLOAD,LARGE,5.00,23205,COSMOS 2288 (GLONASS),5.00,23398,COSMOS 2294 (GLONASS),2025-09-11T00:51:29.099000
1145724373,2025-09-08 04:25:14.000000,Y,4750,,PAYLOAD,LARGE,PAYLOAD,LARGE,5.00,23205,COSMOS 2288 (GLONASS),5.00,23398,COSMOS 2294 (GLONASS),2025-09-08T05:17:04.367000
1145724374,2025-09-08 04:25:14.000000,Y,3642,,PAYLOAD,LARGE,PAYLOAD,LARGE,5.00,23205,COSMOS 2288 (GLONASS),5.00,23398,COSMOS 2294 (GLONASS),2025-09-08T16:32:48.382000
1145724377,2025-09-08 04:25:14.000000,Y,1103,,PAYLOAD,LARGE,PAYLOAD,LARGE,5.00,23205,COSMOS 2288 (GLONASS),5.00,23398,COSMOS 2294 (GLONASS),2025-09-10T02:20:00.695000
1145724378,2025-09-08 04:25:14.000000,Y,2488,,PAYLOAD,LARGE,PAYLOAD,LARGE,5.00,23205,COSMOS 2288 (GLONASS),5.00,23398,COSMOS 2294 (GLONASS),2025-09-10T13:35:44.887000
1145724285,2025-09-08 04:25:13.000000,Y,4697,,PAYLOAD,LARGE,PAYLOAD,MEDIUM,5.00,22057,COSMOS 2204 (GLONASS),5.00,14978,COSMOS 1555 (GLONASS),2025-09-09T23:29:23.207000
1145724270,2025-09-08 04:25:12.000000,Y,1293,,PAYLOAD,LARGE,ROCKET BODY,LARGE,5.00,21940,INMARSAT 2-F4,3.00,22044,SL-12 R/B(2),2025-09-08T13:30:05.514000
1145724281,2025-09-08 04:25:12.000000,Y,1293,,ROCKET BODY,LARGE,PAYLOAD,LARGE,3.00,22044,SL-12 R/B(2),5.00,21940,INMARSAT 2-F4,2025-09-08T13:30:05.514000
1145724286,2025-09-08 04:25:12.000000,Y,4768,,PAYLOAD,LARGE,PAYLOAD,MEDIUM,5.00,22057,COSMOS 2204 (GLONASS),5.00,14978,COSMOS 1555 (GLONASS),2025-09-10T10:45:07.394000
1145724169,2025-09-08 04:25:11.000000,Y,1264,,PAYLOAD,LARGE,ROCKET BODY,MEDIUM,5.00,21038,RADUGA 1-2,3.00,14548,SL-12 R/B(2),2025-09-10T19:45:22.776000
1145723708,2025-09-08 04:25:01.000000,Y,4697,,PAYLOAD,MEDIUM,PAYLOAD,LARGE,5.00,14978,COSMOS 1555 (GLONASS),5.00,22057,COSMOS 2204 (GLONASS),2025-09-09T23:29:23.207000
1145723709,2025-09-08 04:25:01.000000,Y,4768,,PAYLOAD,MEDIUM,PAYLOAD,LARGE,5.00,14978,COSMOS 1555 (GLONASS),5.00,22057,COSMOS 2204 (GLONASS),2025-09-10T10:45:07.394000
1145723658,2025-09-08 04:25:00.000000,Y,1264,,ROCKET BODY,MEDIUM,PAYLOAD,LARGE,3.00,14548,SL-12 R/B(2),5.00,21038,RADUGA 1-2,2025-09-10T19:45:22.776000
1145508654,2025-09-08 00:03:15.000000,Y,134,0.0002434998,DEBRIS,SMALL,DEBRIS,SMALL,1.00,61803,CZ-6A DEB,1.00,36229,FENGYUN 1C DEB,2025-09-10T10:50:26.671000
1145569659,2025-09-07 23:58:23.000000,Y,134,0.0001000161,DEBRIS,SMALL,DEBRIS,SMALL,1.00,54935,CZ-6A DEB,1.00,40214,METEOR 2-5 DEB,2025-09-10T02:18:57.327000
1145622132,2025-09-07 23:53:27.000000,Y,134,0.0001000161,DEBRIS,SMALL,DEBRIS,SMALL,1.00,40214,METEOR 2-5 DEB,1.00,54935,CZ-6A DEB,2025-09-10T02:18:57.327000
1145616293,2025-09-07 23:52:26.000000,Y,872,0.0003495717,DEBRIS,SMALL,ROCKET BODY,LARGE,1.00,36695,FENGYUN 1C DEB,3.00,28651,PSLV R/B,2025-09-09T15:21:20.403000
1145615451,2025-09-07 23:52:19.000000,Y,61,0.0001303101,DEBRIS,SMALL,DEBRIS,SMALL,1.00,36328,METEOR 2-8 DEB,1.00,32117,FENGYUN 1C DEB,2025-09-08T01:16:45.859000
1145615216,2025-09-07 23:52:16.000000,Y,134,0.0002434998,DEBRIS,SMALL,DEBRIS,SMALL,1.00,36229,FENGYUN 1C DEB,1.00,61803,CZ-6A DEB,2025-09-10T10:50:26.671000
1145610246,2025-09-07 23:51:26.000000,Y,348,0.0002217417,DEBRIS,SMALL,PAYLOAD,LARGE,1.00,33733,FENGYUN 1C DEB,5.00,8458,COSMOS 783,2025-09-10T00:54:59.938000
1145608393,2025-09-07 23:51:05.000000,Y,61,0.0001303101,DEBRIS,SMALL,DEBRIS,SMALL,1.00,32117,FENGYUN 1C DEB,1.00,36328,METEOR 2-8 DEB,2025-09-08T01:16:45.859000
1145607435,2025-09-07 23:50:52.000000,Y,777,0.0003163892,DEBRIS,SMALL,PAYLOAD,SMALL,1.00,31672,FENGYUN 1C DEB,5.00,31122,CSTB 1,2025-09-09T16:02:22.919000
1145605738,2025-09-07 23:50:34.000000,Y,777,0.0003163892,PAYLOAD,SMALL,DEBRIS,SMALL,5.00,31122,CSTB 1,1.00,31672,FENGYUN 1C DEB,2025-09-09T16:02:22.919000
1145602386,2025-09-07 23:49:50.000000,Y,642,0.0001781714,DEBRIS,SMALL,PAYLOAD,MEDIUM,1.00,30067,FENGYUN 1C DEB,5.00,28498,PARASOL,2025-09-10T12:22:05.693000
1145602192,2025-09-07 23:49:48.000000,Y,184,0.0001980685,DEBRIS,SMALL,DEBRIS,SMALL,1.00,29974,FENGYUN 1C DEB,1.00,22351,SL-16 DEB,2025-09-09T14:25:58.227000
1145600791,2025-09-07 23:49:34.000000,Y,872,0.0003495717,ROCKET BODY,LARGE,DEBRIS,SMALL,3.00,28651,PSLV R/B,1.00,36695,FENGYUN 1C DEB,2025-09-09T15:21:20.403000
1145600666,2025-09-07 23:49:33.000000,Y,642,0.0001781714,PAYLOAD,MEDIUM,DEBRIS,SMALL,5.00,28498,PARASOL,1.00,30067,FENGYUN 1C DEB,2025-09-10T12:22:05.693000
1145596517,2025-09-07 23:48:51.000000,Y,60,0.0401598,PAYLOAD,LARGE,PAYLOAD,LARGE,5.00,23001,COSMOS 2270,5.00,21031,COSMOS 2117,2025-09-10T22:25:44.095000
1145596038,2025-09-07 23:48:46.000000,Y,184,0.0001980685,DEBRIS,SMALL,DEBRIS,SMALL,1.00,22351,SL-16 DEB,1.00,29974,FENGYUN 1C DEB,2025-09-09T14:25:58.227000
1145555347,2025-09-07 23:48:39.000000,Y,60,0.0401598,PAYLOAD,LARGE,PAYLOAD,LARGE,5.00,21031,COSMOS 2117,5.00,23001,COSMOS 2270,2025-09-10T22:25:44.095000
1145549281,2025-09-07 23:47:39.000000,Y,348,0.0002217417,PAYLOAD,LARGE,DEBRIS,SMALL,5.00,8458,COSMOS 783,1.00,33733,FENGYUN 1C DEB,2025-09-10T00:54:59.938000
1145391006,2025-09-07 22:21:26.000000,Y,4750,,PAYLOAD,LARGE,PAYLOAD,LARGE,5.00,23398,COSMOS 2294 (GLONASS),5.00,23205,COSMOS 2288 (GLONASS),2025-09-08T05:17:04.367000
1145391007,2025-09-07 22:21:26.000000,Y,3642,,PAYLOAD,LARGE,PAYLOAD,LARGE,5.00,23398,COSMOS 2294 (GLONASS),5.00,23205,COSMOS 2288 (GLONASS),2025-09-08T16:32:48.382000
1145391008,2025-09-07 22:21:26.000000,Y,2313,,PAYLOAD,LARGE,PAYLOAD,LARGE,5.00,23398,COSMOS 2294 (GLONASS),5.00,23205,COSMOS 2288 (GLONASS),2025-09-09T03:48:32.452000
1145391009,2025-09-07 22:21:26.000000,Y,1014,,PAYLOAD,LARGE,PAYLOAD,LARGE,5.00,23398,COSMOS 2294 (GLONASS),5.00,23205,COSMOS 2288 (GLONASS),2025-09-09T15:04:16.551000
1145391010,2025-09-07 22:21:26.000000,Y,1103,,PAYLOAD,LARGE,PAYLOAD,LARGE,5.00,23398,COSMOS 2294 (GLONASS),5.00,23205,COSMOS 2288 (GLONASS),2025-09-10T02:20:00.694000
1145391011,2025-09-07 22:21:26.000000,Y,2488,,PAYLOAD,LARGE,PAYLOAD,LARGE,5.00,23398,COSMOS 2294 (GLONASS),5.00,23205,COSMOS 2288 (GLONASS),2025-09-10T13:35:44.887000
1145390829,2025-09-07 22:21:25.000000,Y,2313,,PAYLOAD,LARGE,PAYLOAD,LARGE,5.00,23205,COSMOS 2288 (GLONASS),5.00,23398,COSMOS 2294 (GLONASS),2025-09-09T03:48:32.452000
1145390830,2025-09-07 22:21:25.000000,Y,1014,,PAYLOAD,LARGE,PAYLOAD,LARGE,5.00,23205,COSMOS 2288 (GLONASS),5.00,23398,COSMOS 2294 (GLONASS),2025-09-09T15:04:16.551000
1145390831,2025-09-07 22:21:25.000000,Y,1103,,PAYLOAD,LARGE,PAYLOAD,LARGE,5.00,23205,COSMOS 2288 (GLONASS),5.00,23398,COSMOS 2294 (GLONASS),2025-09-10T02:20:00.694000
1145390751,2025-09-07 22:21:24.000000,Y,4697,,PAYLOAD,LARGE,PAYLOAD,MEDIUM,5.00,22057,COSMOS 2204 (GLONASS),5.00,14978,COSMOS 1555 (GLONASS),2025-09-09T23:29:23.206000
1145390752,2025-09-07 22:21:24.000000,Y,4768,,PAYLOAD,LARGE,PAYLOAD,MEDIUM,5.00,22057,COSMOS 2204 (GLONASS),5.00,14978,COSMOS 1555 (GLONASS),2025-09-10T10:45:07.394000
1145390827,2025-09-07 22:21:24.000000,Y,4750,,PAYLOAD,LARGE,PAYLOAD,LARGE,5.00,23205,COSMOS 2288 (GLONASS),5.00,23398,COSMOS 2294 (GLONASS),2025-09-08T05:17:04.367000
1145390828,2025-09-07 22:21:24.000000,Y,3642,,PAYLOAD,LARGE,PAYLOAD,LARGE,5.00,23205,COSMOS 2288 (GLONASS),5.00,23398,COSMOS 2294 (GLONASS),2025-09-08T16:32:48.382000
1145390832,2025-09-07 22:21:24.000000,Y,2488,,PAYLOAD,LARGE,PAYLOAD,LARGE,5.00,23205,COSMOS 2288 (GLONASS),5.00,23398,COSMOS 2294 (GLONASS),2025-09-10T13:35:44.887000
1145390656,2025-09-07 22:21:23.000000,Y,1336,,PAYLOAD,LARGE,ROCKET BODY,MEDIUM,5.00,21038,RADUGA 1-2,3.00,14548,SL-12 R/B(2),2025-09-10T19:45:22.777000
1145390737,2025-09-07 22:21:23.000000,Y,1293,,PAYLOAD,LARGE,ROCKET BODY,LARGE,5.00,21940,INMARSAT 2-F4,3.00,22044,SL-12 R/B(2),2025-09-08T13:30:05.514000
1145390245,2025-09-07 22:21:19.000000,Y,4768,,PAYLOAD,MEDIUM,PAYLOAD,LARGE,5.00,14978,COSMOS 1555 (GLONASS),5.00,22057,COSMOS 2204 (GLONASS),2025-09-10T10:45:07.394000
1145390244,2025-09-07 22:21:18.000000,Y,4697,,PAYLOAD,MEDIUM,PAYLOAD,LARGE,5.00,14978,COSMOS 1555 (GLONASS),5.00,22057,COSMOS 2204 (GLONASS),2025-09-09T23:29:23.206000
1145139082,2025-09-07 13:07:08.000000,Y,119,0.0001154641,DEBRIS,SMALL,DEBRIS,SMALL,1.00,61803,CZ-6A DEB,1.00,36229,FENGYUN 1C DEB,2025-09-10T10:50:26.559000
1145127418,2025-09-07 13:05:04.000000,Y,575,0.0001028118,ROCKET BODY,LARGE,DEBRIS,SMALL,3.00,60397,CZ-6A R/B,1.00,41245,NOAA 16 DEB,2025-09-10T04:18:22.048000
1145105385,2025-09-07 12:59:28.000000,Y,750,0.0002322828,DEBRIS,SMALL,UNKNOWN,SMALL,1.00,44023,ORBCOMM FM 16 DEB,3.00,270179,UNKNOWN,2025-09-10T01:02:09.890000
1145010157,2025-09-07 12:58:09.000000,Y,575,0.0001028118,DEBRIS,SMALL,ROCKET BODY,LARGE,1.00,41245,NOAA 16 DEB,3.00,60397,CZ-6A R/B,2025-09-10T04:18:22.048000
1145008884,2025-09-07 12:57:56.000000,Y,231,0.0001387204,DEBRIS,SMALL,DEBRIS,SMALL,1.00,40793,COSMOS 2251 DEB,1.00,29774,FENGYUN 1C DEB,2025-09-09T05:11:33.356000
1145006541,2025-09-07 12:57:31.000000,Y,71,0.0001274646,DEBRIS,SMALL,DEBRIS,SMALL,1.00,39586,COSMOS 2251 DEB,1.00,30539,FENGYUN 1C DEB,2025-09-07T20:00:23.564000
1145090497,2025-09-07 12:56:38.000000,Y,60,0.0001304001,DEBRIS,SMALL,DEBRIS,SMALL,1.00,36328,METEOR 2-8 DEB,1.00,32117,FENGYUN 1C DEB,2025-09-08T01:16:45.843000
1145090285,2025-09-07 12:56:35.000000,Y,119,0.0001154641,DEBRIS,SMALL,DEBRIS,SMALL,1.00,36229,FENGYUN 1C DEB,1.00,61803,CZ-6A DEB,2025-09-10T10:50:26.559000
1145089861,2025-09-07 12:56:31.000000,Y,53,0.005866718,DEBRIS,SMALL,ROCKET BODY,LARGE,1.00,36048,COSMOS 2251 DEB,3.00,31699,SL-24 R/B,2025-09-07T11:38:46.384000
1145086223,2025-09-07 12:55:53.000000,Y,632,0.0003078957,DEBRIS,SMALL,PAYLOAD,MEDIUM,1.00,34015,COSMOS 2251 DEB,5.00,25756,KITSAT 3,2025-09-09T08:17:26.430000
1145085516,2025-09-07 12:55:45.000000,Y,116,0.0001624687,DEBRIS,SMALL,PAYLOAD,LARGE,1.00,33733,FENGYUN 1C DEB,5.00,8458,COSMOS 783,2025-09-10T00:54:59.594000
1145083724,2025-09-07 12:55:26.000000,Y,60,0.0001304001,DEBRIS,SMALL,DEBRIS,SMALL,1.00,32117,FENGYUN 1C DEB,1.00,36328,METEOR 2-8 DEB,2025-09-08T01:16:45.843000
1145083038,2025-09-07 12:55:20.000000,Y,53,0.005866718,ROCKET BODY,LARGE,DEBRIS,SMALL,3.00,31699,SL-24 R/B,1.00,36048,COSMOS 2251 DEB,2025-09-07T11:38:46.384000
1145082844,2025-09-07 12:55:17.000000,Y,382,0.0002957428,DEBRIS,SMALL,PAYLOAD,SMALL,1.00,31672,FENGYUN 1C DEB,5.00,31122,CSTB 1,2025-09-09T16:02:22.603000
1145081289,2025-09-07 12:55:00.000000,Y,382,0.0002957428,PAYLOAD,SMALL,DEBRIS,SMALL,5.00,31122,CSTB 1,1.00,31672,FENGYUN 1C DEB,2025-09-09T16:02:22.603000
1145079416,2025-09-07 12:54:41.000000,Y,68,0.0001815034,DEBRIS,SMALL,DEBRIS,SMALL,1.00,30539,FENGYUN 1C DEB,1.00,39586,COSMOS 2251 DEB,2025-09-07T20:00:23.549000
1145078065,2025-09-07 12:54:27.000000,Y,674,0.0001007217,DEBRIS,SMALL,PAYLOAD,MEDIUM,1.00,30067,FENGYUN 1C DEB,5.00,28498,PARASOL,2025-09-10T12:22:05.570000
1145077876,2025-09-07 12:54:26.000000,Y,107,0.0001857887,DEBRIS,SMALL,DEBRIS,SMALL,1.00,29974,FENGYUN 1C DEB,1.00,22351,SL-16 DEB,2025-09-09T14:25:58.119000
1145077546,2025-09-07 12:54:23.000000,Y,250,0.0001527212,DEBRIS,SMALL,ROCKET BODY,LARGE,1.00,29848,FENGYUN 1C DEB,3.00,6061,SL-8 R/B,2025-09-07T16:59:44.280000
1145077377,2025-09-07 12:54:21.000000,Y,231,0.0001387204,DEBRIS,SMALL,DEBRIS,SMALL,1.00,29774,FENGYUN 1C DEB,1.00,40793,COSMOS 2251 DEB,2025-09-09T05:11:33.356000
1145076453,2025-09-07 12:54:11.000000,Y,674,0.0001007217,PAYLOAD,MEDIUM,DEBRIS,SMALL,5.00,28498,PARASOL,1.00,30067,FENGYUN 1C DEB,2025-09-10T12:22:05.570000
1145074238,2025-09-07 12:53:49.000000,Y,980,0.0002497856,PAYLOAD,SMALL,DEBRIS,SMALL,5.00,26094,PICOSAT 6,1.00,15491,SL-8 DEB,2025-09-08T21:29:08.906000
1145073932,2025-09-07 12:53:45.000000,Y,632,0.0003078957,PAYLOAD,MEDIUM,DEBRIS,SMALL,5.00,25756,KITSAT 3,1.00,34015,COSMOS 2251 DEB,2025-09-09T08:17:26.430000
1145002019,2025-09-07 12:53:27.000000,Y,107,0.0001857887,DEBRIS,SMALL,DEBRIS,SMALL,1.00,22351,SL-16 DEB,1.00,29974,FENGYUN 1C DEB,2025-09-09T14:25:58.119000
1144998789,2025-09-07 12:52:55.000000,Y,980,0.0002497856,DEBRIS,SMALL,PAYLOAD,SMALL,1.00,15491,SL-8 DEB,5.00,26094,PICOSAT 6,2025-09-08T21:29:08.906000
1144995447,2025-09-07 12:52:21.000000,Y,116,0.0001624687,PAYLOAD,LARGE,DEBRIS,SMALL,5.00,8458,COSMOS 783,1.00,33733,FENGYUN 1C DEB,2025-09-10T00:54:59.594000
1144994902,2025-09-07 12:52:15.000000,Y,250,0.0001527212,ROCKET BODY,LARGE,DEBRIS,SMALL,3.00,6061,SL-8 R/B,1.00,29848,FENGYUN 1C DEB,2025-09-07T16:59:44.280000
